Gym has been unmaintained since 2022 and does not support NumPy 2.0 amongst other critical functionality.
Please upgrade to Gymnasium, the maintained drop-in replacement of Gym, or contact the authors of your software and request that they upgrade.
Users of this version of Gym should be able to simply replace 'import gym' with 'import gymnasium as gym' in the vast majority of cases.
See the migration guide at https://gymnasium.farama.org/introduction/migration_guide/ for additional information.
[INFO 21:16:36] root Experiment Parameters:
[INFO 21:16:36] root 

{   'EA': 1,
    'EA_alpha': 1.0,
    'EA_freq': 5,
    'N_type': 1,
    'Org_alpha': 1.0,
    'SAME': 0,
    'act_noise': 0.05,
    'action_range': None,
    'action_selector': 'gaussian',
    'agent': 'rnn',
    'agent_output_type': 'continuous',
    'agent_return_logits': False,
    'batch_size': 256,
    'batch_size_run': 1,
    'buffer_algo': None,
    'buffer_chunk_size': None,
    'buffer_cpu_only': True,
    'buffer_device': None,
    'buffer_mode': 'transitions',
    'buffer_size': 500000,
    'buffer_warmup': 5000,
    'checkpoint_path': '',
    'continuous_actions': False,
    'critic_lr': 0.0001,
    'critic_spectral': 'ynn',
    'critic_train_reps': 1,
    'debug': False,
    'discretize_actions': False,
    'double_q': True,
    'elite_fraction': 0.2,
    'env': 'microgrid',
    'env_args': {   'action_bins': 7,
                    'battery_punishment_weight': 5.0,
                    'bess_cost_weight': 1.0,
                    'buy_cost_weight': 1.0,
                    'data': [   {   'agent_name': 'agent1',
                                    'battery_cap': 5.0,
                                    'battery_punishment_param': 1.0,
                                    'bessa': 0.01,
                                    'bessb': 0.1,
                                    'bessc': 0.05,
                                    'costa': 0.02,
                                    'costb': 0.5,
                                    'costc': 0.1,
                                    'dg_max': 2.0,
                                    'env_param': 0.05,
                                    'high_action': [   1.0,
                                                       1.0],
                                    'high_state': [   5.0,
                                                      5.0,
                                                      0.8],
                                    'low_action': [   0.0,
                                                      -1.0],
                                    'low_state': [   0.0,
                                                     0.0,
                                                     0.2],
                                    'raw_ch': 0.95,
                                    'raw_dis': 0.95,
                                    'split_ratio': 0.25},
                                {   'agent_name': 'agent2',
                                    'battery_cap': 5.0,
                                    'battery_punishment_param': 1.0,
                                    'bessa': 0.01,
                                    'bessb': 0.1,
                                    'bessc': 0.05,
                                    'costa': 0.02,
                                    'costb': 0.5,
                                    'costc': 0.1,
                                    'dg_max': 2.0,
                                    'env_param': 0.05,
                                    'high_action': [   1.0,
                                                       1.0],
                                    'high_state': [   5.0,
                                                      5.0,
                                                      0.8],
                                    'low_action': [   0.0,
                                                      -1.0],
                                    'low_state': [   0.0,
                                                     0.0,
                                                     0.2],
                                    'raw_ch': 0.95,
                                    'raw_dis': 0.95,
                                    'split_ratio': 0.25},
                                {   'agent_name': 'agent3',
                                    'battery_cap': 5.0,
                                    'battery_punishment_param': 1.0,
                                    'bessa': 0.01,
                                    'bessb': 0.1,
                                    'bessc': 0.05,
                                    'costa': 0.02,
                                    'costb': 0.5,
                                    'costc': 0.1,
                                    'dg_max': 2.0,
                                    'env_param': 0.05,
                                    'high_action': [   1.0,
                                                       1.0],
                                    'high_state': [   5.0,
                                                      5.0,
                                                      0.8],
                                    'low_action': [   0.0,
                                                      -1.0],
                                    'low_state': [   0.0,
                                                     0.0,
                                                     0.2],
                                    'raw_ch': 0.95,
                                    'raw_dis': 0.95,
                                    'split_ratio': 0.25}],
                    'env_reward_weight': 1.0,
                    'generate_cost_weight': 1.0,
                    'log_trajectories': False,
                    'log_trajectories_mode': 'test',
                    'result_dir': './results',
                    'reward_aggregate': 'mean',
                    'reward_scale': 0.001,
                    'run_id': 'direct',
                    'seed': 0,
                    'soc_reserve_target': 0.35,
                    'soc_reserve_weight': 2.0,
                    'state_last_action': False},
    'epsilon_anneal_time': 100000,
    'epsilon_decay_mode': None,
    'epsilon_finish': 0.05,
    'epsilon_start': 0.5,
    'evaluate': False,
    'exploration_mode': 'gaussian',
    'final_ou_noise_scale': 0.0,
    'frac': 1.0,
    'gamma': 0.99,
    'gated': False,
    'grad_norm_clip': 5,
    'hyper_initialization_nonzeros': 0,
    'hypernet_embed': 64,
    'hypernet_layers': 2,
    'label': 'default_label',
    'learn_interval': 1,
    'learner': 'facmac_learner',
    'learner_log_interval': 500,
    'load_step': 0,
    'local_results_path': 'results',
    'log_interval': 500,
    'lr': 0.0003,
    'mac': 'cqmix_mac',
    'mask_before_softmax': True,
    'mixer': 'graph',
    'mixing_embed_dim': 64,
    'mutation_prob': 0.9,
    'n_runners': None,
    'n_train': 1,
    'name': 'facmac_smac',
    'obs_agent_id': True,
    'obs_last_action': True,
    'optim_alpha': 0.99,
    'optim_eps': 1e-05,
    'optimizer': 'adam',
    'ou_noise_scale': 0.3,
    'ou_sigma': 0.2,
    'ou_stop_episode': 100,
    'ou_theta': 0.15,
    'plot_loss_network': False,
    'policy_spectral': 'nnnn',
    'pop_size': 5,
    'pr_dim': 64,
    'prob_reset_and_sup': 0.05,
    'q_embed_dim': 1,
    'q_nstep': 0.99,
    'recurrent_critic': False,
    'repeat_id': 1,
    'rl_to_ea_synch_period': 1,
    'rnn_hidden_dim': 64,
    'run_mode': None,
    'runner': 'episode',
    'runner_log_interval': 500,
    'runner_scope': 'episodic',
    'save_model': True,
    'save_model_interval': 10000,
    'save_replay': False,
    'seed': 0,
    'skip_connections': False,
    'spectral_regularization': False,
    'start_steps': 5000,
    'start_timesteps': 10000,
    'state_alpha': 0.1,
    't_max': 300000,
    'target_update_interval': 200,
    'target_update_mode': 'soft',
    'target_update_tau': 0.002,
    'td_lambda': 0.8,
    'test_greedy': True,
    'test_interval': 2000,
    'test_nepisode': 32,
    'testing_on': True,
    'use_buffer_compression': False,
    'use_cuda': False,
    'use_tensorboard': True,
    'verbose': True,
    'weight_decay': True,
    'weight_decay_factor': 0.0001}

[INFO 21:16:41] root Beginning training for 300000 timesteps
C:\Users\xyx\Desktop\GDE-main\src\components\episode_buffer.py:108: UserWarning: Creating a tensor from a list of numpy.ndarrays is extremely slow. Please consider converting the list to a single numpy.ndarray with numpy.array() before converting to a tensor. (Triggered internally at  ..\torch\csrc\utils\tensor_new.cpp:210.)
  v = th.tensor(v, dtype=dtype, device=self.device)
C:\Users\xyx\AppData\Local\Programs\Python\Python310\lib\site-packages\torch\nn\functional.py:1933: UserWarning: nn.functional.tanh is deprecated. Use torch.tanh instead.
  warnings.warn("nn.functional.tanh is deprecated. Use torch.tanh instead.")
C:\Users\xyx\Desktop\GDE-main\src\components\episode_buffer.py:108: UserWarning: To copy construct from a tensor, it is recommended to use sourceTensor.clone().detach() or sourceTensor.clone().detach().requires_grad_(True), rather than torch.tensor(sourceTensor).
  v = th.tensor(v, dtype=dtype, device=self.device)
[INFO 21:16:41] root t_env: 24 / 300000
[INFO 21:16:41] root Estimated time left: 6 seconds. Time passed: 0 seconds
[INFO 21:16:43] root Saving models to results\models\facmac_smac__2026-06-15_21-16-36\24
[INFO 21:16:43] root Recent Stats | t_env:        504 | Episode:       21
battery_action_clip_mean:104.9798	battery_punishment_reward_mean:-524.8992	battle_won_mean:           1.0000	bess_cost_reward_mean:   -122.2921
buffer/episodes:          21.0000	buy_cost_reward_mean:    -307056.5548	ep_length_mean:           24.0000	episode_limit_mean:        1.0000
eval/best_reward:        -307.4572	eval/best_win_rate:        1.0000	eval/ea_reward:          -309.1518	eval/ea_win_rate:          1.0000
eval/rl_reward:          -307.4572	eval/rl_win_rate:          1.0000	generate_cost_reward_mean:-49.3898	grid_purchase_cost_mean: 307056.5548
mean_soc_mean:             0.4689	return_mean:             -307.2930	return_std:                0.0000	soc_reserve_reward_mean:  -8.6445
soc_violation_mean:       19.5474	test/battery_action_clip:175.9776	test/battery_punishment_reward:-879.8880	test/battle_won:           1.0000
test/bess_cost_reward:   -142.7463	test/buy_cost_reward:    -312381.0015	test/ep_length:           24.0000	test/episode_limit:        1.0000
test/generate_cost_reward:-43.7065	test/grid_purchase_cost: 312381.0015	test/mean_soc:             0.3861	test/return_mean:        -312.7424
test/return_std:          29.8839	test/soc_reserve_reward: -14.3765	test/soc_violation:       33.4168	test/total_power_loss:   14359.6377
test_battery_action_clip_mean:175.9776	test_battery_punishment_reward_mean:-879.8880	test_battle_won_mean:      1.0000	test_bess_cost_reward_mean:-142.7463
test_buy_cost_reward_mean:-312381.0015	test_ep_length_mean:      24.0000	test_episode_limit_mean:   1.0000	test_generate_cost_reward_mean:-43.7065
test_grid_purchase_cost_mean:312381.0015	test_mean_soc_mean:        0.3861	test_return_mean:        -312.7424	test_return_std:          29.8839
test_soc_reserve_reward_mean:-14.3765	test_soc_violation_mean:  33.4168	test_total_power_loss_mean:14359.6377	total_power_loss_mean:   14179.6997
train/battery_action_clip:104.9798	train/battery_punishment_reward:-524.8992	train/battle_won:          1.0000	train/bess_cost_reward:  -122.2921
train/buy_cost_reward:   -307056.5548	train/ep_length:          24.0000	train/episode:            21.0000	train/episode_limit:       1.0000
train/generate_cost_reward:-49.3898	train/grid_purchase_cost:307056.5548	train/mean_soc:            0.4689	train/return_mean:       -307.2930
train/return_std:          0.0000	train/soc_reserve_reward: -8.6445	train/soc_violation:      19.5474	train/t_env:             504.0000
train/total_power_loss:  14179.6997	
[INFO 21:16:44] root Recent Stats | t_env:       1008 | Episode:       42
battery_action_clip_mean:102.8807	battery_punishment_reward_mean:-514.4037	battle_won_mean:           1.0000	bess_cost_reward_mean:   -120.7113
buffer/episodes:          31.5000	buy_cost_reward_mean:    -304789.2772	ep_length_mean:           24.0000	episode_limit_mean:        1.0000
eval/best_reward:        -307.4572	eval/best_win_rate:        1.0000	eval/ea_reward:          -309.1518	eval/ea_win_rate:          1.0000
eval/rl_reward:          -307.4572	eval/rl_win_rate:          1.0000	generate_cost_reward_mean:-46.9914	grid_purchase_cost_mean: 304789.2772
mean_soc_mean:             0.4774	return_mean:             -305.0207	return_std:               17.4829	soc_reserve_reward_mean:  -8.4662
soc_violation_mean:       19.1003	test/battery_action_clip:175.9776	test/battery_punishment_reward:-879.8880	test/battle_won:           1.0000
test/bess_cost_reward:   -142.7463	test/buy_cost_reward:    -312381.0015	test/ep_length:           24.0000	test/episode_limit:        1.0000
test/generate_cost_reward:-43.7065	test/grid_purchase_cost: 312381.0015	test/mean_soc:             0.3861	test/return_mean:        -312.7424
test/return_std:          29.8839	test/soc_reserve_reward: -14.3765	test/soc_violation:       33.4168	test/total_power_loss:   14359.6377
test_battery_action_clip_mean:175.9776	test_battery_punishment_reward_mean:-879.8880	test_battle_won_mean:      1.0000	test_bess_cost_reward_mean:-142.7463
test_buy_cost_reward_mean:-312381.0015	test_ep_length_mean:      24.0000	test_episode_limit_mean:   1.0000	test_generate_cost_reward_mean:-43.7065
test_grid_purchase_cost_mean:312381.0015	test_mean_soc_mean:        0.3861	test_return_mean:        -312.7424	test_return_std:          29.8839
test_soc_reserve_reward_mean:-14.3765	test_soc_violation_mean:  33.4168	test_total_power_loss_mean:14359.6377	total_power_loss_mean:   14065.8592
train/battery_action_clip:102.8807	train/battery_punishment_reward:-514.4037	train/battle_won:          1.0000	train/bess_cost_reward:  -120.7113
train/buy_cost_reward:   -304789.2772	train/ep_length:          24.0000	train/episode:            31.5000	train/episode_limit:       1.0000
train/generate_cost_reward:-46.9914	train/grid_purchase_cost:304789.2772	train/mean_soc:            0.4774	train/return_mean:       -305.0207
train/return_std:         17.4829	train/soc_reserve_reward: -8.4662	train/soc_violation:      19.1003	train/t_env:             756.0000
train/total_power_loss:  14065.8592	
[INFO 21:16:44] root Recent Stats | t_env:       1512 | Episode:       63
battery_action_clip_mean:102.6639	battery_punishment_reward_mean:-513.3193	battle_won_mean:           1.0000	bess_cost_reward_mean:   -118.4152
buffer/episodes:          42.0000	buy_cost_reward_mean:    -304723.9586	ep_length_mean:           24.0000	episode_limit_mean:        1.0000
eval/best_reward:        -307.4572	eval/best_win_rate:        1.0000	eval/ea_reward:          -309.1518	eval/ea_win_rate:          1.0000
eval/rl_reward:          -307.4572	eval/rl_win_rate:          1.0000	generate_cost_reward_mean:-46.0761	grid_purchase_cost_mean: 304723.9586
mean_soc_mean:             0.4868	return_mean:             -304.9538	return_std:               23.8808	soc_reserve_reward_mean:  -8.1407
soc_violation_mean:       19.0390	test/battery_action_clip:175.9776	test/battery_punishment_reward:-879.8880	test/battle_won:           1.0000
test/bess_cost_reward:   -142.7463	test/buy_cost_reward:    -312381.0015	test/ep_length:           24.0000	test/episode_limit:        1.0000
test/generate_cost_reward:-43.7065	test/grid_purchase_cost: 312381.0015	test/mean_soc:             0.3861	test/return_mean:        -312.7424
test/return_std:          29.8839	test/soc_reserve_reward: -14.3765	test/soc_violation:       33.4168	test/total_power_loss:   14359.6377
test_battery_action_clip_mean:175.9776	test_battery_punishment_reward_mean:-879.8880	test_battle_won_mean:      1.0000	test_bess_cost_reward_mean:-142.7463
test_buy_cost_reward_mean:-312381.0015	test_ep_length_mean:      24.0000	test_episode_limit_mean:   1.0000	test_generate_cost_reward_mean:-43.7065
test_grid_purchase_cost_mean:312381.0015	test_mean_soc_mean:        0.3861	test_return_mean:        -312.7424	test_return_std:          29.8839
test_soc_reserve_reward_mean:-14.3765	test_soc_violation_mean:  33.4168	test_total_power_loss_mean:14359.6377	total_power_loss_mean:   14054.8483
train/battery_action_clip:102.6639	train/battery_punishment_reward:-513.3193	train/battle_won:          1.0000	train/bess_cost_reward:  -118.4152
train/buy_cost_reward:   -304723.9586	train/ep_length:          24.0000	train/episode:            42.0000	train/episode_limit:       1.0000
train/generate_cost_reward:-46.0761	train/grid_purchase_cost:304723.9586	train/mean_soc:            0.4868	train/return_mean:       -304.9538
train/return_std:         23.8808	train/soc_reserve_reward: -8.1407	train/soc_violation:      19.0390	train/t_env:             1008.0000
train/total_power_loss:  14054.8483	
[INFO 21:16:45] root Recent Stats | t_env:       2016 | Episode:       84
battery_action_clip_mean:102.5365	battery_punishment_reward_mean:-512.6825	battle_won_mean:           1.0000	bess_cost_reward_mean:   -118.1060
buffer/episodes:          52.5000	buy_cost_reward_mean:    -304655.8431	ep_length_mean:           24.0000	episode_limit_mean:        1.0000
eval/best_reward:        -307.4572	eval/best_win_rate:        1.0000	eval/ea_reward:          -309.1518	eval/ea_win_rate:          1.0000
eval/rl_reward:          -307.4572	eval/rl_win_rate:          1.0000	generate_cost_reward_mean:-45.9912	grid_purchase_cost_mean: 304655.8431
mean_soc_mean:             0.4880	return_mean:             -304.8854	return_std:               26.3584	soc_reserve_reward_mean:  -8.0997
soc_violation_mean:       19.0115	test/battery_action_clip:175.9776	test/battery_punishment_reward:-879.8880	test/battle_won:           1.0000
test/bess_cost_reward:   -142.7463	test/buy_cost_reward:    -312381.0015	test/ep_length:           24.0000	test/episode_limit:        1.0000
test/generate_cost_reward:-43.7065	test/grid_purchase_cost: 312381.0015	test/mean_soc:             0.3861	test/return_mean:        -312.7424
test/return_std:          29.8839	test/soc_reserve_reward: -14.3765	test/soc_violation:       33.4168	test/total_power_loss:   14359.6377
test_battery_action_clip_mean:175.9776	test_battery_punishment_reward_mean:-879.8880	test_battle_won_mean:      1.0000	test_bess_cost_reward_mean:-142.7463
test_buy_cost_reward_mean:-312381.0015	test_ep_length_mean:      24.0000	test_episode_limit_mean:   1.0000	test_generate_cost_reward_mean:-43.7065
test_grid_purchase_cost_mean:312381.0015	test_mean_soc_mean:        0.3861	test_return_mean:        -312.7424	test_return_std:          29.8839
test_soc_reserve_reward_mean:-14.3765	test_soc_violation_mean:  33.4168	test_total_power_loss_mean:14359.6377	total_power_loss_mean:   14051.4693
train/battery_action_clip:102.5365	train/battery_punishment_reward:-512.6825	train/battle_won:          1.0000	train/bess_cost_reward:  -118.1060
train/buy_cost_reward:   -304655.8431	train/ep_length:          24.0000	train/episode:            52.5000	train/episode_limit:       1.0000
train/generate_cost_reward:-45.9912	train/grid_purchase_cost:304655.8431	train/mean_soc:            0.4880	train/return_mean:       -304.8854
train/return_std:         26.3584	train/soc_reserve_reward: -8.0997	train/soc_violation:      19.0115	train/t_env:             1260.0000
train/total_power_loss:  14051.4693	
[INFO 21:16:45] root t_env: 2040 / 300000
[INFO 21:16:45] root Estimated time left: 10 minutes, 3 seconds. Time passed: 4 seconds
[INFO 21:16:47] root Recent Stats | t_env:       2520 | Episode:      105
battery_action_clip_mean:101.7825	battery_punishment_reward_mean:-508.9125	battle_won_mean:           1.0000	bess_cost_reward_mean:   -117.3447
buffer/episodes:          63.0000	buy_cost_reward_mean:    -306839.7091	ep_length_mean:           24.0000	episode_limit_mean:        1.0000
eval/best_reward:        -307.4902	eval/best_win_rate:        1.0000	eval/ea_reward:          -309.0707	eval/ea_win_rate:          1.0000
eval/rl_reward:          -307.4902	eval/rl_win_rate:          1.0000	generate_cost_reward_mean:-45.9082	grid_purchase_cost_mean: 306839.7091
mean_soc_mean:             0.4914	return_mean:             -307.0677	return_std:               27.8515	soc_reserve_reward_mean:  -8.0040
soc_violation_mean:       18.8606	test/battery_action_clip:163.1406	test/battery_punishment_reward:-815.7031	test/battle_won:           1.0000
test/bess_cost_reward:   -132.5121	test/buy_cost_reward:    -308895.6567	test/ep_length:           24.0000	test/episode_limit:        1.0000
test/generate_cost_reward:-44.7360	test/grid_purchase_cost: 308895.6567	test/mean_soc:             0.4229	test/return_mean:        -309.2322
test/return_std:          28.6011	test/soc_reserve_reward: -12.9409	test/soc_violation:       30.9784	test/total_power_loss:   14225.6952
test_battery_action_clip_mean:163.1406	test_battery_punishment_reward_mean:-815.7031	test_battle_won_mean:      1.0000	test_bess_cost_reward_mean:-132.5121
test_buy_cost_reward_mean:-308895.6567	test_ep_length_mean:      24.0000	test_episode_limit_mean:   1.0000	test_generate_cost_reward_mean:-44.7360
test_grid_purchase_cost_mean:308895.6567	test_mean_soc_mean:        0.4229	test_return_mean:        -309.2322	test_return_std:          28.6011
test_soc_reserve_reward_mean:-12.9409	test_soc_violation_mean:  30.9784	test_total_power_loss_mean:14225.6952	total_power_loss_mean:   14140.5854
train/battery_action_clip:101.7825	train/battery_punishment_reward:-508.9125	train/battle_won:          1.0000	train/bess_cost_reward:  -117.3447
train/buy_cost_reward:   -306839.7091	train/ep_length:          24.0000	train/episode:            63.0000	train/episode_limit:       1.0000
train/generate_cost_reward:-45.9082	train/grid_purchase_cost:306839.7091	train/mean_soc:            0.4914	train/return_mean:       -307.0677
train/return_std:         27.8515	train/soc_reserve_reward: -8.0040	train/soc_violation:      18.8606	train/t_env:             1512.0000
train/total_power_loss:  14140.5854	
[INFO 21:16:48] root Recent Stats | t_env:       3024 | Episode:      126
battery_action_clip_mean:100.9157	battery_punishment_reward_mean:-504.5783	battle_won_mean:           1.0000	bess_cost_reward_mean:   -115.3154
buffer/episodes:          84.0000	buy_cost_reward_mean:    -308170.2987	ep_length_mean:           24.0000	episode_limit_mean:        1.0000
eval/best_reward:        -307.4902	eval/best_win_rate:        1.0000	eval/ea_reward:          -309.0707	eval/ea_win_rate:          1.0000
eval/rl_reward:          -307.4902	eval/rl_win_rate:          1.0000	generate_cost_reward_mean:-44.9721	grid_purchase_cost_mean: 308170.2987
mean_soc_mean:             0.4998	return_mean:             -308.3957	return_std:               34.2424	soc_reserve_reward_mean:  -7.7377
soc_violation_mean:       18.6785	test/battery_action_clip:163.1406	test/battery_punishment_reward:-815.7031	test/battle_won:           1.0000
test/bess_cost_reward:   -132.5121	test/buy_cost_reward:    -308895.6567	test/ep_length:           24.0000	test/episode_limit:        1.0000
test/generate_cost_reward:-44.7360	test/grid_purchase_cost: 308895.6567	test/mean_soc:             0.4229	test/return_mean:        -309.2322
test/return_std:          28.6011	test/soc_reserve_reward: -12.9409	test/soc_violation:       30.9784	test/total_power_loss:   14225.6952
test_battery_action_clip_mean:163.1406	test_battery_punishment_reward_mean:-815.7031	test_battle_won_mean:      1.0000	test_bess_cost_reward_mean:-132.5121
test_buy_cost_reward_mean:-308895.6567	test_ep_length_mean:      24.0000	test_episode_limit_mean:   1.0000	test_generate_cost_reward_mean:-44.7360
test_grid_purchase_cost_mean:308895.6567	test_mean_soc_mean:        0.4229	test_return_mean:        -309.2322	test_return_std:          28.6011
test_soc_reserve_reward_mean:-12.9409	test_soc_violation_mean:  30.9784	test_total_power_loss_mean:14225.6952	total_power_loss_mean:   14192.0223
train/battery_action_clip:100.9157	train/battery_punishment_reward:-504.5783	train/battle_won:          1.0000	train/bess_cost_reward:  -115.3154
train/buy_cost_reward:   -308170.2987	train/ep_length:          24.0000	train/episode:            84.0000	train/episode_limit:       1.0000
train/generate_cost_reward:-44.9721	train/grid_purchase_cost:308170.2987	train/mean_soc:            0.4998	train/return_mean:       -308.3957
train/return_std:         34.2424	train/soc_reserve_reward: -7.7377	train/soc_violation:      18.6785	train/t_env:             2016.0000
train/total_power_loss:  14192.0223	
[INFO 21:16:48] root Recent Stats | t_env:       3528 | Episode:      147
battery_action_clip_mean:100.8220	battery_punishment_reward_mean:-504.1098	battle_won_mean:           1.0000	bess_cost_reward_mean:   -114.5225
buffer/episodes:         105.0000	buy_cost_reward_mean:    -307139.3379	ep_length_mean:           24.0000	episode_limit_mean:        1.0000
eval/best_reward:        -307.4902	eval/best_win_rate:        1.0000	eval/ea_reward:          -309.0707	eval/ea_win_rate:          1.0000
eval/rl_reward:          -307.4902	eval/rl_win_rate:          1.0000	generate_cost_reward_mean:-45.0976	grid_purchase_cost_mean: 307139.3379
mean_soc_mean:             0.5028	return_mean:             -307.3643	return_std:               35.4298	soc_reserve_reward_mean:  -7.6068
soc_violation_mean:       18.6618	test/battery_action_clip:163.1406	test/battery_punishment_reward:-815.7031	test/battle_won:           1.0000
test/bess_cost_reward:   -132.5121	test/buy_cost_reward:    -308895.6567	test/ep_length:           24.0000	test/episode_limit:        1.0000
test/generate_cost_reward:-44.7360	test/grid_purchase_cost: 308895.6567	test/mean_soc:             0.4229	test/return_mean:        -309.2322
test/return_std:          28.6011	test/soc_reserve_reward: -12.9409	test/soc_violation:       30.9784	test/total_power_loss:   14225.6952
test_battery_action_clip_mean:163.1406	test_battery_punishment_reward_mean:-815.7031	test_battle_won_mean:      1.0000	test_bess_cost_reward_mean:-132.5121
test_buy_cost_reward_mean:-308895.6567	test_ep_length_mean:      24.0000	test_episode_limit_mean:   1.0000	test_generate_cost_reward_mean:-44.7360
test_grid_purchase_cost_mean:308895.6567	test_mean_soc_mean:        0.4229	test_return_mean:        -309.2322	test_return_std:          28.6011
test_soc_reserve_reward_mean:-12.9409	test_soc_violation_mean:  30.9784	test_total_power_loss_mean:14225.6952	total_power_loss_mean:   14149.2762
train/battery_action_clip:100.8220	train/battery_punishment_reward:-504.1098	train/battle_won:          1.0000	train/bess_cost_reward:  -114.5225
train/buy_cost_reward:   -307139.3379	train/ep_length:          24.0000	train/episode:           105.0000	train/episode_limit:       1.0000
train/generate_cost_reward:-45.0976	train/grid_purchase_cost:307139.3379	train/mean_soc:            0.5028	train/return_mean:       -307.3643
train/return_std:         35.4298	train/soc_reserve_reward: -7.6068	train/soc_violation:      18.6618	train/t_env:             2520.0000
train/total_power_loss:  14149.2762	
[INFO 21:16:48] root Recent Stats | t_env:       4032 | Episode:      168
battery_action_clip_mean:100.6447	battery_punishment_reward_mean:-503.2237	battle_won_mean:           1.0000	bess_cost_reward_mean:   -114.2972
buffer/episodes:         126.0000	buy_cost_reward_mean:    -306595.7111	ep_length_mean:           24.0000	episode_limit_mean:        1.0000
eval/best_reward:        -307.4902	eval/best_win_rate:        1.0000	eval/ea_reward:          -309.0707	eval/ea_win_rate:          1.0000
eval/rl_reward:          -307.4902	eval/rl_win_rate:          1.0000	generate_cost_reward_mean:-45.2335	grid_purchase_cost_mean: 306595.7111
mean_soc_mean:             0.5033	return_mean:             -306.8204	return_std:               35.1378	soc_reserve_reward_mean:  -7.5832
soc_violation_mean:       18.6352	test/battery_action_clip:163.1406	test/battery_punishment_reward:-815.7031	test/battle_won:           1.0000
test/bess_cost_reward:   -132.5121	test/buy_cost_reward:    -308895.6567	test/ep_length:           24.0000	test/episode_limit:        1.0000
test/generate_cost_reward:-44.7360	test/grid_purchase_cost: 308895.6567	test/mean_soc:             0.4229	test/return_mean:        -309.2322
test/return_std:          28.6011	test/soc_reserve_reward: -12.9409	test/soc_violation:       30.9784	test/total_power_loss:   14225.6952
test_battery_action_clip_mean:163.1406	test_battery_punishment_reward_mean:-815.7031	test_battle_won_mean:      1.0000	test_bess_cost_reward_mean:-132.5121
test_buy_cost_reward_mean:-308895.6567	test_ep_length_mean:      24.0000	test_episode_limit_mean:   1.0000	test_generate_cost_reward_mean:-44.7360
test_grid_purchase_cost_mean:308895.6567	test_mean_soc_mean:        0.4229	test_return_mean:        -309.2322	test_return_std:          28.6011
test_soc_reserve_reward_mean:-12.9409	test_soc_violation_mean:  30.9784	test_total_power_loss_mean:14225.6952	total_power_loss_mean:   14137.4375
train/battery_action_clip:100.6447	train/battery_punishment_reward:-503.2237	train/battle_won:          1.0000	train/bess_cost_reward:  -114.2972
train/buy_cost_reward:   -306595.7111	train/ep_length:          24.0000	train/episode:           126.0000	train/episode_limit:       1.0000
train/generate_cost_reward:-45.2335	train/grid_purchase_cost:306595.7111	train/mean_soc:            0.5033	train/return_mean:       -306.8204
train/return_std:         35.1378	train/soc_reserve_reward: -7.5832	train/soc_violation:      18.6352	train/t_env:             3024.0000
train/total_power_loss:  14137.4375	
[INFO 21:16:48] root t_env: 4056 / 300000
[INFO 21:16:48] root Estimated time left: 8 minutes, 56 seconds. Time passed: 7 seconds
[INFO 21:16:51] root Recent Stats | t_env:       4536 | Episode:      189
battery_action_clip_mean: 99.7858	battery_punishment_reward_mean:-498.9288	battle_won_mean:           1.0000	bess_cost_reward_mean:   -114.1246
buffer/episodes:         147.0000	buy_cost_reward_mean:    -307791.1457	ep_length_mean:           24.0000	episode_limit_mean:        1.0000
eval/best_reward:        -308.6051	eval/best_win_rate:        1.0000	eval/ea_reward:          -309.8537	eval/ea_win_rate:          1.0000
eval/rl_reward:          -308.6051	eval/rl_win_rate:          1.0000	generate_cost_reward_mean:-45.0817	grid_purchase_cost_mean: 307791.1457
mean_soc_mean:             0.5042	return_mean:             -308.0142	return_std:               34.5208	soc_reserve_reward_mean:  -7.5344
soc_violation_mean:       18.4622	test/battery_action_clip:163.1264	test/battery_punishment_reward:-815.6321	test/battle_won:           1.0000
test/bess_cost_reward:   -132.6021	test/buy_cost_reward:    -310246.6916	test/ep_length:           24.0000	test/episode_limit:        1.0000
test/generate_cost_reward:-44.7304	test/grid_purchase_cost: 310246.6916	test/mean_soc:             0.4224	test/return_mean:        -310.5832
test/return_std:          31.0512	test/soc_reserve_reward: -12.9410	test/soc_violation:       30.9756	test/total_power_loss:   14296.7936
test_battery_action_clip_mean:163.1264	test_battery_punishment_reward_mean:-815.6321	test_battle_won_mean:      1.0000	test_bess_cost_reward_mean:-132.6021
test_buy_cost_reward_mean:-310246.6916	test_ep_length_mean:      24.0000	test_episode_limit_mean:   1.0000	test_generate_cost_reward_mean:-44.7304
test_grid_purchase_cost_mean:310246.6916	test_mean_soc_mean:        0.4224	test_return_mean:        -310.5832	test_return_std:          31.0512
test_soc_reserve_reward_mean:-12.9410	test_soc_violation_mean:  30.9756	test_total_power_loss_mean:14296.7936	total_power_loss_mean:   14192.7557
train/battery_action_clip: 99.7858	train/battery_punishment_reward:-498.9288	train/battle_won:          1.0000	train/bess_cost_reward:  -114.1246
train/buy_cost_reward:   -307791.1457	train/ep_length:          24.0000	train/episode:           147.0000	train/episode_limit:       1.0000
train/generate_cost_reward:-45.0817	train/grid_purchase_cost:307791.1457	train/mean_soc:            0.5042	train/return_mean:       -308.0142
train/return_std:         34.5208	train/soc_reserve_reward: -7.5344	train/soc_violation:      18.4622	train/t_env:             3528.0000
train/total_power_loss:  14192.7557	
[INFO 21:16:51] root Recent Stats | t_env:       5040 | Episode:      210
battery_action_clip_mean:100.1289	battery_punishment_reward_mean:-500.6446	battle_won_mean:           1.0000	bess_cost_reward_mean:   -115.0159
buffer/episodes:         168.0000	buy_cost_reward_mean:    -305803.0247	ep_length_mean:           24.0000	episode_limit_mean:        1.0000
eval/best_reward:        -308.6051	eval/best_win_rate:        1.0000	eval/ea_reward:          -309.8537	eval/ea_win_rate:          1.0000
eval/rl_reward:          -308.6051	eval/rl_win_rate:          1.0000	generate_cost_reward_mean:-45.1936	grid_purchase_cost_mean: 305803.0247
mean_soc_mean:             0.5009	return_mean:             -306.0271	return_std:               34.6334	soc_reserve_reward_mean:  -7.6557
soc_violation_mean:       18.5323	test/battery_action_clip:163.1264	test/battery_punishment_reward:-815.6321	test/battle_won:           1.0000
test/bess_cost_reward:   -132.6021	test/buy_cost_reward:    -310246.6916	test/ep_length:           24.0000	test/episode_limit:        1.0000
test/generate_cost_reward:-44.7304	test/grid_purchase_cost: 310246.6916	test/mean_soc:             0.4224	test/return_mean:        -310.5832
test/return_std:          31.0512	test/soc_reserve_reward: -12.9410	test/soc_violation:       30.9756	test/total_power_loss:   14296.7936
test_battery_action_clip_mean:163.1264	test_battery_punishment_reward_mean:-815.6321	test_battle_won_mean:      1.0000	test_bess_cost_reward_mean:-132.6021
test_buy_cost_reward_mean:-310246.6916	test_ep_length_mean:      24.0000	test_episode_limit_mean:   1.0000	test_generate_cost_reward_mean:-44.7304
test_grid_purchase_cost_mean:310246.6916	test_mean_soc_mean:        0.4224	test_return_mean:        -310.5832	test_return_std:          31.0512
test_soc_reserve_reward_mean:-12.9410	test_soc_violation_mean:  30.9756	test_total_power_loss_mean:14296.7936	total_power_loss_mean:   14112.5098
train/battery_action_clip:100.1289	train/battery_punishment_reward:-500.6446	train/battle_won:          1.0000	train/bess_cost_reward:  -115.0159
train/buy_cost_reward:   -305803.0247	train/ep_length:          24.0000	train/episode:           168.0000	train/episode_limit:       1.0000
train/generate_cost_reward:-45.1936	train/grid_purchase_cost:305803.0247	train/mean_soc:            0.5009	train/return_mean:       -306.0271
train/return_std:         34.6334	train/soc_reserve_reward: -7.6557	train/soc_violation:      18.5323	train/t_env:             4032.0000
train/total_power_loss:  14112.5098	
[INFO 21:16:52] root Recent Stats | t_env:       5544 | Episode:      231
battery_action_clip_mean:102.8487	battery_punishment_reward_mean:-514.2436	battle_won_mean:           1.0000	bess_cost_reward_mean:   -117.3062
buffer/episodes:         189.0000	buy_cost_reward_mean:    -306347.7366	ep_length_mean:           24.0000	episode_limit_mean:        1.0000
eval/best_reward:        -308.6051	eval/best_win_rate:        1.0000	eval/ea_reward:          -309.8537	eval/ea_win_rate:          1.0000
eval/rl_reward:          -308.6051	eval/rl_win_rate:          1.0000	generate_cost_reward_mean:-45.0424	grid_purchase_cost_mean: 306347.7366
mean_soc_mean:             0.4923	return_mean:             -306.5771	return_std:               34.9803	soc_reserve_reward_mean:  -8.0271
soc_violation_mean:       19.0590	test/battery_action_clip:163.1264	test/battery_punishment_reward:-815.6321	test/battle_won:           1.0000
test/bess_cost_reward:   -132.6021	test/buy_cost_reward:    -310246.6916	test/ep_length:           24.0000	test/episode_limit:        1.0000
test/generate_cost_reward:-44.7304	test/grid_purchase_cost: 310246.6916	test/mean_soc:             0.4224	test/return_mean:        -310.5832
test/return_std:          31.0512	test/soc_reserve_reward: -12.9410	test/soc_violation:       30.9756	test/total_power_loss:   14296.7936
test_battery_action_clip_mean:163.1264	test_battery_punishment_reward_mean:-815.6321	test_battle_won_mean:      1.0000	test_bess_cost_reward_mean:-132.6021
test_buy_cost_reward_mean:-310246.6916	test_ep_length_mean:      24.0000	test_episode_limit_mean:   1.0000	test_generate_cost_reward_mean:-44.7304
test_grid_purchase_cost_mean:310246.6916	test_mean_soc_mean:        0.4224	test_return_mean:        -310.5832	test_return_std:          31.0512
test_soc_reserve_reward_mean:-12.9410	test_soc_violation_mean:  30.9756	test_total_power_loss_mean:14296.7936	total_power_loss_mean:   14131.3880
train/battery_action_clip:102.8487	train/battery_punishment_reward:-514.2436	train/battle_won:          1.0000	train/bess_cost_reward:  -117.3062
train/buy_cost_reward:   -306347.7366	train/ep_length:          24.0000	train/episode:           189.0000	train/episode_limit:       1.0000
train/generate_cost_reward:-45.0424	train/grid_purchase_cost:306347.7366	train/mean_soc:            0.4923	train/return_mean:       -306.5771
train/return_std:         34.9803	train/soc_reserve_reward: -8.0271	train/soc_violation:      19.0590	train/t_env:             4536.0000
train/total_power_loss:  14131.3880	
[INFO 21:16:52] root Recent Stats | t_env:       6048 | Episode:      252
battery_action_clip_mean:130.6275	battery_punishment_reward_mean:-653.1376	battle_won_mean:           1.0000	bess_cost_reward_mean:   -133.1315
buffer/episodes:         210.0000	buy_cost_reward_mean:    -308623.2163	ep_length_mean:           24.0000	episode_limit_mean:        1.0000
eval/best_reward:        -308.6051	eval/best_win_rate:        1.0000	eval/ea_reward:          -309.8537	eval/ea_win_rate:          1.0000
eval/rl_reward:          -308.6051	eval/rl_win_rate:          1.0000	generate_cost_reward_mean:-43.6858	grid_purchase_cost_mean: 308623.2163
mean_soc_mean:             0.4323	return_mean:             -308.9046	return_std:               34.1306	soc_reserve_reward_mean: -10.8124
soc_violation_mean:       24.4311	test/battery_action_clip:163.1264	test/battery_punishment_reward:-815.6321	test/battle_won:           1.0000
test/bess_cost_reward:   -132.6021	test/buy_cost_reward:    -310246.6916	test/ep_length:           24.0000	test/episode_limit:        1.0000
test/generate_cost_reward:-44.7304	test/grid_purchase_cost: 310246.6916	test/mean_soc:             0.4224	test/return_mean:        -310.5832
test/return_std:          31.0512	test/soc_reserve_reward: -12.9410	test/soc_violation:       30.9756	test/total_power_loss:   14296.7936
test_battery_action_clip_mean:163.1264	test_battery_punishment_reward_mean:-815.6321	test_battle_won_mean:      1.0000	test_bess_cost_reward_mean:-132.6021
test_buy_cost_reward_mean:-310246.6916	test_ep_length_mean:      24.0000	test_episode_limit_mean:   1.0000	test_generate_cost_reward_mean:-44.7304
test_grid_purchase_cost_mean:310246.6916	test_mean_soc_mean:        0.4224	test_return_mean:        -310.5832	test_return_std:          31.0512
test_soc_reserve_reward_mean:-12.9410	test_soc_violation_mean:  30.9756	test_total_power_loss_mean:14296.7936	total_power_loss_mean:   14230.0611
train/battery_action_clip:130.6275	train/battery_punishment_reward:-653.1376	train/battle_won:          1.0000	train/bess_cost_reward:  -133.1315
train/buy_cost_reward:   -308623.2163	train/ep_length:          24.0000	train/episode:           210.0000	train/episode_limit:       1.0000
train/generate_cost_reward:-43.6858	train/grid_purchase_cost:308623.2163	train/mean_soc:            0.4323	train/return_mean:       -308.9046
train/return_std:         34.1306	train/soc_reserve_reward:-10.8124	train/soc_violation:      24.4311	train/t_env:             5040.0000
train/total_power_loss:  14230.0611	
[INFO 21:16:52] root t_env: 6072 / 300000
[INFO 21:16:52] root Estimated time left: 8 minutes, 56 seconds. Time passed: 11 seconds
[INFO 21:16:54] root Recent Stats | t_env:       6552 | Episode:      273
battery_action_clip_mean:158.1570	battery_punishment_reward_mean:-790.7852	battle_won_mean:           1.0000	bess_cost_reward_mean:   -149.4878
buffer/episodes:         231.0000	buy_cost_reward_mean:    -310250.5568	ep_length_mean:           24.0000	episode_limit_mean:        1.0000
eval/best_reward:        -306.2190	eval/best_win_rate:        1.0000	eval/ea_reward:          -307.1555	eval/ea_win_rate:          1.0000
eval/rl_reward:          -308.5485	eval/rl_win_rate:          1.0000	generate_cost_reward_mean:-42.4153	grid_purchase_cost_mean: 310250.5568
mean_soc_mean:             0.3707	return_mean:             -310.5838	return_std:               32.0999	soc_reserve_reward_mean: -13.6475
soc_violation_mean:       29.7515	test/battery_action_clip:163.2232	test/battery_punishment_reward:-816.1161	test/battle_won:           1.0000
test/bess_cost_reward:   -132.3819	test/buy_cost_reward:    -309418.4738	test/ep_length:           24.0000	test/episode_limit:        1.0000
test/generate_cost_reward:-44.7500	test/grid_purchase_cost: 309418.4738	test/mean_soc:             0.4234	test/return_mean:        -309.7551
test/return_std:          29.2909	test/soc_reserve_reward: -12.9385	test/soc_violation:       30.9941	test/total_power_loss:   14241.4336
test_battery_action_clip_mean:163.2232	test_battery_punishment_reward_mean:-816.1161	test_battle_won_mean:      1.0000	test_bess_cost_reward_mean:-132.3819
test_buy_cost_reward_mean:-309418.4738	test_ep_length_mean:      24.0000	test_episode_limit_mean:   1.0000	test_generate_cost_reward_mean:-44.7500
test_grid_purchase_cost_mean:309418.4738	test_mean_soc_mean:        0.4234	test_return_mean:        -309.7551	test_return_std:          29.2909
test_soc_reserve_reward_mean:-12.9385	test_soc_violation_mean:  30.9941	test_total_power_loss_mean:14241.4336	total_power_loss_mean:   14291.1009
train/battery_action_clip:158.1570	train/battery_punishment_reward:-790.7852	train/battle_won:          1.0000	train/bess_cost_reward:  -149.4878
train/buy_cost_reward:   -310250.5568	train/ep_length:          24.0000	train/episode:           231.0000	train/episode_limit:       1.0000
train/generate_cost_reward:-42.4153	train/grid_purchase_cost:310250.5568	train/mean_soc:            0.3707	train/return_mean:       -310.5838
train/return_std:         32.0999	train/soc_reserve_reward:-13.6475	train/soc_violation:      29.7515	train/t_env:             5544.0000
train/total_power_loss:  14291.1009	
[INFO 21:16:55] root Recent Stats | t_env:       7056 | Episode:      294
battery_action_clip_mean:186.6443	battery_punishment_reward_mean:-933.2214	battle_won_mean:           1.0000	bess_cost_reward_mean:   -165.0993
buffer/episodes:         252.0000	buy_cost_reward_mean:    -311805.5661	ep_length_mean:           24.0000	episode_limit_mean:        1.0000
eval/best_reward:        -306.2190	eval/best_win_rate:        1.0000	eval/ea_reward:          -307.1555	eval/ea_win_rate:          1.0000
eval/rl_reward:          -308.5485	eval/rl_win_rate:          1.0000	generate_cost_reward_mean:-41.1377	grid_purchase_cost_mean: 311805.5661
mean_soc_mean:             0.3115	return_mean:             -312.1919	return_std:               32.9110	soc_reserve_reward_mean: -16.4113
soc_violation_mean:       35.2655	test/battery_action_clip:163.2232	test/battery_punishment_reward:-816.1161	test/battle_won:           1.0000
test/bess_cost_reward:   -132.3819	test/buy_cost_reward:    -309418.4738	test/ep_length:           24.0000	test/episode_limit:        1.0000
test/generate_cost_reward:-44.7500	test/grid_purchase_cost: 309418.4738	test/mean_soc:             0.4234	test/return_mean:        -309.7551
test/return_std:          29.2909	test/soc_reserve_reward: -12.9385	test/soc_violation:       30.9941	test/total_power_loss:   14241.4336
test_battery_action_clip_mean:163.2232	test_battery_punishment_reward_mean:-816.1161	test_battle_won_mean:      1.0000	test_bess_cost_reward_mean:-132.3819
test_buy_cost_reward_mean:-309418.4738	test_ep_length_mean:      24.0000	test_episode_limit_mean:   1.0000	test_generate_cost_reward_mean:-44.7500
test_grid_purchase_cost_mean:309418.4738	test_mean_soc_mean:        0.4234	test_return_mean:        -309.7551	test_return_std:          29.2909
test_soc_reserve_reward_mean:-12.9385	test_soc_violation_mean:  30.9941	test_total_power_loss_mean:14241.4336	total_power_loss_mean:   14357.3265
train/battery_action_clip:186.6443	train/battery_punishment_reward:-933.2214	train/battle_won:          1.0000	train/bess_cost_reward:  -165.0993
train/buy_cost_reward:   -311805.5661	train/ep_length:          24.0000	train/episode:           252.0000	train/episode_limit:       1.0000
train/generate_cost_reward:-41.1377	train/grid_purchase_cost:311805.5661	train/mean_soc:            0.3115	train/return_mean:       -312.1919
train/return_std:         32.9110	train/soc_reserve_reward:-16.4113	train/soc_violation:      35.2655	train/t_env:             6048.0000
train/total_power_loss:  14357.3265	
[INFO 21:16:55] root Recent Stats | t_env:       7560 | Episode:      315
battery_action_clip_mean:214.4665	battery_punishment_reward_mean:-1072.3326	battle_won_mean:           1.0000	bess_cost_reward_mean:   -180.2213
buffer/episodes:         273.0000	buy_cost_reward_mean:    -312148.4313	ep_length_mean:           24.0000	episode_limit_mean:        1.0000
eval/best_reward:        -306.2190	eval/best_win_rate:        1.0000	eval/ea_reward:          -307.1555	eval/ea_win_rate:          1.0000
eval/rl_reward:          -308.5485	eval/rl_win_rate:          1.0000	generate_cost_reward_mean:-39.6434	grid_purchase_cost_mean: 312148.4313
mean_soc_mean:             0.2539	return_mean:             -312.5866	return_std:               33.8576	soc_reserve_reward_mean: -19.0767
soc_violation_mean:       40.6444	test/battery_action_clip:163.2232	test/battery_punishment_reward:-816.1161	test/battle_won:           1.0000
test/bess_cost_reward:   -132.3819	test/buy_cost_reward:    -309418.4738	test/ep_length:           24.0000	test/episode_limit:        1.0000
test/generate_cost_reward:-44.7500	test/grid_purchase_cost: 309418.4738	test/mean_soc:             0.4234	test/return_mean:        -309.7551
test/return_std:          29.2909	test/soc_reserve_reward: -12.9385	test/soc_violation:       30.9941	test/total_power_loss:   14241.4336
test_battery_action_clip_mean:163.2232	test_battery_punishment_reward_mean:-816.1161	test_battle_won_mean:      1.0000	test_bess_cost_reward_mean:-132.3819
test_buy_cost_reward_mean:-309418.4738	test_ep_length_mean:      24.0000	test_episode_limit_mean:   1.0000	test_generate_cost_reward_mean:-44.7500
test_grid_purchase_cost_mean:309418.4738	test_mean_soc_mean:        0.4234	test_return_mean:        -309.7551	test_return_std:          29.2909
test_soc_reserve_reward_mean:-12.9385	test_soc_violation_mean:  30.9941	test_total_power_loss_mean:14241.4336	total_power_loss_mean:   14370.0513
train/battery_action_clip:214.4665	train/battery_punishment_reward:-1072.3326	train/battle_won:          1.0000	train/bess_cost_reward:  -180.2213
train/buy_cost_reward:   -312148.4313	train/ep_length:          24.0000	train/episode:           273.0000	train/episode_limit:       1.0000
train/generate_cost_reward:-39.6434	train/grid_purchase_cost:312148.4313	train/mean_soc:            0.2539	train/return_mean:       -312.5866
train/return_std:         33.8576	train/soc_reserve_reward:-19.0767	train/soc_violation:      40.6444	train/t_env:             6552.0000
train/total_power_loss:  14370.0513	
[INFO 21:16:56] root Recent Stats | t_env:       8064 | Episode:      336
battery_action_clip_mean:239.6686	battery_punishment_reward_mean:-1198.3431	battle_won_mean:           1.0000	bess_cost_reward_mean:   -194.3811
buffer/episodes:         294.0000	buy_cost_reward_mean:    -310896.9763	ep_length_mean:           24.0000	episode_limit_mean:        1.0000
eval/best_reward:        -306.2190	eval/best_win_rate:        1.0000	eval/ea_reward:          -307.1555	eval/ea_win_rate:          1.0000
eval/rl_reward:          -308.5485	eval/rl_win_rate:          1.0000	generate_cost_reward_mean:-38.5666	grid_purchase_cost_mean: 310896.9763
mean_soc_mean:             0.2003	return_mean:             -311.3823	return_std:               32.1558	soc_reserve_reward_mean: -21.5529
soc_violation_mean:       45.5153	test/battery_action_clip:163.2232	test/battery_punishment_reward:-816.1161	test/battle_won:           1.0000
test/bess_cost_reward:   -132.3819	test/buy_cost_reward:    -309418.4738	test/ep_length:           24.0000	test/episode_limit:        1.0000
test/generate_cost_reward:-44.7500	test/grid_purchase_cost: 309418.4738	test/mean_soc:             0.4234	test/return_mean:        -309.7551
test/return_std:          29.2909	test/soc_reserve_reward: -12.9385	test/soc_violation:       30.9941	test/total_power_loss:   14241.4336
test_battery_action_clip_mean:163.2232	test_battery_punishment_reward_mean:-816.1161	test_battle_won_mean:      1.0000	test_bess_cost_reward_mean:-132.3819
test_buy_cost_reward_mean:-309418.4738	test_ep_length_mean:      24.0000	test_episode_limit_mean:   1.0000	test_generate_cost_reward_mean:-44.7500
test_grid_purchase_cost_mean:309418.4738	test_mean_soc_mean:        0.4234	test_return_mean:        -309.7551	test_return_std:          29.2909
test_soc_reserve_reward_mean:-12.9385	test_soc_violation_mean:  30.9941	test_total_power_loss_mean:14241.4336	total_power_loss_mean:   14312.8395
train/battery_action_clip:239.6686	train/battery_punishment_reward:-1198.3431	train/battle_won:          1.0000	train/bess_cost_reward:  -194.3811
train/buy_cost_reward:   -310896.9763	train/ep_length:          24.0000	train/episode:           294.0000	train/episode_limit:       1.0000
train/generate_cost_reward:-38.5666	train/grid_purchase_cost:310896.9763	train/mean_soc:            0.2003	train/return_mean:       -311.3823
train/return_std:         32.1558	train/soc_reserve_reward:-21.5529	train/soc_violation:      45.5153	train/t_env:             7056.0000
train/total_power_loss:  14312.8395	
[INFO 21:16:56] root t_env: 8088 / 300000
[INFO 21:16:56] root Estimated time left: 8 minutes, 24 seconds. Time passed: 14 seconds
[INFO 21:16:58] root Recent Stats | t_env:       8568 | Episode:      357
battery_action_clip_mean:239.8008	battery_punishment_reward_mean:-1199.0039	battle_won_mean:           1.0000	bess_cost_reward_mean:   -194.3997
buffer/episodes:         315.0000	buy_cost_reward_mean:    -310773.9289	ep_length_mean:           24.0000	episode_limit_mean:        1.0000
eval/best_reward:        -306.6422	eval/best_win_rate:        1.0000	eval/ea_reward:          -307.3914	eval/ea_win_rate:          1.0000
eval/rl_reward:          -308.8490	eval/rl_win_rate:          1.0000	generate_cost_reward_mean:-38.6090	grid_purchase_cost_mean: 310773.9289
mean_soc_mean:             0.2003	return_mean:             -311.2595	return_std:               34.0402	soc_reserve_reward_mean: -21.5500
soc_violation_mean:       45.5395	test/battery_action_clip:163.3043	test/battery_punishment_reward:-816.5214	test/battle_won:           1.0000
test/bess_cost_reward:   -132.1953	test/buy_cost_reward:    -308648.6125	test/ep_length:           24.0000	test/episode_limit:        1.0000
test/generate_cost_reward:-44.7541	test/grid_purchase_cost: 308648.6125	test/mean_soc:             0.4243	test/return_mean:        -308.9853
test/return_std:          29.1829	test/soc_reserve_reward: -12.9396	test/soc_violation:       31.0098	test/total_power_loss:   14200.2207
test_battery_action_clip_mean:163.3043	test_battery_punishment_reward_mean:-816.5214	test_battle_won_mean:      1.0000	test_bess_cost_reward_mean:-132.1953
test_buy_cost_reward_mean:-308648.6125	test_ep_length_mean:      24.0000	test_episode_limit_mean:   1.0000	test_generate_cost_reward_mean:-44.7541
test_grid_purchase_cost_mean:308648.6125	test_mean_soc_mean:        0.4243	test_return_mean:        -308.9853	test_return_std:          29.1829
test_soc_reserve_reward_mean:-12.9396	test_soc_violation_mean:  31.0098	test_total_power_loss_mean:14200.2207	total_power_loss_mean:   14306.9623
train/battery_action_clip:239.8008	train/battery_punishment_reward:-1199.0039	train/battle_won:          1.0000	train/bess_cost_reward:  -194.3997
train/buy_cost_reward:   -310773.9289	train/ep_length:          24.0000	train/episode:           315.0000	train/episode_limit:       1.0000
train/generate_cost_reward:-38.6090	train/grid_purchase_cost:310773.9289	train/mean_soc:            0.2003	train/return_mean:       -311.2595
train/return_std:         34.0402	train/soc_reserve_reward:-21.5500	train/soc_violation:      45.5395	train/t_env:             7560.0000
train/total_power_loss:  14306.9623	
[INFO 21:16:59] root Recent Stats | t_env:       9072 | Episode:      378
battery_action_clip_mean:239.9812	battery_punishment_reward_mean:-1199.9061	battle_won_mean:           1.0000	bess_cost_reward_mean:   -194.3554
buffer/episodes:         336.0000	buy_cost_reward_mean:    -310237.7303	ep_length_mean:           24.0000	episode_limit_mean:        1.0000
eval/best_reward:        -306.6422	eval/best_win_rate:        1.0000	eval/ea_reward:          -307.3914	eval/ea_win_rate:          1.0000
eval/rl_reward:          -308.8490	eval/rl_win_rate:          1.0000	generate_cost_reward_mean:-38.6298	grid_purchase_cost_mean: 310237.7303
mean_soc_mean:             0.2003	return_mean:             -310.7236	return_std:               35.2941	soc_reserve_reward_mean: -21.5512
soc_violation_mean:       45.5747	test/battery_action_clip:163.3043	test/battery_punishment_reward:-816.5214	test/battle_won:           1.0000
test/bess_cost_reward:   -132.1953	test/buy_cost_reward:    -308648.6125	test/ep_length:           24.0000	test/episode_limit:        1.0000
test/generate_cost_reward:-44.7541	test/grid_purchase_cost: 308648.6125	test/mean_soc:             0.4243	test/return_mean:        -308.9853
test/return_std:          29.1829	test/soc_reserve_reward: -12.9396	test/soc_violation:       31.0098	test/total_power_loss:   14200.2207
test_battery_action_clip_mean:163.3043	test_battery_punishment_reward_mean:-816.5214	test_battle_won_mean:      1.0000	test_bess_cost_reward_mean:-132.1953
test_buy_cost_reward_mean:-308648.6125	test_ep_length_mean:      24.0000	test_episode_limit_mean:   1.0000	test_generate_cost_reward_mean:-44.7541
test_grid_purchase_cost_mean:308648.6125	test_mean_soc_mean:        0.4243	test_return_mean:        -308.9853	test_return_std:          29.1829
test_soc_reserve_reward_mean:-12.9396	test_soc_violation_mean:  31.0098	test_total_power_loss_mean:14200.2207	total_power_loss_mean:   14271.2427
train/battery_action_clip:239.9812	train/battery_punishment_reward:-1199.9061	train/battle_won:          1.0000	train/bess_cost_reward:  -194.3554
train/buy_cost_reward:   -310237.7303	train/ep_length:          24.0000	train/episode:           336.0000	train/episode_limit:       1.0000
train/generate_cost_reward:-38.6298	train/grid_purchase_cost:310237.7303	train/mean_soc:            0.2003	train/return_mean:       -310.7236
train/return_std:         35.2941	train/soc_reserve_reward:-21.5512	train/soc_violation:      45.5747	train/t_env:             8064.0000
train/total_power_loss:  14271.2427	
[INFO 21:16:59] root Recent Stats | t_env:       9576 | Episode:      399
battery_action_clip_mean:239.8962	battery_punishment_reward_mean:-1199.4810	battle_won_mean:           1.0000	bess_cost_reward_mean:   -194.3494
buffer/episodes:         357.0000	buy_cost_reward_mean:    -309493.1519	ep_length_mean:           24.0000	episode_limit_mean:        1.0000
eval/best_reward:        -306.6422	eval/best_win_rate:        1.0000	eval/ea_reward:          -307.3914	eval/ea_win_rate:          1.0000
eval/rl_reward:          -308.8490	eval/rl_win_rate:          1.0000	generate_cost_reward_mean:-38.6310	grid_purchase_cost_mean: 309493.1519
mean_soc_mean:             0.2003	return_mean:             -309.9788	return_std:               34.5566	soc_reserve_reward_mean: -21.5521
soc_violation_mean:       45.5586	test/battery_action_clip:163.3043	test/battery_punishment_reward:-816.5214	test/battle_won:           1.0000
test/bess_cost_reward:   -132.1953	test/buy_cost_reward:    -308648.6125	test/ep_length:           24.0000	test/episode_limit:        1.0000
test/generate_cost_reward:-44.7541	test/grid_purchase_cost: 308648.6125	test/mean_soc:             0.4243	test/return_mean:        -308.9853
test/return_std:          29.1829	test/soc_reserve_reward: -12.9396	test/soc_violation:       31.0098	test/total_power_loss:   14200.2207
test_battery_action_clip_mean:163.3043	test_battery_punishment_reward_mean:-816.5214	test_battle_won_mean:      1.0000	test_bess_cost_reward_mean:-132.1953
test_buy_cost_reward_mean:-308648.6125	test_ep_length_mean:      24.0000	test_episode_limit_mean:   1.0000	test_generate_cost_reward_mean:-44.7541
test_grid_purchase_cost_mean:308648.6125	test_mean_soc_mean:        0.4243	test_return_mean:        -308.9853	test_return_std:          29.1829
test_soc_reserve_reward_mean:-12.9396	test_soc_violation_mean:  31.0098	test_total_power_loss_mean:14200.2207	total_power_loss_mean:   14229.5276
train/battery_action_clip:239.8962	train/battery_punishment_reward:-1199.4810	train/battle_won:          1.0000	train/bess_cost_reward:  -194.3494
train/buy_cost_reward:   -309493.1519	train/ep_length:          24.0000	train/episode:           357.0000	train/episode_limit:       1.0000
train/generate_cost_reward:-38.6310	train/grid_purchase_cost:309493.1519	train/mean_soc:            0.2003	train/return_mean:       -309.9788
train/return_std:         34.5566	train/soc_reserve_reward:-21.5521	train/soc_violation:      45.5586	train/t_env:             8568.0000
train/total_power_loss:  14229.5276	
[INFO 21:16:59] root Saving models to results\models\facmac_smac__2026-06-15_21-16-36\10032
[INFO 21:17:00] root Recent Stats | t_env:      10080 | Episode:      420
battery_action_clip_mean:239.8928	battery_punishment_reward_mean:-1199.4638	battle_won_mean:           1.0000	bess_cost_reward_mean:   -194.3578
buffer/episodes:         378.0000	buy_cost_reward_mean:    -309279.9745	ep_length_mean:           24.0000	episode_limit_mean:        1.0000
eval/best_reward:        -306.6422	eval/best_win_rate:        1.0000	eval/ea_reward:          -307.3914	eval/ea_win_rate:          1.0000
eval/rl_reward:          -308.8490	eval/rl_win_rate:          1.0000	generate_cost_reward_mean:-38.5760	grid_purchase_cost_mean: 309279.9745
mean_soc_mean:             0.2003	return_mean:             -309.7656	return_std:               35.0410	soc_reserve_reward_mean: -21.5512
soc_violation_mean:       45.5574	test/battery_action_clip:163.3043	test/battery_punishment_reward:-816.5214	test/battle_won:           1.0000
test/bess_cost_reward:   -132.1953	test/buy_cost_reward:    -308648.6125	test/ep_length:           24.0000	test/episode_limit:        1.0000
test/generate_cost_reward:-44.7541	test/grid_purchase_cost: 308648.6125	test/mean_soc:             0.4243	test/return_mean:        -308.9853
test/return_std:          29.1829	test/soc_reserve_reward: -12.9396	test/soc_violation:       31.0098	test/total_power_loss:   14200.2207
test_battery_action_clip_mean:163.3043	test_battery_punishment_reward_mean:-816.5214	test_battle_won_mean:      1.0000	test_bess_cost_reward_mean:-132.1953
test_buy_cost_reward_mean:-308648.6125	test_ep_length_mean:      24.0000	test_episode_limit_mean:   1.0000	test_generate_cost_reward_mean:-44.7541
test_grid_purchase_cost_mean:308648.6125	test_mean_soc_mean:        0.4243	test_return_mean:        -308.9853	test_return_std:          29.1829
test_soc_reserve_reward_mean:-12.9396	test_soc_violation_mean:  31.0098	test_total_power_loss_mean:14200.2207	total_power_loss_mean:   14228.2464
train/battery_action_clip:239.8928	train/battery_punishment_reward:-1199.4638	train/battle_won:          1.0000	train/bess_cost_reward:  -194.3578
train/buy_cost_reward:   -309279.9745	train/ep_length:          24.0000	train/episode:           378.0000	train/episode_limit:       1.0000
train/generate_cost_reward:-38.5760	train/grid_purchase_cost:309279.9745	train/mean_soc:            0.2003	train/return_mean:       -309.7656
train/return_std:         35.0410	train/soc_reserve_reward:-21.5512	train/soc_violation:      45.5574	train/t_env:             9072.0000
train/total_power_loss:  14228.2464	
[INFO 21:17:05] root t_env: 10224 / 300000
[INFO 21:17:05] root Estimated time left: 20 minutes, 26 seconds. Time passed: 23 seconds
[INFO 21:17:17] root Recent Stats | t_env:      10704 | Episode:      431
battery_action_clip_mean:226.0928	battery_punishment_reward_mean:-1130.4639	battle_won_mean:           1.0000	bess_cost_reward_mean:   -183.5347
buffer/episodes:         400.0000	buy_cost_reward_mean:    -309832.7907	ep_length_mean:           24.0000	episode_limit_mean:        1.0000
eval/best_reward:        -306.8755	eval/best_win_rate:        1.0000	eval/ea_reward:          -307.2858	eval/ea_win_rate:          1.0000
eval/rl_reward:          -309.3911	eval/rl_win_rate:          1.0000	generate_cost_reward_mean:-38.7309	grid_purchase_cost_mean: 309832.7907
mean_soc_mean:             0.2391	return_mean:             -310.2914	return_std:               34.9245	soc_reserve_reward_mean: -19.9590
soc_violation_mean:       42.9356	test/battery_action_clip:203.8300	test/battery_punishment_reward:-1019.1501	test/battle_won:           1.0000
test/bess_cost_reward:   -135.1960	test/buy_cost_reward:    -310554.3625	test/ep_length:           24.0000	test/episode_limit:        1.0000
test/generate_cost_reward:-37.7904	test/grid_purchase_cost: 310554.3625	test/mean_soc:             0.4151	test/return_mean:        -310.9572
test/return_std:          29.4035	test/soc_reserve_reward: -13.4082	test/soc_violation:       38.6826	test/total_power_loss:   14285.8183
test_battery_action_clip_mean:203.8300	test_battery_punishment_reward_mean:-1019.1501	test_battle_won_mean:      1.0000	test_bess_cost_reward_mean:-135.1960
test_buy_cost_reward_mean:-310554.3625	test_ep_length_mean:      24.0000	test_episode_limit_mean:   1.0000	test_generate_cost_reward_mean:-37.7904
test_grid_purchase_cost_mean:310554.3625	test_mean_soc_mean:        0.4151	test_return_mean:        -310.9572	test_return_std:          29.4035
test_soc_reserve_reward_mean:-13.4082	test_soc_violation_mean:  38.6826	test_total_power_loss_mean:14285.8183	total_power_loss_mean:   14261.2649
train/battery_action_clip:226.0928	train/battery_punishment_reward:-1130.4639	train/battle_won:          1.0000	train/bess_cost_reward:  -183.5347
train/buy_cost_reward:   -309832.7907	train/ep_length:          24.0000	train/episode:           397.0000	train/episode_limit:       1.0000
train/generate_cost_reward:-38.7309	train/grid_purchase_cost:309832.7907	train/mean_soc:            0.2391	train/return_mean:       -310.2914
train/return_std:         34.9245	train/soc_reserve_reward:-19.9590	train/soc_violation:      42.9356	train/t_env:             9600.0000
train/total_power_loss:  14261.2649	
[INFO 21:17:26] root Recent Stats | t_env:      11208 | Episode:      442
battery_action_clip_mean:232.1619	battery_punishment_reward_mean:-1160.8093	battle_won_mean:           1.0000	bess_cost_reward_mean:   -171.2276
buffer/episodes:         422.0000	buy_cost_reward_mean:    -310324.8922	ep_length_mean:           24.0000	episode_limit_mean:        1.0000
eval/best_reward:        -306.8755	eval/best_win_rate:        1.0000	eval/ea_reward:          -307.2858	eval/ea_win_rate:          1.0000
eval/rl_reward:          -309.3911	eval/rl_win_rate:          1.0000	generate_cost_reward_mean:-39.0414	grid_purchase_cost_mean: 310324.8922
mean_soc_mean:             0.2842	return_mean:             -310.7891	return_std:               35.9287	soc_reserve_reward_mean: -18.3245
soc_violation_mean:       44.0839	test/battery_action_clip:203.8300	test/battery_punishment_reward:-1019.1501	test/battle_won:           1.0000
test/bess_cost_reward:   -135.1960	test/buy_cost_reward:    -310554.3625	test/ep_length:           24.0000	test/episode_limit:        1.0000
test/generate_cost_reward:-37.7904	test/grid_purchase_cost: 310554.3625	test/mean_soc:             0.4151	test/return_mean:        -310.9572
test/return_std:          29.4035	test/soc_reserve_reward: -13.4082	test/soc_violation:       38.6826	test/total_power_loss:   14285.8183
test_battery_action_clip_mean:203.8300	test_battery_punishment_reward_mean:-1019.1501	test_battle_won_mean:      1.0000	test_bess_cost_reward_mean:-135.1960
test_buy_cost_reward_mean:-310554.3625	test_ep_length_mean:      24.0000	test_episode_limit_mean:   1.0000	test_generate_cost_reward_mean:-37.7904
test_grid_purchase_cost_mean:310554.3625	test_mean_soc_mean:        0.4151	test_return_mean:        -310.9572	test_return_std:          29.4035
test_soc_reserve_reward_mean:-13.4082	test_soc_violation_mean:  38.6826	test_total_power_loss_mean:14285.8183	total_power_loss_mean:   14288.6538
train/battery_action_clip:232.1619	train/battery_punishment_reward:-1160.8093	train/battle_won:          1.0000	train/bess_cost_reward:  -171.2276
train/buy_cost_reward:   -310324.8922	train/ep_length:          24.0000	train/episode:           414.0000	train/episode_limit:       1.0000
train/generate_cost_reward:-39.0414	train/grid_purchase_cost:310324.8922	train/mean_soc:            0.2842	train/return_mean:       -310.7891
train/return_std:         35.9287	train/soc_reserve_reward:-18.3245	train/soc_violation:      44.0839	train/t_env:             10128.0000
train/total_power_loss:  14288.6538	
[INFO 21:17:37] root Recent Stats | t_env:      11712 | Episode:      453
battery_action_clip_mean:236.1551	battery_punishment_reward_mean:-1180.7757	battle_won_mean:           1.0000	bess_cost_reward_mean:   -165.7385
buffer/episodes:         444.0000	buy_cost_reward_mean:    -310362.9581	ep_length_mean:           24.0000	episode_limit_mean:        1.0000
eval/best_reward:        -306.8755	eval/best_win_rate:        1.0000	eval/ea_reward:          -307.2858	eval/ea_win_rate:          1.0000
eval/rl_reward:          -309.3911	eval/rl_win_rate:          1.0000	generate_cost_reward_mean:-38.3949	grid_purchase_cost_mean: 310362.9581
mean_soc_mean:             0.3045	return_mean:             -310.8315	return_std:               35.1846	soc_reserve_reward_mean: -17.5824
soc_violation_mean:       44.8367	test/battery_action_clip:203.8300	test/battery_punishment_reward:-1019.1501	test/battle_won:           1.0000
test/bess_cost_reward:   -135.1960	test/buy_cost_reward:    -310554.3625	test/ep_length:           24.0000	test/episode_limit:        1.0000
test/generate_cost_reward:-37.7904	test/grid_purchase_cost: 310554.3625	test/mean_soc:             0.4151	test/return_mean:        -310.9572
test/return_std:          29.4035	test/soc_reserve_reward: -13.4082	test/soc_violation:       38.6826	test/total_power_loss:   14285.8183
test_battery_action_clip_mean:203.8300	test_battery_punishment_reward_mean:-1019.1501	test_battle_won_mean:      1.0000	test_bess_cost_reward_mean:-135.1960
test_buy_cost_reward_mean:-310554.3625	test_ep_length_mean:      24.0000	test_episode_limit_mean:   1.0000	test_generate_cost_reward_mean:-37.7904
test_grid_purchase_cost_mean:310554.3625	test_mean_soc_mean:        0.4151	test_return_mean:        -310.9572	test_return_std:          29.4035
test_soc_reserve_reward_mean:-13.4082	test_soc_violation_mean:  38.6826	test_total_power_loss_mean:14285.8183	total_power_loss_mean:   14295.5451
train/battery_action_clip:236.1551	train/battery_punishment_reward:-1180.7757	train/battle_won:          1.0000	train/bess_cost_reward:  -165.7385
train/buy_cost_reward:   -310362.9581	train/ep_length:          24.0000	train/episode:           429.0000	train/episode_limit:       1.0000
train/generate_cost_reward:-38.3949	train/grid_purchase_cost:310362.9581	train/mean_soc:            0.3045	train/return_mean:       -310.8315
train/return_std:         35.1846	train/soc_reserve_reward:-17.5824	train/soc_violation:      44.8367	train/t_env:             10656.0000
train/total_power_loss:  14295.5451	
[INFO 21:17:45] root Recent Stats | t_env:      12216 | Episode:      464
battery_action_clip_mean:232.4823	battery_punishment_reward_mean:-1162.4113	battle_won_mean:           1.0000	bess_cost_reward_mean:   -157.5208
buffer/episodes:         466.0000	buy_cost_reward_mean:    -312213.1526	ep_length_mean:           24.0000	episode_limit_mean:        1.0000
eval/best_reward:        -306.8755	eval/best_win_rate:        1.0000	eval/ea_reward:          -307.2858	eval/ea_win_rate:          1.0000
eval/rl_reward:          -309.3911	eval/rl_win_rate:          1.0000	generate_cost_reward_mean:-39.3770	grid_purchase_cost_mean: 312213.1526
mean_soc_mean:             0.3345	return_mean:             -312.6728	return_std:               33.1945	soc_reserve_reward_mean: -16.4083
soc_violation_mean:       44.1314	test/battery_action_clip:203.8300	test/battery_punishment_reward:-1019.1501	test/battle_won:           1.0000
test/bess_cost_reward:   -135.1960	test/buy_cost_reward:    -310554.3625	test/ep_length:           24.0000	test/episode_limit:        1.0000
test/generate_cost_reward:-37.7904	test/grid_purchase_cost: 310554.3625	test/mean_soc:             0.4151	test/return_mean:        -310.9572
test/return_std:          29.4035	test/soc_reserve_reward: -13.4082	test/soc_violation:       38.6826	test/total_power_loss:   14285.8183
test_battery_action_clip_mean:203.8300	test_battery_punishment_reward_mean:-1019.1501	test_battle_won_mean:      1.0000	test_bess_cost_reward_mean:-135.1960
test_buy_cost_reward_mean:-310554.3625	test_ep_length_mean:      24.0000	test_episode_limit_mean:   1.0000	test_generate_cost_reward_mean:-37.7904
test_grid_purchase_cost_mean:310554.3625	test_mean_soc_mean:        0.4151	test_return_mean:        -310.9572	test_return_std:          29.4035
test_soc_reserve_reward_mean:-13.4082	test_soc_violation_mean:  38.6826	test_total_power_loss_mean:14285.8183	total_power_loss_mean:   14356.6207
train/battery_action_clip:232.4823	train/battery_punishment_reward:-1162.4113	train/battle_won:          1.0000	train/bess_cost_reward:  -157.5208
train/buy_cost_reward:   -312213.1526	train/ep_length:          24.0000	train/episode:           442.0000	train/episode_limit:       1.0000
train/generate_cost_reward:-39.3770	train/grid_purchase_cost:312213.1526	train/mean_soc:            0.3345	train/return_mean:       -312.6728
train/return_std:         33.1945	train/soc_reserve_reward:-16.4083	train/soc_violation:      44.1314	train/t_env:             11184.0000
train/total_power_loss:  14356.6207	
[INFO 21:17:45] root t_env: 12240 / 300000
[INFO 21:17:45] root Estimated time left: 1 hours, 36 minutes, 56 seconds. Time passed: 1 minutes, 4 seconds
[INFO 21:17:57] root Recent Stats | t_env:      12720 | Episode:      475
battery_action_clip_mean:239.6297	battery_punishment_reward_mean:-1198.1486	battle_won_mean:           1.0000	bess_cost_reward_mean:   -149.1834
buffer/episodes:         488.0000	buy_cost_reward_mean:    -311035.0480	ep_length_mean:           24.0000	episode_limit_mean:        1.0000
eval/best_reward:        -305.3691	eval/best_win_rate:        1.0000	eval/ea_reward:          -305.4860	eval/ea_win_rate:          1.0000
eval/rl_reward:          -310.6323	eval/rl_win_rate:          1.0000	generate_cost_reward_mean:-38.4932	grid_purchase_cost_mean: 311035.0480
mean_soc_mean:             0.3652	return_mean:             -311.5031	return_std:               31.9613	soc_reserve_reward_mean: -15.2928
soc_violation_mean:       45.4821	test/battery_action_clip:248.1352	test/battery_punishment_reward:-1240.6761	test/battle_won:           1.0000
test/bess_cost_reward:   -135.2014	test/buy_cost_reward:    -307090.4848	test/ep_length:           24.0000	test/episode_limit:        1.0000
test/generate_cost_reward:-30.3131	test/grid_purchase_cost: 307090.4848	test/mean_soc:             0.4167	test/return_mean:        -307.5645
test/return_std:          27.7335	test/soc_reserve_reward: -13.5271	test/soc_violation:       47.0859	test/total_power_loss:   14152.5484
test_battery_action_clip_mean:248.1352	test_battery_punishment_reward_mean:-1240.6761	test_battle_won_mean:      1.0000	test_bess_cost_reward_mean:-135.2014
test_buy_cost_reward_mean:-307090.4848	test_ep_length_mean:      24.0000	test_episode_limit_mean:   1.0000	test_generate_cost_reward_mean:-30.3131
test_grid_purchase_cost_mean:307090.4848	test_mean_soc_mean:        0.4167	test_return_mean:        -307.5645	test_return_std:          27.7335
test_soc_reserve_reward_mean:-13.5271	test_soc_violation_mean:  47.0859	test_total_power_loss_mean:14152.5484	total_power_loss_mean:   14304.9395
train/battery_action_clip:239.6297	train/battery_punishment_reward:-1198.1486	train/battle_won:          1.0000	train/bess_cost_reward:  -149.1834
train/buy_cost_reward:   -311035.0480	train/ep_length:          24.0000	train/episode:           453.0000	train/episode_limit:       1.0000
train/generate_cost_reward:-38.4932	train/grid_purchase_cost:311035.0480	train/mean_soc:            0.3652	train/return_mean:       -311.5031
train/return_std:         31.9613	train/soc_reserve_reward:-15.2928	train/soc_violation:      45.4821	train/t_env:             11712.0000
train/total_power_loss:  14304.9395	
[INFO 21:18:10] root Recent Stats | t_env:      13344 | Episode:      486
battery_action_clip_mean:258.0734	battery_punishment_reward_mean:-1290.3669	battle_won_mean:           1.0000	bess_cost_reward_mean:   -150.7366
buffer/episodes:         510.0000	buy_cost_reward_mean:    -312869.8198	ep_length_mean:           24.0000	episode_limit_mean:        1.0000
eval/best_reward:        -305.3691	eval/best_win_rate:        1.0000	eval/ea_reward:          -305.4860	eval/ea_win_rate:          1.0000
eval/rl_reward:          -310.6323	eval/rl_win_rate:          1.0000	generate_cost_reward_mean:-39.3007	grid_purchase_cost_mean: 312869.8198
mean_soc_mean:             0.3603	return_mean:             -313.3695	return_std:               33.8831	soc_reserve_reward_mean: -15.6544
soc_violation_mean:       48.9847	test/battery_action_clip:248.1352	test/battery_punishment_reward:-1240.6761	test/battle_won:           1.0000
test/bess_cost_reward:   -135.2014	test/buy_cost_reward:    -307090.4848	test/ep_length:           24.0000	test/episode_limit:        1.0000
test/generate_cost_reward:-30.3131	test/grid_purchase_cost: 307090.4848	test/mean_soc:             0.4167	test/return_mean:        -307.5645
test/return_std:          27.7335	test/soc_reserve_reward: -13.5271	test/soc_violation:       47.0859	test/total_power_loss:   14152.5484
test_battery_action_clip_mean:248.1352	test_battery_punishment_reward_mean:-1240.6761	test_battle_won_mean:      1.0000	test_bess_cost_reward_mean:-135.2014
test_buy_cost_reward_mean:-307090.4848	test_ep_length_mean:      24.0000	test_episode_limit_mean:   1.0000	test_generate_cost_reward_mean:-30.3131
test_grid_purchase_cost_mean:307090.4848	test_mean_soc_mean:        0.4167	test_return_mean:        -307.5645	test_return_std:          27.7335
test_soc_reserve_reward_mean:-13.5271	test_soc_violation_mean:  47.0859	test_total_power_loss_mean:14152.5484	total_power_loss_mean:   14380.9068
train/battery_action_clip:258.0734	train/battery_punishment_reward:-1290.3669	train/battle_won:          1.0000	train/bess_cost_reward:  -150.7366
train/buy_cost_reward:   -312869.8198	train/ep_length:          24.0000	train/episode:           464.0000	train/episode_limit:       1.0000
train/generate_cost_reward:-39.3007	train/grid_purchase_cost:312869.8198	train/mean_soc:            0.3603	train/return_mean:       -313.3695
train/return_std:         33.8831	train/soc_reserve_reward:-15.6544	train/soc_violation:      48.9847	train/t_env:             12240.0000
train/total_power_loss:  14380.9068	
[INFO 21:18:20] root Recent Stats | t_env:      13848 | Episode:      497
battery_action_clip_mean:254.2407	battery_punishment_reward_mean:-1271.2035	battle_won_mean:           1.0000	bess_cost_reward_mean:   -154.1036
buffer/episodes:         532.0000	buy_cost_reward_mean:    -311355.1971	ep_length_mean:           24.0000	episode_limit_mean:        1.0000
eval/best_reward:        -305.3691	eval/best_win_rate:        1.0000	eval/ea_reward:          -305.4860	eval/ea_win_rate:          1.0000
eval/rl_reward:          -310.6323	eval/rl_win_rate:          1.0000	generate_cost_reward_mean:-38.1880	grid_purchase_cost_mean: 311355.1971
mean_soc_mean:             0.3480	return_mean:             -311.8494	return_std:               31.9005	soc_reserve_reward_mean: -16.0900
soc_violation_mean:       48.2550	test/battery_action_clip:248.1352	test/battery_punishment_reward:-1240.6761	test/battle_won:           1.0000
test/bess_cost_reward:   -135.2014	test/buy_cost_reward:    -307090.4848	test/ep_length:           24.0000	test/episode_limit:        1.0000
test/generate_cost_reward:-30.3131	test/grid_purchase_cost: 307090.4848	test/mean_soc:             0.4167	test/return_mean:        -307.5645
test/return_std:          27.7335	test/soc_reserve_reward: -13.5271	test/soc_violation:       47.0859	test/total_power_loss:   14152.5484
test_battery_action_clip_mean:248.1352	test_battery_punishment_reward_mean:-1240.6761	test_battle_won_mean:      1.0000	test_bess_cost_reward_mean:-135.2014
test_buy_cost_reward_mean:-307090.4848	test_ep_length_mean:      24.0000	test_episode_limit_mean:   1.0000	test_generate_cost_reward_mean:-30.3131
test_grid_purchase_cost_mean:307090.4848	test_mean_soc_mean:        0.4167	test_return_mean:        -307.5645	test_return_std:          27.7335
test_soc_reserve_reward_mean:-13.5271	test_soc_violation_mean:  47.0859	test_total_power_loss_mean:14152.5484	total_power_loss_mean:   14323.0191
train/battery_action_clip:254.2407	train/battery_punishment_reward:-1271.2035	train/battle_won:          1.0000	train/bess_cost_reward:  -154.1036
train/buy_cost_reward:   -311355.1971	train/ep_length:          24.0000	train/episode:           475.0000	train/episode_limit:       1.0000
train/generate_cost_reward:-38.1880	train/grid_purchase_cost:311355.1971	train/mean_soc:            0.3480	train/return_mean:       -311.8494
train/return_std:         31.9005	train/soc_reserve_reward:-16.0900	train/soc_violation:      48.2550	train/t_env:             12768.0000
train/total_power_loss:  14323.0191	
[INFO 21:18:29] root t_env: 14304 / 300000
[INFO 21:18:29] root Estimated time left: 1 hours, 41 minutes, 7 seconds. Time passed: 1 minutes, 48 seconds
[INFO 21:18:31] root Recent Stats | t_env:      14352 | Episode:      508
battery_action_clip_mean:254.4101	battery_punishment_reward_mean:-1272.0507	battle_won_mean:           1.0000	bess_cost_reward_mean:   -153.1557
buffer/episodes:         554.0000	buy_cost_reward_mean:    -310016.5126	ep_length_mean:           24.0000	episode_limit_mean:        1.0000
eval/best_reward:        -304.8030	eval/best_win_rate:        1.0000	eval/ea_reward:          -306.0386	eval/ea_win_rate:          1.0000
eval/rl_reward:          -310.0662	eval/rl_win_rate:          1.0000	generate_cost_reward_mean:-37.9989	grid_purchase_cost_mean: 310016.5126
mean_soc_mean:             0.3512	return_mean:             -310.5105	return_std:               33.1853	soc_reserve_reward_mean: -15.9605
soc_violation_mean:       48.2898	test/battery_action_clip:220.9409	test/battery_punishment_reward:-1104.7047	test/battle_won:           1.0000
test/bess_cost_reward:   -163.1715	test/buy_cost_reward:    -308075.8695	test/ep_length:           24.0000	test/episode_limit:        1.0000
test/generate_cost_reward:-32.1169	test/grid_purchase_cost: 308075.8695	test/mean_soc:             0.3143	test/return_mean:        -308.5158
test/return_std:          26.5721	test/soc_reserve_reward: -17.2972	test/soc_violation:       41.9449	test/total_power_loss:   14203.4382
test_battery_action_clip_mean:220.9409	test_battery_punishment_reward_mean:-1104.7047	test_battle_won_mean:      1.0000	test_bess_cost_reward_mean:-163.1715
test_buy_cost_reward_mean:-308075.8695	test_ep_length_mean:      24.0000	test_episode_limit_mean:   1.0000	test_generate_cost_reward_mean:-32.1169
test_grid_purchase_cost_mean:308075.8695	test_mean_soc_mean:        0.3143	test_return_mean:        -308.5158	test_return_std:          26.5721
test_soc_reserve_reward_mean:-17.2972	test_soc_violation_mean:  41.9449	test_total_power_loss_mean:14203.4382	total_power_loss_mean:   14256.0213
train/battery_action_clip:254.4101	train/battery_punishment_reward:-1272.0507	train/battle_won:          1.0000	train/bess_cost_reward:  -153.1557
train/buy_cost_reward:   -310016.5126	train/ep_length:          24.0000	train/episode:           486.0000	train/episode_limit:       1.0000
train/generate_cost_reward:-37.9989	train/grid_purchase_cost:310016.5126	train/mean_soc:            0.3512	train/return_mean:       -310.5105
train/return_std:         33.1853	train/soc_reserve_reward:-15.9605	train/soc_violation:      48.2898	train/t_env:             13296.0000
train/total_power_loss:  14256.0213	
[INFO 21:18:42] root Recent Stats | t_env:      14856 | Episode:      519
battery_action_clip_mean:256.8228	battery_punishment_reward_mean:-1284.1138	battle_won_mean:           1.0000	bess_cost_reward_mean:   -158.5250
buffer/episodes:         576.0000	buy_cost_reward_mean:    -306381.9820	ep_length_mean:           24.0000	episode_limit_mean:        1.0000
eval/best_reward:        -304.8030	eval/best_win_rate:        1.0000	eval/ea_reward:          -306.0386	eval/ea_win_rate:          1.0000
eval/rl_reward:          -310.0662	eval/rl_win_rate:          1.0000	generate_cost_reward_mean:-37.5952	grid_purchase_cost_mean: 306381.9820
mean_soc_mean:             0.3315	return_mean:             -306.8819	return_std:               33.0033	soc_reserve_reward_mean: -16.7455
soc_violation_mean:       48.7553	test/battery_action_clip:220.9409	test/battery_punishment_reward:-1104.7047	test/battle_won:           1.0000
test/bess_cost_reward:   -163.1715	test/buy_cost_reward:    -308075.8695	test/ep_length:           24.0000	test/episode_limit:        1.0000
test/generate_cost_reward:-32.1169	test/grid_purchase_cost: 308075.8695	test/mean_soc:             0.3143	test/return_mean:        -308.5158
test/return_std:          26.5721	test/soc_reserve_reward: -17.2972	test/soc_violation:       41.9449	test/total_power_loss:   14203.4382
test_battery_action_clip_mean:220.9409	test_battery_punishment_reward_mean:-1104.7047	test_battle_won_mean:      1.0000	test_bess_cost_reward_mean:-163.1715
test_buy_cost_reward_mean:-308075.8695	test_ep_length_mean:      24.0000	test_episode_limit_mean:   1.0000	test_generate_cost_reward_mean:-32.1169
test_grid_purchase_cost_mean:308075.8695	test_mean_soc_mean:        0.3143	test_return_mean:        -308.5158	test_return_std:          26.5721
test_soc_reserve_reward_mean:-17.2972	test_soc_violation_mean:  41.9449	test_total_power_loss_mean:14203.4382	total_power_loss_mean:   14113.1232
train/battery_action_clip:256.8228	train/battery_punishment_reward:-1284.1138	train/battle_won:          1.0000	train/bess_cost_reward:  -158.5250
train/buy_cost_reward:   -306381.9820	train/ep_length:          24.0000	train/episode:           497.0000	train/episode_limit:       1.0000
train/generate_cost_reward:-37.5952	train/grid_purchase_cost:306381.9820	train/mean_soc:            0.3315	train/return_mean:       -306.8819
train/return_std:         33.0033	train/soc_reserve_reward:-16.7455	train/soc_violation:      48.7553	train/t_env:             13824.0000
train/total_power_loss:  14113.1232	
[INFO 21:18:52] root Recent Stats | t_env:      15360 | Episode:      530
battery_action_clip_mean:250.7837	battery_punishment_reward_mean:-1253.9185	battle_won_mean:           1.0000	bess_cost_reward_mean:   -160.8090
buffer/episodes:         598.0000	buy_cost_reward_mean:    -309262.0305	ep_length_mean:           24.0000	episode_limit_mean:        1.0000
eval/best_reward:        -304.8030	eval/best_win_rate:        1.0000	eval/ea_reward:          -306.0386	eval/ea_win_rate:          1.0000
eval/rl_reward:          -310.0662	eval/rl_win_rate:          1.0000	generate_cost_reward_mean:-38.2749	grid_purchase_cost_mean: 309262.0305
mean_soc_mean:             0.3229	return_mean:             -309.7530	return_std:               32.4245	soc_reserve_reward_mean: -17.0334
soc_violation_mean:       47.6115	test/battery_action_clip:220.9409	test/battery_punishment_reward:-1104.7047	test/battle_won:           1.0000
test/bess_cost_reward:   -163.1715	test/buy_cost_reward:    -308075.8695	test/ep_length:           24.0000	test/episode_limit:        1.0000
test/generate_cost_reward:-32.1169	test/grid_purchase_cost: 308075.8695	test/mean_soc:             0.3143	test/return_mean:        -308.5158
test/return_std:          26.5721	test/soc_reserve_reward: -17.2972	test/soc_violation:       41.9449	test/total_power_loss:   14203.4382
test_battery_action_clip_mean:220.9409	test_battery_punishment_reward_mean:-1104.7047	test_battle_won_mean:      1.0000	test_bess_cost_reward_mean:-163.1715
test_buy_cost_reward_mean:-308075.8695	test_ep_length_mean:      24.0000	test_episode_limit_mean:   1.0000	test_generate_cost_reward_mean:-32.1169
test_grid_purchase_cost_mean:308075.8695	test_mean_soc_mean:        0.3143	test_return_mean:        -308.5158	test_return_std:          26.5721
test_soc_reserve_reward_mean:-17.2972	test_soc_violation_mean:  41.9449	test_total_power_loss_mean:14203.4382	total_power_loss_mean:   14227.1487
train/battery_action_clip:250.7837	train/battery_punishment_reward:-1253.9185	train/battle_won:          1.0000	train/bess_cost_reward:  -160.8090
train/buy_cost_reward:   -309262.0305	train/ep_length:          24.0000	train/episode:           508.0000	train/episode_limit:       1.0000
train/generate_cost_reward:-38.2749	train/grid_purchase_cost:309262.0305	train/mean_soc:            0.3229	train/return_mean:       -309.7530
train/return_std:         32.4245	train/soc_reserve_reward:-17.0334	train/soc_violation:      47.6115	train/t_env:             14352.0000
train/total_power_loss:  14227.1487	
[INFO 21:19:08] root Recent Stats | t_env:      15984 | Episode:      541
battery_action_clip_mean:247.5947	battery_punishment_reward_mean:-1237.9735	battle_won_mean:           1.0000	bess_cost_reward_mean:   -163.0111
buffer/episodes:         620.0000	buy_cost_reward_mean:    -306216.5784	ep_length_mean:           24.0000	episode_limit_mean:        1.0000
eval/best_reward:        -304.8030	eval/best_win_rate:        1.0000	eval/ea_reward:          -306.0386	eval/ea_win_rate:          1.0000
eval/rl_reward:          -310.0662	eval/rl_win_rate:          1.0000	generate_cost_reward_mean:-37.0416	grid_purchase_cost_mean: 306216.5784
mean_soc_mean:             0.3148	return_mean:             -306.7026	return_std:               29.9642	soc_reserve_reward_mean: -17.3130
soc_violation_mean:       47.0059	test/battery_action_clip:220.9409	test/battery_punishment_reward:-1104.7047	test/battle_won:           1.0000
test/bess_cost_reward:   -163.1715	test/buy_cost_reward:    -308075.8695	test/ep_length:           24.0000	test/episode_limit:        1.0000
test/generate_cost_reward:-32.1169	test/grid_purchase_cost: 308075.8695	test/mean_soc:             0.3143	test/return_mean:        -308.5158
test/return_std:          26.5721	test/soc_reserve_reward: -17.2972	test/soc_violation:       41.9449	test/total_power_loss:   14203.4382
test_battery_action_clip_mean:220.9409	test_battery_punishment_reward_mean:-1104.7047	test_battle_won_mean:      1.0000	test_bess_cost_reward_mean:-163.1715
test_buy_cost_reward_mean:-308075.8695	test_ep_length_mean:      24.0000	test_episode_limit_mean:   1.0000	test_generate_cost_reward_mean:-32.1169
test_grid_purchase_cost_mean:308075.8695	test_mean_soc_mean:        0.3143	test_return_mean:        -308.5158	test_return_std:          26.5721
test_soc_reserve_reward_mean:-17.2972	test_soc_violation_mean:  41.9449	test_total_power_loss_mean:14203.4382	total_power_loss_mean:   14100.6085
train/battery_action_clip:247.5947	train/battery_punishment_reward:-1237.9735	train/battle_won:          1.0000	train/bess_cost_reward:  -163.0111
train/buy_cost_reward:   -306216.5784	train/ep_length:          24.0000	train/episode:           519.0000	train/episode_limit:       1.0000
train/generate_cost_reward:-37.0416	train/grid_purchase_cost:306216.5784	train/mean_soc:            0.3148	train/return_mean:       -306.7026
train/return_std:         29.9642	train/soc_reserve_reward:-17.3130	train/soc_violation:      47.0059	train/t_env:             14880.0000
train/total_power_loss:  14100.6085	
[INFO 21:19:12] root t_env: 16320 / 300000
[INFO 21:19:12] root Estimated time left: 1 hours, 40 minutes, 30 seconds. Time passed: 2 minutes, 31 seconds
[INFO 21:19:19] root Recent Stats | t_env:      16488 | Episode:      552
battery_action_clip_mean:248.0716	battery_punishment_reward_mean:-1240.3581	battle_won_mean:           1.0000	bess_cost_reward_mean:   -167.0157
buffer/episodes:         642.0000	buy_cost_reward_mean:    -308297.1737	ep_length_mean:           24.0000	episode_limit_mean:        1.0000
eval/best_reward:        -306.7819	eval/best_win_rate:        1.0000	eval/ea_reward:          -308.0175	eval/ea_win_rate:          1.0000
eval/rl_reward:          -312.3883	eval/rl_win_rate:          1.0000	generate_cost_reward_mean:-38.2486	grid_purchase_cost_mean: 308297.1737
mean_soc_mean:             0.3003	return_mean:             -308.7860	return_std:               30.3197	soc_reserve_reward_mean: -17.8253
soc_violation_mean:       47.0899	test/battery_action_clip:234.0177	test/battery_punishment_reward:-1170.0885	test/battle_won:           1.0000
test/bess_cost_reward:   -163.2057	test/buy_cost_reward:    -312564.2326	test/ep_length:           24.0000	test/episode_limit:        1.0000
test/generate_cost_reward:-33.4273	test/grid_purchase_cost: 312564.2326	test/mean_soc:             0.3143	test/return_mean:        -313.0264
test/return_std:          29.3923	test/soc_reserve_reward: -17.3536	test/soc_violation:       44.4278	test/total_power_loss:   14385.9054
test_battery_action_clip_mean:234.0177	test_battery_punishment_reward_mean:-1170.0885	test_battle_won_mean:      1.0000	test_bess_cost_reward_mean:-163.2057
test_buy_cost_reward_mean:-312564.2326	test_ep_length_mean:      24.0000	test_episode_limit_mean:   1.0000	test_generate_cost_reward_mean:-33.4273
test_grid_purchase_cost_mean:312564.2326	test_mean_soc_mean:        0.3143	test_return_mean:        -313.0264	test_return_std:          29.3923
test_soc_reserve_reward_mean:-17.3536	test_soc_violation_mean:  44.4278	test_total_power_loss_mean:14385.9054	total_power_loss_mean:   14183.6970
train/battery_action_clip:248.0716	train/battery_punishment_reward:-1240.3581	train/battle_won:          1.0000	train/bess_cost_reward:  -167.0157
train/buy_cost_reward:   -308297.1737	train/ep_length:          24.0000	train/episode:           530.0000	train/episode_limit:       1.0000
train/generate_cost_reward:-38.2486	train/grid_purchase_cost:308297.1737	train/mean_soc:            0.3003	train/return_mean:       -308.7860
train/return_std:         30.3197	train/soc_reserve_reward:-17.8253	train/soc_violation:      47.0899	train/t_env:             15408.0000
train/total_power_loss:  14183.6970	
[INFO 21:19:28] root Recent Stats | t_env:      16992 | Episode:      563
battery_action_clip_mean:249.8426	battery_punishment_reward_mean:-1249.2129	battle_won_mean:           1.0000	bess_cost_reward_mean:   -167.7418
buffer/episodes:         664.0000	buy_cost_reward_mean:    -308409.6221	ep_length_mean:           24.0000	episode_limit_mean:        1.0000
eval/best_reward:        -306.7819	eval/best_win_rate:        1.0000	eval/ea_reward:          -308.0175	eval/ea_win_rate:          1.0000
eval/rl_reward:          -312.3883	eval/rl_win_rate:          1.0000	generate_cost_reward_mean:-41.5356	grid_purchase_cost_mean: 308409.6221
mean_soc_mean:             0.2979	return_mean:             -308.9028	return_std:               30.8859	soc_reserve_reward_mean: -17.8978
soc_violation_mean:       47.4221	test/battery_action_clip:234.0177	test/battery_punishment_reward:-1170.0885	test/battle_won:           1.0000
test/bess_cost_reward:   -163.2057	test/buy_cost_reward:    -312564.2326	test/ep_length:           24.0000	test/episode_limit:        1.0000
test/generate_cost_reward:-33.4273	test/grid_purchase_cost: 312564.2326	test/mean_soc:             0.3143	test/return_mean:        -313.0264
test/return_std:          29.3923	test/soc_reserve_reward: -17.3536	test/soc_violation:       44.4278	test/total_power_loss:   14385.9054
test_battery_action_clip_mean:234.0177	test_battery_punishment_reward_mean:-1170.0885	test_battle_won_mean:      1.0000	test_bess_cost_reward_mean:-163.2057
test_buy_cost_reward_mean:-312564.2326	test_ep_length_mean:      24.0000	test_episode_limit_mean:   1.0000	test_generate_cost_reward_mean:-33.4273
test_grid_purchase_cost_mean:312564.2326	test_mean_soc_mean:        0.3143	test_return_mean:        -313.0264	test_return_std:          29.3923
test_soc_reserve_reward_mean:-17.3536	test_soc_violation_mean:  44.4278	test_total_power_loss_mean:14385.9054	total_power_loss_mean:   14194.7123
train/battery_action_clip:249.8426	train/battery_punishment_reward:-1249.2129	train/battle_won:          1.0000	train/bess_cost_reward:  -167.7418
train/buy_cost_reward:   -308409.6221	train/ep_length:          24.0000	train/episode:           541.0000	train/episode_limit:       1.0000
train/generate_cost_reward:-41.5356	train/grid_purchase_cost:308409.6221	train/mean_soc:            0.2979	train/return_mean:       -308.9028
train/return_std:         30.8859	train/soc_reserve_reward:-17.8978	train/soc_violation:      47.4221	train/t_env:             15936.0000
train/total_power_loss:  14194.7123	
[INFO 21:19:36] root Recent Stats | t_env:      17496 | Episode:      574
battery_action_clip_mean:259.0913	battery_punishment_reward_mean:-1295.4563	battle_won_mean:           1.0000	bess_cost_reward_mean:   -162.7893
buffer/episodes:         686.0000	buy_cost_reward_mean:    -308925.8691	ep_length_mean:           24.0000	episode_limit_mean:        1.0000
eval/best_reward:        -306.7819	eval/best_win_rate:        1.0000	eval/ea_reward:          -308.0175	eval/ea_win_rate:          1.0000
eval/rl_reward:          -312.3883	eval/rl_win_rate:          1.0000	generate_cost_reward_mean:-40.8171	grid_purchase_cost_mean: 308925.8691
mean_soc_mean:             0.3161	return_mean:             -309.4324	return_std:               32.9249	soc_reserve_reward_mean: -17.2606
soc_violation_mean:       49.1772	test/battery_action_clip:234.0177	test/battery_punishment_reward:-1170.0885	test/battle_won:           1.0000
test/bess_cost_reward:   -163.2057	test/buy_cost_reward:    -312564.2326	test/ep_length:           24.0000	test/episode_limit:        1.0000
test/generate_cost_reward:-33.4273	test/grid_purchase_cost: 312564.2326	test/mean_soc:             0.3143	test/return_mean:        -313.0264
test/return_std:          29.3923	test/soc_reserve_reward: -17.3536	test/soc_violation:       44.4278	test/total_power_loss:   14385.9054
test_battery_action_clip_mean:234.0177	test_battery_punishment_reward_mean:-1170.0885	test_battle_won_mean:      1.0000	test_bess_cost_reward_mean:-163.2057
test_buy_cost_reward_mean:-312564.2326	test_ep_length_mean:      24.0000	test_episode_limit_mean:   1.0000	test_generate_cost_reward_mean:-33.4273
test_grid_purchase_cost_mean:312564.2326	test_mean_soc_mean:        0.3143	test_return_mean:        -313.0264	test_return_std:          29.3923
test_soc_reserve_reward_mean:-17.3536	test_soc_violation_mean:  44.4278	test_total_power_loss_mean:14385.9054	total_power_loss_mean:   14213.6034
train/battery_action_clip:259.0913	train/battery_punishment_reward:-1295.4563	train/battle_won:          1.0000	train/bess_cost_reward:  -162.7893
train/buy_cost_reward:   -308925.8691	train/ep_length:          24.0000	train/episode:           552.0000	train/episode_limit:       1.0000
train/generate_cost_reward:-40.8171	train/grid_purchase_cost:308925.8691	train/mean_soc:            0.3161	train/return_mean:       -309.4324
train/return_std:         32.9249	train/soc_reserve_reward:-17.2606	train/soc_violation:      49.1772	train/t_env:             16464.0000
train/total_power_loss:  14213.6034	
[INFO 21:19:46] root Recent Stats | t_env:      18000 | Episode:      585
battery_action_clip_mean:264.5371	battery_punishment_reward_mean:-1322.6857	battle_won_mean:           1.0000	bess_cost_reward_mean:   -160.0323
buffer/episodes:         708.0000	buy_cost_reward_mean:    -306083.0178	ep_length_mean:           24.0000	episode_limit_mean:        1.0000
eval/best_reward:        -306.7819	eval/best_win_rate:        1.0000	eval/ea_reward:          -308.0175	eval/ea_win_rate:          1.0000
eval/rl_reward:          -312.3883	eval/rl_win_rate:          1.0000	generate_cost_reward_mean:-39.7195	grid_purchase_cost_mean: 306083.0178
mean_soc_mean:             0.3262	return_mean:             -306.5972	return_std:               34.1488	soc_reserve_reward_mean: -16.9083
soc_violation_mean:       50.2118	test/battery_action_clip:234.0177	test/battery_punishment_reward:-1170.0885	test/battle_won:           1.0000
test/bess_cost_reward:   -163.2057	test/buy_cost_reward:    -312564.2326	test/ep_length:           24.0000	test/episode_limit:        1.0000
test/generate_cost_reward:-33.4273	test/grid_purchase_cost: 312564.2326	test/mean_soc:             0.3143	test/return_mean:        -313.0264
test/return_std:          29.3923	test/soc_reserve_reward: -17.3536	test/soc_violation:       44.4278	test/total_power_loss:   14385.9054
test_battery_action_clip_mean:234.0177	test_battery_punishment_reward_mean:-1170.0885	test_battle_won_mean:      1.0000	test_bess_cost_reward_mean:-163.2057
test_buy_cost_reward_mean:-312564.2326	test_ep_length_mean:      24.0000	test_episode_limit_mean:   1.0000	test_generate_cost_reward_mean:-33.4273
test_grid_purchase_cost_mean:312564.2326	test_mean_soc_mean:        0.3143	test_return_mean:        -313.0264	test_return_std:          29.3923
test_soc_reserve_reward_mean:-17.3536	test_soc_violation_mean:  44.4278	test_total_power_loss_mean:14385.9054	total_power_loss_mean:   14092.2439
train/battery_action_clip:264.5371	train/battery_punishment_reward:-1322.6857	train/battle_won:          1.0000	train/bess_cost_reward:  -160.0323
train/buy_cost_reward:   -306083.0178	train/ep_length:          24.0000	train/episode:           563.0000	train/episode_limit:       1.0000
train/generate_cost_reward:-39.7195	train/grid_purchase_cost:306083.0178	train/mean_soc:            0.3262	train/return_mean:       -306.5972
train/return_std:         34.1488	train/soc_reserve_reward:-16.9083	train/soc_violation:      50.2118	train/t_env:             16992.0000
train/total_power_loss:  14092.2439	
[INFO 21:19:56] root t_env: 18384 / 300000
[INFO 21:19:56] root Estimated time left: 1 hours, 39 minutes, 27 seconds. Time passed: 3 minutes, 15 seconds
[INFO 21:20:03] root Recent Stats | t_env:      18624 | Episode:      596
battery_action_clip_mean:251.1576	battery_punishment_reward_mean:-1255.7882	battle_won_mean:           1.0000	bess_cost_reward_mean:   -165.0012
buffer/episodes:         730.0000	buy_cost_reward_mean:    -305998.1719	ep_length_mean:           24.0000	episode_limit_mean:        1.0000
eval/best_reward:        -306.8298	eval/best_win_rate:        1.0000	eval/ea_reward:          -308.0654	eval/ea_win_rate:          1.0000
eval/rl_reward:          -312.7129	eval/rl_win_rate:          1.0000	generate_cost_reward_mean:-39.6967	grid_purchase_cost_mean: 305998.1719
mean_soc_mean:             0.3079	return_mean:             -306.4919	return_std:               34.1950	soc_reserve_reward_mean: -17.5271
soc_violation_mean:       47.6696	test/battery_action_clip:275.5506	test/battery_punishment_reward:-1377.7529	test/battle_won:           1.0000
test/bess_cost_reward:   -143.2241	test/buy_cost_reward:    -309594.2698	test/ep_length:           24.0000	test/episode_limit:        1.0000
test/generate_cost_reward:-29.7843	test/grid_purchase_cost: 309594.2698	test/mean_soc:             0.3876	test/return_mean:        -310.1168
test/return_std:          31.5498	test/soc_reserve_reward: -14.7624	test/soc_violation:       52.3103	test/total_power_loss:   14258.7863
test_battery_action_clip_mean:275.5506	test_battery_punishment_reward_mean:-1377.7529	test_battle_won_mean:      1.0000	test_bess_cost_reward_mean:-143.2241
test_buy_cost_reward_mean:-309594.2698	test_ep_length_mean:      24.0000	test_episode_limit_mean:   1.0000	test_generate_cost_reward_mean:-29.7843
test_grid_purchase_cost_mean:309594.2698	test_mean_soc_mean:        0.3876	test_return_mean:        -310.1168	test_return_std:          31.5498
test_soc_reserve_reward_mean:-14.7624	test_soc_violation_mean:  52.3103	test_total_power_loss_mean:14258.7863	total_power_loss_mean:   14079.2084
train/battery_action_clip:251.1576	train/battery_punishment_reward:-1255.7882	train/battle_won:          1.0000	train/bess_cost_reward:  -165.0012
train/buy_cost_reward:   -305998.1719	train/ep_length:          24.0000	train/episode:           574.0000	train/episode_limit:       1.0000
train/generate_cost_reward:-39.6967	train/grid_purchase_cost:305998.1719	train/mean_soc:            0.3079	train/return_mean:       -306.4919
train/return_std:         34.1950	train/soc_reserve_reward:-17.5271	train/soc_violation:      47.6696	train/t_env:             17520.0000
train/total_power_loss:  14079.2084	
[INFO 21:20:11] root Recent Stats | t_env:      19128 | Episode:      607
battery_action_clip_mean:243.8960	battery_punishment_reward_mean:-1219.4800	battle_won_mean:           1.0000	bess_cost_reward_mean:   -163.7610
buffer/episodes:         752.0000	buy_cost_reward_mean:    -307505.8572	ep_length_mean:           24.0000	episode_limit_mean:        1.0000
eval/best_reward:        -306.8298	eval/best_win_rate:        1.0000	eval/ea_reward:          -308.0654	eval/ea_win_rate:          1.0000
eval/rl_reward:          -312.7129	eval/rl_win_rate:          1.0000	generate_cost_reward_mean:-38.0559	grid_purchase_cost_mean: 307505.8572
mean_soc_mean:             0.3119	return_mean:             -307.9864	return_std:               36.2852	soc_reserve_reward_mean: -17.3336
soc_violation_mean:       46.3006	test/battery_action_clip:275.5506	test/battery_punishment_reward:-1377.7529	test/battle_won:           1.0000
test/bess_cost_reward:   -143.2241	test/buy_cost_reward:    -309594.2698	test/ep_length:           24.0000	test/episode_limit:        1.0000
test/generate_cost_reward:-29.7843	test/grid_purchase_cost: 309594.2698	test/mean_soc:             0.3876	test/return_mean:        -310.1168
test/return_std:          31.5498	test/soc_reserve_reward: -14.7624	test/soc_violation:       52.3103	test/total_power_loss:   14258.7863
test_battery_action_clip_mean:275.5506	test_battery_punishment_reward_mean:-1377.7529	test_battle_won_mean:      1.0000	test_bess_cost_reward_mean:-143.2241
test_buy_cost_reward_mean:-309594.2698	test_ep_length_mean:      24.0000	test_episode_limit_mean:   1.0000	test_generate_cost_reward_mean:-29.7843
test_grid_purchase_cost_mean:309594.2698	test_mean_soc_mean:        0.3876	test_return_mean:        -310.1168	test_return_std:          31.5498
test_soc_reserve_reward_mean:-14.7624	test_soc_violation_mean:  52.3103	test_total_power_loss_mean:14258.7863	total_power_loss_mean:   14141.2957
train/battery_action_clip:243.8960	train/battery_punishment_reward:-1219.4800	train/battle_won:          1.0000	train/bess_cost_reward:  -163.7610
train/buy_cost_reward:   -307505.8572	train/ep_length:          24.0000	train/episode:           585.0000	train/episode_limit:       1.0000
train/generate_cost_reward:-38.0559	train/grid_purchase_cost:307505.8572	train/mean_soc:            0.3119	train/return_mean:       -307.9864
train/return_std:         36.2852	train/soc_reserve_reward:-17.3336	train/soc_violation:      46.3006	train/t_env:             18048.0000
train/total_power_loss:  14141.2957	
[INFO 21:20:21] root Recent Stats | t_env:      19632 | Episode:      618
battery_action_clip_mean:244.9258	battery_punishment_reward_mean:-1224.6291	battle_won_mean:           1.0000	bess_cost_reward_mean:   -158.7608
buffer/episodes:         774.0000	buy_cost_reward_mean:    -306847.5154	ep_length_mean:           24.0000	episode_limit_mean:        1.0000
eval/best_reward:        -306.8298	eval/best_win_rate:        1.0000	eval/ea_reward:          -308.0654	eval/ea_win_rate:          1.0000
eval/rl_reward:          -312.7129	eval/rl_win_rate:          1.0000	generate_cost_reward_mean:-33.6326	grid_purchase_cost_mean: 306847.5154
mean_soc_mean:             0.3302	return_mean:             -307.3263	return_std:               36.2985	soc_reserve_reward_mean: -16.7115
soc_violation_mean:       46.4971	test/battery_action_clip:275.5506	test/battery_punishment_reward:-1377.7529	test/battle_won:           1.0000
test/bess_cost_reward:   -143.2241	test/buy_cost_reward:    -309594.2698	test/ep_length:           24.0000	test/episode_limit:        1.0000
test/generate_cost_reward:-29.7843	test/grid_purchase_cost: 309594.2698	test/mean_soc:             0.3876	test/return_mean:        -310.1168
test/return_std:          31.5498	test/soc_reserve_reward: -14.7624	test/soc_violation:       52.3103	test/total_power_loss:   14258.7863
test_battery_action_clip_mean:275.5506	test_battery_punishment_reward_mean:-1377.7529	test_battle_won_mean:      1.0000	test_bess_cost_reward_mean:-143.2241
test_buy_cost_reward_mean:-309594.2698	test_ep_length_mean:      24.0000	test_episode_limit_mean:   1.0000	test_generate_cost_reward_mean:-29.7843
test_grid_purchase_cost_mean:309594.2698	test_mean_soc_mean:        0.3876	test_return_mean:        -310.1168	test_return_std:          31.5498
test_soc_reserve_reward_mean:-14.7624	test_soc_violation_mean:  52.3103	test_total_power_loss_mean:14258.7863	total_power_loss_mean:   14125.0863
train/battery_action_clip:244.9258	train/battery_punishment_reward:-1224.6291	train/battle_won:          1.0000	train/bess_cost_reward:  -158.7608
train/buy_cost_reward:   -306847.5154	train/ep_length:          24.0000	train/episode:           596.0000	train/episode_limit:       1.0000
train/generate_cost_reward:-33.6326	train/grid_purchase_cost:306847.5154	train/mean_soc:            0.3302	train/return_mean:       -307.3263
train/return_std:         36.2985	train/soc_reserve_reward:-16.7115	train/soc_violation:      46.4971	train/t_env:             18576.0000
train/total_power_loss:  14125.0863	
[INFO 21:20:31] root Saving models to results\models\facmac_smac__2026-06-15_21-16-36\20064
[INFO 21:20:31] root Recent Stats | t_env:      20136 | Episode:      629
battery_action_clip_mean:244.1153	battery_punishment_reward_mean:-1220.5765	battle_won_mean:           1.0000	bess_cost_reward_mean:   -158.6822
buffer/episodes:         796.0000	buy_cost_reward_mean:    -308647.5190	ep_length_mean:           24.0000	episode_limit_mean:        1.0000
eval/best_reward:        -306.8298	eval/best_win_rate:        1.0000	eval/ea_reward:          -308.0654	eval/ea_win_rate:          1.0000
eval/rl_reward:          -312.7129	eval/rl_win_rate:          1.0000	generate_cost_reward_mean:-32.2416	grid_purchase_cost_mean: 308647.5190
mean_soc_mean:             0.3306	return_mean:             -309.1244	return_std:               33.8386	soc_reserve_reward_mean: -16.6940
soc_violation_mean:       46.3406	test/battery_action_clip:275.5506	test/battery_punishment_reward:-1377.7529	test/battle_won:           1.0000
test/bess_cost_reward:   -143.2241	test/buy_cost_reward:    -309594.2698	test/ep_length:           24.0000	test/episode_limit:        1.0000
test/generate_cost_reward:-29.7843	test/grid_purchase_cost: 309594.2698	test/mean_soc:             0.3876	test/return_mean:        -310.1168
test/return_std:          31.5498	test/soc_reserve_reward: -14.7624	test/soc_violation:       52.3103	test/total_power_loss:   14258.7863
test_battery_action_clip_mean:275.5506	test_battery_punishment_reward_mean:-1377.7529	test_battle_won_mean:      1.0000	test_bess_cost_reward_mean:-143.2241
test_buy_cost_reward_mean:-309594.2698	test_ep_length_mean:      24.0000	test_episode_limit_mean:   1.0000	test_generate_cost_reward_mean:-29.7843
test_grid_purchase_cost_mean:309594.2698	test_mean_soc_mean:        0.3876	test_return_mean:        -310.1168	test_return_std:          31.5498
test_soc_reserve_reward_mean:-14.7624	test_soc_violation_mean:  52.3103	test_total_power_loss_mean:14258.7863	total_power_loss_mean:   14194.1187
train/battery_action_clip:244.1153	train/battery_punishment_reward:-1220.5765	train/battle_won:          1.0000	train/bess_cost_reward:  -158.6822
train/buy_cost_reward:   -308647.5190	train/ep_length:          24.0000	train/episode:           607.0000	train/episode_limit:       1.0000
train/generate_cost_reward:-32.2416	train/grid_purchase_cost:308647.5190	train/mean_soc:            0.3306	train/return_mean:       -309.1244
train/return_std:         33.8386	train/soc_reserve_reward:-16.6940	train/soc_violation:      46.3406	train/t_env:             19104.0000
train/total_power_loss:  14194.1187	
[INFO 21:20:36] root t_env: 20400 / 300000
[INFO 21:20:36] root Estimated time left: 1 hours, 33 minutes, 47 seconds. Time passed: 3 minutes, 55 seconds
[INFO 21:20:42] root Recent Stats | t_env:      20640 | Episode:      640
battery_action_clip_mean:244.3458	battery_punishment_reward_mean:-1221.7292	battle_won_mean:           1.0000	bess_cost_reward_mean:   -159.6703
buffer/episodes:         818.0000	buy_cost_reward_mean:    -309790.7088	ep_length_mean:           24.0000	episode_limit_mean:        1.0000
eval/best_reward:        -308.6054	eval/best_win_rate:        1.0000	eval/ea_reward:          -309.8410	eval/ea_win_rate:          1.0000
eval/rl_reward:          -314.2257	eval/rl_win_rate:          1.0000	generate_cost_reward_mean:-36.1501	grid_purchase_cost_mean: 309790.7088
mean_soc_mean:             0.3272	return_mean:             -310.2698	return_std:               34.1025	soc_reserve_reward_mean: -16.8214
soc_violation_mean:       46.3795	test/battery_action_clip:256.3504	test/battery_punishment_reward:-1281.7522	test/battle_won:           1.0000
test/bess_cost_reward:   -174.2533	test/buy_cost_reward:    -312977.6143	test/ep_length:           24.0000	test/episode_limit:        1.0000
test/generate_cost_reward:-32.8539	test/grid_purchase_cost: 312977.6143	test/mean_soc:             0.2741	test/return_mean:        -313.4810
test/return_std:          30.0041	test/soc_reserve_reward: -18.8922	test/soc_violation:       48.6758	test/total_power_loss:   14393.1933
test_battery_action_clip_mean:256.3504	test_battery_punishment_reward_mean:-1281.7522	test_battle_won_mean:      1.0000	test_bess_cost_reward_mean:-174.2533
test_buy_cost_reward_mean:-312977.6143	test_ep_length_mean:      24.0000	test_episode_limit_mean:   1.0000	test_generate_cost_reward_mean:-32.8539
test_grid_purchase_cost_mean:312977.6143	test_mean_soc_mean:        0.2741	test_return_mean:        -313.4810	test_return_std:          30.0041
test_soc_reserve_reward_mean:-18.8922	test_soc_violation_mean:  48.6758	test_total_power_loss_mean:14393.1933	total_power_loss_mean:   14252.3893
train/battery_action_clip:244.3458	train/battery_punishment_reward:-1221.7292	train/battle_won:          1.0000	train/bess_cost_reward:  -159.6703
train/buy_cost_reward:   -309790.7088	train/ep_length:          24.0000	train/episode:           618.0000	train/episode_limit:       1.0000
train/generate_cost_reward:-36.1501	train/grid_purchase_cost:309790.7088	train/mean_soc:            0.3272	train/return_mean:       -310.2698
train/return_std:         34.1025	train/soc_reserve_reward:-16.8214	train/soc_violation:      46.3795	train/t_env:             19632.0000
train/total_power_loss:  14252.3893	
[INFO 21:20:55] root Recent Stats | t_env:      21264 | Episode:      651
battery_action_clip_mean:270.2347	battery_punishment_reward_mean:-1351.1737	battle_won_mean:           1.0000	bess_cost_reward_mean:   -146.1440
buffer/episodes:         840.0000	buy_cost_reward_mean:    -311723.2093	ep_length_mean:           24.0000	episode_limit_mean:        1.0000
eval/best_reward:        -308.6054	eval/best_win_rate:        1.0000	eval/ea_reward:          -309.8410	eval/ea_win_rate:          1.0000
eval/rl_reward:          -314.2257	eval/rl_win_rate:          1.0000	generate_cost_reward_mean:-40.4267	grid_purchase_cost_mean: 311723.2093
mean_soc_mean:             0.3780	return_mean:             -312.2419	return_std:               32.1797	soc_reserve_reward_mean: -15.0915
soc_violation_mean:       51.2851	test/battery_action_clip:256.3504	test/battery_punishment_reward:-1281.7522	test/battle_won:           1.0000
test/bess_cost_reward:   -174.2533	test/buy_cost_reward:    -312977.6143	test/ep_length:           24.0000	test/episode_limit:        1.0000
test/generate_cost_reward:-32.8539	test/grid_purchase_cost: 312977.6143	test/mean_soc:             0.2741	test/return_mean:        -313.4810
test/return_std:          30.0041	test/soc_reserve_reward: -18.8922	test/soc_violation:       48.6758	test/total_power_loss:   14393.1933
test_battery_action_clip_mean:256.3504	test_battery_punishment_reward_mean:-1281.7522	test_battle_won_mean:      1.0000	test_bess_cost_reward_mean:-174.2533
test_buy_cost_reward_mean:-312977.6143	test_ep_length_mean:      24.0000	test_episode_limit_mean:   1.0000	test_generate_cost_reward_mean:-32.8539
test_grid_purchase_cost_mean:312977.6143	test_mean_soc_mean:        0.2741	test_return_mean:        -313.4810	test_return_std:          30.0041
test_soc_reserve_reward_mean:-18.8922	test_soc_violation_mean:  48.6758	test_total_power_loss_mean:14393.1933	total_power_loss_mean:   14353.6211
train/battery_action_clip:270.2347	train/battery_punishment_reward:-1351.1737	train/battle_won:          1.0000	train/bess_cost_reward:  -146.1440
train/buy_cost_reward:   -311723.2093	train/ep_length:          24.0000	train/episode:           629.0000	train/episode_limit:       1.0000
train/generate_cost_reward:-40.4267	train/grid_purchase_cost:311723.2093	train/mean_soc:            0.3780	train/return_mean:       -312.2419
train/return_std:         32.1797	train/soc_reserve_reward:-15.0915	train/soc_violation:      51.2851	train/t_env:             20160.0000
train/total_power_loss:  14353.6211	
[INFO 21:21:06] root Recent Stats | t_env:      21768 | Episode:      662
battery_action_clip_mean:270.1011	battery_punishment_reward_mean:-1350.5053	battle_won_mean:           1.0000	bess_cost_reward_mean:   -147.0931
buffer/episodes:         862.0000	buy_cost_reward_mean:    -311387.1989	ep_length_mean:           24.0000	episode_limit_mean:        1.0000
eval/best_reward:        -308.6054	eval/best_win_rate:        1.0000	eval/ea_reward:          -309.8410	eval/ea_win_rate:          1.0000
eval/rl_reward:          -314.2257	eval/rl_win_rate:          1.0000	generate_cost_reward_mean:-40.9428	grid_purchase_cost_mean: 311387.1989
mean_soc_mean:             0.3746	return_mean:             -311.9062	return_std:               32.8599	soc_reserve_reward_mean: -15.2088
soc_violation_mean:       51.2583	test/battery_action_clip:256.3504	test/battery_punishment_reward:-1281.7522	test/battle_won:           1.0000
test/bess_cost_reward:   -174.2533	test/buy_cost_reward:    -312977.6143	test/ep_length:           24.0000	test/episode_limit:        1.0000
test/generate_cost_reward:-32.8539	test/grid_purchase_cost: 312977.6143	test/mean_soc:             0.2741	test/return_mean:        -313.4810
test/return_std:          30.0041	test/soc_reserve_reward: -18.8922	test/soc_violation:       48.6758	test/total_power_loss:   14393.1933
test_battery_action_clip_mean:256.3504	test_battery_punishment_reward_mean:-1281.7522	test_battle_won_mean:      1.0000	test_bess_cost_reward_mean:-174.2533
test_buy_cost_reward_mean:-312977.6143	test_ep_length_mean:      24.0000	test_episode_limit_mean:   1.0000	test_generate_cost_reward_mean:-32.8539
test_grid_purchase_cost_mean:312977.6143	test_mean_soc_mean:        0.2741	test_return_mean:        -313.4810	test_return_std:          30.0041
test_soc_reserve_reward_mean:-18.8922	test_soc_violation_mean:  48.6758	test_total_power_loss_mean:14393.1933	total_power_loss_mean:   14335.3817
train/battery_action_clip:270.1011	train/battery_punishment_reward:-1350.5053	train/battle_won:          1.0000	train/bess_cost_reward:  -147.0931
train/buy_cost_reward:   -311387.1989	train/ep_length:          24.0000	train/episode:           640.0000	train/episode_limit:       1.0000
train/generate_cost_reward:-40.9428	train/grid_purchase_cost:311387.1989	train/mean_soc:            0.3746	train/return_mean:       -311.9062
train/return_std:         32.8599	train/soc_reserve_reward:-15.2088	train/soc_violation:      51.2583	train/t_env:             20688.0000
train/total_power_loss:  14335.3817	
[INFO 21:21:15] root Recent Stats | t_env:      22272 | Episode:      673
battery_action_clip_mean:264.5901	battery_punishment_reward_mean:-1322.9505	battle_won_mean:           1.0000	bess_cost_reward_mean:   -153.2340
buffer/episodes:         884.0000	buy_cost_reward_mean:    -311347.3511	ep_length_mean:           24.0000	episode_limit_mean:        1.0000
eval/best_reward:        -308.6054	eval/best_win_rate:        1.0000	eval/ea_reward:          -309.8410	eval/ea_win_rate:          1.0000
eval/rl_reward:          -314.2257	eval/rl_win_rate:          1.0000	generate_cost_reward_mean:-42.7853	grid_purchase_cost_mean: 311347.3511
mean_soc_mean:             0.3520	return_mean:             -311.8601	return_std:               35.0338	soc_reserve_reward_mean: -16.0177
soc_violation_mean:       50.2153	test/battery_action_clip:256.3504	test/battery_punishment_reward:-1281.7522	test/battle_won:           1.0000
test/bess_cost_reward:   -174.2533	test/buy_cost_reward:    -312977.6143	test/ep_length:           24.0000	test/episode_limit:        1.0000
test/generate_cost_reward:-32.8539	test/grid_purchase_cost: 312977.6143	test/mean_soc:             0.2741	test/return_mean:        -313.4810
test/return_std:          30.0041	test/soc_reserve_reward: -18.8922	test/soc_violation:       48.6758	test/total_power_loss:   14393.1933
test_battery_action_clip_mean:256.3504	test_battery_punishment_reward_mean:-1281.7522	test_battle_won_mean:      1.0000	test_bess_cost_reward_mean:-174.2533
test_buy_cost_reward_mean:-312977.6143	test_ep_length_mean:      24.0000	test_episode_limit_mean:   1.0000	test_generate_cost_reward_mean:-32.8539
test_grid_purchase_cost_mean:312977.6143	test_mean_soc_mean:        0.2741	test_return_mean:        -313.4810	test_return_std:          30.0041
test_soc_reserve_reward_mean:-18.8922	test_soc_violation_mean:  48.6758	test_total_power_loss_mean:14393.1933	total_power_loss_mean:   14348.0796
train/battery_action_clip:264.5901	train/battery_punishment_reward:-1322.9505	train/battle_won:          1.0000	train/bess_cost_reward:  -153.2340
train/buy_cost_reward:   -311347.3511	train/ep_length:          24.0000	train/episode:           651.0000	train/episode_limit:       1.0000
train/generate_cost_reward:-42.7853	train/grid_purchase_cost:311347.3511	train/mean_soc:            0.3520	train/return_mean:       -311.8601
train/return_std:         35.0338	train/soc_reserve_reward:-16.0177	train/soc_violation:      50.2153	train/t_env:             21216.0000
train/total_power_loss:  14348.0796	
[INFO 21:21:20] root t_env: 22464 / 300000
[INFO 21:21:20] root Estimated time left: 1 hours, 37 minutes, 15 seconds. Time passed: 4 minutes, 39 seconds
[INFO 21:21:26] root Recent Stats | t_env:      22776 | Episode:      684
battery_action_clip_mean:250.9348	battery_punishment_reward_mean:-1254.6738	battle_won_mean:           1.0000	bess_cost_reward_mean:   -157.6490
buffer/episodes:         906.0000	buy_cost_reward_mean:    -312785.6056	ep_length_mean:           24.0000	episode_limit_mean:        1.0000
eval/best_reward:        -311.1736	eval/best_win_rate:        1.0000	eval/ea_reward:          -312.4092	eval/ea_win_rate:          1.0000
eval/rl_reward:          -314.6981	eval/rl_win_rate:          1.0000	generate_cost_reward_mean:-40.4316	grid_purchase_cost_mean: 312785.6056
mean_soc_mean:             0.3353	return_mean:             -313.2764	return_std:               34.2625	soc_reserve_reward_mean: -16.5465
soc_violation_mean:       47.6263	test/battery_action_clip:202.2486	test/battery_punishment_reward:-1011.2430	test/battle_won:           1.0000
test/bess_cost_reward:   -180.8965	test/buy_cost_reward:    -312093.7410	test/ep_length:           24.0000	test/episode_limit:        1.0000
test/generate_cost_reward:-32.2765	test/grid_purchase_cost: 312093.7410	test/mean_soc:             0.2488	test/return_mean:        -312.5092
test/return_std:          28.9659	test/soc_reserve_reward: -19.5690	test/soc_violation:       38.4037	test/total_power_loss:   14367.5459
test_battery_action_clip_mean:202.2486	test_battery_punishment_reward_mean:-1011.2430	test_battle_won_mean:      1.0000	test_bess_cost_reward_mean:-180.8965
test_buy_cost_reward_mean:-312093.7410	test_ep_length_mean:      24.0000	test_episode_limit_mean:   1.0000	test_generate_cost_reward_mean:-32.2765
test_grid_purchase_cost_mean:312093.7410	test_mean_soc_mean:        0.2488	test_return_mean:        -312.5092	test_return_std:          28.9659
test_soc_reserve_reward_mean:-19.5690	test_soc_violation_mean:  38.4037	test_total_power_loss_mean:14367.5459	total_power_loss_mean:   14398.6312
train/battery_action_clip:250.9348	train/battery_punishment_reward:-1254.6738	train/battle_won:          1.0000	train/bess_cost_reward:  -157.6490
train/buy_cost_reward:   -312785.6056	train/ep_length:          24.0000	train/episode:           662.0000	train/episode_limit:       1.0000
train/generate_cost_reward:-40.4316	train/grid_purchase_cost:312785.6056	train/mean_soc:            0.3353	train/return_mean:       -313.2764
train/return_std:         34.2625	train/soc_reserve_reward:-16.5465	train/soc_violation:      47.6263	train/t_env:             21744.0000
train/total_power_loss:  14398.6312	
[INFO 21:21:35] root Recent Stats | t_env:      23280 | Episode:      695
battery_action_clip_mean:238.2785	battery_punishment_reward_mean:-1191.3927	battle_won_mean:           1.0000	bess_cost_reward_mean:   -165.3094
buffer/episodes:         928.0000	buy_cost_reward_mean:    -313024.0215	ep_length_mean:           24.0000	episode_limit_mean:        1.0000
eval/best_reward:        -311.1736	eval/best_win_rate:        1.0000	eval/ea_reward:          -312.4092	eval/ea_win_rate:          1.0000
eval/rl_reward:          -314.6981	eval/rl_win_rate:          1.0000	generate_cost_reward_mean:-39.9437	grid_purchase_cost_mean: 313024.0215
mean_soc_mean:             0.3069	return_mean:             -313.4965	return_std:               33.2094	soc_reserve_reward_mean: -17.5329
soc_violation_mean:       45.2270	test/battery_action_clip:202.2486	test/battery_punishment_reward:-1011.2430	test/battle_won:           1.0000
test/bess_cost_reward:   -180.8965	test/buy_cost_reward:    -312093.7410	test/ep_length:           24.0000	test/episode_limit:        1.0000
test/generate_cost_reward:-32.2765	test/grid_purchase_cost: 312093.7410	test/mean_soc:             0.2488	test/return_mean:        -312.5092
test/return_std:          28.9659	test/soc_reserve_reward: -19.5690	test/soc_violation:       38.4037	test/total_power_loss:   14367.5459
test_battery_action_clip_mean:202.2486	test_battery_punishment_reward_mean:-1011.2430	test_battle_won_mean:      1.0000	test_bess_cost_reward_mean:-180.8965
test_buy_cost_reward_mean:-312093.7410	test_ep_length_mean:      24.0000	test_episode_limit_mean:   1.0000	test_generate_cost_reward_mean:-32.2765
test_grid_purchase_cost_mean:312093.7410	test_mean_soc_mean:        0.2488	test_return_mean:        -312.5092	test_return_std:          28.9659
test_soc_reserve_reward_mean:-19.5690	test_soc_violation_mean:  38.4037	test_total_power_loss_mean:14367.5459	total_power_loss_mean:   14404.7493
train/battery_action_clip:238.2785	train/battery_punishment_reward:-1191.3927	train/battle_won:          1.0000	train/bess_cost_reward:  -165.3094
train/buy_cost_reward:   -313024.0215	train/ep_length:          24.0000	train/episode:           673.0000	train/episode_limit:       1.0000
train/generate_cost_reward:-39.9437	train/grid_purchase_cost:313024.0215	train/mean_soc:            0.3069	train/return_mean:       -313.4965
train/return_std:         33.2094	train/soc_reserve_reward:-17.5329	train/soc_violation:      45.2270	train/t_env:             22272.0000
train/total_power_loss:  14404.7493	
[INFO 21:21:49] root Recent Stats | t_env:      23904 | Episode:      706
battery_action_clip_mean:230.5605	battery_punishment_reward_mean:-1152.8026	battle_won_mean:           1.0000	bess_cost_reward_mean:   -170.3023
buffer/episodes:         950.0000	buy_cost_reward_mean:    -311423.6650	ep_length_mean:           24.0000	episode_limit_mean:        1.0000
eval/best_reward:        -311.1736	eval/best_win_rate:        1.0000	eval/ea_reward:          -312.4092	eval/ea_win_rate:          1.0000
eval/rl_reward:          -314.6981	eval/rl_win_rate:          1.0000	generate_cost_reward_mean:-39.9491	grid_purchase_cost_mean: 311423.6650
mean_soc_mean:             0.2883	return_mean:             -311.8851	return_std:               34.7429	soc_reserve_reward_mean: -18.1873
soc_violation_mean:       43.7636	test/battery_action_clip:202.2486	test/battery_punishment_reward:-1011.2430	test/battle_won:           1.0000
test/bess_cost_reward:   -180.8965	test/buy_cost_reward:    -312093.7410	test/ep_length:           24.0000	test/episode_limit:        1.0000
test/generate_cost_reward:-32.2765	test/grid_purchase_cost: 312093.7410	test/mean_soc:             0.2488	test/return_mean:        -312.5092
test/return_std:          28.9659	test/soc_reserve_reward: -19.5690	test/soc_violation:       38.4037	test/total_power_loss:   14367.5459
test_battery_action_clip_mean:202.2486	test_battery_punishment_reward_mean:-1011.2430	test_battle_won_mean:      1.0000	test_bess_cost_reward_mean:-180.8965
test_buy_cost_reward_mean:-312093.7410	test_ep_length_mean:      24.0000	test_episode_limit_mean:   1.0000	test_generate_cost_reward_mean:-32.2765
test_grid_purchase_cost_mean:312093.7410	test_mean_soc_mean:        0.2488	test_return_mean:        -312.5092	test_return_std:          28.9659
test_soc_reserve_reward_mean:-19.5690	test_soc_violation_mean:  38.4037	test_total_power_loss_mean:14367.5459	total_power_loss_mean:   14338.1851
train/battery_action_clip:230.5605	train/battery_punishment_reward:-1152.8026	train/battle_won:          1.0000	train/bess_cost_reward:  -170.3023
train/buy_cost_reward:   -311423.6650	train/ep_length:          24.0000	train/episode:           684.0000	train/episode_limit:       1.0000
train/generate_cost_reward:-39.9491	train/grid_purchase_cost:311423.6650	train/mean_soc:            0.2883	train/return_mean:       -311.8851
train/return_std:         34.7429	train/soc_reserve_reward:-18.1873	train/soc_violation:      43.7636	train/t_env:             22800.0000
train/total_power_loss:  14338.1851	
[INFO 21:21:57] root Recent Stats | t_env:      24408 | Episode:      717
battery_action_clip_mean:225.3110	battery_punishment_reward_mean:-1126.5551	battle_won_mean:           1.0000	bess_cost_reward_mean:   -175.4011
buffer/episodes:         972.0000	buy_cost_reward_mean:    -314140.1785	ep_length_mean:           24.0000	episode_limit_mean:        1.0000
eval/best_reward:        -311.1736	eval/best_win_rate:        1.0000	eval/ea_reward:          -312.4092	eval/ea_win_rate:          1.0000
eval/rl_reward:          -314.6981	eval/rl_win_rate:          1.0000	generate_cost_reward_mean:-42.5462	grid_purchase_cost_mean: 314140.1785
mean_soc_mean:             0.2703	return_mean:             -314.5957	return_std:               33.2236	soc_reserve_reward_mean: -18.8042
soc_violation_mean:       42.7499	test/battery_action_clip:202.2486	test/battery_punishment_reward:-1011.2430	test/battle_won:           1.0000
test/bess_cost_reward:   -180.8965	test/buy_cost_reward:    -312093.7410	test/ep_length:           24.0000	test/episode_limit:        1.0000
test/generate_cost_reward:-32.2765	test/grid_purchase_cost: 312093.7410	test/mean_soc:             0.2488	test/return_mean:        -312.5092
test/return_std:          28.9659	test/soc_reserve_reward: -19.5690	test/soc_violation:       38.4037	test/total_power_loss:   14367.5459
test_battery_action_clip_mean:202.2486	test_battery_punishment_reward_mean:-1011.2430	test_battle_won_mean:      1.0000	test_bess_cost_reward_mean:-180.8965
test_buy_cost_reward_mean:-312093.7410	test_ep_length_mean:      24.0000	test_episode_limit_mean:   1.0000	test_generate_cost_reward_mean:-32.2765
test_grid_purchase_cost_mean:312093.7410	test_mean_soc_mean:        0.2488	test_return_mean:        -312.5092	test_return_std:          28.9659
test_soc_reserve_reward_mean:-19.5690	test_soc_violation_mean:  38.4037	test_total_power_loss_mean:14367.5459	total_power_loss_mean:   14441.7496
train/battery_action_clip:225.3110	train/battery_punishment_reward:-1126.5551	train/battle_won:          1.0000	train/bess_cost_reward:  -175.4011
train/buy_cost_reward:   -314140.1785	train/ep_length:          24.0000	train/episode:           695.0000	train/episode_limit:       1.0000
train/generate_cost_reward:-42.5462	train/grid_purchase_cost:314140.1785	train/mean_soc:            0.2703	train/return_mean:       -314.5957
train/return_std:         33.2236	train/soc_reserve_reward:-18.8042	train/soc_violation:      42.7499	train/t_env:             23328.0000
train/total_power_loss:  14441.7496	
[INFO 21:21:57] root t_env: 24480 / 300000
[INFO 21:21:57] root Estimated time left: 1 hours, 25 minutes, 37 seconds. Time passed: 5 minutes, 16 seconds
[INFO 21:22:10] root Recent Stats | t_env:      24912 | Episode:      728
battery_action_clip_mean:224.3802	battery_punishment_reward_mean:-1121.9011	battle_won_mean:           1.0000	bess_cost_reward_mean:   -174.3236
buffer/episodes:         994.0000	buy_cost_reward_mean:    -314559.4684	ep_length_mean:           24.0000	episode_limit_mean:        1.0000
eval/best_reward:        -310.6592	eval/best_win_rate:        1.0000	eval/ea_reward:          -312.5305	eval/ea_win_rate:          1.0000
eval/rl_reward:          -314.1838	eval/rl_win_rate:          1.0000	generate_cost_reward_mean:-43.0824	grid_purchase_cost_mean: 314559.4684
mean_soc_mean:             0.2744	return_mean:             -315.0133	return_std:               33.0829	soc_reserve_reward_mean: -18.6609
soc_violation_mean:       42.5722	test/battery_action_clip:225.3967	test/battery_punishment_reward:-1126.9833	test/battle_won:           1.0000
test/bess_cost_reward:   -180.8823	test/buy_cost_reward:    -311015.3919	test/ep_length:           24.0000	test/episode_limit:        1.0000
test/generate_cost_reward:-26.2953	test/grid_purchase_cost: 311015.3919	test/mean_soc:             0.2488	test/return_mean:        -311.4673
test/return_std:          29.3971	test/soc_reserve_reward: -19.5700	test/soc_violation:       42.8023	test/total_power_loss:   14314.5329
test_battery_action_clip_mean:225.3967	test_battery_punishment_reward_mean:-1126.9833	test_battle_won_mean:      1.0000	test_bess_cost_reward_mean:-180.8823
test_buy_cost_reward_mean:-311015.3919	test_ep_length_mean:      24.0000	test_episode_limit_mean:   1.0000	test_generate_cost_reward_mean:-26.2953
test_grid_purchase_cost_mean:311015.3919	test_mean_soc_mean:        0.2488	test_return_mean:        -311.4673	test_return_std:          29.3971
test_soc_reserve_reward_mean:-19.5700	test_soc_violation_mean:  42.8023	test_total_power_loss_mean:14314.5329	total_power_loss_mean:   14456.2257
train/battery_action_clip:224.3802	train/battery_punishment_reward:-1121.9011	train/battle_won:          1.0000	train/bess_cost_reward:  -174.3236
train/buy_cost_reward:   -314559.4684	train/ep_length:          24.0000	train/episode:           706.0000	train/episode_limit:       1.0000
train/generate_cost_reward:-43.0824	train/grid_purchase_cost:314559.4684	train/mean_soc:            0.2744	train/return_mean:       -315.0133
train/return_std:         33.0829	train/soc_reserve_reward:-18.6609	train/soc_violation:      42.5722	train/t_env:             23856.0000
train/total_power_loss:  14456.2257	
[INFO 21:22:20] root Recent Stats | t_env:      25416 | Episode:      739
battery_action_clip_mean:228.9028	battery_punishment_reward_mean:-1144.5141	battle_won_mean:           1.0000	bess_cost_reward_mean:   -175.6953
buffer/episodes:         1016.0000	buy_cost_reward_mean:    -313630.5147	ep_length_mean:           24.0000	episode_limit_mean:        1.0000
eval/best_reward:        -310.6592	eval/best_win_rate:        1.0000	eval/ea_reward:          -312.5305	eval/ea_win_rate:          1.0000
eval/rl_reward:          -314.1838	eval/rl_win_rate:          1.0000	generate_cost_reward_mean:-42.9149	grid_purchase_cost_mean: 313630.5147
mean_soc_mean:             0.2694	return_mean:             -314.0923	return_std:               34.5460	soc_reserve_reward_mean: -18.8959
soc_violation_mean:       43.4338	test/battery_action_clip:225.3967	test/battery_punishment_reward:-1126.9833	test/battle_won:           1.0000
test/bess_cost_reward:   -180.8823	test/buy_cost_reward:    -311015.3919	test/ep_length:           24.0000	test/episode_limit:        1.0000
test/generate_cost_reward:-26.2953	test/grid_purchase_cost: 311015.3919	test/mean_soc:             0.2488	test/return_mean:        -311.4673
test/return_std:          29.3971	test/soc_reserve_reward: -19.5700	test/soc_violation:       42.8023	test/total_power_loss:   14314.5329
test_battery_action_clip_mean:225.3967	test_battery_punishment_reward_mean:-1126.9833	test_battle_won_mean:      1.0000	test_bess_cost_reward_mean:-180.8823
test_buy_cost_reward_mean:-311015.3919	test_ep_length_mean:      24.0000	test_episode_limit_mean:   1.0000	test_generate_cost_reward_mean:-26.2953
test_grid_purchase_cost_mean:311015.3919	test_mean_soc_mean:        0.2488	test_return_mean:        -311.4673	test_return_std:          29.3971
test_soc_reserve_reward_mean:-19.5700	test_soc_violation_mean:  42.8023	test_total_power_loss_mean:14314.5329	total_power_loss_mean:   14427.0446
train/battery_action_clip:228.9028	train/battery_punishment_reward:-1144.5141	train/battle_won:          1.0000	train/bess_cost_reward:  -175.6953
train/buy_cost_reward:   -313630.5147	train/ep_length:          24.0000	train/episode:           717.0000	train/episode_limit:       1.0000
train/generate_cost_reward:-42.9149	train/grid_purchase_cost:313630.5147	train/mean_soc:            0.2694	train/return_mean:       -314.0923
train/return_std:         34.5460	train/soc_reserve_reward:-18.8959	train/soc_violation:      43.4338	train/t_env:             24384.0000
train/total_power_loss:  14427.0446	
[INFO 21:22:29] root Recent Stats | t_env:      25920 | Episode:      750
battery_action_clip_mean:223.6203	battery_punishment_reward_mean:-1118.1014	battle_won_mean:           1.0000	bess_cost_reward_mean:   -172.6871
buffer/episodes:         1038.0000	buy_cost_reward_mean:    -314267.0043	ep_length_mean:           24.0000	episode_limit_mean:        1.0000
eval/best_reward:        -310.6592	eval/best_win_rate:        1.0000	eval/ea_reward:          -312.5305	eval/ea_win_rate:          1.0000
eval/rl_reward:          -314.1838	eval/rl_win_rate:          1.0000	generate_cost_reward_mean:-40.0198	grid_purchase_cost_mean: 314267.0043
mean_soc_mean:             0.2803	return_mean:             -314.7178	return_std:               36.3368	soc_reserve_reward_mean: -18.4285
soc_violation_mean:       42.4289	test/battery_action_clip:225.3967	test/battery_punishment_reward:-1126.9833	test/battle_won:           1.0000
test/bess_cost_reward:   -180.8823	test/buy_cost_reward:    -311015.3919	test/ep_length:           24.0000	test/episode_limit:        1.0000
test/generate_cost_reward:-26.2953	test/grid_purchase_cost: 311015.3919	test/mean_soc:             0.2488	test/return_mean:        -311.4673
test/return_std:          29.3971	test/soc_reserve_reward: -19.5700	test/soc_violation:       42.8023	test/total_power_loss:   14314.5329
test_battery_action_clip_mean:225.3967	test_battery_punishment_reward_mean:-1126.9833	test_battle_won_mean:      1.0000	test_bess_cost_reward_mean:-180.8823
test_buy_cost_reward_mean:-311015.3919	test_ep_length_mean:      24.0000	test_episode_limit_mean:   1.0000	test_generate_cost_reward_mean:-26.2953
test_grid_purchase_cost_mean:311015.3919	test_mean_soc_mean:        0.2488	test_return_mean:        -311.4673	test_return_std:          29.3971
test_soc_reserve_reward_mean:-19.5700	test_soc_violation_mean:  42.8023	test_total_power_loss_mean:14314.5329	total_power_loss_mean:   14451.7579
train/battery_action_clip:223.6203	train/battery_punishment_reward:-1118.1014	train/battle_won:          1.0000	train/bess_cost_reward:  -172.6871
train/buy_cost_reward:   -314267.0043	train/ep_length:          24.0000	train/episode:           728.0000	train/episode_limit:       1.0000
train/generate_cost_reward:-40.0198	train/grid_purchase_cost:314267.0043	train/mean_soc:            0.2803	train/return_mean:       -314.7178
train/return_std:         36.3368	train/soc_reserve_reward:-18.4285	train/soc_violation:      42.4289	train/t_env:             24912.0000
train/total_power_loss:  14451.7579	
[INFO 21:22:44] root t_env: 26544 / 300000
[INFO 21:22:44] root Estimated time left: 1 hours, 43 minutes, 28 seconds. Time passed: 6 minutes, 3 seconds
[INFO 21:22:46] root Recent Stats | t_env:      26544 | Episode:      761
battery_action_clip_mean:226.1064	battery_punishment_reward_mean:-1130.5321	battle_won_mean:           1.0000	bess_cost_reward_mean:   -171.8569
buffer/episodes:         1060.0000	buy_cost_reward_mean:    -314274.3529	ep_length_mean:           24.0000	episode_limit_mean:        1.0000
eval/best_reward:        -310.4704	eval/best_win_rate:        1.0000	eval/ea_reward:          -312.6240	eval/ea_win_rate:          1.0000
eval/rl_reward:          -311.7881	eval/rl_win_rate:          1.0000	generate_cost_reward_mean:-38.3872	grid_purchase_cost_mean: 314274.3529
mean_soc_mean:             0.2832	return_mean:             -314.7284	return_std:               35.6661	soc_reserve_reward_mean: -18.3380
soc_violation_mean:       42.9062	test/battery_action_clip:267.6346	test/battery_punishment_reward:-1338.1729	test/battle_won:           1.0000
test/bess_cost_reward:   -194.0672	test/buy_cost_reward:    -311932.9594	test/ep_length:           24.0000	test/episode_limit:        1.0000
test/generate_cost_reward:-39.6829	test/grid_purchase_cost: 311932.9594	test/mean_soc:             0.2014	test/return_mean:        -312.4651
test/return_std:          30.5374	test/soc_reserve_reward: -21.4930	test/soc_violation:       50.8248	test/total_power_loss:   14328.8047
test_battery_action_clip_mean:267.6346	test_battery_punishment_reward_mean:-1338.1729	test_battle_won_mean:      1.0000	test_bess_cost_reward_mean:-194.0672
test_buy_cost_reward_mean:-311932.9594	test_ep_length_mean:      24.0000	test_episode_limit_mean:   1.0000	test_generate_cost_reward_mean:-39.6829
test_grid_purchase_cost_mean:311932.9594	test_mean_soc_mean:        0.2014	test_return_mean:        -312.4651	test_return_std:          30.5374
test_soc_reserve_reward_mean:-21.4930	test_soc_violation_mean:  50.8248	test_total_power_loss_mean:14328.8047	total_power_loss_mean:   14446.9930
train/battery_action_clip:226.1064	train/battery_punishment_reward:-1130.5321	train/battle_won:          1.0000	train/bess_cost_reward:  -171.8569
train/buy_cost_reward:   -314274.3529	train/ep_length:          24.0000	train/episode:           739.0000	train/episode_limit:       1.0000
train/generate_cost_reward:-38.3872	train/grid_purchase_cost:314274.3529	train/mean_soc:            0.2832	train/return_mean:       -314.7284
train/return_std:         35.6661	train/soc_reserve_reward:-18.3380	train/soc_violation:      42.9062	train/t_env:             25440.0000
train/total_power_loss:  14446.9930	
[INFO 21:22:55] root Recent Stats | t_env:      27048 | Episode:      772
battery_action_clip_mean:227.2561	battery_punishment_reward_mean:-1136.2807	battle_won_mean:           1.0000	bess_cost_reward_mean:   -171.4344
buffer/episodes:         1082.0000	buy_cost_reward_mean:    -315119.3294	ep_length_mean:           24.0000	episode_limit_mean:        1.0000
eval/best_reward:        -310.4704	eval/best_win_rate:        1.0000	eval/ea_reward:          -312.6240	eval/ea_win_rate:          1.0000
eval/rl_reward:          -311.7881	eval/rl_win_rate:          1.0000	generate_cost_reward_mean:-38.6381	grid_purchase_cost_mean: 315119.3294
mean_soc_mean:             0.2838	return_mean:             -315.5752	return_std:               37.0855	soc_reserve_reward_mean: -18.3410
soc_violation_mean:       43.1453	test/battery_action_clip:267.6346	test/battery_punishment_reward:-1338.1729	test/battle_won:           1.0000
test/bess_cost_reward:   -194.0672	test/buy_cost_reward:    -311932.9594	test/ep_length:           24.0000	test/episode_limit:        1.0000
test/generate_cost_reward:-39.6829	test/grid_purchase_cost: 311932.9594	test/mean_soc:             0.2014	test/return_mean:        -312.4651
test/return_std:          30.5374	test/soc_reserve_reward: -21.4930	test/soc_violation:       50.8248	test/total_power_loss:   14328.8047
test_battery_action_clip_mean:267.6346	test_battery_punishment_reward_mean:-1338.1729	test_battle_won_mean:      1.0000	test_bess_cost_reward_mean:-194.0672
test_buy_cost_reward_mean:-311932.9594	test_ep_length_mean:      24.0000	test_episode_limit_mean:   1.0000	test_generate_cost_reward_mean:-39.6829
test_grid_purchase_cost_mean:311932.9594	test_mean_soc_mean:        0.2014	test_return_mean:        -312.4651	test_return_std:          30.5374
test_soc_reserve_reward_mean:-21.4930	test_soc_violation_mean:  50.8248	test_total_power_loss_mean:14328.8047	total_power_loss_mean:   14489.8761
train/battery_action_clip:227.2561	train/battery_punishment_reward:-1136.2807	train/battle_won:          1.0000	train/bess_cost_reward:  -171.4344
train/buy_cost_reward:   -315119.3294	train/ep_length:          24.0000	train/episode:           750.0000	train/episode_limit:       1.0000
train/generate_cost_reward:-38.6381	train/grid_purchase_cost:315119.3294	train/mean_soc:            0.2838	train/return_mean:       -315.5752
train/return_std:         37.0855	train/soc_reserve_reward:-18.3410	train/soc_violation:      43.1453	train/t_env:             25968.0000
train/total_power_loss:  14489.8761	
[INFO 21:23:05] root Recent Stats | t_env:      27552 | Episode:      783
battery_action_clip_mean:230.1273	battery_punishment_reward_mean:-1150.6367	battle_won_mean:           1.0000	bess_cost_reward_mean:   -169.5918
buffer/episodes:         1104.0000	buy_cost_reward_mean:    -310733.3008	ep_length_mean:           24.0000	episode_limit_mean:        1.0000
eval/best_reward:        -310.4704	eval/best_win_rate:        1.0000	eval/ea_reward:          -312.6240	eval/ea_win_rate:          1.0000
eval/rl_reward:          -311.7881	eval/rl_win_rate:          1.0000	generate_cost_reward_mean:-38.1493	grid_purchase_cost_mean: 310733.3008
mean_soc_mean:             0.2907	return_mean:             -311.1931	return_std:               36.7818	soc_reserve_reward_mean: -18.0484
soc_violation_mean:       43.6792	test/battery_action_clip:267.6346	test/battery_punishment_reward:-1338.1729	test/battle_won:           1.0000
test/bess_cost_reward:   -194.0672	test/buy_cost_reward:    -311932.9594	test/ep_length:           24.0000	test/episode_limit:        1.0000
test/generate_cost_reward:-39.6829	test/grid_purchase_cost: 311932.9594	test/mean_soc:             0.2014	test/return_mean:        -312.4651
test/return_std:          30.5374	test/soc_reserve_reward: -21.4930	test/soc_violation:       50.8248	test/total_power_loss:   14328.8047
test_battery_action_clip_mean:267.6346	test_battery_punishment_reward_mean:-1338.1729	test_battle_won_mean:      1.0000	test_bess_cost_reward_mean:-194.0672
test_buy_cost_reward_mean:-311932.9594	test_ep_length_mean:      24.0000	test_episode_limit_mean:   1.0000	test_generate_cost_reward_mean:-39.6829
test_grid_purchase_cost_mean:311932.9594	test_mean_soc_mean:        0.2014	test_return_mean:        -312.4651	test_return_std:          30.5374
test_soc_reserve_reward_mean:-21.4930	test_soc_violation_mean:  50.8248	test_total_power_loss_mean:14328.8047	total_power_loss_mean:   14302.1629
train/battery_action_clip:230.1273	train/battery_punishment_reward:-1150.6367	train/battle_won:          1.0000	train/bess_cost_reward:  -169.5918
train/buy_cost_reward:   -310733.3008	train/ep_length:          24.0000	train/episode:           761.0000	train/episode_limit:       1.0000
train/generate_cost_reward:-38.1493	train/grid_purchase_cost:310733.3008	train/mean_soc:            0.2907	train/return_mean:       -311.1931
train/return_std:         36.7818	train/soc_reserve_reward:-18.0484	train/soc_violation:      43.6792	train/t_env:             26496.0000
train/total_power_loss:  14302.1629	
[INFO 21:23:14] root Recent Stats | t_env:      28056 | Episode:      794
battery_action_clip_mean:224.1751	battery_punishment_reward_mean:-1120.8755	battle_won_mean:           1.0000	bess_cost_reward_mean:   -167.6198
buffer/episodes:         1126.0000	buy_cost_reward_mean:    -310480.9376	ep_length_mean:           24.0000	episode_limit_mean:        1.0000
eval/best_reward:        -310.4704	eval/best_win_rate:        1.0000	eval/ea_reward:          -312.6240	eval/ea_win_rate:          1.0000
eval/rl_reward:          -311.7881	eval/rl_win_rate:          1.0000	generate_cost_reward_mean:-37.6520	grid_purchase_cost_mean: 310480.9376
mean_soc_mean:             0.2979	return_mean:             -310.9299	return_std:               34.7986	soc_reserve_reward_mean: -17.7874
soc_violation_mean:       42.5489	test/battery_action_clip:267.6346	test/battery_punishment_reward:-1338.1729	test/battle_won:           1.0000
test/bess_cost_reward:   -194.0672	test/buy_cost_reward:    -311932.9594	test/ep_length:           24.0000	test/episode_limit:        1.0000
test/generate_cost_reward:-39.6829	test/grid_purchase_cost: 311932.9594	test/mean_soc:             0.2014	test/return_mean:        -312.4651
test/return_std:          30.5374	test/soc_reserve_reward: -21.4930	test/soc_violation:       50.8248	test/total_power_loss:   14328.8047
test_battery_action_clip_mean:267.6346	test_battery_punishment_reward_mean:-1338.1729	test_battle_won_mean:      1.0000	test_bess_cost_reward_mean:-194.0672
test_buy_cost_reward_mean:-311932.9594	test_ep_length_mean:      24.0000	test_episode_limit_mean:   1.0000	test_generate_cost_reward_mean:-39.6829
test_grid_purchase_cost_mean:311932.9594	test_mean_soc_mean:        0.2014	test_return_mean:        -312.4651	test_return_std:          30.5374
test_soc_reserve_reward_mean:-21.4930	test_soc_violation_mean:  50.8248	test_total_power_loss_mean:14328.8047	total_power_loss_mean:   14285.5966
train/battery_action_clip:224.1751	train/battery_punishment_reward:-1120.8755	train/battle_won:          1.0000	train/bess_cost_reward:  -167.6198
train/buy_cost_reward:   -310480.9376	train/ep_length:          24.0000	train/episode:           772.0000	train/episode_limit:       1.0000
train/generate_cost_reward:-37.6520	train/grid_purchase_cost:310480.9376	train/mean_soc:            0.2979	train/return_mean:       -310.9299
train/return_std:         34.7986	train/soc_reserve_reward:-17.7874	train/soc_violation:      42.5489	train/t_env:             27024.0000
train/total_power_loss:  14285.5966	
[INFO 21:23:23] root t_env: 28560 / 300000
[INFO 21:23:23] root Estimated time left: 1 hours, 27 minutes, 12 seconds. Time passed: 6 minutes, 42 seconds
[INFO 21:23:25] root Recent Stats | t_env:      28560 | Episode:      805
battery_action_clip_mean:222.8179	battery_punishment_reward_mean:-1114.0894	battle_won_mean:           1.0000	bess_cost_reward_mean:   -173.4501
buffer/episodes:         1148.0000	buy_cost_reward_mean:    -308131.3090	ep_length_mean:           24.0000	episode_limit_mean:        1.0000
eval/best_reward:        -310.8617	eval/best_win_rate:        1.0000	eval/ea_reward:          -313.5772	eval/ea_win_rate:          1.0000
eval/rl_reward:          -311.5596	eval/rl_win_rate:          1.0000	generate_cost_reward_mean:-37.9209	grid_purchase_cost_mean: 308131.3090
mean_soc_mean:             0.2762	return_mean:             -308.5803	return_std:               35.7938	soc_reserve_reward_mean: -18.4933
soc_violation_mean:       42.2937	test/battery_action_clip:222.9461	test/battery_punishment_reward:-1114.7304	test/battle_won:           1.0000
test/bess_cost_reward:   -193.9234	test/buy_cost_reward:    -310443.2893	test/ep_length:           24.0000	test/episode_limit:        1.0000
test/generate_cost_reward:-54.6049	test/grid_purchase_cost: 310443.2893	test/mean_soc:             0.2017	test/return_mean:        -310.9064
test/return_std:          30.2577	test/soc_reserve_reward: -21.4605	test/soc_violation:       42.3368	test/total_power_loss:   14285.9742
test_battery_action_clip_mean:222.9461	test_battery_punishment_reward_mean:-1114.7304	test_battle_won_mean:      1.0000	test_bess_cost_reward_mean:-193.9234
test_buy_cost_reward_mean:-310443.2893	test_ep_length_mean:      24.0000	test_episode_limit_mean:   1.0000	test_generate_cost_reward_mean:-54.6049
test_grid_purchase_cost_mean:310443.2893	test_mean_soc_mean:        0.2017	test_return_mean:        -310.9064	test_return_std:          30.2577
test_soc_reserve_reward_mean:-21.4605	test_soc_violation_mean:  42.3368	test_total_power_loss_mean:14285.9742	total_power_loss_mean:   14185.4785
train/battery_action_clip:222.8179	train/battery_punishment_reward:-1114.0894	train/battle_won:          1.0000	train/bess_cost_reward:  -173.4501
train/buy_cost_reward:   -308131.3090	train/ep_length:          24.0000	train/episode:           783.0000	train/episode_limit:       1.0000
train/generate_cost_reward:-37.9209	train/grid_purchase_cost:308131.3090	train/mean_soc:            0.2762	train/return_mean:       -308.5803
train/return_std:         35.7938	train/soc_reserve_reward:-18.4933	train/soc_violation:      42.2937	train/t_env:             27552.0000
train/total_power_loss:  14185.4785	
[INFO 21:23:39] root Recent Stats | t_env:      29184 | Episode:      816
battery_action_clip_mean:210.3245	battery_punishment_reward_mean:-1051.6224	battle_won_mean:           1.0000	bess_cost_reward_mean:   -173.6571
buffer/episodes:         1170.0000	buy_cost_reward_mean:    -309100.2687	ep_length_mean:           24.0000	episode_limit_mean:        1.0000
eval/best_reward:        -310.8617	eval/best_win_rate:        1.0000	eval/ea_reward:          -313.5772	eval/ea_win_rate:          1.0000
eval/rl_reward:          -311.5596	eval/rl_win_rate:          1.0000	generate_cost_reward_mean:-40.2596	grid_purchase_cost_mean: 309100.2687
mean_soc_mean:             0.2747	return_mean:             -309.5293	return_std:               36.1081	soc_reserve_reward_mean: -18.3617
soc_violation_mean:       39.9192	test/battery_action_clip:222.9461	test/battery_punishment_reward:-1114.7304	test/battle_won:           1.0000
test/bess_cost_reward:   -193.9234	test/buy_cost_reward:    -310443.2893	test/ep_length:           24.0000	test/episode_limit:        1.0000
test/generate_cost_reward:-54.6049	test/grid_purchase_cost: 310443.2893	test/mean_soc:             0.2017	test/return_mean:        -310.9064
test/return_std:          30.2577	test/soc_reserve_reward: -21.4605	test/soc_violation:       42.3368	test/total_power_loss:   14285.9742
test_battery_action_clip_mean:222.9461	test_battery_punishment_reward_mean:-1114.7304	test_battle_won_mean:      1.0000	test_bess_cost_reward_mean:-193.9234
test_buy_cost_reward_mean:-310443.2893	test_ep_length_mean:      24.0000	test_episode_limit_mean:   1.0000	test_generate_cost_reward_mean:-54.6049
test_grid_purchase_cost_mean:310443.2893	test_mean_soc_mean:        0.2017	test_return_mean:        -310.9064	test_return_std:          30.2577
test_soc_reserve_reward_mean:-21.4605	test_soc_violation_mean:  42.3368	test_total_power_loss_mean:14285.9742	total_power_loss_mean:   14221.8189
train/battery_action_clip:210.3245	train/battery_punishment_reward:-1051.6224	train/battle_won:          1.0000	train/bess_cost_reward:  -173.6571
train/buy_cost_reward:   -309100.2687	train/ep_length:          24.0000	train/episode:           794.0000	train/episode_limit:       1.0000
train/generate_cost_reward:-40.2596	train/grid_purchase_cost:309100.2687	train/mean_soc:            0.2747	train/return_mean:       -309.5293
train/return_std:         36.1081	train/soc_reserve_reward:-18.3617	train/soc_violation:      39.9192	train/t_env:             28080.0000
train/total_power_loss:  14221.8189	
[INFO 21:23:49] root Recent Stats | t_env:      29688 | Episode:      827
battery_action_clip_mean:205.4387	battery_punishment_reward_mean:-1027.1934	battle_won_mean:           1.0000	bess_cost_reward_mean:   -175.2622
buffer/episodes:         1192.0000	buy_cost_reward_mean:    -306051.8088	ep_length_mean:           24.0000	episode_limit_mean:        1.0000
eval/best_reward:        -310.8617	eval/best_win_rate:        1.0000	eval/ea_reward:          -313.5772	eval/ea_win_rate:          1.0000
eval/rl_reward:          -311.5596	eval/rl_win_rate:          1.0000	generate_cost_reward_mean:-40.3045	grid_purchase_cost_mean: 306051.8088
mean_soc_mean:             0.2687	return_mean:             -306.4733	return_std:               35.7378	soc_reserve_reward_mean: -18.5144
soc_violation_mean:       38.9909	test/battery_action_clip:222.9461	test/battery_punishment_reward:-1114.7304	test/battle_won:           1.0000
test/bess_cost_reward:   -193.9234	test/buy_cost_reward:    -310443.2893	test/ep_length:           24.0000	test/episode_limit:        1.0000
test/generate_cost_reward:-54.6049	test/grid_purchase_cost: 310443.2893	test/mean_soc:             0.2017	test/return_mean:        -310.9064
test/return_std:          30.2577	test/soc_reserve_reward: -21.4605	test/soc_violation:       42.3368	test/total_power_loss:   14285.9742
test_battery_action_clip_mean:222.9461	test_battery_punishment_reward_mean:-1114.7304	test_battle_won_mean:      1.0000	test_bess_cost_reward_mean:-193.9234
test_buy_cost_reward_mean:-310443.2893	test_ep_length_mean:      24.0000	test_episode_limit_mean:   1.0000	test_generate_cost_reward_mean:-54.6049
test_grid_purchase_cost_mean:310443.2893	test_mean_soc_mean:        0.2017	test_return_mean:        -310.9064	test_return_std:          30.2577
test_soc_reserve_reward_mean:-21.4605	test_soc_violation_mean:  42.3368	test_total_power_loss_mean:14285.9742	total_power_loss_mean:   14092.3986
train/battery_action_clip:205.4387	train/battery_punishment_reward:-1027.1934	train/battle_won:          1.0000	train/bess_cost_reward:  -175.2622
train/buy_cost_reward:   -306051.8088	train/ep_length:          24.0000	train/episode:           805.0000	train/episode_limit:       1.0000
train/generate_cost_reward:-40.3045	train/grid_purchase_cost:306051.8088	train/mean_soc:            0.2687	train/return_mean:       -306.4733
train/return_std:         35.7378	train/soc_reserve_reward:-18.5144	train/soc_violation:      38.9909	train/t_env:             28608.0000
train/total_power_loss:  14092.3986	
[INFO 21:23:59] root Saving models to results\models\facmac_smac__2026-06-15_21-16-36\30144
[INFO 21:23:59] root Recent Stats | t_env:      30192 | Episode:      838
battery_action_clip_mean:206.6439	battery_punishment_reward_mean:-1033.2195	battle_won_mean:           1.0000	bess_cost_reward_mean:   -177.7528
buffer/episodes:         1214.0000	buy_cost_reward_mean:    -308828.5703	ep_length_mean:           24.0000	episode_limit_mean:        1.0000
eval/best_reward:        -310.8617	eval/best_win_rate:        1.0000	eval/ea_reward:          -313.5772	eval/ea_win_rate:          1.0000
eval/rl_reward:          -311.5596	eval/rl_win_rate:          1.0000	generate_cost_reward_mean:-40.6313	grid_purchase_cost_mean: 308828.5703
mean_soc_mean:             0.2594	return_mean:             -309.2531	return_std:               38.3101	soc_reserve_reward_mean: -18.8875
soc_violation_mean:       39.2316	test/battery_action_clip:222.9461	test/battery_punishment_reward:-1114.7304	test/battle_won:           1.0000
test/bess_cost_reward:   -193.9234	test/buy_cost_reward:    -310443.2893	test/ep_length:           24.0000	test/episode_limit:        1.0000
test/generate_cost_reward:-54.6049	test/grid_purchase_cost: 310443.2893	test/mean_soc:             0.2017	test/return_mean:        -310.9064
test/return_std:          30.2577	test/soc_reserve_reward: -21.4605	test/soc_violation:       42.3368	test/total_power_loss:   14285.9742
test_battery_action_clip_mean:222.9461	test_battery_punishment_reward_mean:-1114.7304	test_battle_won_mean:      1.0000	test_bess_cost_reward_mean:-193.9234
test_buy_cost_reward_mean:-310443.2893	test_ep_length_mean:      24.0000	test_episode_limit_mean:   1.0000	test_generate_cost_reward_mean:-54.6049
test_grid_purchase_cost_mean:310443.2893	test_mean_soc_mean:        0.2017	test_return_mean:        -310.9064	test_return_std:          30.2577
test_soc_reserve_reward_mean:-21.4605	test_soc_violation_mean:  42.3368	test_total_power_loss_mean:14285.9742	total_power_loss_mean:   14210.6871
train/battery_action_clip:206.6439	train/battery_punishment_reward:-1033.2195	train/battle_won:          1.0000	train/bess_cost_reward:  -177.7528
train/buy_cost_reward:   -308828.5703	train/ep_length:          24.0000	train/episode:           816.0000	train/episode_limit:       1.0000
train/generate_cost_reward:-40.6313	train/grid_purchase_cost:308828.5703	train/mean_soc:            0.2594	train/return_mean:       -309.2531
train/return_std:         38.3101	train/soc_reserve_reward:-18.8875	train/soc_violation:      39.2316	train/t_env:             29136.0000
train/total_power_loss:  14210.6871	
[INFO 21:24:09] root t_env: 30624 / 300000
[INFO 21:24:09] root Estimated time left: 1 hours, 40 minutes, 35 seconds. Time passed: 7 minutes, 28 seconds
[INFO 21:24:11] root Recent Stats | t_env:      30696 | Episode:      849
battery_action_clip_mean:217.1329	battery_punishment_reward_mean:-1085.6644	battle_won_mean:           1.0000	bess_cost_reward_mean:   -178.8128
buffer/episodes:         1236.0000	buy_cost_reward_mean:    -308648.3495	ep_length_mean:           24.0000	episode_limit_mean:        1.0000
eval/best_reward:        -309.7206	eval/best_win_rate:        1.0000	eval/ea_reward:          -312.4360	eval/ea_win_rate:          1.0000
eval/rl_reward:          -312.5725	eval/rl_win_rate:          1.0000	generate_cost_reward_mean:-41.5312	grid_purchase_cost_mean: 308648.3495
mean_soc_mean:             0.2556	return_mean:             -309.0911	return_std:               39.3056	soc_reserve_reward_mean: -18.9782
soc_violation_mean:       41.2168	test/battery_action_clip:212.1955	test/battery_punishment_reward:-1060.9774	test/battle_won:           1.0000
test/bess_cost_reward:   -187.5776	test/buy_cost_reward:    -312534.2867	test/ep_length:           24.0000	test/episode_limit:        1.0000
test/generate_cost_reward:-50.0122	test/grid_purchase_cost: 312534.2867	test/mean_soc:             0.2265	test/return_mean:        -312.9753
test/return_std:          30.5719	test/soc_reserve_reward: -20.3651	test/soc_violation:       40.2470	test/total_power_loss:   14355.6187
test_battery_action_clip_mean:212.1955	test_battery_punishment_reward_mean:-1060.9774	test_battle_won_mean:      1.0000	test_bess_cost_reward_mean:-187.5776
test_buy_cost_reward_mean:-312534.2867	test_ep_length_mean:      24.0000	test_episode_limit_mean:   1.0000	test_generate_cost_reward_mean:-50.0122
test_grid_purchase_cost_mean:312534.2867	test_mean_soc_mean:        0.2265	test_return_mean:        -312.9753	test_return_std:          30.5719
test_soc_reserve_reward_mean:-20.3651	test_soc_violation_mean:  40.2470	test_total_power_loss_mean:14355.6187	total_power_loss_mean:   14200.7228
train/battery_action_clip:217.1329	train/battery_punishment_reward:-1085.6644	train/battle_won:          1.0000	train/bess_cost_reward:  -178.8128
train/buy_cost_reward:   -308648.3495	train/ep_length:          24.0000	train/episode:           827.0000	train/episode_limit:       1.0000
train/generate_cost_reward:-41.5312	train/grid_purchase_cost:308648.3495	train/mean_soc:            0.2556	train/return_mean:       -309.0911
train/return_std:         39.3056	train/soc_reserve_reward:-18.9782	train/soc_violation:      41.2168	train/t_env:             29664.0000
train/total_power_loss:  14200.7228	
[INFO 21:24:21] root Recent Stats | t_env:      31200 | Episode:      860
battery_action_clip_mean:232.0226	battery_punishment_reward_mean:-1160.1131	battle_won_mean:           1.0000	bess_cost_reward_mean:   -172.3364
buffer/episodes:         1258.0000	buy_cost_reward_mean:    -311473.4704	ep_length_mean:           24.0000	episode_limit_mean:        1.0000
eval/best_reward:        -309.7206	eval/best_win_rate:        1.0000	eval/ea_reward:          -312.4360	eval/ea_win_rate:          1.0000
eval/rl_reward:          -312.5725	eval/rl_win_rate:          1.0000	generate_cost_reward_mean:-42.3094	grid_purchase_cost_mean: 311473.4704
mean_soc_mean:             0.2799	return_mean:             -311.9389	return_std:               38.3631	soc_reserve_reward_mean: -18.2782
soc_violation_mean:       44.0417	test/battery_action_clip:212.1955	test/battery_punishment_reward:-1060.9774	test/battle_won:           1.0000
test/bess_cost_reward:   -187.5776	test/buy_cost_reward:    -312534.2867	test/ep_length:           24.0000	test/episode_limit:        1.0000
test/generate_cost_reward:-50.0122	test/grid_purchase_cost: 312534.2867	test/mean_soc:             0.2265	test/return_mean:        -312.9753
test/return_std:          30.5719	test/soc_reserve_reward: -20.3651	test/soc_violation:       40.2470	test/total_power_loss:   14355.6187
test_battery_action_clip_mean:212.1955	test_battery_punishment_reward_mean:-1060.9774	test_battle_won_mean:      1.0000	test_bess_cost_reward_mean:-187.5776
test_buy_cost_reward_mean:-312534.2867	test_ep_length_mean:      24.0000	test_episode_limit_mean:   1.0000	test_generate_cost_reward_mean:-50.0122
test_grid_purchase_cost_mean:312534.2867	test_mean_soc_mean:        0.2265	test_return_mean:        -312.9753	test_return_std:          30.5719
test_soc_reserve_reward_mean:-20.3651	test_soc_violation_mean:  40.2470	test_total_power_loss_mean:14355.6187	total_power_loss_mean:   14316.0100
train/battery_action_clip:232.0226	train/battery_punishment_reward:-1160.1131	train/battle_won:          1.0000	train/bess_cost_reward:  -172.3364
train/buy_cost_reward:   -311473.4704	train/ep_length:          24.0000	train/episode:           838.0000	train/episode_limit:       1.0000
train/generate_cost_reward:-42.3094	train/grid_purchase_cost:311473.4704	train/mean_soc:            0.2799	train/return_mean:       -311.9389
train/return_std:         38.3631	train/soc_reserve_reward:-18.2782	train/soc_violation:      44.0417	train/t_env:             30192.0000
train/total_power_loss:  14316.0100	
[INFO 21:24:34] root Recent Stats | t_env:      31824 | Episode:      871
battery_action_clip_mean:244.8698	battery_punishment_reward_mean:-1224.3488	battle_won_mean:           1.0000	bess_cost_reward_mean:   -167.8561
buffer/episodes:         1280.0000	buy_cost_reward_mean:    -312125.7601	ep_length_mean:           24.0000	episode_limit_mean:        1.0000
eval/best_reward:        -309.7206	eval/best_win_rate:        1.0000	eval/ea_reward:          -312.4360	eval/ea_win_rate:          1.0000
eval/rl_reward:          -312.5725	eval/rl_win_rate:          1.0000	generate_cost_reward_mean:-40.4115	grid_purchase_cost_mean: 312125.7601
mean_soc_mean:             0.2972	return_mean:             -312.6103	return_std:               39.6855	soc_reserve_reward_mean: -17.8388
soc_violation_mean:       46.4784	test/battery_action_clip:212.1955	test/battery_punishment_reward:-1060.9774	test/battle_won:           1.0000
test/bess_cost_reward:   -187.5776	test/buy_cost_reward:    -312534.2867	test/ep_length:           24.0000	test/episode_limit:        1.0000
test/generate_cost_reward:-50.0122	test/grid_purchase_cost: 312534.2867	test/mean_soc:             0.2265	test/return_mean:        -312.9753
test/return_std:          30.5719	test/soc_reserve_reward: -20.3651	test/soc_violation:       40.2470	test/total_power_loss:   14355.6187
test_battery_action_clip_mean:212.1955	test_battery_punishment_reward_mean:-1060.9774	test_battle_won_mean:      1.0000	test_bess_cost_reward_mean:-187.5776
test_buy_cost_reward_mean:-312534.2867	test_ep_length_mean:      24.0000	test_episode_limit_mean:   1.0000	test_generate_cost_reward_mean:-50.0122
test_grid_purchase_cost_mean:312534.2867	test_mean_soc_mean:        0.2265	test_return_mean:        -312.9753	test_return_std:          30.5719
test_soc_reserve_reward_mean:-20.3651	test_soc_violation_mean:  40.2470	test_total_power_loss_mean:14355.6187	total_power_loss_mean:   14348.5481
train/battery_action_clip:244.8698	train/battery_punishment_reward:-1224.3488	train/battle_won:          1.0000	train/bess_cost_reward:  -167.8561
train/buy_cost_reward:   -312125.7601	train/ep_length:          24.0000	train/episode:           849.0000	train/episode_limit:       1.0000
train/generate_cost_reward:-40.4115	train/grid_purchase_cost:312125.7601	train/mean_soc:            0.2972	train/return_mean:       -312.6103
train/return_std:         39.6855	train/soc_reserve_reward:-17.8388	train/soc_violation:      46.4784	train/t_env:             30720.0000
train/total_power_loss:  14348.5481	
[INFO 21:24:43] root Recent Stats | t_env:      32328 | Episode:      882
battery_action_clip_mean:232.4435	battery_punishment_reward_mean:-1162.2177	battle_won_mean:           1.0000	bess_cost_reward_mean:   -160.7887
buffer/episodes:         1302.0000	buy_cost_reward_mean:    -313667.3813	ep_length_mean:           24.0000	episode_limit_mean:        1.0000
eval/best_reward:        -309.7206	eval/best_win_rate:        1.0000	eval/ea_reward:          -312.4360	eval/ea_win_rate:          1.0000
eval/rl_reward:          -312.5725	eval/rl_win_rate:          1.0000	generate_cost_reward_mean:-39.4824	grid_purchase_cost_mean: 313667.3813
mean_soc_mean:             0.3227	return_mean:             -314.1282	return_std:               36.4171	soc_reserve_reward_mean: -16.8667
soc_violation_mean:       44.1192	test/battery_action_clip:212.1955	test/battery_punishment_reward:-1060.9774	test/battle_won:           1.0000
test/bess_cost_reward:   -187.5776	test/buy_cost_reward:    -312534.2867	test/ep_length:           24.0000	test/episode_limit:        1.0000
test/generate_cost_reward:-50.0122	test/grid_purchase_cost: 312534.2867	test/mean_soc:             0.2265	test/return_mean:        -312.9753
test/return_std:          30.5719	test/soc_reserve_reward: -20.3651	test/soc_violation:       40.2470	test/total_power_loss:   14355.6187
test_battery_action_clip_mean:212.1955	test_battery_punishment_reward_mean:-1060.9774	test_battle_won_mean:      1.0000	test_bess_cost_reward_mean:-187.5776
test_buy_cost_reward_mean:-312534.2867	test_ep_length_mean:      24.0000	test_episode_limit_mean:   1.0000	test_generate_cost_reward_mean:-50.0122
test_grid_purchase_cost_mean:312534.2867	test_mean_soc_mean:        0.2265	test_return_mean:        -312.9753	test_return_std:          30.5719
test_soc_reserve_reward_mean:-20.3651	test_soc_violation_mean:  40.2470	test_total_power_loss_mean:14355.6187	total_power_loss_mean:   14415.2432
train/battery_action_clip:232.4435	train/battery_punishment_reward:-1162.2177	train/battle_won:          1.0000	train/bess_cost_reward:  -160.7887
train/buy_cost_reward:   -313667.3813	train/ep_length:          24.0000	train/episode:           860.0000	train/episode_limit:       1.0000
train/generate_cost_reward:-39.4824	train/grid_purchase_cost:313667.3813	train/mean_soc:            0.3227	train/return_mean:       -314.1282
train/return_std:         36.4171	train/soc_reserve_reward:-16.8667	train/soc_violation:      44.1192	train/t_env:             31248.0000
train/total_power_loss:  14415.2432	
[INFO 21:24:47] root t_env: 32640 / 300000
[INFO 21:24:47] root Estimated time left: 1 hours, 24 minutes, 7 seconds. Time passed: 8 minutes, 6 seconds
[INFO 21:24:53] root Recent Stats | t_env:      32832 | Episode:      893
battery_action_clip_mean:223.9530	battery_punishment_reward_mean:-1119.7648	battle_won_mean:           1.0000	bess_cost_reward_mean:   -159.5407
buffer/episodes:         1324.0000	buy_cost_reward_mean:    -313369.3487	ep_length_mean:           24.0000	episode_limit_mean:        1.0000
eval/best_reward:        -307.8171	eval/best_win_rate:        1.0000	eval/ea_reward:          -310.5325	eval/ea_win_rate:          1.0000
eval/rl_reward:          -310.0341	eval/rl_win_rate:          1.0000	generate_cost_reward_mean:-39.0797	grid_purchase_cost_mean: 313369.3487
mean_soc_mean:             0.3273	return_mean:             -313.8154	return_std:               36.0279	soc_reserve_reward_mean: -16.7431
soc_violation_mean:       42.5108	test/battery_action_clip:190.1915	test/battery_punishment_reward:-950.9577	test/battle_won:           1.0000
test/bess_cost_reward:   -160.5018	test/buy_cost_reward:    -305251.3216	test/ep_length:           24.0000	test/episode_limit:        1.0000
test/generate_cost_reward:-42.1410	test/grid_purchase_cost: 305251.3216	test/mean_soc:             0.3233	test/return_mean:        -305.6425
test/return_std:          30.7637	test/soc_reserve_reward: -16.5187	test/soc_violation:       36.0688	test/total_power_loss:   14058.6446
test_battery_action_clip_mean:190.1915	test_battery_punishment_reward_mean:-950.9577	test_battle_won_mean:      1.0000	test_bess_cost_reward_mean:-160.5018
test_buy_cost_reward_mean:-305251.3216	test_ep_length_mean:      24.0000	test_episode_limit_mean:   1.0000	test_generate_cost_reward_mean:-42.1410
test_grid_purchase_cost_mean:305251.3216	test_mean_soc_mean:        0.3233	test_return_mean:        -305.6425	test_return_std:          30.7637
test_soc_reserve_reward_mean:-16.5187	test_soc_violation_mean:  36.0688	test_total_power_loss_mean:14058.6446	total_power_loss_mean:   14410.9823
train/battery_action_clip:223.9530	train/battery_punishment_reward:-1119.7648	train/battle_won:          1.0000	train/bess_cost_reward:  -159.5407
train/buy_cost_reward:   -313369.3487	train/ep_length:          24.0000	train/episode:           871.0000	train/episode_limit:       1.0000
train/generate_cost_reward:-39.0797	train/grid_purchase_cost:313369.3487	train/mean_soc:            0.3273	train/return_mean:       -313.8154
train/return_std:         36.0279	train/soc_reserve_reward:-16.7431	train/soc_violation:      42.5108	train/t_env:             31776.0000
train/total_power_loss:  14410.9823	
[INFO 21:25:03] root Recent Stats | t_env:      33336 | Episode:      904
battery_action_clip_mean:222.6128	battery_punishment_reward_mean:-1113.0642	battle_won_mean:           1.0000	bess_cost_reward_mean:   -160.7166
buffer/episodes:         1346.0000	buy_cost_reward_mean:    -310484.0866	ep_length_mean:           24.0000	episode_limit_mean:        1.0000
eval/best_reward:        -307.8171	eval/best_win_rate:        1.0000	eval/ea_reward:          -310.5325	eval/ea_win_rate:          1.0000
eval/rl_reward:          -310.0341	eval/rl_win_rate:          1.0000	generate_cost_reward_mean:-38.1648	grid_purchase_cost_mean: 310484.0866
mean_soc_mean:             0.3228	return_mean:             -310.9280	return_std:               36.5383	soc_reserve_reward_mean: -16.8543
soc_violation_mean:       42.2577	test/battery_action_clip:190.1915	test/battery_punishment_reward:-950.9577	test/battle_won:           1.0000
test/bess_cost_reward:   -160.5018	test/buy_cost_reward:    -305251.3216	test/ep_length:           24.0000	test/episode_limit:        1.0000
test/generate_cost_reward:-42.1410	test/grid_purchase_cost: 305251.3216	test/mean_soc:             0.3233	test/return_mean:        -305.6425
test/return_std:          30.7637	test/soc_reserve_reward: -16.5187	test/soc_violation:       36.0688	test/total_power_loss:   14058.6446
test_battery_action_clip_mean:190.1915	test_battery_punishment_reward_mean:-950.9577	test_battle_won_mean:      1.0000	test_bess_cost_reward_mean:-160.5018
test_buy_cost_reward_mean:-305251.3216	test_ep_length_mean:      24.0000	test_episode_limit_mean:   1.0000	test_generate_cost_reward_mean:-42.1410
test_grid_purchase_cost_mean:305251.3216	test_mean_soc_mean:        0.3233	test_return_mean:        -305.6425	test_return_std:          30.7637
test_soc_reserve_reward_mean:-16.5187	test_soc_violation_mean:  36.0688	test_total_power_loss_mean:14058.6446	total_power_loss_mean:   14301.5976
train/battery_action_clip:222.6128	train/battery_punishment_reward:-1113.0642	train/battle_won:          1.0000	train/bess_cost_reward:  -160.7166
train/buy_cost_reward:   -310484.0866	train/ep_length:          24.0000	train/episode:           882.0000	train/episode_limit:       1.0000
train/generate_cost_reward:-38.1648	train/grid_purchase_cost:310484.0866	train/mean_soc:            0.3228	train/return_mean:       -310.9280
train/return_std:         36.5383	train/soc_reserve_reward:-16.8543	train/soc_violation:      42.2577	train/t_env:             32304.0000
train/total_power_loss:  14301.5976	
[INFO 21:25:13] root Recent Stats | t_env:      33840 | Episode:      915
battery_action_clip_mean:211.1836	battery_punishment_reward_mean:-1055.9182	battle_won_mean:           1.0000	bess_cost_reward_mean:   -159.3674
buffer/episodes:         1368.0000	buy_cost_reward_mean:    -309517.2713	ep_length_mean:           24.0000	episode_limit_mean:        1.0000
eval/best_reward:        -307.8171	eval/best_win_rate:        1.0000	eval/ea_reward:          -310.5325	eval/ea_win_rate:          1.0000
eval/rl_reward:          -310.0341	eval/rl_win_rate:          1.0000	generate_cost_reward_mean:-38.0602	grid_purchase_cost_mean: 309517.2713
mean_soc_mean:             0.3272	return_mean:             -309.9416	return_std:               36.0085	soc_reserve_reward_mean: -16.6605
soc_violation_mean:       40.0952	test/battery_action_clip:190.1915	test/battery_punishment_reward:-950.9577	test/battle_won:           1.0000
test/bess_cost_reward:   -160.5018	test/buy_cost_reward:    -305251.3216	test/ep_length:           24.0000	test/episode_limit:        1.0000
test/generate_cost_reward:-42.1410	test/grid_purchase_cost: 305251.3216	test/mean_soc:             0.3233	test/return_mean:        -305.6425
test/return_std:          30.7637	test/soc_reserve_reward: -16.5187	test/soc_violation:       36.0688	test/total_power_loss:   14058.6446
test_battery_action_clip_mean:190.1915	test_battery_punishment_reward_mean:-950.9577	test_battle_won_mean:      1.0000	test_bess_cost_reward_mean:-160.5018
test_buy_cost_reward_mean:-305251.3216	test_ep_length_mean:      24.0000	test_episode_limit_mean:   1.0000	test_generate_cost_reward_mean:-42.1410
test_grid_purchase_cost_mean:305251.3216	test_mean_soc_mean:        0.3233	test_return_mean:        -305.6425	test_return_std:          30.7637
test_soc_reserve_reward_mean:-16.5187	test_soc_violation_mean:  36.0688	test_total_power_loss_mean:14058.6446	total_power_loss_mean:   14255.8055
train/battery_action_clip:211.1836	train/battery_punishment_reward:-1055.9182	train/battle_won:          1.0000	train/bess_cost_reward:  -159.3674
train/buy_cost_reward:   -309517.2713	train/ep_length:          24.0000	train/episode:           893.0000	train/episode_limit:       1.0000
train/generate_cost_reward:-38.0602	train/grid_purchase_cost:309517.2713	train/mean_soc:            0.3272	train/return_mean:       -309.9416
train/return_std:         36.0085	train/soc_reserve_reward:-16.6605	train/soc_violation:      40.0952	train/t_env:             32832.0000
train/total_power_loss:  14255.8055	
[INFO 21:25:28] root Recent Stats | t_env:      34464 | Episode:      926
battery_action_clip_mean:211.5656	battery_punishment_reward_mean:-1057.8282	battle_won_mean:           1.0000	bess_cost_reward_mean:   -161.5888
buffer/episodes:         1390.0000	buy_cost_reward_mean:    -308860.7611	ep_length_mean:           24.0000	episode_limit_mean:        1.0000
eval/best_reward:        -307.8171	eval/best_win_rate:        1.0000	eval/ea_reward:          -310.5325	eval/ea_win_rate:          1.0000
eval/rl_reward:          -310.0341	eval/rl_win_rate:          1.0000	generate_cost_reward_mean:-38.5800	grid_purchase_cost_mean: 308860.7611
mean_soc_mean:             0.3190	return_mean:             -309.2867	return_std:               36.5819	soc_reserve_reward_mean: -16.9339
soc_violation_mean:       40.1669	test/battery_action_clip:190.1915	test/battery_punishment_reward:-950.9577	test/battle_won:           1.0000
test/bess_cost_reward:   -160.5018	test/buy_cost_reward:    -305251.3216	test/ep_length:           24.0000	test/episode_limit:        1.0000
test/generate_cost_reward:-42.1410	test/grid_purchase_cost: 305251.3216	test/mean_soc:             0.3233	test/return_mean:        -305.6425
test/return_std:          30.7637	test/soc_reserve_reward: -16.5187	test/soc_violation:       36.0688	test/total_power_loss:   14058.6446
test_battery_action_clip_mean:190.1915	test_battery_punishment_reward_mean:-950.9577	test_battle_won_mean:      1.0000	test_bess_cost_reward_mean:-160.5018
test_buy_cost_reward_mean:-305251.3216	test_ep_length_mean:      24.0000	test_episode_limit_mean:   1.0000	test_generate_cost_reward_mean:-42.1410
test_grid_purchase_cost_mean:305251.3216	test_mean_soc_mean:        0.3233	test_return_mean:        -305.6425	test_return_std:          30.7637
test_soc_reserve_reward_mean:-16.5187	test_soc_violation_mean:  36.0688	test_total_power_loss_mean:14058.6446	total_power_loss_mean:   14232.5541
train/battery_action_clip:211.5656	train/battery_punishment_reward:-1057.8282	train/battle_won:          1.0000	train/bess_cost_reward:  -161.5888
train/buy_cost_reward:   -308860.7611	train/ep_length:          24.0000	train/episode:           904.0000	train/episode_limit:       1.0000
train/generate_cost_reward:-38.5800	train/grid_purchase_cost:308860.7611	train/mean_soc:            0.3190	train/return_mean:       -309.2867
train/return_std:         36.5819	train/soc_reserve_reward:-16.9339	train/soc_violation:      40.1669	train/t_env:             33360.0000
train/total_power_loss:  14232.5541	
[INFO 21:25:32] root t_env: 34704 / 300000
[INFO 21:25:32] root Estimated time left: 1 hours, 35 minutes, 48 seconds. Time passed: 8 minutes, 51 seconds
[INFO 21:25:39] root Recent Stats | t_env:      34968 | Episode:      937
battery_action_clip_mean:219.9811	battery_punishment_reward_mean:-1099.9055	battle_won_mean:           1.0000	bess_cost_reward_mean:   -161.4664
buffer/episodes:         1412.0000	buy_cost_reward_mean:    -308089.4668	ep_length_mean:           24.0000	episode_limit_mean:        1.0000
eval/best_reward:        -309.2689	eval/best_win_rate:        1.0000	eval/ea_reward:          -310.2670	eval/ea_win_rate:          1.0000
eval/rl_reward:          -311.4858	eval/rl_win_rate:          1.0000	generate_cost_reward_mean:-38.7989	grid_purchase_cost_mean: 308089.4668
mean_soc_mean:             0.3198	return_mean:             -308.5295	return_std:               37.2493	soc_reserve_reward_mean: -16.9610
soc_violation_mean:       41.7637	test/battery_action_clip:195.5938	test/battery_punishment_reward:-977.9689	test/battle_won:           1.0000
test/bess_cost_reward:   -167.2282	test/buy_cost_reward:    -309213.3676	test/ep_length:           24.0000	test/episode_limit:        1.0000
test/generate_cost_reward:-46.3722	test/grid_purchase_cost: 309213.3676	test/mean_soc:             0.2974	test/return_mean:        -309.6177
test/return_std:          31.1913	test/soc_reserve_reward: -17.6692	test/soc_violation:       37.1423	test/total_power_loss:   14228.5925
test_battery_action_clip_mean:195.5938	test_battery_punishment_reward_mean:-977.9689	test_battle_won_mean:      1.0000	test_bess_cost_reward_mean:-167.2282
test_buy_cost_reward_mean:-309213.3676	test_ep_length_mean:      24.0000	test_episode_limit_mean:   1.0000	test_generate_cost_reward_mean:-46.3722
test_grid_purchase_cost_mean:309213.3676	test_mean_soc_mean:        0.2974	test_return_mean:        -309.6177	test_return_std:          31.1913
test_soc_reserve_reward_mean:-17.6692	test_soc_violation_mean:  37.1423	test_total_power_loss_mean:14228.5925	total_power_loss_mean:   14193.4248
train/battery_action_clip:219.9811	train/battery_punishment_reward:-1099.9055	train/battle_won:          1.0000	train/bess_cost_reward:  -161.4664
train/buy_cost_reward:   -308089.4668	train/ep_length:          24.0000	train/episode:           915.0000	train/episode_limit:       1.0000
train/generate_cost_reward:-38.7989	train/grid_purchase_cost:308089.4668	train/mean_soc:            0.3198	train/return_mean:       -308.5295
train/return_std:         37.2493	train/soc_reserve_reward:-16.9610	train/soc_violation:      41.7637	train/t_env:             33888.0000
train/total_power_loss:  14193.4248	
[INFO 21:25:48] root Recent Stats | t_env:      35472 | Episode:      948
battery_action_clip_mean:220.4773	battery_punishment_reward_mean:-1102.3863	battle_won_mean:           1.0000	bess_cost_reward_mean:   -164.9188
buffer/episodes:         1434.0000	buy_cost_reward_mean:    -308904.8028	ep_length_mean:           24.0000	episode_limit_mean:        1.0000
eval/best_reward:        -309.2689	eval/best_win_rate:        1.0000	eval/ea_reward:          -310.2670	eval/ea_win_rate:          1.0000
eval/rl_reward:          -311.4858	eval/rl_win_rate:          1.0000	generate_cost_reward_mean:-38.8251	grid_purchase_cost_mean: 308904.8028
mean_soc_mean:             0.3070	return_mean:             -309.3470	return_std:               37.2512	soc_reserve_reward_mean: -17.3812
soc_violation_mean:       41.8601	test/battery_action_clip:195.5938	test/battery_punishment_reward:-977.9689	test/battle_won:           1.0000
test/bess_cost_reward:   -167.2282	test/buy_cost_reward:    -309213.3676	test/ep_length:           24.0000	test/episode_limit:        1.0000
test/generate_cost_reward:-46.3722	test/grid_purchase_cost: 309213.3676	test/mean_soc:             0.2974	test/return_mean:        -309.6177
test/return_std:          31.1913	test/soc_reserve_reward: -17.6692	test/soc_violation:       37.1423	test/total_power_loss:   14228.5925
test_battery_action_clip_mean:195.5938	test_battery_punishment_reward_mean:-977.9689	test_battle_won_mean:      1.0000	test_bess_cost_reward_mean:-167.2282
test_buy_cost_reward_mean:-309213.3676	test_ep_length_mean:      24.0000	test_episode_limit_mean:   1.0000	test_generate_cost_reward_mean:-46.3722
test_grid_purchase_cost_mean:309213.3676	test_mean_soc_mean:        0.2974	test_return_mean:        -309.6177	test_return_std:          31.1913
test_soc_reserve_reward_mean:-17.6692	test_soc_violation_mean:  37.1423	test_total_power_loss_mean:14228.5925	total_power_loss_mean:   14221.1094
train/battery_action_clip:220.4773	train/battery_punishment_reward:-1102.3863	train/battle_won:          1.0000	train/bess_cost_reward:  -164.9188
train/buy_cost_reward:   -308904.8028	train/ep_length:          24.0000	train/episode:           926.0000	train/episode_limit:       1.0000
train/generate_cost_reward:-38.8251	train/grid_purchase_cost:308904.8028	train/mean_soc:            0.3070	train/return_mean:       -309.3470
train/return_std:         37.2512	train/soc_reserve_reward:-17.3812	train/soc_violation:      41.8601	train/t_env:             34416.0000
train/total_power_loss:  14221.1094	
[INFO 21:25:58] root Recent Stats | t_env:      35976 | Episode:      959
battery_action_clip_mean:217.3444	battery_punishment_reward_mean:-1086.7220	battle_won_mean:           1.0000	bess_cost_reward_mean:   -166.9694
buffer/episodes:         1456.0000	buy_cost_reward_mean:    -309245.2393	ep_length_mean:           24.0000	episode_limit_mean:        1.0000
eval/best_reward:        -309.2689	eval/best_win_rate:        1.0000	eval/ea_reward:          -310.2670	eval/ea_win_rate:          1.0000
eval/rl_reward:          -311.4858	eval/rl_win_rate:          1.0000	generate_cost_reward_mean:-39.0213	grid_purchase_cost_mean: 309245.2393
mean_soc_mean:             0.2995	return_mean:             -309.6831	return_std:               37.2592	soc_reserve_reward_mean: -17.6639
soc_violation_mean:       41.2674	test/battery_action_clip:195.5938	test/battery_punishment_reward:-977.9689	test/battle_won:           1.0000
test/bess_cost_reward:   -167.2282	test/buy_cost_reward:    -309213.3676	test/ep_length:           24.0000	test/episode_limit:        1.0000
test/generate_cost_reward:-46.3722	test/grid_purchase_cost: 309213.3676	test/mean_soc:             0.2974	test/return_mean:        -309.6177
test/return_std:          31.1913	test/soc_reserve_reward: -17.6692	test/soc_violation:       37.1423	test/total_power_loss:   14228.5925
test_battery_action_clip_mean:195.5938	test_battery_punishment_reward_mean:-977.9689	test_battle_won_mean:      1.0000	test_bess_cost_reward_mean:-167.2282
test_buy_cost_reward_mean:-309213.3676	test_ep_length_mean:      24.0000	test_episode_limit_mean:   1.0000	test_generate_cost_reward_mean:-46.3722
test_grid_purchase_cost_mean:309213.3676	test_mean_soc_mean:        0.2974	test_return_mean:        -309.6177	test_return_std:          31.1913
test_soc_reserve_reward_mean:-17.6692	test_soc_violation_mean:  37.1423	test_total_power_loss_mean:14228.5925	total_power_loss_mean:   14234.7116
train/battery_action_clip:217.3444	train/battery_punishment_reward:-1086.7220	train/battle_won:          1.0000	train/bess_cost_reward:  -166.9694
train/buy_cost_reward:   -309245.2393	train/ep_length:          24.0000	train/episode:           937.0000	train/episode_limit:       1.0000
train/generate_cost_reward:-39.0213	train/grid_purchase_cost:309245.2393	train/mean_soc:            0.2995	train/return_mean:       -309.6831
train/return_std:         37.2592	train/soc_reserve_reward:-17.6639	train/soc_violation:      41.2674	train/t_env:             34944.0000
train/total_power_loss:  14234.7116	
[INFO 21:26:07] root Recent Stats | t_env:      36480 | Episode:      970
battery_action_clip_mean:227.5865	battery_punishment_reward_mean:-1137.9327	battle_won_mean:           1.0000	bess_cost_reward_mean:   -166.6102
buffer/episodes:         1478.0000	buy_cost_reward_mean:    -308749.6525	ep_length_mean:           24.0000	episode_limit_mean:        1.0000
eval/best_reward:        -309.2689	eval/best_win_rate:        1.0000	eval/ea_reward:          -310.2670	eval/ea_win_rate:          1.0000
eval/rl_reward:          -311.4858	eval/rl_win_rate:          1.0000	generate_cost_reward_mean:-38.7578	grid_purchase_cost_mean: 308749.6525
mean_soc_mean:             0.3010	return_mean:             -309.2043	return_std:               35.4874	soc_reserve_reward_mean: -17.6561
soc_violation_mean:       43.2101	test/battery_action_clip:195.5938	test/battery_punishment_reward:-977.9689	test/battle_won:           1.0000
test/bess_cost_reward:   -167.2282	test/buy_cost_reward:    -309213.3676	test/ep_length:           24.0000	test/episode_limit:        1.0000
test/generate_cost_reward:-46.3722	test/grid_purchase_cost: 309213.3676	test/mean_soc:             0.2974	test/return_mean:        -309.6177
test/return_std:          31.1913	test/soc_reserve_reward: -17.6692	test/soc_violation:       37.1423	test/total_power_loss:   14228.5925
test_battery_action_clip_mean:195.5938	test_battery_punishment_reward_mean:-977.9689	test_battle_won_mean:      1.0000	test_bess_cost_reward_mean:-167.2282
test_buy_cost_reward_mean:-309213.3676	test_ep_length_mean:      24.0000	test_episode_limit_mean:   1.0000	test_generate_cost_reward_mean:-46.3722
test_grid_purchase_cost_mean:309213.3676	test_mean_soc_mean:        0.2974	test_return_mean:        -309.6177	test_return_std:          31.1913
test_soc_reserve_reward_mean:-17.6692	test_soc_violation_mean:  37.1423	test_total_power_loss_mean:14228.5925	total_power_loss_mean:   14216.7790
train/battery_action_clip:227.5865	train/battery_punishment_reward:-1137.9327	train/battle_won:          1.0000	train/bess_cost_reward:  -166.6102
train/buy_cost_reward:   -308749.6525	train/ep_length:          24.0000	train/episode:           948.0000	train/episode_limit:       1.0000
train/generate_cost_reward:-38.7578	train/grid_purchase_cost:308749.6525	train/mean_soc:            0.3010	train/return_mean:       -309.2043
train/return_std:         35.4874	train/soc_reserve_reward:-17.6561	train/soc_violation:      43.2101	train/t_env:             35472.0000
train/total_power_loss:  14216.7790	
[INFO 21:26:11] root t_env: 36720 / 300000
[INFO 21:26:11] root Estimated time left: 1 hours, 25 minutes, 15 seconds. Time passed: 9 minutes, 30 seconds
[INFO 21:26:23] root Recent Stats | t_env:      37104 | Episode:      981
battery_action_clip_mean:229.7049	battery_punishment_reward_mean:-1148.5243	battle_won_mean:           1.0000	bess_cost_reward_mean:   -164.5626
buffer/episodes:         1500.0000	buy_cost_reward_mean:    -311073.3401	ep_length_mean:           24.0000	episode_limit_mean:        1.0000
eval/best_reward:        -308.9034	eval/best_win_rate:        1.0000	eval/ea_reward:          -309.6192	eval/ea_win_rate:          1.0000
eval/rl_reward:          -312.0413	eval/rl_win_rate:          1.0000	generate_cost_reward_mean:-38.2890	grid_purchase_cost_mean: 311073.3401
mean_soc_mean:             0.3084	return_mean:             -311.5306	return_std:               34.1621	soc_reserve_reward_mean: -17.3747
soc_violation_mean:       43.6130	test/battery_action_clip:239.3301	test/battery_punishment_reward:-1196.6504	test/battle_won:           1.0000
test/bess_cost_reward:   -194.4006	test/buy_cost_reward:    -312288.3307	test/ep_length:           24.0000	test/episode_limit:        1.0000
test/generate_cost_reward:-45.3015	test/grid_purchase_cost: 312288.3307	test/mean_soc:             0.2003	test/return_mean:        -312.7755
test/return_std:          30.3376	test/soc_reserve_reward: -21.5513	test/soc_violation:       45.4484	test/total_power_loss:   14368.3430
test_battery_action_clip_mean:239.3301	test_battery_punishment_reward_mean:-1196.6504	test_battle_won_mean:      1.0000	test_bess_cost_reward_mean:-194.4006
test_buy_cost_reward_mean:-312288.3307	test_ep_length_mean:      24.0000	test_episode_limit_mean:   1.0000	test_generate_cost_reward_mean:-45.3015
test_grid_purchase_cost_mean:312288.3307	test_mean_soc_mean:        0.2003	test_return_mean:        -312.7755	test_return_std:          30.3376
test_soc_reserve_reward_mean:-21.5513	test_soc_violation_mean:  45.4484	test_total_power_loss_mean:14368.3430	total_power_loss_mean:   14314.9072
train/battery_action_clip:229.7049	train/battery_punishment_reward:-1148.5243	train/battle_won:          1.0000	train/bess_cost_reward:  -164.5626
train/buy_cost_reward:   -311073.3401	train/ep_length:          24.0000	train/episode:           959.0000	train/episode_limit:       1.0000
train/generate_cost_reward:-38.2890	train/grid_purchase_cost:311073.3401	train/mean_soc:            0.3084	train/return_mean:       -311.5306
train/return_std:         34.1621	train/soc_reserve_reward:-17.3747	train/soc_violation:      43.6130	train/t_env:             36000.0000
train/total_power_loss:  14314.9072	
[INFO 21:26:35] root Recent Stats | t_env:      37608 | Episode:      992
battery_action_clip_mean:232.6935	battery_punishment_reward_mean:-1163.4677	battle_won_mean:           1.0000	bess_cost_reward_mean:   -169.9036
buffer/episodes:         1522.0000	buy_cost_reward_mean:    -312028.8549	ep_length_mean:           24.0000	episode_limit_mean:        1.0000
eval/best_reward:        -308.9034	eval/best_win_rate:        1.0000	eval/ea_reward:          -309.6192	eval/ea_win_rate:          1.0000
eval/rl_reward:          -312.0413	eval/rl_win_rate:          1.0000	generate_cost_reward_mean:-40.1965	grid_purchase_cost_mean: 312028.8549
mean_soc_mean:             0.2890	return_mean:             -312.4938	return_std:               33.3049	soc_reserve_reward_mean: -18.0799
soc_violation_mean:       44.1782	test/battery_action_clip:239.3301	test/battery_punishment_reward:-1196.6504	test/battle_won:           1.0000
test/bess_cost_reward:   -194.4006	test/buy_cost_reward:    -312288.3307	test/ep_length:           24.0000	test/episode_limit:        1.0000
test/generate_cost_reward:-45.3015	test/grid_purchase_cost: 312288.3307	test/mean_soc:             0.2003	test/return_mean:        -312.7755
test/return_std:          30.3376	test/soc_reserve_reward: -21.5513	test/soc_violation:       45.4484	test/total_power_loss:   14368.3430
test_battery_action_clip_mean:239.3301	test_battery_punishment_reward_mean:-1196.6504	test_battle_won_mean:      1.0000	test_bess_cost_reward_mean:-194.4006
test_buy_cost_reward_mean:-312288.3307	test_ep_length_mean:      24.0000	test_episode_limit_mean:   1.0000	test_generate_cost_reward_mean:-45.3015
test_grid_purchase_cost_mean:312288.3307	test_mean_soc_mean:        0.2003	test_return_mean:        -312.7755	test_return_std:          30.3376
test_soc_reserve_reward_mean:-21.5513	test_soc_violation_mean:  45.4484	test_total_power_loss_mean:14368.3430	total_power_loss_mean:   14349.7608
train/battery_action_clip:232.6935	train/battery_punishment_reward:-1163.4677	train/battle_won:          1.0000	train/bess_cost_reward:  -169.9036
train/buy_cost_reward:   -312028.8549	train/ep_length:          24.0000	train/episode:           970.0000	train/episode_limit:       1.0000
train/generate_cost_reward:-40.1965	train/grid_purchase_cost:312028.8549	train/mean_soc:            0.2890	train/return_mean:       -312.4938
train/return_std:         33.3049	train/soc_reserve_reward:-18.0799	train/soc_violation:      44.1782	train/t_env:             36528.0000
train/total_power_loss:  14349.7608	
[INFO 21:26:47] root Recent Stats | t_env:      38112 | Episode:     1003
battery_action_clip_mean:238.9634	battery_punishment_reward_mean:-1194.8170	battle_won_mean:           1.0000	bess_cost_reward_mean:   -169.0638
buffer/episodes:         1544.0000	buy_cost_reward_mean:    -311246.2428	ep_length_mean:           24.0000	episode_limit_mean:        1.0000
eval/best_reward:        -308.9034	eval/best_win_rate:        1.0000	eval/ea_reward:          -309.6192	eval/ea_win_rate:          1.0000
eval/rl_reward:          -312.0413	eval/rl_win_rate:          1.0000	generate_cost_reward_mean:-40.2231	grid_purchase_cost_mean: 311246.2428
mean_soc_mean:             0.2923	return_mean:             -311.7213	return_std:               32.9244	soc_reserve_reward_mean: -18.0233
soc_violation_mean:       45.3693	test/battery_action_clip:239.3301	test/battery_punishment_reward:-1196.6504	test/battle_won:           1.0000
test/bess_cost_reward:   -194.4006	test/buy_cost_reward:    -312288.3307	test/ep_length:           24.0000	test/episode_limit:        1.0000
test/generate_cost_reward:-45.3015	test/grid_purchase_cost: 312288.3307	test/mean_soc:             0.2003	test/return_mean:        -312.7755
test/return_std:          30.3376	test/soc_reserve_reward: -21.5513	test/soc_violation:       45.4484	test/total_power_loss:   14368.3430
test_battery_action_clip_mean:239.3301	test_battery_punishment_reward_mean:-1196.6504	test_battle_won_mean:      1.0000	test_bess_cost_reward_mean:-194.4006
test_buy_cost_reward_mean:-312288.3307	test_ep_length_mean:      24.0000	test_episode_limit_mean:   1.0000	test_generate_cost_reward_mean:-45.3015
test_grid_purchase_cost_mean:312288.3307	test_mean_soc_mean:        0.2003	test_return_mean:        -312.7755	test_return_std:          30.3376
test_soc_reserve_reward_mean:-21.5513	test_soc_violation_mean:  45.4484	test_total_power_loss_mean:14368.3430	total_power_loss_mean:   14317.2721
train/battery_action_clip:238.9634	train/battery_punishment_reward:-1194.8170	train/battle_won:          1.0000	train/bess_cost_reward:  -169.0638
train/buy_cost_reward:   -311246.2428	train/ep_length:          24.0000	train/episode:           981.0000	train/episode_limit:       1.0000
train/generate_cost_reward:-40.2231	train/grid_purchase_cost:311246.2428	train/mean_soc:            0.2923	train/return_mean:       -311.7213
train/return_std:         32.9244	train/soc_reserve_reward:-18.0233	train/soc_violation:      45.3693	train/t_env:             37056.0000
train/total_power_loss:  14317.2721	
[INFO 21:26:59] root Recent Stats | t_env:      38616 | Episode:     1014
battery_action_clip_mean:247.0434	battery_punishment_reward_mean:-1235.2168	battle_won_mean:           1.0000	bess_cost_reward_mean:   -171.6138
buffer/episodes:         1566.0000	buy_cost_reward_mean:    -309881.8817	ep_length_mean:           24.0000	episode_limit_mean:        1.0000
eval/best_reward:        -308.9034	eval/best_win_rate:        1.0000	eval/ea_reward:          -309.6192	eval/ea_win_rate:          1.0000
eval/rl_reward:          -312.0413	eval/rl_win_rate:          1.0000	generate_cost_reward_mean:-42.3855	grid_purchase_cost_mean: 309881.8817
mean_soc_mean:             0.2833	return_mean:             -310.3722	return_std:               32.4261	soc_reserve_reward_mean: -18.4159
soc_violation_mean:       46.9051	test/battery_action_clip:239.3301	test/battery_punishment_reward:-1196.6504	test/battle_won:           1.0000
test/bess_cost_reward:   -194.4006	test/buy_cost_reward:    -312288.3307	test/ep_length:           24.0000	test/episode_limit:        1.0000
test/generate_cost_reward:-45.3015	test/grid_purchase_cost: 312288.3307	test/mean_soc:             0.2003	test/return_mean:        -312.7755
test/return_std:          30.3376	test/soc_reserve_reward: -21.5513	test/soc_violation:       45.4484	test/total_power_loss:   14368.3430
test_battery_action_clip_mean:239.3301	test_battery_punishment_reward_mean:-1196.6504	test_battle_won_mean:      1.0000	test_bess_cost_reward_mean:-194.4006
test_buy_cost_reward_mean:-312288.3307	test_ep_length_mean:      24.0000	test_episode_limit_mean:   1.0000	test_generate_cost_reward_mean:-45.3015
test_grid_purchase_cost_mean:312288.3307	test_mean_soc_mean:        0.2003	test_return_mean:        -312.7755	test_return_std:          30.3376
test_soc_reserve_reward_mean:-21.5513	test_soc_violation_mean:  45.4484	test_total_power_loss_mean:14368.3430	total_power_loss_mean:   14256.2508
train/battery_action_clip:247.0434	train/battery_punishment_reward:-1235.2168	train/battle_won:          1.0000	train/bess_cost_reward:  -171.6138
train/buy_cost_reward:   -309881.8817	train/ep_length:          24.0000	train/episode:           992.0000	train/episode_limit:       1.0000
train/generate_cost_reward:-42.3855	train/grid_purchase_cost:309881.8817	train/mean_soc:            0.2833	train/return_mean:       -310.3722
train/return_std:         32.4261	train/soc_reserve_reward:-18.4159	train/soc_violation:      46.9051	train/t_env:             37584.0000
train/total_power_loss:  14256.2508	
[INFO 21:27:06] root t_env: 38784 / 300000
[INFO 21:27:06] root Estimated time left: 1 hours, 54 minutes, 27 seconds. Time passed: 10 minutes, 24 seconds
[INFO 21:27:12] root Recent Stats | t_env:      39120 | Episode:     1025
battery_action_clip_mean:253.7537	battery_punishment_reward_mean:-1268.7683	battle_won_mean:           1.0000	bess_cost_reward_mean:   -172.1026
buffer/episodes:         1588.0000	buy_cost_reward_mean:    -311808.1274	ep_length_mean:           24.0000	episode_limit_mean:        1.0000
eval/best_reward:        -308.2432	eval/best_win_rate:        1.0000	eval/ea_reward:          -309.7948	eval/ea_win_rate:          1.0000
eval/rl_reward:          -311.3810	eval/rl_win_rate:          1.0000	generate_cost_reward_mean:-43.5543	grid_purchase_cost_mean: 311808.1274
mean_soc_mean:             0.2822	return_mean:             -312.3103	return_std:               33.6894	soc_reserve_reward_mean: -18.4865
soc_violation_mean:       48.1661	test/battery_action_clip:261.0624	test/battery_punishment_reward:-1305.3119	test/battle_won:           1.0000
test/bess_cost_reward:   -194.3850	test/buy_cost_reward:    -311800.0540	test/ep_length:           24.0000	test/episode_limit:        1.0000
test/generate_cost_reward:-42.1397	test/grid_purchase_cost: 311800.0540	test/mean_soc:             0.2003	test/return_mean:        -312.3223
test/return_std:          31.3104	test/soc_reserve_reward: -21.5524	test/soc_violation:       49.5780	test/total_power_loss:   14339.7619
test_battery_action_clip_mean:261.0624	test_battery_punishment_reward_mean:-1305.3119	test_battle_won_mean:      1.0000	test_bess_cost_reward_mean:-194.3850
test_buy_cost_reward_mean:-311800.0540	test_ep_length_mean:      24.0000	test_episode_limit_mean:   1.0000	test_generate_cost_reward_mean:-42.1397
test_grid_purchase_cost_mean:311800.0540	test_mean_soc_mean:        0.2003	test_return_mean:        -312.3223	test_return_std:          31.3104
test_soc_reserve_reward_mean:-21.5524	test_soc_violation_mean:  49.5780	test_total_power_loss_mean:14339.7619	total_power_loss_mean:   14343.9247
train/battery_action_clip:253.7537	train/battery_punishment_reward:-1268.7683	train/battle_won:          1.0000	train/bess_cost_reward:  -172.1026
train/buy_cost_reward:   -311808.1274	train/ep_length:          24.0000	train/episode:           1003.0000	train/episode_limit:       1.0000
train/generate_cost_reward:-43.5543	train/grid_purchase_cost:311808.1274	train/mean_soc:            0.2822	train/return_mean:       -312.3103
train/return_std:         33.6894	train/soc_reserve_reward:-18.4865	train/soc_violation:      48.1661	train/t_env:             38112.0000
train/total_power_loss:  14343.9247	
[INFO 21:27:29] root Recent Stats | t_env:      39744 | Episode:     1036
battery_action_clip_mean:261.9059	battery_punishment_reward_mean:-1309.5293	battle_won_mean:           1.0000	bess_cost_reward_mean:   -171.8657
buffer/episodes:         1610.0000	buy_cost_reward_mean:    -309921.3945	ep_length_mean:           24.0000	episode_limit_mean:        1.0000
eval/best_reward:        -308.2432	eval/best_win_rate:        1.0000	eval/ea_reward:          -309.7948	eval/ea_win_rate:          1.0000
eval/rl_reward:          -311.3810	eval/rl_win_rate:          1.0000	generate_cost_reward_mean:-44.5117	grid_purchase_cost_mean: 309921.3945
mean_soc_mean:             0.2834	return_mean:             -310.4374	return_std:               35.3287	soc_reserve_reward_mean: -18.5152
soc_violation_mean:       49.7152	test/battery_action_clip:261.0624	test/battery_punishment_reward:-1305.3119	test/battle_won:           1.0000
test/bess_cost_reward:   -194.3850	test/buy_cost_reward:    -311800.0540	test/ep_length:           24.0000	test/episode_limit:        1.0000
test/generate_cost_reward:-42.1397	test/grid_purchase_cost: 311800.0540	test/mean_soc:             0.2003	test/return_mean:        -312.3223
test/return_std:          31.3104	test/soc_reserve_reward: -21.5524	test/soc_violation:       49.5780	test/total_power_loss:   14339.7619
test_battery_action_clip_mean:261.0624	test_battery_punishment_reward_mean:-1305.3119	test_battle_won_mean:      1.0000	test_bess_cost_reward_mean:-194.3850
test_buy_cost_reward_mean:-311800.0540	test_ep_length_mean:      24.0000	test_episode_limit_mean:   1.0000	test_generate_cost_reward_mean:-42.1397
test_grid_purchase_cost_mean:311800.0540	test_mean_soc_mean:        0.2003	test_return_mean:        -312.3223	test_return_std:          31.3104
test_soc_reserve_reward_mean:-21.5524	test_soc_violation_mean:  49.5780	test_total_power_loss_mean:14339.7619	total_power_loss_mean:   14264.3532
train/battery_action_clip:261.9059	train/battery_punishment_reward:-1309.5293	train/battle_won:          1.0000	train/bess_cost_reward:  -171.8657
train/buy_cost_reward:   -309921.3945	train/ep_length:          24.0000	train/episode:           1014.0000	train/episode_limit:       1.0000
train/generate_cost_reward:-44.5117	train/grid_purchase_cost:309921.3945	train/mean_soc:            0.2834	train/return_mean:       -310.4374
train/return_std:         35.3287	train/soc_reserve_reward:-18.5152	train/soc_violation:      49.7152	train/t_env:             38640.0000
train/total_power_loss:  14264.3532	
[INFO 21:27:41] root Saving models to results\models\facmac_smac__2026-06-15_21-16-36\40224
[INFO 21:27:41] root Recent Stats | t_env:      40248 | Episode:     1047
battery_action_clip_mean:261.8692	battery_punishment_reward_mean:-1309.3462	battle_won_mean:           1.0000	bess_cost_reward_mean:   -167.2868
buffer/episodes:         1632.0000	buy_cost_reward_mean:    -310727.7921	ep_length_mean:           24.0000	episode_limit_mean:        1.0000
eval/best_reward:        -308.2432	eval/best_win_rate:        1.0000	eval/ea_reward:          -309.7948	eval/ea_win_rate:          1.0000
eval/rl_reward:          -311.3810	eval/rl_win_rate:          1.0000	generate_cost_reward_mean:-42.6567	grid_purchase_cost_mean: 310727.7921
mean_soc_mean:             0.3010	return_mean:             -311.2413	return_std:               35.8037	soc_reserve_reward_mean: -17.8333
soc_violation_mean:       49.6810	test/battery_action_clip:261.0624	test/battery_punishment_reward:-1305.3119	test/battle_won:           1.0000
test/bess_cost_reward:   -194.3850	test/buy_cost_reward:    -311800.0540	test/ep_length:           24.0000	test/episode_limit:        1.0000
test/generate_cost_reward:-42.1397	test/grid_purchase_cost: 311800.0540	test/mean_soc:             0.2003	test/return_mean:        -312.3223
test/return_std:          31.3104	test/soc_reserve_reward: -21.5524	test/soc_violation:       49.5780	test/total_power_loss:   14339.7619
test_battery_action_clip_mean:261.0624	test_battery_punishment_reward_mean:-1305.3119	test_battle_won_mean:      1.0000	test_bess_cost_reward_mean:-194.3850
test_buy_cost_reward_mean:-311800.0540	test_ep_length_mean:      24.0000	test_episode_limit_mean:   1.0000	test_generate_cost_reward_mean:-42.1397
test_grid_purchase_cost_mean:311800.0540	test_mean_soc_mean:        0.2003	test_return_mean:        -312.3223	test_return_std:          31.3104
test_soc_reserve_reward_mean:-21.5524	test_soc_violation_mean:  49.5780	test_total_power_loss_mean:14339.7619	total_power_loss_mean:   14303.2489
train/battery_action_clip:261.8692	train/battery_punishment_reward:-1309.3462	train/battle_won:          1.0000	train/bess_cost_reward:  -167.2868
train/buy_cost_reward:   -310727.7921	train/ep_length:          24.0000	train/episode:           1025.0000	train/episode_limit:       1.0000
train/generate_cost_reward:-42.6567	train/grid_purchase_cost:310727.7921	train/mean_soc:            0.3010	train/return_mean:       -311.2413
train/return_std:         35.8037	train/soc_reserve_reward:-17.8333	train/soc_violation:      49.6810	train/t_env:             39168.0000
train/total_power_loss:  14303.2489	
[INFO 21:27:51] root Recent Stats | t_env:      40752 | Episode:     1058
battery_action_clip_mean:271.5448	battery_punishment_reward_mean:-1357.7241	battle_won_mean:           1.0000	bess_cost_reward_mean:   -167.2879
buffer/episodes:         1654.0000	buy_cost_reward_mean:    -311709.3565	ep_length_mean:           24.0000	episode_limit_mean:        1.0000
eval/best_reward:        -308.2432	eval/best_win_rate:        1.0000	eval/ea_reward:          -309.7948	eval/ea_win_rate:          1.0000
eval/rl_reward:          -311.3810	eval/rl_win_rate:          1.0000	generate_cost_reward_mean:-41.7166	grid_purchase_cost_mean: 311709.3565
mean_soc_mean:             0.3015	return_mean:             -312.2386	return_std:               35.9578	soc_reserve_reward_mean: -17.8268
soc_violation_mean:       51.5094	test/battery_action_clip:261.0624	test/battery_punishment_reward:-1305.3119	test/battle_won:           1.0000
test/bess_cost_reward:   -194.3850	test/buy_cost_reward:    -311800.0540	test/ep_length:           24.0000	test/episode_limit:        1.0000
test/generate_cost_reward:-42.1397	test/grid_purchase_cost: 311800.0540	test/mean_soc:             0.2003	test/return_mean:        -312.3223
test/return_std:          31.3104	test/soc_reserve_reward: -21.5524	test/soc_violation:       49.5780	test/total_power_loss:   14339.7619
test_battery_action_clip_mean:261.0624	test_battery_punishment_reward_mean:-1305.3119	test_battle_won_mean:      1.0000	test_bess_cost_reward_mean:-194.3850
test_buy_cost_reward_mean:-311800.0540	test_ep_length_mean:      24.0000	test_episode_limit_mean:   1.0000	test_generate_cost_reward_mean:-42.1397
test_grid_purchase_cost_mean:311800.0540	test_mean_soc_mean:        0.2003	test_return_mean:        -312.3223	test_return_std:          31.3104
test_soc_reserve_reward_mean:-21.5524	test_soc_violation_mean:  49.5780	test_total_power_loss_mean:14339.7619	total_power_loss_mean:   14340.2073
train/battery_action_clip:271.5448	train/battery_punishment_reward:-1357.7241	train/battle_won:          1.0000	train/bess_cost_reward:  -167.2879
train/buy_cost_reward:   -311709.3565	train/ep_length:          24.0000	train/episode:           1036.0000	train/episode_limit:       1.0000
train/generate_cost_reward:-41.7166	train/grid_purchase_cost:311709.3565	train/mean_soc:            0.3015	train/return_mean:       -312.2386
train/return_std:         35.9578	train/soc_reserve_reward:-17.8268	train/soc_violation:      51.5094	train/t_env:             39696.0000
train/total_power_loss:  14340.2073	
[INFO 21:27:51] root t_env: 40800 / 300000
[INFO 21:27:51] root Estimated time left: 1 hours, 38 minutes, 19 seconds. Time passed: 11 minutes, 10 seconds
[INFO 21:28:03] root Recent Stats | t_env:      41256 | Episode:     1069
battery_action_clip_mean:272.0623	battery_punishment_reward_mean:-1360.3113	battle_won_mean:           1.0000	bess_cost_reward_mean:   -164.2349
buffer/episodes:         1676.0000	buy_cost_reward_mean:    -311673.6338	ep_length_mean:           24.0000	episode_limit_mean:        1.0000
eval/best_reward:        -307.5649	eval/best_win_rate:        1.0000	eval/ea_reward:          -310.2813	eval/ea_win_rate:          1.0000
eval/rl_reward:          -308.5026	eval/rl_win_rate:          1.0000	generate_cost_reward_mean:-41.0065	grid_purchase_cost_mean: 311673.6338
mean_soc_mean:             0.3132	return_mean:             -312.2024	return_std:               35.8420	soc_reserve_reward_mean: -17.3897
soc_violation_mean:       51.5922	test/battery_action_clip:283.7079	test/battery_punishment_reward:-1418.5393	test/battle_won:           1.0000
test/bess_cost_reward:   -161.6525	test/buy_cost_reward:    -312108.8391	test/ep_length:           24.0000	test/episode_limit:        1.0000
test/generate_cost_reward:-47.2650	test/grid_purchase_cost: 312108.8391	test/mean_soc:             0.3201	test/return_mean:        -312.6583
test/return_std:          30.8742	test/soc_reserve_reward: -17.2430	test/soc_violation:       53.8713	test/total_power_loss:   14337.6075
test_battery_action_clip_mean:283.7079	test_battery_punishment_reward_mean:-1418.5393	test_battle_won_mean:      1.0000	test_bess_cost_reward_mean:-161.6525
test_buy_cost_reward_mean:-312108.8391	test_ep_length_mean:      24.0000	test_episode_limit_mean:   1.0000	test_generate_cost_reward_mean:-47.2650
test_grid_purchase_cost_mean:312108.8391	test_mean_soc_mean:        0.3201	test_return_mean:        -312.6583	test_return_std:          30.8742
test_soc_reserve_reward_mean:-17.2430	test_soc_violation_mean:  53.8713	test_total_power_loss_mean:14337.6075	total_power_loss_mean:   14341.5888
train/battery_action_clip:272.0623	train/battery_punishment_reward:-1360.3113	train/battle_won:          1.0000	train/bess_cost_reward:  -164.2349
train/buy_cost_reward:   -311673.6338	train/ep_length:          24.0000	train/episode:           1047.0000	train/episode_limit:       1.0000
train/generate_cost_reward:-41.0065	train/grid_purchase_cost:311673.6338	train/mean_soc:            0.3132	train/return_mean:       -312.2024
train/return_std:         35.8420	train/soc_reserve_reward:-17.3897	train/soc_violation:      51.5922	train/t_env:             40224.0000
train/total_power_loss:  14341.5888	
[INFO 21:28:13] root Recent Stats | t_env:      41760 | Episode:     1080
battery_action_clip_mean:265.7283	battery_punishment_reward_mean:-1328.6414	battle_won_mean:           1.0000	bess_cost_reward_mean:   -162.4108
buffer/episodes:         1698.0000	buy_cost_reward_mean:    -309597.9191	ep_length_mean:           24.0000	episode_limit_mean:        1.0000
eval/best_reward:        -307.5649	eval/best_win_rate:        1.0000	eval/ea_reward:          -310.2813	eval/ea_win_rate:          1.0000
eval/rl_reward:          -308.5026	eval/rl_win_rate:          1.0000	generate_cost_reward_mean:-41.4074	grid_purchase_cost_mean: 309597.9191
mean_soc_mean:             0.3194	return_mean:             -310.1155	return_std:               34.9118	soc_reserve_reward_mean: -17.1547
soc_violation_mean:       50.4004	test/battery_action_clip:283.7079	test/battery_punishment_reward:-1418.5393	test/battle_won:           1.0000
test/bess_cost_reward:   -161.6525	test/buy_cost_reward:    -312108.8391	test/ep_length:           24.0000	test/episode_limit:        1.0000
test/generate_cost_reward:-47.2650	test/grid_purchase_cost: 312108.8391	test/mean_soc:             0.3201	test/return_mean:        -312.6583
test/return_std:          30.8742	test/soc_reserve_reward: -17.2430	test/soc_violation:       53.8713	test/total_power_loss:   14337.6075
test_battery_action_clip_mean:283.7079	test_battery_punishment_reward_mean:-1418.5393	test_battle_won_mean:      1.0000	test_bess_cost_reward_mean:-161.6525
test_buy_cost_reward_mean:-312108.8391	test_ep_length_mean:      24.0000	test_episode_limit_mean:   1.0000	test_generate_cost_reward_mean:-47.2650
test_grid_purchase_cost_mean:312108.8391	test_mean_soc_mean:        0.3201	test_return_mean:        -312.6583	test_return_std:          30.8742
test_soc_reserve_reward_mean:-17.2430	test_soc_violation_mean:  53.8713	test_total_power_loss_mean:14337.6075	total_power_loss_mean:   14247.3526
train/battery_action_clip:265.7283	train/battery_punishment_reward:-1328.6414	train/battle_won:          1.0000	train/bess_cost_reward:  -162.4108
train/buy_cost_reward:   -309597.9191	train/ep_length:          24.0000	train/episode:           1058.0000	train/episode_limit:       1.0000
train/generate_cost_reward:-41.4074	train/grid_purchase_cost:309597.9191	train/mean_soc:            0.3194	train/return_mean:       -310.1155
train/return_std:         34.9118	train/soc_reserve_reward:-17.1547	train/soc_violation:      50.4004	train/t_env:             40752.0000
train/total_power_loss:  14247.3526	
[INFO 21:28:30] root Recent Stats | t_env:      42384 | Episode:     1091
battery_action_clip_mean:235.4477	battery_punishment_reward_mean:-1177.2384	battle_won_mean:           1.0000	bess_cost_reward_mean:   -170.4462
buffer/episodes:         1720.0000	buy_cost_reward_mean:    -309801.6389	ep_length_mean:           24.0000	episode_limit_mean:        1.0000
eval/best_reward:        -307.5649	eval/best_win_rate:        1.0000	eval/ea_reward:          -310.2813	eval/ea_win_rate:          1.0000
eval/rl_reward:          -308.5026	eval/rl_win_rate:          1.0000	generate_cost_reward_mean:-39.0367	grid_purchase_cost_mean: 309801.6389
mean_soc_mean:             0.2881	return_mean:             -310.2709	return_std:               33.4939	soc_reserve_reward_mean: -18.1038
soc_violation_mean:       44.6806	test/battery_action_clip:283.7079	test/battery_punishment_reward:-1418.5393	test/battle_won:           1.0000
test/bess_cost_reward:   -161.6525	test/buy_cost_reward:    -312108.8391	test/ep_length:           24.0000	test/episode_limit:        1.0000
test/generate_cost_reward:-47.2650	test/grid_purchase_cost: 312108.8391	test/mean_soc:             0.3201	test/return_mean:        -312.6583
test/return_std:          30.8742	test/soc_reserve_reward: -17.2430	test/soc_violation:       53.8713	test/total_power_loss:   14337.6075
test_battery_action_clip_mean:283.7079	test_battery_punishment_reward_mean:-1418.5393	test_battle_won_mean:      1.0000	test_bess_cost_reward_mean:-161.6525
test_buy_cost_reward_mean:-312108.8391	test_ep_length_mean:      24.0000	test_episode_limit_mean:   1.0000	test_generate_cost_reward_mean:-47.2650
test_grid_purchase_cost_mean:312108.8391	test_mean_soc_mean:        0.3201	test_return_mean:        -312.6583	test_return_std:          30.8742
test_soc_reserve_reward_mean:-17.2430	test_soc_violation_mean:  53.8713	test_total_power_loss_mean:14337.6075	total_power_loss_mean:   14259.3611
train/battery_action_clip:235.4477	train/battery_punishment_reward:-1177.2384	train/battle_won:          1.0000	train/bess_cost_reward:  -170.4462
train/buy_cost_reward:   -309801.6389	train/ep_length:          24.0000	train/episode:           1069.0000	train/episode_limit:       1.0000
train/generate_cost_reward:-39.0367	train/grid_purchase_cost:309801.6389	train/mean_soc:            0.2881	train/return_mean:       -310.2709
train/return_std:         33.4939	train/soc_reserve_reward:-18.1038	train/soc_violation:      44.6806	train/t_env:             41280.0000
train/total_power_loss:  14259.3611	
[INFO 21:28:41] root t_env: 42864 / 300000
[INFO 21:28:41] root Estimated time left: 1 hours, 42 minutes, 39 seconds. Time passed: 12 minutes, 0 seconds
[INFO 21:28:43] root Recent Stats | t_env:      42888 | Episode:     1102
battery_action_clip_mean:223.5316	battery_punishment_reward_mean:-1117.6578	battle_won_mean:           1.0000	bess_cost_reward_mean:   -171.0466
buffer/episodes:         1742.0000	buy_cost_reward_mean:    -307954.3229	ep_length_mean:           24.0000	episode_limit_mean:        1.0000
eval/best_reward:        -307.2498	eval/best_win_rate:        1.0000	eval/ea_reward:          -310.3057	eval/ea_win_rate:          1.0000
eval/rl_reward:          -308.1707	eval/rl_win_rate:          1.0000	generate_cost_reward_mean:-40.5903	grid_purchase_cost_mean: 307954.3229
mean_soc_mean:             0.2857	return_mean:             -308.4045	return_std:               33.4139	soc_reserve_reward_mean: -18.1392
soc_violation_mean:       42.4181	test/battery_action_clip:282.6654	test/battery_punishment_reward:-1413.3268	test/battle_won:           1.0000
test/bess_cost_reward:   -161.2473	test/buy_cost_reward:    -309601.8005	test/ep_length:           24.0000	test/episode_limit:        1.0000
test/generate_cost_reward:-52.9540	test/grid_purchase_cost: 309601.8005	test/mean_soc:             0.3218	test/return_mean:        -310.1515
test/return_std:          31.7284	test/soc_reserve_reward: -17.1446	test/soc_violation:       53.6668	test/total_power_loss:   14238.7790
test_battery_action_clip_mean:282.6654	test_battery_punishment_reward_mean:-1413.3268	test_battle_won_mean:      1.0000	test_bess_cost_reward_mean:-161.2473
test_buy_cost_reward_mean:-309601.8005	test_ep_length_mean:      24.0000	test_episode_limit_mean:   1.0000	test_generate_cost_reward_mean:-52.9540
test_grid_purchase_cost_mean:309601.8005	test_mean_soc_mean:        0.3218	test_return_mean:        -310.1515	test_return_std:          31.7284
test_soc_reserve_reward_mean:-17.1446	test_soc_violation_mean:  53.6668	test_total_power_loss_mean:14238.7790	total_power_loss_mean:   14189.8192
train/battery_action_clip:223.5316	train/battery_punishment_reward:-1117.6578	train/battle_won:          1.0000	train/bess_cost_reward:  -171.0466
train/buy_cost_reward:   -307954.3229	train/ep_length:          24.0000	train/episode:           1080.0000	train/episode_limit:       1.0000
train/generate_cost_reward:-40.5903	train/grid_purchase_cost:307954.3229	train/mean_soc:            0.2857	train/return_mean:       -308.4045
train/return_std:         33.4139	train/soc_reserve_reward:-18.1392	train/soc_violation:      42.4181	train/t_env:             41808.0000
train/total_power_loss:  14189.8192	
[INFO 21:28:53] root Recent Stats | t_env:      43392 | Episode:     1113
battery_action_clip_mean:212.8649	battery_punishment_reward_mean:-1064.3244	battle_won_mean:           1.0000	bess_cost_reward_mean:   -171.4025
buffer/episodes:         1764.0000	buy_cost_reward_mean:    -309529.2889	ep_length_mean:           24.0000	episode_limit_mean:        1.0000
eval/best_reward:        -307.2498	eval/best_win_rate:        1.0000	eval/ea_reward:          -310.3057	eval/ea_win_rate:          1.0000
eval/rl_reward:          -308.1707	eval/rl_win_rate:          1.0000	generate_cost_reward_mean:-40.4398	grid_purchase_cost_mean: 309529.2889
mean_soc_mean:             0.2837	return_mean:             -309.9618	return_std:               32.3939	soc_reserve_reward_mean: -18.1540
soc_violation_mean:       40.4024	test/battery_action_clip:282.6654	test/battery_punishment_reward:-1413.3268	test/battle_won:           1.0000
test/bess_cost_reward:   -161.2473	test/buy_cost_reward:    -309601.8005	test/ep_length:           24.0000	test/episode_limit:        1.0000
test/generate_cost_reward:-52.9540	test/grid_purchase_cost: 309601.8005	test/mean_soc:             0.3218	test/return_mean:        -310.1515
test/return_std:          31.7284	test/soc_reserve_reward: -17.1446	test/soc_violation:       53.6668	test/total_power_loss:   14238.7790
test_battery_action_clip_mean:282.6654	test_battery_punishment_reward_mean:-1413.3268	test_battle_won_mean:      1.0000	test_bess_cost_reward_mean:-161.2473
test_buy_cost_reward_mean:-309601.8005	test_ep_length_mean:      24.0000	test_episode_limit_mean:   1.0000	test_generate_cost_reward_mean:-52.9540
test_grid_purchase_cost_mean:309601.8005	test_mean_soc_mean:        0.3218	test_return_mean:        -310.1515	test_return_std:          31.7284
test_soc_reserve_reward_mean:-17.1446	test_soc_violation_mean:  53.6668	test_total_power_loss_mean:14238.7790	total_power_loss_mean:   14247.6020
train/battery_action_clip:212.8649	train/battery_punishment_reward:-1064.3244	train/battle_won:          1.0000	train/bess_cost_reward:  -171.4025
train/buy_cost_reward:   -309529.2889	train/ep_length:          24.0000	train/episode:           1091.0000	train/episode_limit:       1.0000
train/generate_cost_reward:-40.4398	train/grid_purchase_cost:309529.2889	train/mean_soc:            0.2837	train/return_mean:       -309.9618
train/return_std:         32.3939	train/soc_reserve_reward:-18.1540	train/soc_violation:      40.4024	train/t_env:             42336.0000
train/total_power_loss:  14247.6020	
[INFO 21:29:03] root Recent Stats | t_env:      43896 | Episode:     1124
battery_action_clip_mean:204.6869	battery_punishment_reward_mean:-1023.4347	battle_won_mean:           1.0000	bess_cost_reward_mean:   -176.6219
buffer/episodes:         1786.0000	buy_cost_reward_mean:    -311003.7322	ep_length_mean:           24.0000	episode_limit_mean:        1.0000
eval/best_reward:        -307.2498	eval/best_win_rate:        1.0000	eval/ea_reward:          -310.3057	eval/ea_win_rate:          1.0000
eval/rl_reward:          -308.1707	eval/rl_win_rate:          1.0000	generate_cost_reward_mean:-37.8471	grid_purchase_cost_mean: 311003.7322
mean_soc_mean:             0.2646	return_mean:             -311.4236	return_std:               34.0494	soc_reserve_reward_mean: -18.7890
soc_violation_mean:       38.8484	test/battery_action_clip:282.6654	test/battery_punishment_reward:-1413.3268	test/battle_won:           1.0000
test/bess_cost_reward:   -161.2473	test/buy_cost_reward:    -309601.8005	test/ep_length:           24.0000	test/episode_limit:        1.0000
test/generate_cost_reward:-52.9540	test/grid_purchase_cost: 309601.8005	test/mean_soc:             0.3218	test/return_mean:        -310.1515
test/return_std:          31.7284	test/soc_reserve_reward: -17.1446	test/soc_violation:       53.6668	test/total_power_loss:   14238.7790
test_battery_action_clip_mean:282.6654	test_battery_punishment_reward_mean:-1413.3268	test_battle_won_mean:      1.0000	test_bess_cost_reward_mean:-161.2473
test_buy_cost_reward_mean:-309601.8005	test_ep_length_mean:      24.0000	test_episode_limit_mean:   1.0000	test_generate_cost_reward_mean:-52.9540
test_grid_purchase_cost_mean:309601.8005	test_mean_soc_mean:        0.3218	test_return_mean:        -310.1515	test_return_std:          31.7284
test_soc_reserve_reward_mean:-17.1446	test_soc_violation_mean:  53.6668	test_total_power_loss_mean:14238.7790	total_power_loss_mean:   14318.6092
train/battery_action_clip:204.6869	train/battery_punishment_reward:-1023.4347	train/battle_won:          1.0000	train/bess_cost_reward:  -176.6219
train/buy_cost_reward:   -311003.7322	train/ep_length:          24.0000	train/episode:           1102.0000	train/episode_limit:       1.0000
train/generate_cost_reward:-37.8471	train/grid_purchase_cost:311003.7322	train/mean_soc:            0.2646	train/return_mean:       -311.4236
train/return_std:         34.0494	train/soc_reserve_reward:-18.7890	train/soc_violation:      38.8484	train/t_env:             42864.0000
train/total_power_loss:  14318.6092	
[INFO 21:29:15] root Recent Stats | t_env:      44400 | Episode:     1135
battery_action_clip_mean:206.7653	battery_punishment_reward_mean:-1033.8266	battle_won_mean:           1.0000	bess_cost_reward_mean:   -176.0739
buffer/episodes:         1808.0000	buy_cost_reward_mean:    -309068.3866	ep_length_mean:           24.0000	episode_limit_mean:        1.0000
eval/best_reward:        -307.2498	eval/best_win_rate:        1.0000	eval/ea_reward:          -310.3057	eval/ea_win_rate:          1.0000
eval/rl_reward:          -308.1707	eval/rl_win_rate:          1.0000	generate_cost_reward_mean:-40.1745	grid_purchase_cost_mean: 309068.3866
mean_soc_mean:             0.2670	return_mean:             -309.4924	return_std:               34.0133	soc_reserve_reward_mean: -18.7210
soc_violation_mean:       39.2348	test/battery_action_clip:282.6654	test/battery_punishment_reward:-1413.3268	test/battle_won:           1.0000
test/bess_cost_reward:   -161.2473	test/buy_cost_reward:    -309601.8005	test/ep_length:           24.0000	test/episode_limit:        1.0000
test/generate_cost_reward:-52.9540	test/grid_purchase_cost: 309601.8005	test/mean_soc:             0.3218	test/return_mean:        -310.1515
test/return_std:          31.7284	test/soc_reserve_reward: -17.1446	test/soc_violation:       53.6668	test/total_power_loss:   14238.7790
test_battery_action_clip_mean:282.6654	test_battery_punishment_reward_mean:-1413.3268	test_battle_won_mean:      1.0000	test_bess_cost_reward_mean:-161.2473
test_buy_cost_reward_mean:-309601.8005	test_ep_length_mean:      24.0000	test_episode_limit_mean:   1.0000	test_generate_cost_reward_mean:-52.9540
test_grid_purchase_cost_mean:309601.8005	test_mean_soc_mean:        0.3218	test_return_mean:        -310.1515	test_return_std:          31.7284
test_soc_reserve_reward_mean:-17.1446	test_soc_violation_mean:  53.6668	test_total_power_loss_mean:14238.7790	total_power_loss_mean:   14233.7916
train/battery_action_clip:206.7653	train/battery_punishment_reward:-1033.8266	train/battle_won:          1.0000	train/bess_cost_reward:  -176.0739
train/buy_cost_reward:   -309068.3866	train/ep_length:          24.0000	train/episode:           1113.0000	train/episode_limit:       1.0000
train/generate_cost_reward:-40.1745	train/grid_purchase_cost:309068.3866	train/mean_soc:            0.2670	train/return_mean:       -309.4924
train/return_std:         34.0133	train/soc_reserve_reward:-18.7210	train/soc_violation:      39.2348	train/t_env:             43392.0000
train/total_power_loss:  14233.7916	
[INFO 21:29:25] root t_env: 44880 / 300000
[INFO 21:29:25] root Estimated time left: 1 hours, 33 minutes, 31 seconds. Time passed: 12 minutes, 44 seconds
[INFO 21:29:32] root Recent Stats | t_env:      45024 | Episode:     1146
battery_action_clip_mean:226.6161	battery_punishment_reward_mean:-1133.0805	battle_won_mean:           1.0000	bess_cost_reward_mean:   -173.5096
buffer/episodes:         1830.0000	buy_cost_reward_mean:    -311445.2683	ep_length_mean:           24.0000	episode_limit_mean:        1.0000
eval/best_reward:        -307.8869	eval/best_win_rate:        1.0000	eval/ea_reward:          -311.1521	eval/ea_win_rate:          1.0000
eval/rl_reward:          -308.8078	eval/rl_win_rate:          1.0000	generate_cost_reward_mean:-38.8427	grid_purchase_cost_mean: 311445.2683
mean_soc_mean:             0.2770	return_mean:             -311.9009	return_std:               32.7261	soc_reserve_reward_mean: -18.5010
soc_violation_mean:       43.0015	test/battery_action_clip:281.9489	test/battery_punishment_reward:-1409.7446	test/battle_won:           1.0000
test/bess_cost_reward:   -193.8487	test/buy_cost_reward:    -312689.7299	test/ep_length:           24.0000	test/episode_limit:        1.0000
test/generate_cost_reward:-47.3967	test/grid_purchase_cost: 312689.7299	test/mean_soc:             0.2026	test/return_mean:        -313.2485
test/return_std:          32.8551	test/soc_reserve_reward: -21.4312	test/soc_violation:       53.5387	test/total_power_loss:   14374.3900
test_battery_action_clip_mean:281.9489	test_battery_punishment_reward_mean:-1409.7446	test_battle_won_mean:      1.0000	test_bess_cost_reward_mean:-193.8487
test_buy_cost_reward_mean:-312689.7299	test_ep_length_mean:      24.0000	test_episode_limit_mean:   1.0000	test_generate_cost_reward_mean:-47.3967
test_grid_purchase_cost_mean:312689.7299	test_mean_soc_mean:        0.2026	test_return_mean:        -313.2485	test_return_std:          32.8551
test_soc_reserve_reward_mean:-21.4312	test_soc_violation_mean:  53.5387	test_total_power_loss_mean:14374.3900	total_power_loss_mean:   14341.2272
train/battery_action_clip:226.6161	train/battery_punishment_reward:-1133.0805	train/battle_won:          1.0000	train/bess_cost_reward:  -173.5096
train/buy_cost_reward:   -311445.2683	train/ep_length:          24.0000	train/episode:           1124.0000	train/episode_limit:       1.0000
train/generate_cost_reward:-38.8427	train/grid_purchase_cost:311445.2683	train/mean_soc:            0.2770	train/return_mean:       -311.9009
train/return_std:         32.7261	train/soc_reserve_reward:-18.5010	train/soc_violation:      43.0015	train/t_env:             43920.0000
train/total_power_loss:  14341.2272	
[INFO 21:29:44] root Recent Stats | t_env:      45528 | Episode:     1157
battery_action_clip_mean:232.9520	battery_punishment_reward_mean:-1164.7599	battle_won_mean:           1.0000	bess_cost_reward_mean:   -171.9476
buffer/episodes:         1852.0000	buy_cost_reward_mean:    -313754.0448	ep_length_mean:           24.0000	episode_limit_mean:        1.0000
eval/best_reward:        -307.8869	eval/best_win_rate:        1.0000	eval/ea_reward:          -311.1521	eval/ea_win_rate:          1.0000
eval/rl_reward:          -308.8078	eval/rl_win_rate:          1.0000	generate_cost_reward_mean:-37.7063	grid_purchase_cost_mean: 313754.0448
mean_soc_mean:             0.2830	return_mean:             -314.2193	return_std:               32.8015	soc_reserve_reward_mean: -18.2962
soc_violation_mean:       44.1962	test/battery_action_clip:281.9489	test/battery_punishment_reward:-1409.7446	test/battle_won:           1.0000
test/bess_cost_reward:   -193.8487	test/buy_cost_reward:    -312689.7299	test/ep_length:           24.0000	test/episode_limit:        1.0000
test/generate_cost_reward:-47.3967	test/grid_purchase_cost: 312689.7299	test/mean_soc:             0.2026	test/return_mean:        -313.2485
test/return_std:          32.8551	test/soc_reserve_reward: -21.4312	test/soc_violation:       53.5387	test/total_power_loss:   14374.3900
test_battery_action_clip_mean:281.9489	test_battery_punishment_reward_mean:-1409.7446	test_battle_won_mean:      1.0000	test_bess_cost_reward_mean:-193.8487
test_buy_cost_reward_mean:-312689.7299	test_ep_length_mean:      24.0000	test_episode_limit_mean:   1.0000	test_generate_cost_reward_mean:-47.3967
test_grid_purchase_cost_mean:312689.7299	test_mean_soc_mean:        0.2026	test_return_mean:        -313.2485	test_return_std:          32.8551
test_soc_reserve_reward_mean:-21.4312	test_soc_violation_mean:  53.5387	test_total_power_loss_mean:14374.3900	total_power_loss_mean:   14439.9798
train/battery_action_clip:232.9520	train/battery_punishment_reward:-1164.7599	train/battle_won:          1.0000	train/bess_cost_reward:  -171.9476
train/buy_cost_reward:   -313754.0448	train/ep_length:          24.0000	train/episode:           1135.0000	train/episode_limit:       1.0000
train/generate_cost_reward:-37.7063	train/grid_purchase_cost:313754.0448	train/mean_soc:            0.2830	train/return_mean:       -314.2193
train/return_std:         32.8015	train/soc_reserve_reward:-18.2962	train/soc_violation:      44.1962	train/t_env:             44448.0000
train/total_power_loss:  14439.9798	
[INFO 21:29:55] root Recent Stats | t_env:      46032 | Episode:     1168
battery_action_clip_mean:227.5987	battery_punishment_reward_mean:-1137.9936	battle_won_mean:           1.0000	bess_cost_reward_mean:   -172.6929
buffer/episodes:         1874.0000	buy_cost_reward_mean:    -314541.0693	ep_length_mean:           24.0000	episode_limit_mean:        1.0000
eval/best_reward:        -307.8869	eval/best_win_rate:        1.0000	eval/ea_reward:          -311.1521	eval/ea_win_rate:          1.0000
eval/rl_reward:          -308.8078	eval/rl_win_rate:          1.0000	generate_cost_reward_mean:-38.6978	grid_purchase_cost_mean: 314541.0693
mean_soc_mean:             0.2803	return_mean:             -314.9980	return_std:               34.1185	soc_reserve_reward_mean: -18.4481
soc_violation_mean:       43.1841	test/battery_action_clip:281.9489	test/battery_punishment_reward:-1409.7446	test/battle_won:           1.0000
test/bess_cost_reward:   -193.8487	test/buy_cost_reward:    -312689.7299	test/ep_length:           24.0000	test/episode_limit:        1.0000
test/generate_cost_reward:-47.3967	test/grid_purchase_cost: 312689.7299	test/mean_soc:             0.2026	test/return_mean:        -313.2485
test/return_std:          32.8551	test/soc_reserve_reward: -21.4312	test/soc_violation:       53.5387	test/total_power_loss:   14374.3900
test_battery_action_clip_mean:281.9489	test_battery_punishment_reward_mean:-1409.7446	test_battle_won_mean:      1.0000	test_bess_cost_reward_mean:-193.8487
test_buy_cost_reward_mean:-312689.7299	test_ep_length_mean:      24.0000	test_episode_limit_mean:   1.0000	test_generate_cost_reward_mean:-47.3967
test_grid_purchase_cost_mean:312689.7299	test_mean_soc_mean:        0.2026	test_return_mean:        -313.2485	test_return_std:          32.8551
test_soc_reserve_reward_mean:-21.4312	test_soc_violation_mean:  53.5387	test_total_power_loss_mean:14374.3900	total_power_loss_mean:   14471.7091
train/battery_action_clip:227.5987	train/battery_punishment_reward:-1137.9936	train/battle_won:          1.0000	train/bess_cost_reward:  -172.6929
train/buy_cost_reward:   -314541.0693	train/ep_length:          24.0000	train/episode:           1146.0000	train/episode_limit:       1.0000
train/generate_cost_reward:-38.6978	train/grid_purchase_cost:314541.0693	train/mean_soc:            0.2803	train/return_mean:       -314.9980
train/return_std:         34.1185	train/soc_reserve_reward:-18.4481	train/soc_violation:      43.1841	train/t_env:             44976.0000
train/total_power_loss:  14471.7091	
[INFO 21:30:03] root Recent Stats | t_env:      46536 | Episode:     1179
battery_action_clip_mean:222.1703	battery_punishment_reward_mean:-1110.8515	battle_won_mean:           1.0000	bess_cost_reward_mean:   -171.5883
buffer/episodes:         1896.0000	buy_cost_reward_mean:    -314990.0246	ep_length_mean:           24.0000	episode_limit_mean:        1.0000
eval/best_reward:        -307.8869	eval/best_win_rate:        1.0000	eval/ea_reward:          -311.1521	eval/ea_win_rate:          1.0000
eval/rl_reward:          -308.8078	eval/rl_win_rate:          1.0000	generate_cost_reward_mean:-39.8163	grid_purchase_cost_mean: 314990.0246
mean_soc_mean:             0.2839	return_mean:             -315.4379	return_std:               32.9036	soc_reserve_reward_mean: -18.2935
soc_violation_mean:       42.1579	test/battery_action_clip:281.9489	test/battery_punishment_reward:-1409.7446	test/battle_won:           1.0000
test/bess_cost_reward:   -193.8487	test/buy_cost_reward:    -312689.7299	test/ep_length:           24.0000	test/episode_limit:        1.0000
test/generate_cost_reward:-47.3967	test/grid_purchase_cost: 312689.7299	test/mean_soc:             0.2026	test/return_mean:        -313.2485
test/return_std:          32.8551	test/soc_reserve_reward: -21.4312	test/soc_violation:       53.5387	test/total_power_loss:   14374.3900
test_battery_action_clip_mean:281.9489	test_battery_punishment_reward_mean:-1409.7446	test_battle_won_mean:      1.0000	test_bess_cost_reward_mean:-193.8487
test_buy_cost_reward_mean:-312689.7299	test_ep_length_mean:      24.0000	test_episode_limit_mean:   1.0000	test_generate_cost_reward_mean:-47.3967
test_grid_purchase_cost_mean:312689.7299	test_mean_soc_mean:        0.2026	test_return_mean:        -313.2485	test_return_std:          32.8551
test_soc_reserve_reward_mean:-21.4312	test_soc_violation_mean:  53.5387	test_total_power_loss_mean:14374.3900	total_power_loss_mean:   14483.8640
train/battery_action_clip:222.1703	train/battery_punishment_reward:-1110.8515	train/battle_won:          1.0000	train/bess_cost_reward:  -171.5883
train/buy_cost_reward:   -314990.0246	train/ep_length:          24.0000	train/episode:           1157.0000	train/episode_limit:       1.0000
train/generate_cost_reward:-39.8163	train/grid_purchase_cost:314990.0246	train/mean_soc:            0.2839	train/return_mean:       -315.4379
train/return_std:         32.9036	train/soc_reserve_reward:-18.2935	train/soc_violation:      42.1579	train/t_env:             45504.0000
train/total_power_loss:  14483.8640	
[INFO 21:30:13] root t_env: 46944 / 300000
[INFO 21:30:13] root Estimated time left: 1 hours, 37 minutes, 13 seconds. Time passed: 13 minutes, 32 seconds
[INFO 21:30:15] root Recent Stats | t_env:      47040 | Episode:     1190
battery_action_clip_mean:219.7953	battery_punishment_reward_mean:-1098.9764	battle_won_mean:           1.0000	bess_cost_reward_mean:   -174.1757
buffer/episodes:         1918.0000	buy_cost_reward_mean:    -317205.6271	ep_length_mean:           24.0000	episode_limit_mean:        1.0000
eval/best_reward:        -306.8852	eval/best_win_rate:        1.0000	eval/ea_reward:          -310.1504	eval/ea_win_rate:          1.0000
eval/rl_reward:          -308.4561	eval/rl_win_rate:          1.0000	generate_cost_reward_mean:-38.9919	grid_purchase_cost_mean: 317205.6271
mean_soc_mean:             0.2744	return_mean:             -317.6502	return_std:               32.6054	soc_reserve_reward_mean: -18.6709
soc_violation_mean:       41.7075	test/battery_action_clip:227.9732	test/battery_punishment_reward:-1139.8660	test/battle_won:           1.0000
test/bess_cost_reward:   -193.9883	test/buy_cost_reward:    -309235.0658	test/ep_length:           24.0000	test/episode_limit:        1.0000
test/generate_cost_reward:-39.8235	test/grid_purchase_cost: 309235.0658	test/mean_soc:             0.2016	test/return_mean:        -309.7011
test/return_std:          32.6967	test/soc_reserve_reward: -21.4309	test/soc_violation:       43.2923	test/total_power_loss:   14229.2030
test_battery_action_clip_mean:227.9732	test_battery_punishment_reward_mean:-1139.8660	test_battle_won_mean:      1.0000	test_bess_cost_reward_mean:-193.9883
test_buy_cost_reward_mean:-309235.0658	test_ep_length_mean:      24.0000	test_episode_limit_mean:   1.0000	test_generate_cost_reward_mean:-39.8235
test_grid_purchase_cost_mean:309235.0658	test_mean_soc_mean:        0.2016	test_return_mean:        -309.7011	test_return_std:          32.6967
test_soc_reserve_reward_mean:-21.4309	test_soc_violation_mean:  43.2923	test_total_power_loss_mean:14229.2030	total_power_loss_mean:   14578.0395
train/battery_action_clip:219.7953	train/battery_punishment_reward:-1098.9764	train/battle_won:          1.0000	train/bess_cost_reward:  -174.1757
train/buy_cost_reward:   -317205.6271	train/ep_length:          24.0000	train/episode:           1168.0000	train/episode_limit:       1.0000
train/generate_cost_reward:-38.9919	train/grid_purchase_cost:317205.6271	train/mean_soc:            0.2744	train/return_mean:       -317.6502
train/return_std:         32.6054	train/soc_reserve_reward:-18.6709	train/soc_violation:      41.7075	train/t_env:             46032.0000
train/total_power_loss:  14578.0395	
[INFO 21:30:30] root Recent Stats | t_env:      47664 | Episode:     1201
battery_action_clip_mean:205.2737	battery_punishment_reward_mean:-1026.3687	battle_won_mean:           1.0000	bess_cost_reward_mean:   -173.7771
buffer/episodes:         1940.0000	buy_cost_reward_mean:    -314015.9665	ep_length_mean:           24.0000	episode_limit_mean:        1.0000
eval/best_reward:        -306.8852	eval/best_win_rate:        1.0000	eval/ea_reward:          -310.1504	eval/ea_win_rate:          1.0000
eval/rl_reward:          -308.4561	eval/rl_win_rate:          1.0000	generate_cost_reward_mean:-41.2344	grid_purchase_cost_mean: 314015.9665
mean_soc_mean:             0.2755	return_mean:             -314.4370	return_std:               33.0386	soc_reserve_reward_mean: -18.5574
soc_violation_mean:       38.9528	test/battery_action_clip:227.9732	test/battery_punishment_reward:-1139.8660	test/battle_won:           1.0000
test/bess_cost_reward:   -193.9883	test/buy_cost_reward:    -309235.0658	test/ep_length:           24.0000	test/episode_limit:        1.0000
test/generate_cost_reward:-39.8235	test/grid_purchase_cost: 309235.0658	test/mean_soc:             0.2016	test/return_mean:        -309.7011
test/return_std:          32.6967	test/soc_reserve_reward: -21.4309	test/soc_violation:       43.2923	test/total_power_loss:   14229.2030
test_battery_action_clip_mean:227.9732	test_battery_punishment_reward_mean:-1139.8660	test_battle_won_mean:      1.0000	test_bess_cost_reward_mean:-193.9883
test_buy_cost_reward_mean:-309235.0658	test_ep_length_mean:      24.0000	test_episode_limit_mean:   1.0000	test_generate_cost_reward_mean:-39.8235
test_grid_purchase_cost_mean:309235.0658	test_mean_soc_mean:        0.2016	test_return_mean:        -309.7011	test_return_std:          32.6967
test_soc_reserve_reward_mean:-21.4309	test_soc_violation_mean:  43.2923	test_total_power_loss_mean:14229.2030	total_power_loss_mean:   14449.5030
train/battery_action_clip:205.2737	train/battery_punishment_reward:-1026.3687	train/battle_won:          1.0000	train/bess_cost_reward:  -173.7771
train/buy_cost_reward:   -314015.9665	train/ep_length:          24.0000	train/episode:           1179.0000	train/episode_limit:       1.0000
train/generate_cost_reward:-41.2344	train/grid_purchase_cost:314015.9665	train/mean_soc:            0.2755	train/return_mean:       -314.4370
train/return_std:         33.0386	train/soc_reserve_reward:-18.5574	train/soc_violation:      38.9528	train/t_env:             46560.0000
train/total_power_loss:  14449.5030	
[INFO 21:30:41] root Recent Stats | t_env:      48168 | Episode:     1212
battery_action_clip_mean:198.6632	battery_punishment_reward_mean:-993.3159	battle_won_mean:           1.0000	bess_cost_reward_mean:   -173.7488
buffer/episodes:         1962.0000	buy_cost_reward_mean:    -312236.0758	ep_length_mean:           24.0000	episode_limit_mean:        1.0000
eval/best_reward:        -306.8852	eval/best_win_rate:        1.0000	eval/ea_reward:          -310.1504	eval/ea_win_rate:          1.0000
eval/rl_reward:          -308.4561	eval/rl_win_rate:          1.0000	generate_cost_reward_mean:-42.4084	grid_purchase_cost_mean: 312236.0758
mean_soc_mean:             0.2750	return_mean:             -312.6465	return_std:               35.4659	soc_reserve_reward_mean: -18.5670
soc_violation_mean:       37.7134	test/battery_action_clip:227.9732	test/battery_punishment_reward:-1139.8660	test/battle_won:           1.0000
test/bess_cost_reward:   -193.9883	test/buy_cost_reward:    -309235.0658	test/ep_length:           24.0000	test/episode_limit:        1.0000
test/generate_cost_reward:-39.8235	test/grid_purchase_cost: 309235.0658	test/mean_soc:             0.2016	test/return_mean:        -309.7011
test/return_std:          32.6967	test/soc_reserve_reward: -21.4309	test/soc_violation:       43.2923	test/total_power_loss:   14229.2030
test_battery_action_clip_mean:227.9732	test_battery_punishment_reward_mean:-1139.8660	test_battle_won_mean:      1.0000	test_bess_cost_reward_mean:-193.9883
test_buy_cost_reward_mean:-309235.0658	test_ep_length_mean:      24.0000	test_episode_limit_mean:   1.0000	test_generate_cost_reward_mean:-39.8235
test_grid_purchase_cost_mean:309235.0658	test_mean_soc_mean:        0.2016	test_return_mean:        -309.7011	test_return_std:          32.6967
test_soc_reserve_reward_mean:-21.4309	test_soc_violation_mean:  43.2923	test_total_power_loss_mean:14229.2030	total_power_loss_mean:   14373.6066
train/battery_action_clip:198.6632	train/battery_punishment_reward:-993.3159	train/battle_won:          1.0000	train/bess_cost_reward:  -173.7488
train/buy_cost_reward:   -312236.0758	train/ep_length:          24.0000	train/episode:           1190.0000	train/episode_limit:       1.0000
train/generate_cost_reward:-42.4084	train/grid_purchase_cost:312236.0758	train/mean_soc:            0.2750	train/return_mean:       -312.6465
train/return_std:         35.4659	train/soc_reserve_reward:-18.5670	train/soc_violation:      37.7134	train/t_env:             47088.0000
train/total_power_loss:  14373.6066	
[INFO 21:30:53] root Recent Stats | t_env:      48672 | Episode:     1223
battery_action_clip_mean:205.3602	battery_punishment_reward_mean:-1026.8011	battle_won_mean:           1.0000	bess_cost_reward_mean:   -171.7463
buffer/episodes:         1984.0000	buy_cost_reward_mean:    -311194.7456	ep_length_mean:           24.0000	episode_limit_mean:        1.0000
eval/best_reward:        -306.8852	eval/best_win_rate:        1.0000	eval/ea_reward:          -310.1504	eval/ea_win_rate:          1.0000
eval/rl_reward:          -308.4561	eval/rl_win_rate:          1.0000	generate_cost_reward_mean:-40.4004	grid_purchase_cost_mean: 311194.7456
mean_soc_mean:             0.2822	return_mean:             -311.6149	return_std:               35.7254	soc_reserve_reward_mean: -18.2779
soc_violation_mean:       38.9848	test/battery_action_clip:227.9732	test/battery_punishment_reward:-1139.8660	test/battle_won:           1.0000
test/bess_cost_reward:   -193.9883	test/buy_cost_reward:    -309235.0658	test/ep_length:           24.0000	test/episode_limit:        1.0000
test/generate_cost_reward:-39.8235	test/grid_purchase_cost: 309235.0658	test/mean_soc:             0.2016	test/return_mean:        -309.7011
test/return_std:          32.6967	test/soc_reserve_reward: -21.4309	test/soc_violation:       43.2923	test/total_power_loss:   14229.2030
test_battery_action_clip_mean:227.9732	test_battery_punishment_reward_mean:-1139.8660	test_battle_won_mean:      1.0000	test_bess_cost_reward_mean:-193.9883
test_buy_cost_reward_mean:-309235.0658	test_ep_length_mean:      24.0000	test_episode_limit_mean:   1.0000	test_generate_cost_reward_mean:-39.8235
test_grid_purchase_cost_mean:309235.0658	test_mean_soc_mean:        0.2016	test_return_mean:        -309.7011	test_return_std:          32.6967
test_soc_reserve_reward_mean:-21.4309	test_soc_violation_mean:  43.2923	test_total_power_loss_mean:14229.2030	total_power_loss_mean:   14346.7566
train/battery_action_clip:205.3602	train/battery_punishment_reward:-1026.8011	train/battle_won:          1.0000	train/bess_cost_reward:  -171.7463
train/buy_cost_reward:   -311194.7456	train/ep_length:          24.0000	train/episode:           1201.0000	train/episode_limit:       1.0000
train/generate_cost_reward:-40.4004	train/grid_purchase_cost:311194.7456	train/mean_soc:            0.2822	train/return_mean:       -311.6149
train/return_std:         35.7254	train/soc_reserve_reward:-18.2779	train/soc_violation:      38.9848	train/t_env:             47616.0000
train/total_power_loss:  14346.7566	
[INFO 21:30:57] root t_env: 48960 / 300000
[INFO 21:30:57] root Estimated time left: 1 hours, 30 minutes, 53 seconds. Time passed: 14 minutes, 15 seconds
[INFO 21:31:04] root Recent Stats | t_env:      49176 | Episode:     1234
battery_action_clip_mean:226.4149	battery_punishment_reward_mean:-1132.0746	battle_won_mean:           1.0000	bess_cost_reward_mean:   -167.2681
buffer/episodes:         2006.0000	buy_cost_reward_mean:    -306965.5808	ep_length_mean:           24.0000	episode_limit_mean:        1.0000
eval/best_reward:        -307.6882	eval/best_win_rate:        1.0000	eval/ea_reward:          -313.4974	eval/ea_win_rate:          1.0000
eval/rl_reward:          -309.2591	eval/rl_win_rate:          1.0000	generate_cost_reward_mean:-40.9376	grid_purchase_cost_mean: 306965.5808
mean_soc_mean:             0.2992	return_mean:             -307.4193	return_std:               34.7743	soc_reserve_reward_mean: -17.7725
soc_violation_mean:       42.9805	test/battery_action_clip:217.5549	test/battery_punishment_reward:-1087.7744	test/battle_won:           1.0000
test/bess_cost_reward:   -193.4902	test/buy_cost_reward:    -312778.5196	test/ep_length:           24.0000	test/episode_limit:        1.0000
test/generate_cost_reward:-41.2648	test/grid_purchase_cost: 312778.5196	test/mean_soc:             0.2034	test/return_mean:        -313.2276
test/return_std:          33.4040	test/soc_reserve_reward: -21.3409	test/soc_violation:       41.3116	test/total_power_loss:   14404.4976
test_battery_action_clip_mean:217.5549	test_battery_punishment_reward_mean:-1087.7744	test_battle_won_mean:      1.0000	test_bess_cost_reward_mean:-193.4902
test_buy_cost_reward_mean:-312778.5196	test_ep_length_mean:      24.0000	test_episode_limit_mean:   1.0000	test_generate_cost_reward_mean:-41.2648
test_grid_purchase_cost_mean:312778.5196	test_mean_soc_mean:        0.2034	test_return_mean:        -313.2276	test_return_std:          33.4040
test_soc_reserve_reward_mean:-21.3409	test_soc_violation_mean:  41.3116	test_total_power_loss_mean:14404.4976	total_power_loss_mean:   14171.1268
train/battery_action_clip:226.4149	train/battery_punishment_reward:-1132.0746	train/battle_won:          1.0000	train/bess_cost_reward:  -167.2681
train/buy_cost_reward:   -306965.5808	train/ep_length:          24.0000	train/episode:           1212.0000	train/episode_limit:       1.0000
train/generate_cost_reward:-40.9376	train/grid_purchase_cost:306965.5808	train/mean_soc:            0.2992	train/return_mean:       -307.4193
train/return_std:         34.7743	train/soc_reserve_reward:-17.7725	train/soc_violation:      42.9805	train/t_env:             48144.0000
train/total_power_loss:  14171.1268	
[INFO 21:31:15] root Recent Stats | t_env:      49680 | Episode:     1245
battery_action_clip_mean:233.5102	battery_punishment_reward_mean:-1167.5510	battle_won_mean:           1.0000	bess_cost_reward_mean:   -161.1171
buffer/episodes:         2028.0000	buy_cost_reward_mean:    -305963.6911	ep_length_mean:           24.0000	episode_limit_mean:        1.0000
eval/best_reward:        -307.6882	eval/best_win_rate:        1.0000	eval/ea_reward:          -313.4974	eval/ea_win_rate:          1.0000
eval/rl_reward:          -309.2591	eval/rl_win_rate:          1.0000	generate_cost_reward_mean:-39.8459	grid_purchase_cost_mean: 305963.6911
mean_soc_mean:             0.3216	return_mean:             -306.4266	return_std:               35.8415	soc_reserve_reward_mean: -16.9724
soc_violation_mean:       44.3323	test/battery_action_clip:217.5549	test/battery_punishment_reward:-1087.7744	test/battle_won:           1.0000
test/bess_cost_reward:   -193.4902	test/buy_cost_reward:    -312778.5196	test/ep_length:           24.0000	test/episode_limit:        1.0000
test/generate_cost_reward:-41.2648	test/grid_purchase_cost: 312778.5196	test/mean_soc:             0.2034	test/return_mean:        -313.2276
test/return_std:          33.4040	test/soc_reserve_reward: -21.3409	test/soc_violation:       41.3116	test/total_power_loss:   14404.4976
test_battery_action_clip_mean:217.5549	test_battery_punishment_reward_mean:-1087.7744	test_battle_won_mean:      1.0000	test_bess_cost_reward_mean:-193.4902
test_buy_cost_reward_mean:-312778.5196	test_ep_length_mean:      24.0000	test_episode_limit_mean:   1.0000	test_generate_cost_reward_mean:-41.2648
test_grid_purchase_cost_mean:312778.5196	test_mean_soc_mean:        0.2034	test_return_mean:        -313.2276	test_return_std:          33.4040
test_soc_reserve_reward_mean:-21.3409	test_soc_violation_mean:  41.3116	test_total_power_loss_mean:14404.4976	total_power_loss_mean:   14123.0744
train/battery_action_clip:233.5102	train/battery_punishment_reward:-1167.5510	train/battle_won:          1.0000	train/bess_cost_reward:  -161.1171
train/buy_cost_reward:   -305963.6911	train/ep_length:          24.0000	train/episode:           1223.0000	train/episode_limit:       1.0000
train/generate_cost_reward:-39.8459	train/grid_purchase_cost:305963.6911	train/mean_soc:            0.3216	train/return_mean:       -306.4266
train/return_std:         35.8415	train/soc_reserve_reward:-16.9724	train/soc_violation:      44.3323	train/t_env:             48672.0000
train/total_power_loss:  14123.0744	
[INFO 21:31:30] root Saving models to results\models\facmac_smac__2026-06-15_21-16-36\50304
[INFO 21:31:30] root Recent Stats | t_env:      50304 | Episode:     1256
battery_action_clip_mean:248.1294	battery_punishment_reward_mean:-1240.6469	battle_won_mean:           1.0000	bess_cost_reward_mean:   -159.2257
buffer/episodes:         2050.0000	buy_cost_reward_mean:    -304305.7746	ep_length_mean:           24.0000	episode_limit_mean:        1.0000
eval/best_reward:        -307.6882	eval/best_win_rate:        1.0000	eval/ea_reward:          -313.4974	eval/ea_win_rate:          1.0000
eval/rl_reward:          -309.2591	eval/rl_win_rate:          1.0000	generate_cost_reward_mean:-38.7522	grid_purchase_cost_mean: 304305.7746
mean_soc_mean:             0.3289	return_mean:             -304.7919	return_std:               36.3358	soc_reserve_reward_mean: -16.7698
soc_violation_mean:       47.1047	test/battery_action_clip:217.5549	test/battery_punishment_reward:-1087.7744	test/battle_won:           1.0000
test/bess_cost_reward:   -193.4902	test/buy_cost_reward:    -312778.5196	test/ep_length:           24.0000	test/episode_limit:        1.0000
test/generate_cost_reward:-41.2648	test/grid_purchase_cost: 312778.5196	test/mean_soc:             0.2034	test/return_mean:        -313.2276
test/return_std:          33.4040	test/soc_reserve_reward: -21.3409	test/soc_violation:       41.3116	test/total_power_loss:   14404.4976
test_battery_action_clip_mean:217.5549	test_battery_punishment_reward_mean:-1087.7744	test_battle_won_mean:      1.0000	test_bess_cost_reward_mean:-193.4902
test_buy_cost_reward_mean:-312778.5196	test_ep_length_mean:      24.0000	test_episode_limit_mean:   1.0000	test_generate_cost_reward_mean:-41.2648
test_grid_purchase_cost_mean:312778.5196	test_mean_soc_mean:        0.2034	test_return_mean:        -313.2276	test_return_std:          33.4040
test_soc_reserve_reward_mean:-21.3409	test_soc_violation_mean:  41.3116	test_total_power_loss_mean:14404.4976	total_power_loss_mean:   14044.4104
train/battery_action_clip:248.1294	train/battery_punishment_reward:-1240.6469	train/battle_won:          1.0000	train/bess_cost_reward:  -159.2257
train/buy_cost_reward:   -304305.7746	train/ep_length:          24.0000	train/episode:           1234.0000	train/episode_limit:       1.0000
train/generate_cost_reward:-38.7522	train/grid_purchase_cost:304305.7746	train/mean_soc:            0.3289	train/return_mean:       -304.7919
train/return_std:         36.3358	train/soc_reserve_reward:-16.7698	train/soc_violation:      47.1047	train/t_env:             49200.0000
train/total_power_loss:  14044.4104	
[INFO 21:31:40] root Recent Stats | t_env:      50808 | Episode:     1267
battery_action_clip_mean:255.2093	battery_punishment_reward_mean:-1276.0465	battle_won_mean:           1.0000	bess_cost_reward_mean:   -157.5862
buffer/episodes:         2072.0000	buy_cost_reward_mean:    -305246.3101	ep_length_mean:           24.0000	episode_limit_mean:        1.0000
eval/best_reward:        -307.6882	eval/best_win_rate:        1.0000	eval/ea_reward:          -313.4974	eval/ea_win_rate:          1.0000
eval/rl_reward:          -309.2591	eval/rl_win_rate:          1.0000	generate_cost_reward_mean:-39.2208	grid_purchase_cost_mean: 305246.3101
mean_soc_mean:             0.3353	return_mean:             -305.7438	return_std:               35.4812	soc_reserve_reward_mean: -16.5832
soc_violation_mean:       48.4439	test/battery_action_clip:217.5549	test/battery_punishment_reward:-1087.7744	test/battle_won:           1.0000
test/bess_cost_reward:   -193.4902	test/buy_cost_reward:    -312778.5196	test/ep_length:           24.0000	test/episode_limit:        1.0000
test/generate_cost_reward:-41.2648	test/grid_purchase_cost: 312778.5196	test/mean_soc:             0.2034	test/return_mean:        -313.2276
test/return_std:          33.4040	test/soc_reserve_reward: -21.3409	test/soc_violation:       41.3116	test/total_power_loss:   14404.4976
test_battery_action_clip_mean:217.5549	test_battery_punishment_reward_mean:-1087.7744	test_battle_won_mean:      1.0000	test_bess_cost_reward_mean:-193.4902
test_buy_cost_reward_mean:-312778.5196	test_ep_length_mean:      24.0000	test_episode_limit_mean:   1.0000	test_generate_cost_reward_mean:-41.2648
test_grid_purchase_cost_mean:312778.5196	test_mean_soc_mean:        0.2034	test_return_mean:        -313.2276	test_return_std:          33.4040
test_soc_reserve_reward_mean:-21.3409	test_soc_violation_mean:  41.3116	test_total_power_loss_mean:14404.4976	total_power_loss_mean:   14077.1010
train/battery_action_clip:255.2093	train/battery_punishment_reward:-1276.0465	train/battle_won:          1.0000	train/bess_cost_reward:  -157.5862
train/buy_cost_reward:   -305246.3101	train/ep_length:          24.0000	train/episode:           1245.0000	train/episode_limit:       1.0000
train/generate_cost_reward:-39.2208	train/grid_purchase_cost:305246.3101	train/mean_soc:            0.3353	train/return_mean:       -305.7438
train/return_std:         35.4812	train/soc_reserve_reward:-16.5832	train/soc_violation:      48.4439	train/t_env:             49728.0000
train/total_power_loss:  14077.1010	
[INFO 21:31:45] root t_env: 51024 / 300000
[INFO 21:31:45] root Estimated time left: 1 hours, 37 minutes, 14 seconds. Time passed: 15 minutes, 4 seconds
[INFO 21:31:51] root Recent Stats | t_env:      51312 | Episode:     1278
battery_action_clip_mean:260.7268	battery_punishment_reward_mean:-1303.6341	battle_won_mean:           1.0000	bess_cost_reward_mean:   -160.5275
buffer/episodes:         2094.0000	buy_cost_reward_mean:    -306149.3442	ep_length_mean:           24.0000	episode_limit_mean:        1.0000
eval/best_reward:        -308.2986	eval/best_win_rate:        1.0000	eval/ea_reward:          -312.9431	eval/ea_win_rate:          1.0000
eval/rl_reward:          -310.9982	eval/rl_win_rate:          1.0000	generate_cost_reward_mean:-38.8883	grid_purchase_cost_mean: 306149.3442
mean_soc_mean:             0.3247	return_mean:             -306.6570	return_std:               33.4284	soc_reserve_reward_mean: -16.9944
soc_violation_mean:       49.4889	test/battery_action_clip:270.6392	test/battery_punishment_reward:-1353.1959	test/battle_won:           1.0000
test/bess_cost_reward:   -193.2927	test/buy_cost_reward:    -315437.1803	test/ep_length:           24.0000	test/episode_limit:        1.0000
test/generate_cost_reward:-42.2419	test/grid_purchase_cost: 315437.1803	test/mean_soc:             0.2047	test/return_mean:        -315.9750
test/return_std:          30.3470	test/soc_reserve_reward: -21.3137	test/soc_violation:       51.3818	test/total_power_loss:   14500.1893
test_battery_action_clip_mean:270.6392	test_battery_punishment_reward_mean:-1353.1959	test_battle_won_mean:      1.0000	test_bess_cost_reward_mean:-193.2927
test_buy_cost_reward_mean:-315437.1803	test_ep_length_mean:      24.0000	test_episode_limit_mean:   1.0000	test_generate_cost_reward_mean:-42.2419
test_grid_purchase_cost_mean:315437.1803	test_mean_soc_mean:        0.2047	test_return_mean:        -315.9750	test_return_std:          30.3470
test_soc_reserve_reward_mean:-21.3137	test_soc_violation_mean:  51.3818	test_total_power_loss_mean:14500.1893	total_power_loss_mean:   14098.3041
train/battery_action_clip:260.7268	train/battery_punishment_reward:-1303.6341	train/battle_won:          1.0000	train/bess_cost_reward:  -160.5275
train/buy_cost_reward:   -306149.3442	train/ep_length:          24.0000	train/episode:           1256.0000	train/episode_limit:       1.0000
train/generate_cost_reward:-38.8883	train/grid_purchase_cost:306149.3442	train/mean_soc:            0.3247	train/return_mean:       -306.6570
train/return_std:         33.4284	train/soc_reserve_reward:-16.9944	train/soc_violation:      49.4889	train/t_env:             50256.0000
train/total_power_loss:  14098.3041	
[INFO 21:32:01] root Recent Stats | t_env:      51816 | Episode:     1289
battery_action_clip_mean:247.8436	battery_punishment_reward_mean:-1239.2182	battle_won_mean:           1.0000	bess_cost_reward_mean:   -163.3180
buffer/episodes:         2116.0000	buy_cost_reward_mean:    -308389.0937	ep_length_mean:           24.0000	episode_limit_mean:        1.0000
eval/best_reward:        -308.2986	eval/best_win_rate:        1.0000	eval/ea_reward:          -312.9431	eval/ea_win_rate:          1.0000
eval/rl_reward:          -310.9982	eval/rl_win_rate:          1.0000	generate_cost_reward_mean:-40.3097	grid_purchase_cost_mean: 308389.0937
mean_soc_mean:             0.3143	return_mean:             -308.8769	return_std:               33.5730	soc_reserve_reward_mean: -17.3173
soc_violation_mean:       47.0448	test/battery_action_clip:270.6392	test/battery_punishment_reward:-1353.1959	test/battle_won:           1.0000
test/bess_cost_reward:   -193.2927	test/buy_cost_reward:    -315437.1803	test/ep_length:           24.0000	test/episode_limit:        1.0000
test/generate_cost_reward:-42.2419	test/grid_purchase_cost: 315437.1803	test/mean_soc:             0.2047	test/return_mean:        -315.9750
test/return_std:          30.3470	test/soc_reserve_reward: -21.3137	test/soc_violation:       51.3818	test/total_power_loss:   14500.1893
test_battery_action_clip_mean:270.6392	test_battery_punishment_reward_mean:-1353.1959	test_battle_won_mean:      1.0000	test_bess_cost_reward_mean:-193.2927
test_buy_cost_reward_mean:-315437.1803	test_ep_length_mean:      24.0000	test_episode_limit_mean:   1.0000	test_generate_cost_reward_mean:-42.2419
test_grid_purchase_cost_mean:315437.1803	test_mean_soc_mean:        0.2047	test_return_mean:        -315.9750	test_return_std:          30.3470
test_soc_reserve_reward_mean:-21.3137	test_soc_violation_mean:  51.3818	test_total_power_loss_mean:14500.1893	total_power_loss_mean:   14180.6554
train/battery_action_clip:247.8436	train/battery_punishment_reward:-1239.2182	train/battle_won:          1.0000	train/bess_cost_reward:  -163.3180
train/buy_cost_reward:   -308389.0937	train/ep_length:          24.0000	train/episode:           1267.0000	train/episode_limit:       1.0000
train/generate_cost_reward:-40.3097	train/grid_purchase_cost:308389.0937	train/mean_soc:            0.3143	train/return_mean:       -308.8769
train/return_std:         33.5730	train/soc_reserve_reward:-17.3173	train/soc_violation:      47.0448	train/t_env:             50784.0000
train/total_power_loss:  14180.6554	
[INFO 21:32:12] root Recent Stats | t_env:      52320 | Episode:     1300
battery_action_clip_mean:241.9713	battery_punishment_reward_mean:-1209.8564	battle_won_mean:           1.0000	bess_cost_reward_mean:   -163.4814
buffer/episodes:         2138.0000	buy_cost_reward_mean:    -308511.7251	ep_length_mean:           24.0000	episode_limit_mean:        1.0000
eval/best_reward:        -308.2986	eval/best_win_rate:        1.0000	eval/ea_reward:          -312.9431	eval/ea_win_rate:          1.0000
eval/rl_reward:          -310.9982	eval/rl_win_rate:          1.0000	generate_cost_reward_mean:-40.4394	grid_purchase_cost_mean: 308511.7251
mean_soc_mean:             0.3133	return_mean:             -308.9898	return_std:               33.0237	soc_reserve_reward_mean: -17.3027
soc_violation_mean:       45.9325	test/battery_action_clip:270.6392	test/battery_punishment_reward:-1353.1959	test/battle_won:           1.0000
test/bess_cost_reward:   -193.2927	test/buy_cost_reward:    -315437.1803	test/ep_length:           24.0000	test/episode_limit:        1.0000
test/generate_cost_reward:-42.2419	test/grid_purchase_cost: 315437.1803	test/mean_soc:             0.2047	test/return_mean:        -315.9750
test/return_std:          30.3470	test/soc_reserve_reward: -21.3137	test/soc_violation:       51.3818	test/total_power_loss:   14500.1893
test_battery_action_clip_mean:270.6392	test_battery_punishment_reward_mean:-1353.1959	test_battle_won_mean:      1.0000	test_bess_cost_reward_mean:-193.2927
test_buy_cost_reward_mean:-315437.1803	test_ep_length_mean:      24.0000	test_episode_limit_mean:   1.0000	test_generate_cost_reward_mean:-42.2419
test_grid_purchase_cost_mean:315437.1803	test_mean_soc_mean:        0.2047	test_return_mean:        -315.9750	test_return_std:          30.3470
test_soc_reserve_reward_mean:-21.3137	test_soc_violation_mean:  51.3818	test_total_power_loss_mean:14500.1893	total_power_loss_mean:   14192.5183
train/battery_action_clip:241.9713	train/battery_punishment_reward:-1209.8564	train/battle_won:          1.0000	train/bess_cost_reward:  -163.4814
train/buy_cost_reward:   -308511.7251	train/ep_length:          24.0000	train/episode:           1278.0000	train/episode_limit:       1.0000
train/generate_cost_reward:-40.4394	train/grid_purchase_cost:308511.7251	train/mean_soc:            0.3133	train/return_mean:       -308.9898
train/return_std:         33.0237	train/soc_reserve_reward:-17.3027	train/soc_violation:      45.9325	train/t_env:             51312.0000
train/total_power_loss:  14192.5183	
[INFO 21:32:25] root Recent Stats | t_env:      52944 | Episode:     1311
battery_action_clip_mean:244.3738	battery_punishment_reward_mean:-1221.8692	battle_won_mean:           1.0000	bess_cost_reward_mean:   -160.7636
buffer/episodes:         2160.0000	buy_cost_reward_mean:    -310865.4473	ep_length_mean:           24.0000	episode_limit_mean:        1.0000
eval/best_reward:        -308.2986	eval/best_win_rate:        1.0000	eval/ea_reward:          -312.9431	eval/ea_win_rate:          1.0000
eval/rl_reward:          -310.9982	eval/rl_win_rate:          1.0000	generate_cost_reward_mean:-39.7997	grid_purchase_cost_mean: 310865.4473
mean_soc_mean:             0.3231	return_mean:             -311.3463	return_std:               31.6461	soc_reserve_reward_mean: -16.9656
soc_violation_mean:       46.3899	test/battery_action_clip:270.6392	test/battery_punishment_reward:-1353.1959	test/battle_won:           1.0000
test/bess_cost_reward:   -193.2927	test/buy_cost_reward:    -315437.1803	test/ep_length:           24.0000	test/episode_limit:        1.0000
test/generate_cost_reward:-42.2419	test/grid_purchase_cost: 315437.1803	test/mean_soc:             0.2047	test/return_mean:        -315.9750
test/return_std:          30.3470	test/soc_reserve_reward: -21.3137	test/soc_violation:       51.3818	test/total_power_loss:   14500.1893
test_battery_action_clip_mean:270.6392	test_battery_punishment_reward_mean:-1353.1959	test_battle_won_mean:      1.0000	test_bess_cost_reward_mean:-193.2927
test_buy_cost_reward_mean:-315437.1803	test_ep_length_mean:      24.0000	test_episode_limit_mean:   1.0000	test_generate_cost_reward_mean:-42.2419
test_grid_purchase_cost_mean:315437.1803	test_mean_soc_mean:        0.2047	test_return_mean:        -315.9750	test_return_std:          30.3470
test_soc_reserve_reward_mean:-21.3137	test_soc_violation_mean:  51.3818	test_total_power_loss_mean:14500.1893	total_power_loss_mean:   14298.2571
train/battery_action_clip:244.3738	train/battery_punishment_reward:-1221.8692	train/battle_won:          1.0000	train/bess_cost_reward:  -160.7636
train/buy_cost_reward:   -310865.4473	train/ep_length:          24.0000	train/episode:           1289.0000	train/episode_limit:       1.0000
train/generate_cost_reward:-39.7997	train/grid_purchase_cost:310865.4473	train/mean_soc:            0.3231	train/return_mean:       -311.3463
train/return_std:         31.6461	train/soc_reserve_reward:-16.9656	train/soc_violation:      46.3899	train/t_env:             51840.0000
train/total_power_loss:  14298.2571	
[INFO 21:32:25] root t_env: 53040 / 300000
[INFO 21:32:25] root Estimated time left: 1 hours, 21 minutes, 16 seconds. Time passed: 15 minutes, 44 seconds
[INFO 21:32:37] root Recent Stats | t_env:      53448 | Episode:     1322
battery_action_clip_mean:249.2357	battery_punishment_reward_mean:-1246.1783	battle_won_mean:           1.0000	bess_cost_reward_mean:   -157.1925
buffer/episodes:         2182.0000	buy_cost_reward_mean:    -310255.8456	ep_length_mean:           24.0000	episode_limit_mean:        1.0000
eval/best_reward:        -310.1768	eval/best_win_rate:        1.0000	eval/ea_reward:          -315.6360	eval/ea_win_rate:          1.0000
eval/rl_reward:          -312.8763	eval/rl_win_rate:          1.0000	generate_cost_reward_mean:-38.7710	grid_purchase_cost_mean: 310255.8456
mean_soc_mean:             0.3362	return_mean:             -310.7431	return_std:               34.9679	soc_reserve_reward_mean: -16.5020
soc_violation_mean:       47.3128	test/battery_action_clip:259.1876	test/battery_punishment_reward:-1295.9380	test/battle_won:           1.0000
test/bess_cost_reward:   -193.9028	test/buy_cost_reward:    -311789.6257	test/ep_length:           24.0000	test/episode_limit:        1.0000
test/generate_cost_reward:-41.2225	test/grid_purchase_cost: 311789.6257	test/mean_soc:             0.2024	test/return_mean:        -312.3082
test/return_std:          31.4371	test/soc_reserve_reward: -21.4278	test/soc_violation:       49.2091	test/total_power_loss:   14353.8945
test_battery_action_clip_mean:259.1876	test_battery_punishment_reward_mean:-1295.9380	test_battle_won_mean:      1.0000	test_bess_cost_reward_mean:-193.9028
test_buy_cost_reward_mean:-311789.6257	test_ep_length_mean:      24.0000	test_episode_limit_mean:   1.0000	test_generate_cost_reward_mean:-41.2225
test_grid_purchase_cost_mean:311789.6257	test_mean_soc_mean:        0.2024	test_return_mean:        -312.3082	test_return_std:          31.4371
test_soc_reserve_reward_mean:-21.4278	test_soc_violation_mean:  49.2091	test_total_power_loss_mean:14353.8945	total_power_loss_mean:   14271.6711
train/battery_action_clip:249.2357	train/battery_punishment_reward:-1246.1783	train/battle_won:          1.0000	train/bess_cost_reward:  -157.1925
train/buy_cost_reward:   -310255.8456	train/ep_length:          24.0000	train/episode:           1300.0000	train/episode_limit:       1.0000
train/generate_cost_reward:-38.7710	train/grid_purchase_cost:310255.8456	train/mean_soc:            0.3362	train/return_mean:       -310.7431
train/return_std:         34.9679	train/soc_reserve_reward:-16.5020	train/soc_violation:      47.3128	train/t_env:             52368.0000
train/total_power_loss:  14271.6711	
[INFO 21:32:47] root Recent Stats | t_env:      53952 | Episode:     1333
battery_action_clip_mean:258.7268	battery_punishment_reward_mean:-1293.6342	battle_won_mean:           1.0000	bess_cost_reward_mean:   -157.4491
buffer/episodes:         2204.0000	buy_cost_reward_mean:    -311462.0610	ep_length_mean:           24.0000	episode_limit_mean:        1.0000
eval/best_reward:        -310.1768	eval/best_win_rate:        1.0000	eval/ea_reward:          -315.6360	eval/ea_win_rate:          1.0000
eval/rl_reward:          -312.8763	eval/rl_win_rate:          1.0000	generate_cost_reward_mean:-38.6314	grid_purchase_cost_mean: 311462.0610
mean_soc_mean:             0.3355	return_mean:             -311.9652	return_std:               34.7175	soc_reserve_reward_mean: -16.5783
soc_violation_mean:       49.1143	test/battery_action_clip:259.1876	test/battery_punishment_reward:-1295.9380	test/battle_won:           1.0000
test/bess_cost_reward:   -193.9028	test/buy_cost_reward:    -311789.6257	test/ep_length:           24.0000	test/episode_limit:        1.0000
test/generate_cost_reward:-41.2225	test/grid_purchase_cost: 311789.6257	test/mean_soc:             0.2024	test/return_mean:        -312.3082
test/return_std:          31.4371	test/soc_reserve_reward: -21.4278	test/soc_violation:       49.2091	test/total_power_loss:   14353.8945
test_battery_action_clip_mean:259.1876	test_battery_punishment_reward_mean:-1295.9380	test_battle_won_mean:      1.0000	test_bess_cost_reward_mean:-193.9028
test_buy_cost_reward_mean:-311789.6257	test_ep_length_mean:      24.0000	test_episode_limit_mean:   1.0000	test_generate_cost_reward_mean:-41.2225
test_grid_purchase_cost_mean:311789.6257	test_mean_soc_mean:        0.2024	test_return_mean:        -312.3082	test_return_std:          31.4371
test_soc_reserve_reward_mean:-21.4278	test_soc_violation_mean:  49.2091	test_total_power_loss_mean:14353.8945	total_power_loss_mean:   14325.2819
train/battery_action_clip:258.7268	train/battery_punishment_reward:-1293.6342	train/battle_won:          1.0000	train/bess_cost_reward:  -157.4491
train/buy_cost_reward:   -311462.0610	train/ep_length:          24.0000	train/episode:           1311.0000	train/episode_limit:       1.0000
train/generate_cost_reward:-38.6314	train/grid_purchase_cost:311462.0610	train/mean_soc:            0.3355	train/return_mean:       -311.9652
train/return_std:         34.7175	train/soc_reserve_reward:-16.5783	train/soc_violation:      49.1143	train/t_env:             52896.0000
train/total_power_loss:  14325.2819	
[INFO 21:32:57] root Recent Stats | t_env:      54456 | Episode:     1344
battery_action_clip_mean:269.8501	battery_punishment_reward_mean:-1349.2504	battle_won_mean:           1.0000	bess_cost_reward_mean:   -155.9005
buffer/episodes:         2226.0000	buy_cost_reward_mean:    -308240.5978	ep_length_mean:           24.0000	episode_limit_mean:        1.0000
eval/best_reward:        -310.1768	eval/best_win_rate:        1.0000	eval/ea_reward:          -315.6360	eval/ea_win_rate:          1.0000
eval/rl_reward:          -312.8763	eval/rl_win_rate:          1.0000	generate_cost_reward_mean:-41.4078	grid_purchase_cost_mean: 308240.5978
mean_soc_mean:             0.3420	return_mean:             -308.7627	return_std:               33.9563	soc_reserve_reward_mean: -16.3927
soc_violation_mean:       51.2110	test/battery_action_clip:259.1876	test/battery_punishment_reward:-1295.9380	test/battle_won:           1.0000
test/bess_cost_reward:   -193.9028	test/buy_cost_reward:    -311789.6257	test/ep_length:           24.0000	test/episode_limit:        1.0000
test/generate_cost_reward:-41.2225	test/grid_purchase_cost: 311789.6257	test/mean_soc:             0.2024	test/return_mean:        -312.3082
test/return_std:          31.4371	test/soc_reserve_reward: -21.4278	test/soc_violation:       49.2091	test/total_power_loss:   14353.8945
test_battery_action_clip_mean:259.1876	test_battery_punishment_reward_mean:-1295.9380	test_battle_won_mean:      1.0000	test_bess_cost_reward_mean:-193.9028
test_buy_cost_reward_mean:-311789.6257	test_ep_length_mean:      24.0000	test_episode_limit_mean:   1.0000	test_generate_cost_reward_mean:-41.2225
test_grid_purchase_cost_mean:311789.6257	test_mean_soc_mean:        0.2024	test_return_mean:        -312.3082	test_return_std:          31.4371
test_soc_reserve_reward_mean:-21.4278	test_soc_violation_mean:  49.2091	test_total_power_loss_mean:14353.8945	total_power_loss_mean:   14179.2896
train/battery_action_clip:269.8501	train/battery_punishment_reward:-1349.2504	train/battle_won:          1.0000	train/bess_cost_reward:  -155.9005
train/buy_cost_reward:   -308240.5978	train/ep_length:          24.0000	train/episode:           1322.0000	train/episode_limit:       1.0000
train/generate_cost_reward:-41.4078	train/grid_purchase_cost:308240.5978	train/mean_soc:            0.3420	train/return_mean:       -308.7627
train/return_std:         33.9563	train/soc_reserve_reward:-16.3927	train/soc_violation:      51.2110	train/t_env:             53424.0000
train/total_power_loss:  14179.2896	
[INFO 21:33:07] root Recent Stats | t_env:      54960 | Episode:     1355
battery_action_clip_mean:257.8872	battery_punishment_reward_mean:-1289.4362	battle_won_mean:           1.0000	bess_cost_reward_mean:   -159.5279
buffer/episodes:         2248.0000	buy_cost_reward_mean:    -304908.0649	ep_length_mean:           24.0000	episode_limit_mean:        1.0000
eval/best_reward:        -310.1768	eval/best_win_rate:        1.0000	eval/ea_reward:          -315.6360	eval/ea_win_rate:          1.0000
eval/rl_reward:          -312.8763	eval/rl_win_rate:          1.0000	generate_cost_reward_mean:-41.4915	grid_purchase_cost_mean: 304908.0649
mean_soc_mean:             0.3286	return_mean:             -305.4116	return_std:               35.4009	soc_reserve_reward_mean: -16.8545
soc_violation_mean:       48.9415	test/battery_action_clip:259.1876	test/battery_punishment_reward:-1295.9380	test/battle_won:           1.0000
test/bess_cost_reward:   -193.9028	test/buy_cost_reward:    -311789.6257	test/ep_length:           24.0000	test/episode_limit:        1.0000
test/generate_cost_reward:-41.2225	test/grid_purchase_cost: 311789.6257	test/mean_soc:             0.2024	test/return_mean:        -312.3082
test/return_std:          31.4371	test/soc_reserve_reward: -21.4278	test/soc_violation:       49.2091	test/total_power_loss:   14353.8945
test_battery_action_clip_mean:259.1876	test_battery_punishment_reward_mean:-1295.9380	test_battle_won_mean:      1.0000	test_bess_cost_reward_mean:-193.9028
test_buy_cost_reward_mean:-311789.6257	test_ep_length_mean:      24.0000	test_episode_limit_mean:   1.0000	test_generate_cost_reward_mean:-41.2225
test_grid_purchase_cost_mean:311789.6257	test_mean_soc_mean:        0.2024	test_return_mean:        -312.3082	test_return_std:          31.4371
test_soc_reserve_reward_mean:-21.4278	test_soc_violation_mean:  49.2091	test_total_power_loss_mean:14353.8945	total_power_loss_mean:   14037.4590
train/battery_action_clip:257.8872	train/battery_punishment_reward:-1289.4362	train/battle_won:          1.0000	train/bess_cost_reward:  -159.5279
train/buy_cost_reward:   -304908.0649	train/ep_length:          24.0000	train/episode:           1333.0000	train/episode_limit:       1.0000
train/generate_cost_reward:-41.4915	train/grid_purchase_cost:304908.0649	train/mean_soc:            0.3286	train/return_mean:       -305.4116
train/return_std:         35.4009	train/soc_reserve_reward:-16.8545	train/soc_violation:      48.9415	train/t_env:             53952.0000
train/total_power_loss:  14037.4590	
[INFO 21:33:11] root t_env: 55104 / 300000
[INFO 21:33:11] root Estimated time left: 1 hours, 31 minutes, 16 seconds. Time passed: 16 minutes, 30 seconds
[INFO 21:33:23] root Recent Stats | t_env:      55584 | Episode:     1366
battery_action_clip_mean:247.0374	battery_punishment_reward_mean:-1235.1869	battle_won_mean:           1.0000	bess_cost_reward_mean:   -161.9451
buffer/episodes:         2270.0000	buy_cost_reward_mean:    -308546.7965	ep_length_mean:           24.0000	episode_limit_mean:        1.0000
eval/best_reward:        -309.6787	eval/best_win_rate:        1.0000	eval/ea_reward:          -314.9051	eval/ea_win_rate:          1.0000
eval/rl_reward:          -312.3783	eval/rl_win_rate:          1.0000	generate_cost_reward_mean:-37.7780	grid_purchase_cost_mean: 308546.7965
mean_soc_mean:             0.3195	return_mean:             -309.0318	return_std:               36.2752	soc_reserve_reward_mean: -17.1527
soc_violation_mean:       46.8866	test/battery_action_clip:257.7214	test/battery_punishment_reward:-1288.6070	test/battle_won:           1.0000
test/bess_cost_reward:   -162.8921	test/buy_cost_reward:    -311248.6044	test/ep_length:           24.0000	test/episode_limit:        1.0000
test/generate_cost_reward:-32.2831	test/grid_purchase_cost: 311248.6044	test/mean_soc:             0.3154	test/return_mean:        -311.7498
test/return_std:          35.2467	test/soc_reserve_reward: -17.3682	test/soc_violation:       48.9329	test/total_power_loss:   14324.5588
test_battery_action_clip_mean:257.7214	test_battery_punishment_reward_mean:-1288.6070	test_battle_won_mean:      1.0000	test_bess_cost_reward_mean:-162.8921
test_buy_cost_reward_mean:-311248.6044	test_ep_length_mean:      24.0000	test_episode_limit_mean:   1.0000	test_generate_cost_reward_mean:-32.2831
test_grid_purchase_cost_mean:311248.6044	test_mean_soc_mean:        0.3154	test_return_mean:        -311.7498	test_return_std:          35.2467
test_soc_reserve_reward_mean:-17.3682	test_soc_violation_mean:  48.9329	test_total_power_loss_mean:14324.5588	total_power_loss_mean:   14190.0543
train/battery_action_clip:247.0374	train/battery_punishment_reward:-1235.1869	train/battle_won:          1.0000	train/bess_cost_reward:  -161.9451
train/buy_cost_reward:   -308546.7965	train/ep_length:          24.0000	train/episode:           1344.0000	train/episode_limit:       1.0000
train/generate_cost_reward:-37.7780	train/grid_purchase_cost:308546.7965	train/mean_soc:            0.3195	train/return_mean:       -309.0318
train/return_std:         36.2752	train/soc_reserve_reward:-17.1527	train/soc_violation:      46.8866	train/t_env:             54480.0000
train/total_power_loss:  14190.0543	
[INFO 21:33:33] root Recent Stats | t_env:      56088 | Episode:     1377
battery_action_clip_mean:239.6046	battery_punishment_reward_mean:-1198.0228	battle_won_mean:           1.0000	bess_cost_reward_mean:   -157.8699
buffer/episodes:         2292.0000	buy_cost_reward_mean:    -308272.0934	ep_length_mean:           24.0000	episode_limit_mean:        1.0000
eval/best_reward:        -309.6787	eval/best_win_rate:        1.0000	eval/ea_reward:          -314.9051	eval/ea_win_rate:          1.0000
eval/rl_reward:          -312.3783	eval/rl_win_rate:          1.0000	generate_cost_reward_mean:-38.9832	grid_purchase_cost_mean: 308272.0934
mean_soc_mean:             0.3341	return_mean:             -308.7436	return_std:               34.9829	soc_reserve_reward_mean: -16.5761
soc_violation_mean:       45.4764	test/battery_action_clip:257.7214	test/battery_punishment_reward:-1288.6070	test/battle_won:           1.0000
test/bess_cost_reward:   -162.8921	test/buy_cost_reward:    -311248.6044	test/ep_length:           24.0000	test/episode_limit:        1.0000
test/generate_cost_reward:-32.2831	test/grid_purchase_cost: 311248.6044	test/mean_soc:             0.3154	test/return_mean:        -311.7498
test/return_std:          35.2467	test/soc_reserve_reward: -17.3682	test/soc_violation:       48.9329	test/total_power_loss:   14324.5588
test_battery_action_clip_mean:257.7214	test_battery_punishment_reward_mean:-1288.6070	test_battle_won_mean:      1.0000	test_bess_cost_reward_mean:-162.8921
test_buy_cost_reward_mean:-311248.6044	test_ep_length_mean:      24.0000	test_episode_limit_mean:   1.0000	test_generate_cost_reward_mean:-32.2831
test_grid_purchase_cost_mean:311248.6044	test_mean_soc_mean:        0.3154	test_return_mean:        -311.7498	test_return_std:          35.2467
test_soc_reserve_reward_mean:-17.3682	test_soc_violation_mean:  48.9329	test_total_power_loss_mean:14324.5588	total_power_loss_mean:   14185.7324
train/battery_action_clip:239.6046	train/battery_punishment_reward:-1198.0228	train/battle_won:          1.0000	train/bess_cost_reward:  -157.8699
train/buy_cost_reward:   -308272.0934	train/ep_length:          24.0000	train/episode:           1355.0000	train/episode_limit:       1.0000
train/generate_cost_reward:-38.9832	train/grid_purchase_cost:308272.0934	train/mean_soc:            0.3341	train/return_mean:       -308.7436
train/return_std:         34.9829	train/soc_reserve_reward:-16.5761	train/soc_violation:      45.4764	train/t_env:             55008.0000
train/total_power_loss:  14185.7324	
[INFO 21:33:43] root Recent Stats | t_env:      56592 | Episode:     1388
battery_action_clip_mean:240.2785	battery_punishment_reward_mean:-1201.3925	battle_won_mean:           1.0000	bess_cost_reward_mean:   -156.0906
buffer/episodes:         2314.0000	buy_cost_reward_mean:    -307811.9711	ep_length_mean:           24.0000	episode_limit_mean:        1.0000
eval/best_reward:        -309.6787	eval/best_win_rate:        1.0000	eval/ea_reward:          -314.9051	eval/ea_win_rate:          1.0000
eval/rl_reward:          -312.3783	eval/rl_win_rate:          1.0000	generate_cost_reward_mean:-37.1652	grid_purchase_cost_mean: 307811.9711
mean_soc_mean:             0.3407	return_mean:             -308.2833	return_std:               37.8633	soc_reserve_reward_mean: -16.3282
soc_violation_mean:       45.6032	test/battery_action_clip:257.7214	test/battery_punishment_reward:-1288.6070	test/battle_won:           1.0000
test/bess_cost_reward:   -162.8921	test/buy_cost_reward:    -311248.6044	test/ep_length:           24.0000	test/episode_limit:        1.0000
test/generate_cost_reward:-32.2831	test/grid_purchase_cost: 311248.6044	test/mean_soc:             0.3154	test/return_mean:        -311.7498
test/return_std:          35.2467	test/soc_reserve_reward: -17.3682	test/soc_violation:       48.9329	test/total_power_loss:   14324.5588
test_battery_action_clip_mean:257.7214	test_battery_punishment_reward_mean:-1288.6070	test_battle_won_mean:      1.0000	test_bess_cost_reward_mean:-162.8921
test_buy_cost_reward_mean:-311248.6044	test_ep_length_mean:      24.0000	test_episode_limit_mean:   1.0000	test_generate_cost_reward_mean:-32.2831
test_grid_purchase_cost_mean:311248.6044	test_mean_soc_mean:        0.3154	test_return_mean:        -311.7498	test_return_std:          35.2467
test_soc_reserve_reward_mean:-17.3682	test_soc_violation_mean:  48.9329	test_total_power_loss_mean:14324.5588	total_power_loss_mean:   14180.8118
train/battery_action_clip:240.2785	train/battery_punishment_reward:-1201.3925	train/battle_won:          1.0000	train/bess_cost_reward:  -156.0906
train/buy_cost_reward:   -307811.9711	train/ep_length:          24.0000	train/episode:           1366.0000	train/episode_limit:       1.0000
train/generate_cost_reward:-37.1652	train/grid_purchase_cost:307811.9711	train/mean_soc:            0.3407	train/return_mean:       -308.2833
train/return_std:         37.8633	train/soc_reserve_reward:-16.3282	train/soc_violation:      45.6032	train/t_env:             55536.0000
train/total_power_loss:  14180.8118	
[INFO 21:33:51] root Recent Stats | t_env:      57096 | Episode:     1399
battery_action_clip_mean:236.4230	battery_punishment_reward_mean:-1182.1149	battle_won_mean:           1.0000	bess_cost_reward_mean:   -161.5871
buffer/episodes:         2336.0000	buy_cost_reward_mean:    -310756.4754	ep_length_mean:           24.0000	episode_limit_mean:        1.0000
eval/best_reward:        -309.6787	eval/best_win_rate:        1.0000	eval/ea_reward:          -314.9051	eval/ea_win_rate:          1.0000
eval/rl_reward:          -312.3783	eval/rl_win_rate:          1.0000	generate_cost_reward_mean:-36.3809	grid_purchase_cost_mean: 310756.4754
mean_soc_mean:             0.3202	return_mean:             -311.2231	return_std:               39.4572	soc_reserve_reward_mean: -17.0778
soc_violation_mean:       44.8852	test/battery_action_clip:257.7214	test/battery_punishment_reward:-1288.6070	test/battle_won:           1.0000
test/bess_cost_reward:   -162.8921	test/buy_cost_reward:    -311248.6044	test/ep_length:           24.0000	test/episode_limit:        1.0000
test/generate_cost_reward:-32.2831	test/grid_purchase_cost: 311248.6044	test/mean_soc:             0.3154	test/return_mean:        -311.7498
test/return_std:          35.2467	test/soc_reserve_reward: -17.3682	test/soc_violation:       48.9329	test/total_power_loss:   14324.5588
test_battery_action_clip_mean:257.7214	test_battery_punishment_reward_mean:-1288.6070	test_battle_won_mean:      1.0000	test_bess_cost_reward_mean:-162.8921
test_buy_cost_reward_mean:-311248.6044	test_ep_length_mean:      24.0000	test_episode_limit_mean:   1.0000	test_generate_cost_reward_mean:-32.2831
test_grid_purchase_cost_mean:311248.6044	test_mean_soc_mean:        0.3154	test_return_mean:        -311.7498	test_return_std:          35.2467
test_soc_reserve_reward_mean:-17.3682	test_soc_violation_mean:  48.9329	test_total_power_loss_mean:14324.5588	total_power_loss_mean:   14316.7357
train/battery_action_clip:236.4230	train/battery_punishment_reward:-1182.1149	train/battle_won:          1.0000	train/bess_cost_reward:  -161.5871
train/buy_cost_reward:   -310756.4754	train/ep_length:          24.0000	train/episode:           1377.0000	train/episode_limit:       1.0000
train/generate_cost_reward:-36.3809	train/grid_purchase_cost:310756.4754	train/mean_soc:            0.3202	train/return_mean:       -311.2231
train/return_std:         39.4572	train/soc_reserve_reward:-17.0778	train/soc_violation:      44.8852	train/t_env:             56064.0000
train/total_power_loss:  14316.7357	
[INFO 21:33:51] root t_env: 57120 / 300000
[INFO 21:33:51] root Estimated time left: 1 hours, 21 minutes, 0 seconds. Time passed: 17 minutes, 10 seconds
[INFO 21:34:03] root Recent Stats | t_env:      57600 | Episode:     1410
battery_action_clip_mean:246.3685	battery_punishment_reward_mean:-1231.8427	battle_won_mean:           1.0000	bess_cost_reward_mean:   -160.0102
buffer/episodes:         2358.0000	buy_cost_reward_mean:    -313605.2159	ep_length_mean:           24.0000	episode_limit_mean:        1.0000
eval/best_reward:        -312.0115	eval/best_win_rate:        1.0000	eval/ea_reward:          -318.0638	eval/ea_win_rate:          1.0000
eval/rl_reward:          -313.1402	eval/rl_win_rate:          1.0000	generate_cost_reward_mean:-37.3045	grid_purchase_cost_mean: 313605.2159
mean_soc_mean:             0.3264	return_mean:             -314.0882	return_std:               38.8446	soc_reserve_reward_mean: -16.8618
soc_violation_mean:       46.7634	test/battery_action_clip:280.9575	test/battery_punishment_reward:-1404.7873	test/battle_won:           1.0000
test/bess_cost_reward:   -162.9130	test/buy_cost_reward:    -312436.6333	test/ep_length:           24.0000	test/episode_limit:        1.0000
test/generate_cost_reward:-26.3166	test/grid_purchase_cost: 312436.6333	test/mean_soc:             0.3155	test/return_mean:        -312.9744
test/return_std:          29.7071	test/soc_reserve_reward: -17.3668	test/soc_violation:       53.3471	test/total_power_loss:   14384.4392
test_battery_action_clip_mean:280.9575	test_battery_punishment_reward_mean:-1404.7873	test_battle_won_mean:      1.0000	test_bess_cost_reward_mean:-162.9130
test_buy_cost_reward_mean:-312436.6333	test_ep_length_mean:      24.0000	test_episode_limit_mean:   1.0000	test_generate_cost_reward_mean:-26.3166
test_grid_purchase_cost_mean:312436.6333	test_mean_soc_mean:        0.3155	test_return_mean:        -312.9744	test_return_std:          29.7071
test_soc_reserve_reward_mean:-17.3668	test_soc_violation_mean:  53.3471	test_total_power_loss_mean:14384.4392	total_power_loss_mean:   14434.9806
train/battery_action_clip:246.3685	train/battery_punishment_reward:-1231.8427	train/battle_won:          1.0000	train/bess_cost_reward:  -160.0102
train/buy_cost_reward:   -313605.2159	train/ep_length:          24.0000	train/episode:           1388.0000	train/episode_limit:       1.0000
train/generate_cost_reward:-37.3045	train/grid_purchase_cost:313605.2159	train/mean_soc:            0.3264	train/return_mean:       -314.0882
train/return_std:         38.8446	train/soc_reserve_reward:-16.8618	train/soc_violation:      46.7634	train/t_env:             56592.0000
train/total_power_loss:  14434.9806	
[INFO 21:34:18] root Recent Stats | t_env:      58224 | Episode:     1421
battery_action_clip_mean:241.5000	battery_punishment_reward_mean:-1207.4999	battle_won_mean:           1.0000	bess_cost_reward_mean:   -157.7721
buffer/episodes:         2380.0000	buy_cost_reward_mean:    -310837.1391	ep_length_mean:           24.0000	episode_limit_mean:        1.0000
eval/best_reward:        -312.0115	eval/best_win_rate:        1.0000	eval/ea_reward:          -318.0638	eval/ea_win_rate:          1.0000
eval/rl_reward:          -313.1402	eval/rl_win_rate:          1.0000	generate_cost_reward_mean:-38.3027	grid_purchase_cost_mean: 310837.1391
mean_soc_mean:             0.3345	return_mean:             -311.3115	return_std:               36.8068	soc_reserve_reward_mean: -16.5278
soc_violation_mean:       45.8388	test/battery_action_clip:280.9575	test/battery_punishment_reward:-1404.7873	test/battle_won:           1.0000
test/bess_cost_reward:   -162.9130	test/buy_cost_reward:    -312436.6333	test/ep_length:           24.0000	test/episode_limit:        1.0000
test/generate_cost_reward:-26.3166	test/grid_purchase_cost: 312436.6333	test/mean_soc:             0.3155	test/return_mean:        -312.9744
test/return_std:          29.7071	test/soc_reserve_reward: -17.3668	test/soc_violation:       53.3471	test/total_power_loss:   14384.4392
test_battery_action_clip_mean:280.9575	test_battery_punishment_reward_mean:-1404.7873	test_battle_won_mean:      1.0000	test_bess_cost_reward_mean:-162.9130
test_buy_cost_reward_mean:-312436.6333	test_ep_length_mean:      24.0000	test_episode_limit_mean:   1.0000	test_generate_cost_reward_mean:-26.3166
test_grid_purchase_cost_mean:312436.6333	test_mean_soc_mean:        0.3155	test_return_mean:        -312.9744	test_return_std:          29.7071
test_soc_reserve_reward_mean:-17.3668	test_soc_violation_mean:  53.3471	test_total_power_loss_mean:14384.4392	total_power_loss_mean:   14324.3060
train/battery_action_clip:241.5000	train/battery_punishment_reward:-1207.4999	train/battle_won:          1.0000	train/bess_cost_reward:  -157.7721
train/buy_cost_reward:   -310837.1391	train/ep_length:          24.0000	train/episode:           1399.0000	train/episode_limit:       1.0000
train/generate_cost_reward:-38.3027	train/grid_purchase_cost:310837.1391	train/mean_soc:            0.3345	train/return_mean:       -311.3115
train/return_std:         36.8068	train/soc_reserve_reward:-16.5278	train/soc_violation:      45.8388	train/t_env:             57120.0000
train/total_power_loss:  14324.3060	
[INFO 21:34:29] root Recent Stats | t_env:      58728 | Episode:     1432
battery_action_clip_mean:231.1311	battery_punishment_reward_mean:-1155.6554	battle_won_mean:           1.0000	bess_cost_reward_mean:   -167.9863
buffer/episodes:         2402.0000	buy_cost_reward_mean:    -313909.1956	ep_length_mean:           24.0000	episode_limit_mean:        1.0000
eval/best_reward:        -312.0115	eval/best_win_rate:        1.0000	eval/ea_reward:          -318.0638	eval/ea_win_rate:          1.0000
eval/rl_reward:          -313.1402	eval/rl_win_rate:          1.0000	generate_cost_reward_mean:-39.7299	grid_purchase_cost_mean: 313909.1956
mean_soc_mean:             0.2970	return_mean:             -314.3706	return_std:               35.0598	soc_reserve_reward_mean: -17.8752
soc_violation_mean:       43.8722	test/battery_action_clip:280.9575	test/battery_punishment_reward:-1404.7873	test/battle_won:           1.0000
test/bess_cost_reward:   -162.9130	test/buy_cost_reward:    -312436.6333	test/ep_length:           24.0000	test/episode_limit:        1.0000
test/generate_cost_reward:-26.3166	test/grid_purchase_cost: 312436.6333	test/mean_soc:             0.3155	test/return_mean:        -312.9744
test/return_std:          29.7071	test/soc_reserve_reward: -17.3668	test/soc_violation:       53.3471	test/total_power_loss:   14384.4392
test_battery_action_clip_mean:280.9575	test_battery_punishment_reward_mean:-1404.7873	test_battle_won_mean:      1.0000	test_bess_cost_reward_mean:-162.9130
test_buy_cost_reward_mean:-312436.6333	test_ep_length_mean:      24.0000	test_episode_limit_mean:   1.0000	test_generate_cost_reward_mean:-26.3166
test_grid_purchase_cost_mean:312436.6333	test_mean_soc_mean:        0.3155	test_return_mean:        -312.9744	test_return_std:          29.7071
test_soc_reserve_reward_mean:-17.3668	test_soc_violation_mean:  53.3471	test_total_power_loss_mean:14384.4392	total_power_loss_mean:   14463.1745
train/battery_action_clip:231.1311	train/battery_punishment_reward:-1155.6554	train/battle_won:          1.0000	train/bess_cost_reward:  -167.9863
train/buy_cost_reward:   -313909.1956	train/ep_length:          24.0000	train/episode:           1410.0000	train/episode_limit:       1.0000
train/generate_cost_reward:-39.7299	train/grid_purchase_cost:313909.1956	train/mean_soc:            0.2970	train/return_mean:       -314.3706
train/return_std:         35.0598	train/soc_reserve_reward:-17.8752	train/soc_violation:      43.8722	train/t_env:             57648.0000
train/total_power_loss:  14463.1745	
[INFO 21:34:38] root t_env: 59184 / 300000
[INFO 21:34:38] root Estimated time left: 1 hours, 30 minutes, 51 seconds. Time passed: 17 minutes, 57 seconds
[INFO 21:34:40] root Recent Stats | t_env:      59232 | Episode:     1443
battery_action_clip_mean:216.0667	battery_punishment_reward_mean:-1080.3334	battle_won_mean:           1.0000	bess_cost_reward_mean:   -171.7467
buffer/episodes:         2424.0000	buy_cost_reward_mean:    -316293.8645	ep_length_mean:           24.0000	episode_limit_mean:        1.0000
eval/best_reward:        -310.3708	eval/best_win_rate:        1.0000	eval/ea_reward:          -312.8846	eval/ea_win_rate:          1.0000
eval/rl_reward:          -311.4995	eval/rl_win_rate:          1.0000	generate_cost_reward_mean:-40.2620	grid_purchase_cost_mean: 316293.8645
mean_soc_mean:             0.2827	return_mean:             -316.7318	return_std:               35.2052	soc_reserve_reward_mean: -18.2914
soc_violation_mean:       41.0143	test/battery_action_clip:279.2454	test/battery_punishment_reward:-1396.2272	test/battle_won:           1.0000
test/bess_cost_reward:   -162.4316	test/buy_cost_reward:    -309725.8111	test/ep_length:           24.0000	test/episode_limit:        1.0000
test/generate_cost_reward:-31.0581	test/grid_purchase_cost: 309725.8111	test/mean_soc:             0.3180	test/return_mean:        -310.2622
test/return_std:          32.2996	test/soc_reserve_reward: -17.2776	test/soc_violation:       53.0149	test/total_power_loss:   14264.1349
test_battery_action_clip_mean:279.2454	test_battery_punishment_reward_mean:-1396.2272	test_battle_won_mean:      1.0000	test_bess_cost_reward_mean:-162.4316
test_buy_cost_reward_mean:-309725.8111	test_ep_length_mean:      24.0000	test_episode_limit_mean:   1.0000	test_generate_cost_reward_mean:-31.0581
test_grid_purchase_cost_mean:309725.8111	test_mean_soc_mean:        0.3180	test_return_mean:        -310.2622	test_return_std:          32.2996
test_soc_reserve_reward_mean:-17.2776	test_soc_violation_mean:  53.0149	test_total_power_loss_mean:14264.1349	total_power_loss_mean:   14561.5207
train/battery_action_clip:216.0667	train/battery_punishment_reward:-1080.3334	train/battle_won:          1.0000	train/bess_cost_reward:  -171.7467
train/buy_cost_reward:   -316293.8645	train/ep_length:          24.0000	train/episode:           1421.0000	train/episode_limit:       1.0000
train/generate_cost_reward:-40.2620	train/grid_purchase_cost:316293.8645	train/mean_soc:            0.2827	train/return_mean:       -316.7318
train/return_std:         35.2052	train/soc_reserve_reward:-18.2914	train/soc_violation:      41.0143	train/t_env:             58176.0000
train/total_power_loss:  14561.5207	
[INFO 21:34:50] root Recent Stats | t_env:      59736 | Episode:     1454
battery_action_clip_mean:213.9597	battery_punishment_reward_mean:-1069.7985	battle_won_mean:           1.0000	bess_cost_reward_mean:   -167.0655
buffer/episodes:         2446.0000	buy_cost_reward_mean:    -316091.0723	ep_length_mean:           24.0000	episode_limit_mean:        1.0000
eval/best_reward:        -310.3708	eval/best_win_rate:        1.0000	eval/ea_reward:          -312.8846	eval/ea_win_rate:          1.0000
eval/rl_reward:          -311.4995	eval/rl_win_rate:          1.0000	generate_cost_reward_mean:-40.2974	grid_purchase_cost_mean: 316091.0723
mean_soc_mean:             0.3002	return_mean:             -316.5237	return_std:               33.8575	soc_reserve_reward_mean: -17.6097
soc_violation_mean:       40.6000	test/battery_action_clip:279.2454	test/battery_punishment_reward:-1396.2272	test/battle_won:           1.0000
test/bess_cost_reward:   -162.4316	test/buy_cost_reward:    -309725.8111	test/ep_length:           24.0000	test/episode_limit:        1.0000
test/generate_cost_reward:-31.0581	test/grid_purchase_cost: 309725.8111	test/mean_soc:             0.3180	test/return_mean:        -310.2622
test/return_std:          32.2996	test/soc_reserve_reward: -17.2776	test/soc_violation:       53.0149	test/total_power_loss:   14264.1349
test_battery_action_clip_mean:279.2454	test_battery_punishment_reward_mean:-1396.2272	test_battle_won_mean:      1.0000	test_bess_cost_reward_mean:-162.4316
test_buy_cost_reward_mean:-309725.8111	test_ep_length_mean:      24.0000	test_episode_limit_mean:   1.0000	test_generate_cost_reward_mean:-31.0581
test_grid_purchase_cost_mean:309725.8111	test_mean_soc_mean:        0.3180	test_return_mean:        -310.2622	test_return_std:          32.2996
test_soc_reserve_reward_mean:-17.2776	test_soc_violation_mean:  53.0149	test_total_power_loss_mean:14264.1349	total_power_loss_mean:   14548.7880
train/battery_action_clip:213.9597	train/battery_punishment_reward:-1069.7985	train/battle_won:          1.0000	train/bess_cost_reward:  -167.0655
train/buy_cost_reward:   -316091.0723	train/ep_length:          24.0000	train/episode:           1432.0000	train/episode_limit:       1.0000
train/generate_cost_reward:-40.2974	train/grid_purchase_cost:316091.0723	train/mean_soc:            0.3002	train/return_mean:       -316.5237
train/return_std:         33.8575	train/soc_reserve_reward:-17.6097	train/soc_violation:      40.6000	train/t_env:             58704.0000
train/total_power_loss:  14548.7880	
[INFO 21:34:59] root Recent Stats | t_env:      60240 | Episode:     1465
battery_action_clip_mean:215.6947	battery_punishment_reward_mean:-1078.4735	battle_won_mean:           1.0000	bess_cost_reward_mean:   -168.5855
buffer/episodes:         2468.0000	buy_cost_reward_mean:    -312061.8368	ep_length_mean:           24.0000	episode_limit_mean:        1.0000
eval/best_reward:        -310.3708	eval/best_win_rate:        1.0000	eval/ea_reward:          -312.8846	eval/ea_win_rate:          1.0000
eval/rl_reward:          -311.4995	eval/rl_win_rate:          1.0000	generate_cost_reward_mean:-41.0206	grid_purchase_cost_mean: 312061.8368
mean_soc_mean:             0.2945	return_mean:             -312.4982	return_std:               33.5126	soc_reserve_reward_mean: -17.8208
soc_violation_mean:       40.9355	test/battery_action_clip:279.2454	test/battery_punishment_reward:-1396.2272	test/battle_won:           1.0000
test/bess_cost_reward:   -162.4316	test/buy_cost_reward:    -309725.8111	test/ep_length:           24.0000	test/episode_limit:        1.0000
test/generate_cost_reward:-31.0581	test/grid_purchase_cost: 309725.8111	test/mean_soc:             0.3180	test/return_mean:        -310.2622
test/return_std:          32.2996	test/soc_reserve_reward: -17.2776	test/soc_violation:       53.0149	test/total_power_loss:   14264.1349
test_battery_action_clip_mean:279.2454	test_battery_punishment_reward_mean:-1396.2272	test_battle_won_mean:      1.0000	test_bess_cost_reward_mean:-162.4316
test_buy_cost_reward_mean:-309725.8111	test_ep_length_mean:      24.0000	test_episode_limit_mean:   1.0000	test_generate_cost_reward_mean:-31.0581
test_grid_purchase_cost_mean:309725.8111	test_mean_soc_mean:        0.3180	test_return_mean:        -310.2622	test_return_std:          32.2996
test_soc_reserve_reward_mean:-17.2776	test_soc_violation_mean:  53.0149	test_total_power_loss_mean:14264.1349	total_power_loss_mean:   14379.3754
train/battery_action_clip:215.6947	train/battery_punishment_reward:-1078.4735	train/battle_won:          1.0000	train/bess_cost_reward:  -168.5855
train/buy_cost_reward:   -312061.8368	train/ep_length:          24.0000	train/episode:           1443.0000	train/episode_limit:       1.0000
train/generate_cost_reward:-41.0206	train/grid_purchase_cost:312061.8368	train/mean_soc:            0.2945	train/return_mean:       -312.4982
train/return_std:         33.5126	train/soc_reserve_reward:-17.8208	train/soc_violation:      40.9355	train/t_env:             59232.0000
train/total_power_loss:  14379.3754	
[INFO 21:35:04] root Saving models to results\models\facmac_smac__2026-06-15_21-16-36\60384
[INFO 21:35:14] root Recent Stats | t_env:      60864 | Episode:     1476
battery_action_clip_mean:231.3093	battery_punishment_reward_mean:-1156.5467	battle_won_mean:           1.0000	bess_cost_reward_mean:   -173.0271
buffer/episodes:         2490.0000	buy_cost_reward_mean:    -310632.6483	ep_length_mean:           24.0000	episode_limit_mean:        1.0000
eval/best_reward:        -310.3708	eval/best_win_rate:        1.0000	eval/ea_reward:          -312.8846	eval/ea_win_rate:          1.0000
eval/rl_reward:          -311.4995	eval/rl_win_rate:          1.0000	generate_cost_reward_mean:-42.3558	grid_purchase_cost_mean: 310632.6483
mean_soc_mean:             0.2788	return_mean:             -311.0972	return_std:               34.4644	soc_reserve_reward_mean: -18.4564
soc_violation_mean:       43.8942	test/battery_action_clip:279.2454	test/battery_punishment_reward:-1396.2272	test/battle_won:           1.0000
test/bess_cost_reward:   -162.4316	test/buy_cost_reward:    -309725.8111	test/ep_length:           24.0000	test/episode_limit:        1.0000
test/generate_cost_reward:-31.0581	test/grid_purchase_cost: 309725.8111	test/mean_soc:             0.3180	test/return_mean:        -310.2622
test/return_std:          32.2996	test/soc_reserve_reward: -17.2776	test/soc_violation:       53.0149	test/total_power_loss:   14264.1349
test_battery_action_clip_mean:279.2454	test_battery_punishment_reward_mean:-1396.2272	test_battle_won_mean:      1.0000	test_bess_cost_reward_mean:-162.4316
test_buy_cost_reward_mean:-309725.8111	test_ep_length_mean:      24.0000	test_episode_limit_mean:   1.0000	test_generate_cost_reward_mean:-31.0581
test_grid_purchase_cost_mean:309725.8111	test_mean_soc_mean:        0.3180	test_return_mean:        -310.2622	test_return_std:          32.2996
test_soc_reserve_reward_mean:-17.2776	test_soc_violation_mean:  53.0149	test_total_power_loss_mean:14264.1349	total_power_loss_mean:   14316.6605
train/battery_action_clip:231.3093	train/battery_punishment_reward:-1156.5467	train/battle_won:          1.0000	train/bess_cost_reward:  -173.0271
train/buy_cost_reward:   -310632.6483	train/ep_length:          24.0000	train/episode:           1454.0000	train/episode_limit:       1.0000
train/generate_cost_reward:-42.3558	train/grid_purchase_cost:310632.6483	train/mean_soc:            0.2788	train/return_mean:       -311.0972
train/return_std:         34.4644	train/soc_reserve_reward:-18.4564	train/soc_violation:      43.8942	train/t_env:             59760.0000
train/total_power_loss:  14316.6605	
[INFO 21:35:19] root t_env: 61200 / 300000
[INFO 21:35:19] root Estimated time left: 1 hours, 21 minutes, 3 seconds. Time passed: 18 minutes, 38 seconds
[INFO 21:35:26] root Recent Stats | t_env:      61368 | Episode:     1487
battery_action_clip_mean:248.8843	battery_punishment_reward_mean:-1244.4213	battle_won_mean:           1.0000	bess_cost_reward_mean:   -166.2828
buffer/episodes:         2512.0000	buy_cost_reward_mean:    -309075.5258	ep_length_mean:           24.0000	episode_limit_mean:        1.0000
eval/best_reward:        -310.5230	eval/best_win_rate:        1.0000	eval/ea_reward:          -313.0367	eval/ea_win_rate:          1.0000
eval/rl_reward:          -312.4011	eval/rl_win_rate:          1.0000	generate_cost_reward_mean:-42.4917	grid_purchase_cost_mean: 309075.5258
mean_soc_mean:             0.3042	return_mean:             -309.5669	return_std:               35.4916	soc_reserve_reward_mean: -17.5716
soc_violation_mean:       47.2189	test/battery_action_clip:256.0223	test/battery_punishment_reward:-1280.1117	test/battle_won:           1.0000
test/bess_cost_reward:   -162.4047	test/buy_cost_reward:    -310474.8775	test/ep_length:           24.0000	test/episode_limit:        1.0000
test/generate_cost_reward:-37.0209	test/grid_purchase_cost: 310474.8775	test/mean_soc:             0.3180	test/return_mean:        -310.9748
test/return_std:          28.6898	test/soc_reserve_reward: -17.2793	test/soc_violation:       48.6034	test/total_power_loss:   14288.3944
test_battery_action_clip_mean:256.0223	test_battery_punishment_reward_mean:-1280.1117	test_battle_won_mean:      1.0000	test_bess_cost_reward_mean:-162.4047
test_buy_cost_reward_mean:-310474.8775	test_ep_length_mean:      24.0000	test_episode_limit_mean:   1.0000	test_generate_cost_reward_mean:-37.0209
test_grid_purchase_cost_mean:310474.8775	test_mean_soc_mean:        0.3180	test_return_mean:        -310.9748	test_return_std:          28.6898
test_soc_reserve_reward_mean:-17.2793	test_soc_violation_mean:  48.6034	test_total_power_loss_mean:14288.3944	total_power_loss_mean:   14245.2624
train/battery_action_clip:248.8843	train/battery_punishment_reward:-1244.4213	train/battle_won:          1.0000	train/bess_cost_reward:  -166.2828
train/buy_cost_reward:   -309075.5258	train/ep_length:          24.0000	train/episode:           1465.0000	train/episode_limit:       1.0000
train/generate_cost_reward:-42.4917	train/grid_purchase_cost:309075.5258	train/mean_soc:            0.3042	train/return_mean:       -309.5669
train/return_std:         35.4916	train/soc_reserve_reward:-17.5716	train/soc_violation:      47.2189	train/t_env:             60288.0000
train/total_power_loss:  14245.2624	
[INFO 21:35:36] root Recent Stats | t_env:      61872 | Episode:     1498
battery_action_clip_mean:264.4323	battery_punishment_reward_mean:-1322.1616	battle_won_mean:           1.0000	bess_cost_reward_mean:   -161.6579
buffer/episodes:         2534.0000	buy_cost_reward_mean:    -306545.4525	ep_length_mean:           24.0000	episode_limit_mean:        1.0000
eval/best_reward:        -310.5230	eval/best_win_rate:        1.0000	eval/ea_reward:          -313.0367	eval/ea_win_rate:          1.0000
eval/rl_reward:          -312.4011	eval/rl_win_rate:          1.0000	generate_cost_reward_mean:-44.3236	grid_purchase_cost_mean: 306545.4525
mean_soc_mean:             0.3220	return_mean:             -307.0617	return_std:               33.3270	soc_reserve_reward_mean: -17.0189
soc_violation_mean:       50.1584	test/battery_action_clip:256.0223	test/battery_punishment_reward:-1280.1117	test/battle_won:           1.0000
test/bess_cost_reward:   -162.4047	test/buy_cost_reward:    -310474.8775	test/ep_length:           24.0000	test/episode_limit:        1.0000
test/generate_cost_reward:-37.0209	test/grid_purchase_cost: 310474.8775	test/mean_soc:             0.3180	test/return_mean:        -310.9748
test/return_std:          28.6898	test/soc_reserve_reward: -17.2793	test/soc_violation:       48.6034	test/total_power_loss:   14288.3944
test_battery_action_clip_mean:256.0223	test_battery_punishment_reward_mean:-1280.1117	test_battle_won_mean:      1.0000	test_bess_cost_reward_mean:-162.4047
test_buy_cost_reward_mean:-310474.8775	test_ep_length_mean:      24.0000	test_episode_limit_mean:   1.0000	test_generate_cost_reward_mean:-37.0209
test_grid_purchase_cost_mean:310474.8775	test_mean_soc_mean:        0.3180	test_return_mean:        -310.9748	test_return_std:          28.6898
test_soc_reserve_reward_mean:-17.2793	test_soc_violation_mean:  48.6034	test_total_power_loss_mean:14288.3944	total_power_loss_mean:   14127.2725
train/battery_action_clip:264.4323	train/battery_punishment_reward:-1322.1616	train/battle_won:          1.0000	train/bess_cost_reward:  -161.6579
train/buy_cost_reward:   -306545.4525	train/ep_length:          24.0000	train/episode:           1476.0000	train/episode_limit:       1.0000
train/generate_cost_reward:-44.3236	train/grid_purchase_cost:306545.4525	train/mean_soc:            0.3220	train/return_mean:       -307.0617
train/return_std:         33.3270	train/soc_reserve_reward:-17.0189	train/soc_violation:      50.1584	train/t_env:             60816.0000
train/total_power_loss:  14127.2725	
RL eval  -307.45723506886264 1.0
EA eval  -309.1517986849835 1.0
RL eval  -307.52308408445555 1.0
EA eval  -308.98951944765724 1.0
RL eval  -310.83495670465527 1.0
EA eval  -311.4199276187698 1.0
RL eval  -308.37891999933584 1.0
EA eval  -299.0607605265446 1.0
RL eval  -310.0505923748469 1.0
EA eval  -308.33487680444085 1.0
EA evolution start ...
EA evolution end.
RL eval  -310.1681105950141 1.0
EA eval  -308.6236851196164 1.0
Sync from RL --> Nevo
EA evolution start ...
EA evolution end.
Sync from RL --> Nevo
EA evolution start ...
EA evolution end.
Sync from RL --> Nevo
EA evolution start ...
EA evolution end.
Sync from RL --> Nevo
EA evolution start ...
EA evolution end.
Sync from RL --> Nevo
EA evolution start ...
EA evolution end.
Sync from RL --> Nevo
EA evolution start ...
EA evolution end.
Sync from RL --> Nevo
EA evolution start ...
EA evolution end.
Sync from RL --> Nevo
EA evolution start ...
EA evolution end.
Sync from RL --> Nevo
RL eval  -313.728800320217 1.0
EA eval  -299.990999277063 1.0
EA evolution start ...
EA evolution end.
Sync from RL --> Nevo
EA evolution start ...
EA evolution end.
Sync from RL --> Nevo
EA evolution start ...
EA evolution end.
Sync from RL --> Nevo
EA evolution start ...
EA evolution end.
Sync from RL --> Nevo
EA evolution start ...
EA evolution end.
Sync from RL --> Nevo
EA evolution start ...
EA evolution end.
Sync from RL --> Nevo
EA evolution start ...
EA evolution end.
Sync from RL --> Nevo
EA evolution start ...
EA evolution end.
Sync from RL --> Nevo
EA evolution start ...
EA evolution end.
RL eval  -308.00460295941735 1.0
EA eval  -314.18278840384806 1.0
Sync from RL --> Nevo
EA evolution start ...
EA evolution end.
Sync from RL --> Nevo
EA evolution start ...
EA evolution end.
Sync from RL --> Nevo
EA evolution start ...
EA evolution end.
Sync from RL --> Nevo
EA evolution start ...
EA evolution end.
Sync from RL --> Nevo
EA evolution start ...
EA evolution end.
Sync from RL --> Nevo
EA evolution start ...
EA evolution end.
Sync from RL --> Nevo
EA evolution start ...
EA evolution end.
Sync from RL --> Nevo
EA evolution start ...
EA evolution end.
Sync from RL --> Nevo
RL eval  -319.98945081484186 1.0
EA eval  -308.955295175701 1.0
EA evolution start ...
EA evolution end.
Sync from RL --> Nevo
EA evolution start ...
EA evolution end.
Sync from RL --> Nevo
EA evolution start ...
EA evolution end.
Sync from RL --> Nevo
EA evolution start ...
EA evolution end.
Sync from RL --> Nevo
EA evolution start ...
EA evolution end.
Sync from RL --> Nevo
EA evolution start ...
EA evolution end.
Sync from RL --> Nevo
EA evolution start ...
EA evolution end.
Sync from RL --> Nevo
EA evolution start ...
EA evolution end.
Sync from RL --> Nevo
EA evolution start ...
EA evolution end.
RL eval  -311.6736362763245 1.0
EA eval  -308.574294340512 1.0
Sync from RL --> Nevo
EA evolution start ...
EA evolution end.
Sync from RL --> Nevo
EA evolution start ...
EA evolution end.
Sync from RL --> Nevo
EA evolution start ...
EA evolution end.
Sync from RL --> Nevo
EA evolution start ...
EA evolution end.
Sync from RL --> Nevo
EA evolution start ...
EA evolution end.
Sync from RL --> Nevo
EA evolution start ...
EA evolution end.
Sync from RL --> Nevo
EA evolution start ...
EA evolution end.
Sync from RL --> Nevo
EA evolution start ...
EA evolution end.
Sync from RL --> Nevo
RL eval  -317.7320748277102 1.0
EA eval  -317.5016277105981 1.0
EA evolution start ...
EA evolution end.
Sync from RL --> Nevo
EA evolution start ...
EA evolution end.
Sync from RL --> Nevo
EA evolution start ...
EA evolution end.
Sync from RL --> Nevo
EA evolution start ...
EA evolution end.
Sync from RL --> Nevo
EA evolution start ...
EA evolution end.
Sync from RL --> Nevo
EA evolution start ...
EA evolution end.
Sync from RL --> Nevo
EA evolution start ...
EA evolution end.
Sync from RL --> Nevo
EA evolution start ...
EA evolution end.
Sync from RL --> Nevo
EA evolution start ...
EA evolution end.
RL eval  -316.0909319111443 1.0
EA eval  -312.8321556293567 1.0
Sync from RL --> Nevo
EA evolution start ...
EA evolution end.
Sync from RL --> Nevo
EA evolution start ...
EA evolution end.
Sync from RL --> Nevo
EA evolution start ...
EA evolution end.
Sync from RL --> Nevo
EA evolution start ...
EA evolution end.
Sync from RL --> Nevo
EA evolution start ...
EA evolution end.
Sync from RL --> Nevo
EA evolution start ...
EA evolution end.
Sync from RL --> Nevo
EA evolution start ...
EA evolution end.
Sync from RL --> Nevo
EA evolution start ...
EA evolution end.
Sync from RL --> Nevo
RL eval  -305.43273373408806 1.0
EA eval  -314.7892912338616 1.0
EA evolution start ...
EA evolution end.
Sync from RL --> Nevo
EA evolution start ...
EA evolution end.
Sync from RL --> Nevo
EA evolution start ...
EA evolution end.
Sync from RL --> Nevo
EA evolution start ...
EA evolution end.
Sync from RL --> Nevo
EA evolution start ...
EA evolution end.
Sync from RL --> Nevo
EA evolution start ...
EA evolution end.
Sync from RL --> Nevo
EA evolution start ...
EA evolution end.
Sync from RL --> Nevo
EA evolution start ...
EA evolution end.
Sync from RL --> Nevo
EA evolution start ...
EA evolution end.
RL eval  -308.01126957621375 1.0
EA eval  -309.42251491701296 1.0
Sync from RL --> Nevo
EA evolution start ...
EA evolution end.
Sync from RL --> Nevo
EA evolution start ...
EA evolution end.
Sync from RL --> Nevo
EA evolution start ...
EA evolution end.
Sync from RL --> Nevo
EA evolution start ...
EA evolution end.
Sync from RL --> Nevo
EA evolution start ...
EA evolution end.
Sync from RL --> Nevo
EA evolution start ...
EA evolution end.
Sync from RL --> Nevo
EA evolution start ...
EA evolution end.
Sync from RL --> Nevo
EA evolution start ...
EA evolution end.
Sync from RL --> Nevo
RL eval  -310.53090649762703 1.0
EA eval  -313.3401851783464 1.0
EA evolution start ...
EA evolution end.
Sync from RL --> Nevo
EA evolution start ...
EA evolution end.
Sync from RL --> Nevo
EA evolution start ...
EA evolution end.
Sync from RL --> Nevo
EA evolution start ...
EA evolution end.
Sync from RL --> Nevo
EA evolution start ...
EA evolution end.
Sync from RL --> Nevo
EA evolution start ...
EA evolution end.
Sync from RL --> Nevo
EA evolution start ...
EA evolution end.
Sync from RL --> Nevo
EA evolution start ...
EA evolution end.
Sync from RL --> Nevo
EA evolution start ...
EA evolution end.
RL eval  -322.79662360997736 1.0
EA eval  -311.79591400040204 1.0
Sync from RL --> Nevo
EA evolution start ...
EA evolution end.
Sync from RL --> Nevo
EA evolution start ...
EA evolution end.
Sync from RL --> Nevo
EA evolution start ...
EA evolution end.
Sync from RL --> Nevo
EA evolution start ...
EA evolution end.
Sync from RL --> Nevo
EA evolution start ...
EA evolution end.
Sync from RL --> Nevo
EA evolution start ...
EA evolution end.
Sync from RL --> Nevo
EA evolution start ...
EA evolution end.
Sync from RL --> Nevo
EA evolution start ...
EA evolution end.
Sync from RL --> Nevo
RL eval  -303.39873185378536 1.0
EA eval  -303.3148397279665 1.0
EA evolution start ...
EA evolution end.
Sync from RL --> Nevo
EA evolution start ...
EA evolution end.
Sync from RL --> Nevo
EA evolution start ...
EA evolution end.
Sync from RL --> Nevo
EA evolution start ...
EA evolution end.
Sync from RL --> Nevo
EA evolution start ...
EA evolution end.
Sync from RL --> Nevo
EA evolution start ...
EA evolution end.
Sync from RL --> Nevo
EA evolution start ...
EA evolution end.
Sync from RL --> Nevo
EA evolution start ...
EA evolution end.
Sync from RL --> Nevo
EA evolution start ...
EA evolution end.
RL eval  -312.69170755008946 1.0
EA eval  -313.46141597790836 1.0
Sync from RL --> Nevo
EA evolution start ...
EA evolution end.
Sync from RL --> Nevo
EA evolution start ...
EA evolution end.
Sync from RL --> Nevo
EA evolution start ...
EA evolution end.
[INFO 21:35:44] root Recent Stats | t_env:      62376 | Episode:     1509
battery_action_clip_mean:261.7673	battery_punishment_reward_mean:-1308.8367	battle_won_mean:           1.0000	bess_cost_reward_mean:   -162.6018
buffer/episodes:         2556.0000	buy_cost_reward_mean:    -306005.3922	ep_length_mean:           24.0000	episode_limit_mean:        1.0000
eval/best_reward:        -310.5230	eval/best_win_rate:        1.0000	eval/ea_reward:          -313.0367	eval/ea_win_rate:          1.0000
eval/rl_reward:          -312.4011	eval/rl_win_rate:          1.0000	generate_cost_reward_mean:-42.9760	grid_purchase_cost_mean: 306005.3922
mean_soc_mean:             0.3185	return_mean:             -306.5170	return_std:               33.8582	soc_reserve_reward_mean: -17.1415
soc_violation_mean:       49.6545	test/battery_action_clip:256.0223	test/battery_punishment_reward:-1280.1117	test/battle_won:           1.0000
test/bess_cost_reward:   -162.4047	test/buy_cost_reward:    -310474.8775	test/ep_length:           24.0000	test/episode_limit:        1.0000
test/generate_cost_reward:-37.0209	test/grid_purchase_cost: 310474.8775	test/mean_soc:             0.3180	test/return_mean:        -310.9748
test/return_std:          28.6898	test/soc_reserve_reward: -17.2793	test/soc_violation:       48.6034	test/total_power_loss:   14288.3944
test_battery_action_clip_mean:256.0223	test_battery_punishment_reward_mean:-1280.1117	test_battle_won_mean:      1.0000	test_bess_cost_reward_mean:-162.4047
test_buy_cost_reward_mean:-310474.8775	test_ep_length_mean:      24.0000	test_episode_limit_mean:   1.0000	test_generate_cost_reward_mean:-37.0209
test_grid_purchase_cost_mean:310474.8775	test_mean_soc_mean:        0.3180	test_return_mean:        -310.9748	test_return_std:          28.6898
test_soc_reserve_reward_mean:-17.2793	test_soc_violation_mean:  48.6034	test_total_power_loss_mean:14288.3944	total_power_loss_mean:   14109.5189
train/battery_action_clip:261.7673	train/battery_punishment_reward:-1308.8367	train/battle_won:          1.0000	train/bess_cost_reward:  -162.6018
train/buy_cost_reward:   -306005.3922	train/ep_length:          24.0000	train/episode:           1487.0000	train/episode_limit:       1.0000
train/generate_cost_reward:-42.9760	train/grid_purchase_cost:306005.3922	train/mean_soc:            0.3185	train/return_mean:       -306.5170
train/return_std:         33.8582	train/soc_reserve_reward:-17.1415	train/soc_violation:      49.6545	train/t_env:             61344.0000
train/total_power_loss:  14109.5189	
[INFO 21:35:53] root Recent Stats | t_env:      62880 | Episode:     1520
battery_action_clip_mean:249.2367	battery_punishment_reward_mean:-1246.1834	battle_won_mean:           1.0000	bess_cost_reward_mean:   -162.3586
buffer/episodes:         2578.0000	buy_cost_reward_mean:    -309340.8163	ep_length_mean:           24.0000	episode_limit_mean:        1.0000
eval/best_reward:        -310.5230	eval/best_win_rate:        1.0000	eval/ea_reward:          -313.0367	eval/ea_win_rate:          1.0000
eval/rl_reward:          -312.4011	eval/rl_win_rate:          1.0000	generate_cost_reward_mean:-44.6050	grid_purchase_cost_mean: 309340.8163
mean_soc_mean:             0.3190	return_mean:             -309.8321	return_std:               31.1727	soc_reserve_reward_mean: -17.0966
soc_violation_mean:       47.2792	test/battery_action_clip:256.0223	test/battery_punishment_reward:-1280.1117	test/battle_won:           1.0000
test/bess_cost_reward:   -162.4047	test/buy_cost_reward:    -310474.8775	test/ep_length:           24.0000	test/episode_limit:        1.0000
test/generate_cost_reward:-37.0209	test/grid_purchase_cost: 310474.8775	test/mean_soc:             0.3180	test/return_mean:        -310.9748
test/return_std:          28.6898	test/soc_reserve_reward: -17.2793	test/soc_violation:       48.6034	test/total_power_loss:   14288.3944
test_battery_action_clip_mean:256.0223	test_battery_punishment_reward_mean:-1280.1117	test_battle_won_mean:      1.0000	test_bess_cost_reward_mean:-162.4047
test_buy_cost_reward_mean:-310474.8775	test_ep_length_mean:      24.0000	test_episode_limit_mean:   1.0000	test_generate_cost_reward_mean:-37.0209
test_grid_purchase_cost_mean:310474.8775	test_mean_soc_mean:        0.3180	test_return_mean:        -310.9748	test_return_std:          28.6898
test_soc_reserve_reward_mean:-17.2793	test_soc_violation_mean:  48.6034	test_total_power_loss_mean:14288.3944	total_power_loss_mean:   14240.7599
train/battery_action_clip:249.2367	train/battery_punishment_reward:-1246.1834	train/battle_won:          1.0000	train/bess_cost_reward:  -162.3586
train/buy_cost_reward:   -309340.8163	train/ep_length:          24.0000	train/episode:           1498.0000	train/episode_limit:       1.0000
train/generate_cost_reward:-44.6050	train/grid_purchase_cost:309340.8163	train/mean_soc:            0.3190	train/return_mean:       -309.8321
train/return_std:         31.1727	train/soc_reserve_reward:-17.0966	train/soc_violation:      47.2792	train/t_env:             61872.0000
train/total_power_loss:  14240.7599	
[INFO 21:36:03] root t_env: 63264 / 300000
[INFO 21:36:03] root Estimated time left: 1 hours, 23 minutes, 59 seconds. Time passed: 19 minutes, 22 seconds
[INFO 21:36:10] root Recent Stats | t_env:      63504 | Episode:     1531
battery_action_clip_mean:250.4222	battery_punishment_reward_mean:-1252.1111	battle_won_mean:           1.0000	bess_cost_reward_mean:   -163.6095
buffer/episodes:         2600.0000	buy_cost_reward_mean:    -310082.9919	ep_length_mean:           24.0000	episode_limit_mean:        1.0000
eval/best_reward:        -310.4658	eval/best_win_rate:        1.0000	eval/ea_reward:          -311.8253	eval/ea_win_rate:          1.0000
eval/rl_reward:          -312.9845	eval/rl_win_rate:          1.0000	generate_cost_reward_mean:-44.8749	grid_purchase_cost_mean: 310082.9919
mean_soc_mean:             0.3142	return_mean:             -310.5768	return_std:               31.9173	soc_reserve_reward_mean: -17.2811
soc_violation_mean:       47.5126	test/battery_action_clip:241.5388	test/battery_punishment_reward:-1207.6939	test/battle_won:           1.0000
test/bess_cost_reward:   -194.3705	test/buy_cost_reward:    -311790.6908	test/ep_length:           24.0000	test/episode_limit:        1.0000
test/generate_cost_reward:-34.6287	test/grid_purchase_cost: 311790.6908	test/mean_soc:             0.2003	test/return_mean:        -312.2777
test/return_std:          29.0188	test/soc_reserve_reward: -21.5533	test/soc_violation:       45.8690	test/total_power_loss:   14333.3267
test_battery_action_clip_mean:241.5388	test_battery_punishment_reward_mean:-1207.6939	test_battle_won_mean:      1.0000	test_bess_cost_reward_mean:-194.3705
test_buy_cost_reward_mean:-311790.6908	test_ep_length_mean:      24.0000	test_episode_limit_mean:   1.0000	test_generate_cost_reward_mean:-34.6287
test_grid_purchase_cost_mean:311790.6908	test_mean_soc_mean:        0.2003	test_return_mean:        -312.2777	test_return_std:          29.0188
test_soc_reserve_reward_mean:-21.5533	test_soc_violation_mean:  45.8690	test_total_power_loss_mean:14333.3267	total_power_loss_mean:   14277.7488
train/battery_action_clip:250.4222	train/battery_punishment_reward:-1252.1111	train/battle_won:          1.0000	train/bess_cost_reward:  -163.6095
train/buy_cost_reward:   -310082.9919	train/ep_length:          24.0000	train/episode:           1509.0000	train/episode_limit:       1.0000
train/generate_cost_reward:-44.8749	train/grid_purchase_cost:310082.9919	train/mean_soc:            0.3142	train/return_mean:       -310.5768
train/return_std:         31.9173	train/soc_reserve_reward:-17.2811	train/soc_violation:      47.5126	train/t_env:             62400.0000
train/total_power_loss:  14277.7488	
[INFO 21:36:19] root Recent Stats | t_env:      64008 | Episode:     1542
battery_action_clip_mean:248.2369	battery_punishment_reward_mean:-1241.1844	battle_won_mean:           1.0000	bess_cost_reward_mean:   -168.6432
buffer/episodes:         2622.0000	buy_cost_reward_mean:    -307574.5418	ep_length_mean:           24.0000	episode_limit_mean:        1.0000
eval/best_reward:        -310.4658	eval/best_win_rate:        1.0000	eval/ea_reward:          -311.8253	eval/ea_win_rate:          1.0000
eval/rl_reward:          -312.9845	eval/rl_win_rate:          1.0000	generate_cost_reward_mean:-44.2629	grid_purchase_cost_mean: 307574.5418
mean_soc_mean:             0.2952	return_mean:             -308.0664	return_std:               30.0991	soc_reserve_reward_mean: -17.9741
soc_violation_mean:       47.1111	test/battery_action_clip:241.5388	test/battery_punishment_reward:-1207.6939	test/battle_won:           1.0000
test/bess_cost_reward:   -194.3705	test/buy_cost_reward:    -311790.6908	test/ep_length:           24.0000	test/episode_limit:        1.0000
test/generate_cost_reward:-34.6287	test/grid_purchase_cost: 311790.6908	test/mean_soc:             0.2003	test/return_mean:        -312.2777
test/return_std:          29.0188	test/soc_reserve_reward: -21.5533	test/soc_violation:       45.8690	test/total_power_loss:   14333.3267
test_battery_action_clip_mean:241.5388	test_battery_punishment_reward_mean:-1207.6939	test_battle_won_mean:      1.0000	test_bess_cost_reward_mean:-194.3705
test_buy_cost_reward_mean:-311790.6908	test_ep_length_mean:      24.0000	test_episode_limit_mean:   1.0000	test_generate_cost_reward_mean:-34.6287
test_grid_purchase_cost_mean:311790.6908	test_mean_soc_mean:        0.2003	test_return_mean:        -312.2777	test_return_std:          29.0188
test_soc_reserve_reward_mean:-21.5533	test_soc_violation_mean:  45.8690	test_total_power_loss_mean:14333.3267	total_power_loss_mean:   14164.2816
train/battery_action_clip:248.2369	train/battery_punishment_reward:-1241.1844	train/battle_won:          1.0000	train/bess_cost_reward:  -168.6432
train/buy_cost_reward:   -307574.5418	train/ep_length:          24.0000	train/episode:           1520.0000	train/episode_limit:       1.0000
train/generate_cost_reward:-44.2629	train/grid_purchase_cost:307574.5418	train/mean_soc:            0.2952	train/return_mean:       -308.0664
train/return_std:         30.0991	train/soc_reserve_reward:-17.9741	train/soc_violation:      47.1111	train/t_env:             62928.0000
train/total_power_loss:  14164.2816	
[INFO 21:36:29] root Recent Stats | t_env:      64512 | Episode:     1553
battery_action_clip_mean:238.0276	battery_punishment_reward_mean:-1190.1378	battle_won_mean:           1.0000	bess_cost_reward_mean:   -172.1944
buffer/episodes:         2644.0000	buy_cost_reward_mean:    -309019.4583	ep_length_mean:           24.0000	episode_limit_mean:        1.0000
eval/best_reward:        -310.4658	eval/best_win_rate:        1.0000	eval/ea_reward:          -311.8253	eval/ea_win_rate:          1.0000
eval/rl_reward:          -312.9845	eval/rl_win_rate:          1.0000	generate_cost_reward_mean:-43.1515	grid_purchase_cost_mean: 309019.4583
mean_soc_mean:             0.2821	return_mean:             -309.4952	return_std:               28.1859	soc_reserve_reward_mean: -18.4036
soc_violation_mean:       45.1682	test/battery_action_clip:241.5388	test/battery_punishment_reward:-1207.6939	test/battle_won:           1.0000
test/bess_cost_reward:   -194.3705	test/buy_cost_reward:    -311790.6908	test/ep_length:           24.0000	test/episode_limit:        1.0000
test/generate_cost_reward:-34.6287	test/grid_purchase_cost: 311790.6908	test/mean_soc:             0.2003	test/return_mean:        -312.2777
test/return_std:          29.0188	test/soc_reserve_reward: -21.5533	test/soc_violation:       45.8690	test/total_power_loss:   14333.3267
test_battery_action_clip_mean:241.5388	test_battery_punishment_reward_mean:-1207.6939	test_battle_won_mean:      1.0000	test_bess_cost_reward_mean:-194.3705
test_buy_cost_reward_mean:-311790.6908	test_ep_length_mean:      24.0000	test_episode_limit_mean:   1.0000	test_generate_cost_reward_mean:-34.6287
test_grid_purchase_cost_mean:311790.6908	test_mean_soc_mean:        0.2003	test_return_mean:        -312.2777	test_return_std:          29.0188
test_soc_reserve_reward_mean:-21.5533	test_soc_violation_mean:  45.8690	test_total_power_loss_mean:14333.3267	total_power_loss_mean:   14225.0552
train/battery_action_clip:238.0276	train/battery_punishment_reward:-1190.1378	train/battle_won:          1.0000	train/bess_cost_reward:  -172.1944
train/buy_cost_reward:   -309019.4583	train/ep_length:          24.0000	train/episode:           1531.0000	train/episode_limit:       1.0000
train/generate_cost_reward:-43.1515	train/grid_purchase_cost:309019.4583	train/mean_soc:            0.2821	train/return_mean:       -309.4952
train/return_std:         28.1859	train/soc_reserve_reward:-18.4036	train/soc_violation:      45.1682	train/t_env:             63456.0000
train/total_power_loss:  14225.0552	
[INFO 21:36:38] root Recent Stats | t_env:      65016 | Episode:     1564
battery_action_clip_mean:232.3207	battery_punishment_reward_mean:-1161.6033	battle_won_mean:           1.0000	bess_cost_reward_mean:   -170.6314
buffer/episodes:         2666.0000	buy_cost_reward_mean:    -308160.2938	ep_length_mean:           24.0000	episode_limit_mean:        1.0000
eval/best_reward:        -310.4658	eval/best_win_rate:        1.0000	eval/ea_reward:          -311.8253	eval/ea_win_rate:          1.0000
eval/rl_reward:          -312.9845	eval/rl_win_rate:          1.0000	generate_cost_reward_mean:-46.6491	grid_purchase_cost_mean: 308160.2938
mean_soc_mean:             0.2873	return_mean:             -308.6273	return_std:               27.3556	soc_reserve_reward_mean: -18.2408
soc_violation_mean:       44.0966	test/battery_action_clip:241.5388	test/battery_punishment_reward:-1207.6939	test/battle_won:           1.0000
test/bess_cost_reward:   -194.3705	test/buy_cost_reward:    -311790.6908	test/ep_length:           24.0000	test/episode_limit:        1.0000
test/generate_cost_reward:-34.6287	test/grid_purchase_cost: 311790.6908	test/mean_soc:             0.2003	test/return_mean:        -312.2777
test/return_std:          29.0188	test/soc_reserve_reward: -21.5533	test/soc_violation:       45.8690	test/total_power_loss:   14333.3267
test_battery_action_clip_mean:241.5388	test_battery_punishment_reward_mean:-1207.6939	test_battle_won_mean:      1.0000	test_bess_cost_reward_mean:-194.3705
test_buy_cost_reward_mean:-311790.6908	test_ep_length_mean:      24.0000	test_episode_limit_mean:   1.0000	test_generate_cost_reward_mean:-34.6287
test_grid_purchase_cost_mean:311790.6908	test_mean_soc_mean:        0.2003	test_return_mean:        -312.2777	test_return_std:          29.0188
test_soc_reserve_reward_mean:-21.5533	test_soc_violation_mean:  45.8690	test_total_power_loss_mean:14333.3267	total_power_loss_mean:   14183.0444
train/battery_action_clip:232.3207	train/battery_punishment_reward:-1161.6033	train/battle_won:          1.0000	train/bess_cost_reward:  -170.6314
train/buy_cost_reward:   -308160.2938	train/ep_length:          24.0000	train/episode:           1542.0000	train/episode_limit:       1.0000
train/generate_cost_reward:-46.6491	train/grid_purchase_cost:308160.2938	train/mean_soc:            0.2873	train/return_mean:       -308.6273
train/return_std:         27.3556	train/soc_reserve_reward:-18.2408	train/soc_violation:      44.0966	train/t_env:             63984.0000
train/total_power_loss:  14183.0444	
[INFO 21:36:43] root t_env: 65280 / 300000
[INFO 21:36:43] root Estimated time left: 1 hours, 17 minutes, 27 seconds. Time passed: 20 minutes, 2 seconds
[INFO 21:36:49] root Recent Stats | t_env:      65520 | Episode:     1575
battery_action_clip_mean:230.8625	battery_punishment_reward_mean:-1154.3124	battle_won_mean:           1.0000	bess_cost_reward_mean:   -174.9558
buffer/episodes:         2688.0000	buy_cost_reward_mean:    -308804.4251	ep_length_mean:           24.0000	episode_limit_mean:        1.0000
eval/best_reward:        -308.7903	eval/best_win_rate:        1.0000	eval/ea_reward:          -310.0193	eval/ea_win_rate:          1.0000
eval/rl_reward:          -312.1174	eval/rl_win_rate:          1.0000	generate_cost_reward_mean:-44.4555	grid_purchase_cost_mean: 308804.4251
mean_soc_mean:             0.2716	return_mean:             -309.2698	return_std:               28.9139	soc_reserve_reward_mean: -18.8172
soc_violation_mean:       43.8203	test/battery_action_clip:241.5004	test/battery_punishment_reward:-1207.5020	test/battle_won:           1.0000
test/bess_cost_reward:   -194.3769	test/buy_cost_reward:    -308306.7927	test/ep_length:           24.0000	test/episode_limit:        1.0000
test/generate_cost_reward:-34.6297	test/grid_purchase_cost: 308306.7927	test/mean_soc:             0.2003	test/return_mean:        -308.7937
test/return_std:          30.1602	test/soc_reserve_reward: -21.5529	test/soc_violation:       45.8615	test/total_power_loss:   14194.8812
test_battery_action_clip_mean:241.5004	test_battery_punishment_reward_mean:-1207.5020	test_battle_won_mean:      1.0000	test_bess_cost_reward_mean:-194.3769
test_buy_cost_reward_mean:-308306.7927	test_ep_length_mean:      24.0000	test_episode_limit_mean:   1.0000	test_generate_cost_reward_mean:-34.6297
test_grid_purchase_cost_mean:308306.7927	test_mean_soc_mean:        0.2003	test_return_mean:        -308.7937	test_return_std:          30.1602
test_soc_reserve_reward_mean:-21.5529	test_soc_violation_mean:  45.8615	test_total_power_loss_mean:14194.8812	total_power_loss_mean:   14217.0616
train/battery_action_clip:230.8625	train/battery_punishment_reward:-1154.3124	train/battle_won:          1.0000	train/bess_cost_reward:  -174.9558
train/buy_cost_reward:   -308804.4251	train/ep_length:          24.0000	train/episode:           1553.0000	train/episode_limit:       1.0000
train/generate_cost_reward:-44.4555	train/grid_purchase_cost:308804.4251	train/mean_soc:            0.2716	train/return_mean:       -309.2698
train/return_std:         28.9139	train/soc_reserve_reward:-18.8172	train/soc_violation:      43.8203	train/t_env:             64512.0000
train/total_power_loss:  14217.0616	
[INFO 21:37:03] root Recent Stats | t_env:      66144 | Episode:     1586
battery_action_clip_mean:203.6671	battery_punishment_reward_mean:-1018.3353	battle_won_mean:           1.0000	bess_cost_reward_mean:   -167.2123
buffer/episodes:         2710.0000	buy_cost_reward_mean:    -315638.7130	ep_length_mean:           24.0000	episode_limit_mean:        1.0000
eval/best_reward:        -308.7903	eval/best_win_rate:        1.0000	eval/ea_reward:          -310.0193	eval/ea_win_rate:          1.0000
eval/rl_reward:          -312.1174	eval/rl_win_rate:          1.0000	generate_cost_reward_mean:-41.2706	grid_purchase_cost_mean: 315638.7130
mean_soc_mean:             0.2992	return_mean:             -316.0546	return_std:               31.8880	soc_reserve_reward_mean: -17.6599
soc_violation_mean:       38.6548	test/battery_action_clip:241.5004	test/battery_punishment_reward:-1207.5020	test/battle_won:           1.0000
test/bess_cost_reward:   -194.3769	test/buy_cost_reward:    -308306.7927	test/ep_length:           24.0000	test/episode_limit:        1.0000
test/generate_cost_reward:-34.6297	test/grid_purchase_cost: 308306.7927	test/mean_soc:             0.2003	test/return_mean:        -308.7937
test/return_std:          30.1602	test/soc_reserve_reward: -21.5529	test/soc_violation:       45.8615	test/total_power_loss:   14194.8812
test_battery_action_clip_mean:241.5004	test_battery_punishment_reward_mean:-1207.5020	test_battle_won_mean:      1.0000	test_bess_cost_reward_mean:-194.3769
test_buy_cost_reward_mean:-308306.7927	test_ep_length_mean:      24.0000	test_episode_limit_mean:   1.0000	test_generate_cost_reward_mean:-34.6297
test_grid_purchase_cost_mean:308306.7927	test_mean_soc_mean:        0.2003	test_return_mean:        -308.7937	test_return_std:          30.1602
test_soc_reserve_reward_mean:-21.5529	test_soc_violation_mean:  45.8615	test_total_power_loss_mean:14194.8812	total_power_loss_mean:   14500.0127
train/battery_action_clip:203.6671	train/battery_punishment_reward:-1018.3353	train/battle_won:          1.0000	train/bess_cost_reward:  -167.2123
train/buy_cost_reward:   -315638.7130	train/ep_length:          24.0000	train/episode:           1564.0000	train/episode_limit:       1.0000
train/generate_cost_reward:-41.2706	train/grid_purchase_cost:315638.7130	train/mean_soc:            0.2992	train/return_mean:       -316.0546
train/return_std:         31.8880	train/soc_reserve_reward:-17.6599	train/soc_violation:      38.6548	train/t_env:             65040.0000
train/total_power_loss:  14500.0127	
[INFO 21:37:13] root Recent Stats | t_env:      66648 | Episode:     1597
battery_action_clip_mean:198.9549	battery_punishment_reward_mean:-994.7743	battle_won_mean:           1.0000	bess_cost_reward_mean:   -170.4068
buffer/episodes:         2732.0000	buy_cost_reward_mean:    -317173.0610	ep_length_mean:           24.0000	episode_limit_mean:        1.0000
eval/best_reward:        -308.7903	eval/best_win_rate:        1.0000	eval/ea_reward:          -310.0193	eval/ea_win_rate:          1.0000
eval/rl_reward:          -312.1174	eval/rl_win_rate:          1.0000	generate_cost_reward_mean:-40.2402	grid_purchase_cost_mean: 317173.0610
mean_soc_mean:             0.2869	return_mean:             -317.5820	return_std:               35.0359	soc_reserve_reward_mean: -18.1192
soc_violation_mean:       37.7779	test/battery_action_clip:241.5004	test/battery_punishment_reward:-1207.5020	test/battle_won:           1.0000
test/bess_cost_reward:   -194.3769	test/buy_cost_reward:    -308306.7927	test/ep_length:           24.0000	test/episode_limit:        1.0000
test/generate_cost_reward:-34.6297	test/grid_purchase_cost: 308306.7927	test/mean_soc:             0.2003	test/return_mean:        -308.7937
test/return_std:          30.1602	test/soc_reserve_reward: -21.5529	test/soc_violation:       45.8615	test/total_power_loss:   14194.8812
test_battery_action_clip_mean:241.5004	test_battery_punishment_reward_mean:-1207.5020	test_battle_won_mean:      1.0000	test_bess_cost_reward_mean:-194.3769
test_buy_cost_reward_mean:-308306.7927	test_ep_length_mean:      24.0000	test_episode_limit_mean:   1.0000	test_generate_cost_reward_mean:-34.6297
test_grid_purchase_cost_mean:308306.7927	test_mean_soc_mean:        0.2003	test_return_mean:        -308.7937	test_return_std:          30.1602
test_soc_reserve_reward_mean:-21.5529	test_soc_violation_mean:  45.8615	test_total_power_loss_mean:14194.8812	total_power_loss_mean:   14576.9080
train/battery_action_clip:198.9549	train/battery_punishment_reward:-994.7743	train/battle_won:          1.0000	train/bess_cost_reward:  -170.4068
train/buy_cost_reward:   -317173.0610	train/ep_length:          24.0000	train/episode:           1575.0000	train/episode_limit:       1.0000
train/generate_cost_reward:-40.2402	train/grid_purchase_cost:317173.0610	train/mean_soc:            0.2869	train/return_mean:       -317.5820
train/return_std:         35.0359	train/soc_reserve_reward:-18.1192	train/soc_violation:      37.7779	train/t_env:             65568.0000
train/total_power_loss:  14576.9080	
[INFO 21:37:22] root Recent Stats | t_env:      67152 | Episode:     1608
battery_action_clip_mean:196.2599	battery_punishment_reward_mean:-981.2993	battle_won_mean:           1.0000	bess_cost_reward_mean:   -169.9258
buffer/episodes:         2754.0000	buy_cost_reward_mean:    -320923.9959	ep_length_mean:           24.0000	episode_limit_mean:        1.0000
eval/best_reward:        -308.7903	eval/best_win_rate:        1.0000	eval/ea_reward:          -310.0193	eval/ea_win_rate:          1.0000
eval/rl_reward:          -312.1174	eval/rl_win_rate:          1.0000	generate_cost_reward_mean:-37.3672	grid_purchase_cost_mean: 320923.9959
mean_soc_mean:             0.2883	return_mean:             -321.3272	return_std:               36.0140	soc_reserve_reward_mean: -18.0313
soc_violation_mean:       37.2670	test/battery_action_clip:241.5004	test/battery_punishment_reward:-1207.5020	test/battle_won:           1.0000
test/bess_cost_reward:   -194.3769	test/buy_cost_reward:    -308306.7927	test/ep_length:           24.0000	test/episode_limit:        1.0000
test/generate_cost_reward:-34.6297	test/grid_purchase_cost: 308306.7927	test/mean_soc:             0.2003	test/return_mean:        -308.7937
test/return_std:          30.1602	test/soc_reserve_reward: -21.5529	test/soc_violation:       45.8615	test/total_power_loss:   14194.8812
test_battery_action_clip_mean:241.5004	test_battery_punishment_reward_mean:-1207.5020	test_battle_won_mean:      1.0000	test_bess_cost_reward_mean:-194.3769
test_buy_cost_reward_mean:-308306.7927	test_ep_length_mean:      24.0000	test_episode_limit_mean:   1.0000	test_generate_cost_reward_mean:-34.6297
test_grid_purchase_cost_mean:308306.7927	test_mean_soc_mean:        0.2003	test_return_mean:        -308.7937	test_return_std:          30.1602
test_soc_reserve_reward_mean:-21.5529	test_soc_violation_mean:  45.8615	test_total_power_loss_mean:14194.8812	total_power_loss_mean:   14723.4553
train/battery_action_clip:196.2599	train/battery_punishment_reward:-981.2993	train/battle_won:          1.0000	train/bess_cost_reward:  -169.9258
train/buy_cost_reward:   -320923.9959	train/ep_length:          24.0000	train/episode:           1586.0000	train/episode_limit:       1.0000
train/generate_cost_reward:-37.3672	train/grid_purchase_cost:320923.9959	train/mean_soc:            0.2883	train/return_mean:       -321.3272
train/return_std:         36.0140	train/soc_reserve_reward:-18.0313	train/soc_violation:      37.2670	train/t_env:             66096.0000
train/total_power_loss:  14723.4553	
[INFO 21:37:26] root t_env: 67344 / 300000
[INFO 21:37:26] root Estimated time left: 1 hours, 21 minutes, 30 seconds. Time passed: 20 minutes, 45 seconds
[INFO 21:37:33] root Recent Stats | t_env:      67656 | Episode:     1619
battery_action_clip_mean:191.8729	battery_punishment_reward_mean:-959.3645	battle_won_mean:           1.0000	bess_cost_reward_mean:   -161.7695
buffer/episodes:         2776.0000	buy_cost_reward_mean:    -318617.7171	ep_length_mean:           24.0000	episode_limit_mean:        1.0000
eval/best_reward:        -307.7224	eval/best_win_rate:        1.0000	eval/ea_reward:          -309.3879	eval/ea_win_rate:          1.0000
eval/rl_reward:          -311.0496	eval/rl_win_rate:          1.0000	generate_cost_reward_mean:-37.8846	grid_purchase_cost_mean: 318617.7171
mean_soc_mean:             0.3179	return_mean:             -319.0107	return_std:               37.7881	soc_reserve_reward_mean: -16.9131
soc_violation_mean:       36.4331	test/battery_action_clip:221.4180	test/battery_punishment_reward:-1107.0899	test/battle_won:           1.0000
test/bess_cost_reward:   -194.3701	test/buy_cost_reward:    -307747.6561	test/ep_length:           24.0000	test/episode_limit:        1.0000
test/generate_cost_reward:-36.3010	test/grid_purchase_cost: 307747.6561	test/mean_soc:             0.2003	test/return_mean:        -308.2017
test/return_std:          30.5163	test/soc_reserve_reward: -21.5525	test/soc_violation:       42.0462	test/total_power_loss:   14170.7445
test_battery_action_clip_mean:221.4180	test_battery_punishment_reward_mean:-1107.0899	test_battle_won_mean:      1.0000	test_bess_cost_reward_mean:-194.3701
test_buy_cost_reward_mean:-307747.6561	test_ep_length_mean:      24.0000	test_episode_limit_mean:   1.0000	test_generate_cost_reward_mean:-36.3010
test_grid_purchase_cost_mean:307747.6561	test_mean_soc_mean:        0.2003	test_return_mean:        -308.2017	test_return_std:          30.5163
test_soc_reserve_reward_mean:-21.5525	test_soc_violation_mean:  42.0462	test_total_power_loss_mean:14170.7445	total_power_loss_mean:   14623.8466
train/battery_action_clip:191.8729	train/battery_punishment_reward:-959.3645	train/battle_won:          1.0000	train/bess_cost_reward:  -161.7695
train/buy_cost_reward:   -318617.7171	train/ep_length:          24.0000	train/episode:           1597.0000	train/episode_limit:       1.0000
train/generate_cost_reward:-37.8846	train/grid_purchase_cost:318617.7171	train/mean_soc:            0.3179	train/return_mean:       -319.0107
train/return_std:         37.7881	train/soc_reserve_reward:-16.9131	train/soc_violation:      36.4331	train/t_env:             66624.0000
train/total_power_loss:  14623.8466	
[INFO 21:37:42] root Recent Stats | t_env:      68160 | Episode:     1630
battery_action_clip_mean:205.5006	battery_punishment_reward_mean:-1027.5031	battle_won_mean:           1.0000	bess_cost_reward_mean:   -166.1338
buffer/episodes:         2798.0000	buy_cost_reward_mean:    -318510.8180	ep_length_mean:           24.0000	episode_limit_mean:        1.0000
eval/best_reward:        -307.7224	eval/best_win_rate:        1.0000	eval/ea_reward:          -309.3879	eval/ea_win_rate:          1.0000
eval/rl_reward:          -311.0496	eval/rl_win_rate:          1.0000	generate_cost_reward_mean:-39.2410	grid_purchase_cost_mean: 318510.8180
mean_soc_mean:             0.3026	return_mean:             -318.9287	return_std:               36.5121	soc_reserve_reward_mean: -17.6165
soc_violation_mean:       39.0206	test/battery_action_clip:221.4180	test/battery_punishment_reward:-1107.0899	test/battle_won:           1.0000
test/bess_cost_reward:   -194.3701	test/buy_cost_reward:    -307747.6561	test/ep_length:           24.0000	test/episode_limit:        1.0000
test/generate_cost_reward:-36.3010	test/grid_purchase_cost: 307747.6561	test/mean_soc:             0.2003	test/return_mean:        -308.2017
test/return_std:          30.5163	test/soc_reserve_reward: -21.5525	test/soc_violation:       42.0462	test/total_power_loss:   14170.7445
test_battery_action_clip_mean:221.4180	test_battery_punishment_reward_mean:-1107.0899	test_battle_won_mean:      1.0000	test_bess_cost_reward_mean:-194.3701
test_buy_cost_reward_mean:-307747.6561	test_ep_length_mean:      24.0000	test_episode_limit_mean:   1.0000	test_generate_cost_reward_mean:-36.3010
test_grid_purchase_cost_mean:307747.6561	test_mean_soc_mean:        0.2003	test_return_mean:        -308.2017	test_return_std:          30.5163
test_soc_reserve_reward_mean:-21.5525	test_soc_violation_mean:  42.0462	test_total_power_loss_mean:14170.7445	total_power_loss_mean:   14628.3555
train/battery_action_clip:205.5006	train/battery_punishment_reward:-1027.5031	train/battle_won:          1.0000	train/bess_cost_reward:  -166.1338
train/buy_cost_reward:   -318510.8180	train/ep_length:          24.0000	train/episode:           1608.0000	train/episode_limit:       1.0000
train/generate_cost_reward:-39.2410	train/grid_purchase_cost:318510.8180	train/mean_soc:            0.3026	train/return_mean:       -318.9287
train/return_std:         36.5121	train/soc_reserve_reward:-17.6165	train/soc_violation:      39.0206	train/t_env:             67152.0000
train/total_power_loss:  14628.3555	
[INFO 21:37:57] root Recent Stats | t_env:      68784 | Episode:     1641
battery_action_clip_mean:209.2881	battery_punishment_reward_mean:-1046.4404	battle_won_mean:           1.0000	bess_cost_reward_mean:   -166.9345
buffer/episodes:         2820.0000	buy_cost_reward_mean:    -315912.5003	ep_length_mean:           24.0000	episode_limit_mean:        1.0000
eval/best_reward:        -307.7224	eval/best_win_rate:        1.0000	eval/ea_reward:          -309.3879	eval/ea_win_rate:          1.0000
eval/rl_reward:          -311.0496	eval/rl_win_rate:          1.0000	generate_cost_reward_mean:-39.3023	grid_purchase_cost_mean: 315912.5003
mean_soc_mean:             0.2996	return_mean:             -316.3370	return_std:               34.5992	soc_reserve_reward_mean: -17.7255
soc_violation_mean:       39.7382	test/battery_action_clip:221.4180	test/battery_punishment_reward:-1107.0899	test/battle_won:           1.0000
test/bess_cost_reward:   -194.3701	test/buy_cost_reward:    -307747.6561	test/ep_length:           24.0000	test/episode_limit:        1.0000
test/generate_cost_reward:-36.3010	test/grid_purchase_cost: 307747.6561	test/mean_soc:             0.2003	test/return_mean:        -308.2017
test/return_std:          30.5163	test/soc_reserve_reward: -21.5525	test/soc_violation:       42.0462	test/total_power_loss:   14170.7445
test_battery_action_clip_mean:221.4180	test_battery_punishment_reward_mean:-1107.0899	test_battle_won_mean:      1.0000	test_bess_cost_reward_mean:-194.3701
test_buy_cost_reward_mean:-307747.6561	test_ep_length_mean:      24.0000	test_episode_limit_mean:   1.0000	test_generate_cost_reward_mean:-36.3010
test_grid_purchase_cost_mean:307747.6561	test_mean_soc_mean:        0.2003	test_return_mean:        -308.2017	test_return_std:          30.5163
test_soc_reserve_reward_mean:-21.5525	test_soc_violation_mean:  42.0462	test_total_power_loss_mean:14170.7445	total_power_loss_mean:   14522.8497
train/battery_action_clip:209.2881	train/battery_punishment_reward:-1046.4404	train/battle_won:          1.0000	train/bess_cost_reward:  -166.9345
train/buy_cost_reward:   -315912.5003	train/ep_length:          24.0000	train/episode:           1619.0000	train/episode_limit:       1.0000
train/generate_cost_reward:-39.3023	train/grid_purchase_cost:315912.5003	train/mean_soc:            0.2996	train/return_mean:       -316.3370
train/return_std:         34.5992	train/soc_reserve_reward:-17.7255	train/soc_violation:      39.7382	train/t_env:             67680.0000
train/total_power_loss:  14522.8497	
[INFO 21:38:07] root Recent Stats | t_env:      69288 | Episode:     1652
battery_action_clip_mean:214.3292	battery_punishment_reward_mean:-1071.6460	battle_won_mean:           1.0000	bess_cost_reward_mean:   -165.7078
buffer/episodes:         2842.0000	buy_cost_reward_mean:    -315512.1444	ep_length_mean:           24.0000	episode_limit_mean:        1.0000
eval/best_reward:        -307.7224	eval/best_win_rate:        1.0000	eval/ea_reward:          -309.3879	eval/ea_win_rate:          1.0000
eval/rl_reward:          -311.0496	eval/rl_win_rate:          1.0000	generate_cost_reward_mean:-37.8843	grid_purchase_cost_mean: 315512.1444
mean_soc_mean:             0.3041	return_mean:             -315.9441	return_std:               32.9022	soc_reserve_reward_mean: -17.5788
soc_violation_mean:       40.6948	test/battery_action_clip:221.4180	test/battery_punishment_reward:-1107.0899	test/battle_won:           1.0000
test/bess_cost_reward:   -194.3701	test/buy_cost_reward:    -307747.6561	test/ep_length:           24.0000	test/episode_limit:        1.0000
test/generate_cost_reward:-36.3010	test/grid_purchase_cost: 307747.6561	test/mean_soc:             0.2003	test/return_mean:        -308.2017
test/return_std:          30.5163	test/soc_reserve_reward: -21.5525	test/soc_violation:       42.0462	test/total_power_loss:   14170.7445
test_battery_action_clip_mean:221.4180	test_battery_punishment_reward_mean:-1107.0899	test_battle_won_mean:      1.0000	test_bess_cost_reward_mean:-194.3701
test_buy_cost_reward_mean:-307747.6561	test_ep_length_mean:      24.0000	test_episode_limit_mean:   1.0000	test_generate_cost_reward_mean:-36.3010
test_grid_purchase_cost_mean:307747.6561	test_mean_soc_mean:        0.2003	test_return_mean:        -308.2017	test_return_std:          30.5163
test_soc_reserve_reward_mean:-21.5525	test_soc_violation_mean:  42.0462	test_total_power_loss_mean:14170.7445	total_power_loss_mean:   14490.2932
train/battery_action_clip:214.3292	train/battery_punishment_reward:-1071.6460	train/battle_won:          1.0000	train/bess_cost_reward:  -165.7078
train/buy_cost_reward:   -315512.1444	train/ep_length:          24.0000	train/episode:           1630.0000	train/episode_limit:       1.0000
train/generate_cost_reward:-37.8843	train/grid_purchase_cost:315512.1444	train/mean_soc:            0.3041	train/return_mean:       -315.9441
train/return_std:         32.9022	train/soc_reserve_reward:-17.5788	train/soc_violation:      40.6948	train/t_env:             68208.0000
train/total_power_loss:  14490.2932	
[INFO 21:38:07] root t_env: 69360 / 300000
[INFO 21:38:07] root Estimated time left: 1 hours, 18 minutes, 3 seconds. Time passed: 21 minutes, 26 seconds
[INFO 21:38:19] root Recent Stats | t_env:      69792 | Episode:     1663
battery_action_clip_mean:218.9190	battery_punishment_reward_mean:-1094.5949	battle_won_mean:           1.0000	bess_cost_reward_mean:   -168.3221
buffer/episodes:         2864.0000	buy_cost_reward_mean:    -310950.2059	ep_length_mean:           24.0000	episode_limit_mean:        1.0000
eval/best_reward:        -308.4648	eval/best_win_rate:        1.0000	eval/ea_reward:          -309.7271	eval/ea_win_rate:          1.0000
eval/rl_reward:          -313.0754	eval/rl_win_rate:          1.0000	generate_cost_reward_mean:-37.6577	grid_purchase_cost_mean: 310950.2059
mean_soc_mean:             0.2949	return_mean:             -311.3907	return_std:               34.9936	soc_reserve_reward_mean: -17.9653
soc_violation_mean:       41.5656	test/battery_action_clip:213.6214	test/battery_punishment_reward:-1068.1072	test/battle_won:           1.0000
test/bess_cost_reward:   -161.6747	test/buy_cost_reward:    -311711.9740	test/ep_length:           24.0000	test/episode_limit:        1.0000
test/generate_cost_reward:-45.5639	test/grid_purchase_cost: 311711.9740	test/mean_soc:             0.3200	test/return_mean:        -312.1441
test/return_std:          31.6318	test/soc_reserve_reward: -17.2413	test/soc_violation:       40.5572	test/total_power_loss:   14339.1599
test_battery_action_clip_mean:213.6214	test_battery_punishment_reward_mean:-1068.1072	test_battle_won_mean:      1.0000	test_bess_cost_reward_mean:-161.6747
test_buy_cost_reward_mean:-311711.9740	test_ep_length_mean:      24.0000	test_episode_limit_mean:   1.0000	test_generate_cost_reward_mean:-45.5639
test_grid_purchase_cost_mean:311711.9740	test_mean_soc_mean:        0.3200	test_return_mean:        -312.1441	test_return_std:          31.6318
test_soc_reserve_reward_mean:-17.2413	test_soc_violation_mean:  40.5572	test_total_power_loss_mean:14339.1599	total_power_loss_mean:   14308.8096
train/battery_action_clip:218.9190	train/battery_punishment_reward:-1094.5949	train/battle_won:          1.0000	train/bess_cost_reward:  -168.3221
train/buy_cost_reward:   -310950.2059	train/ep_length:          24.0000	train/episode:           1641.0000	train/episode_limit:       1.0000
train/generate_cost_reward:-37.6577	train/grid_purchase_cost:310950.2059	train/mean_soc:            0.2949	train/return_mean:       -311.3907
train/return_std:         34.9936	train/soc_reserve_reward:-17.9653	train/soc_violation:      41.5656	train/t_env:             68736.0000
train/total_power_loss:  14308.8096	
[INFO 21:38:28] root Recent Stats | t_env:      70296 | Episode:     1674
battery_action_clip_mean:234.1143	battery_punishment_reward_mean:-1170.5715	battle_won_mean:           1.0000	bess_cost_reward_mean:   -172.7577
buffer/episodes:         2886.0000	buy_cost_reward_mean:    -313441.4100	ep_length_mean:           24.0000	episode_limit_mean:        1.0000
eval/best_reward:        -308.4648	eval/best_win_rate:        1.0000	eval/ea_reward:          -309.7271	eval/ea_win_rate:          1.0000
eval/rl_reward:          -313.0754	eval/rl_win_rate:          1.0000	generate_cost_reward_mean:-37.4984	grid_purchase_cost_mean: 313441.4100
mean_soc_mean:             0.2793	return_mean:             -313.9088	return_std:               32.4050	soc_reserve_reward_mean: -18.5662
soc_violation_mean:       44.4448	test/battery_action_clip:213.6214	test/battery_punishment_reward:-1068.1072	test/battle_won:           1.0000
test/bess_cost_reward:   -161.6747	test/buy_cost_reward:    -311711.9740	test/ep_length:           24.0000	test/episode_limit:        1.0000
test/generate_cost_reward:-45.5639	test/grid_purchase_cost: 311711.9740	test/mean_soc:             0.3200	test/return_mean:        -312.1441
test/return_std:          31.6318	test/soc_reserve_reward: -17.2413	test/soc_violation:       40.5572	test/total_power_loss:   14339.1599
test_battery_action_clip_mean:213.6214	test_battery_punishment_reward_mean:-1068.1072	test_battle_won_mean:      1.0000	test_bess_cost_reward_mean:-161.6747
test_buy_cost_reward_mean:-311711.9740	test_ep_length_mean:      24.0000	test_episode_limit_mean:   1.0000	test_generate_cost_reward_mean:-45.5639
test_grid_purchase_cost_mean:311711.9740	test_mean_soc_mean:        0.3200	test_return_mean:        -312.1441	test_return_std:          31.6318
test_soc_reserve_reward_mean:-17.2413	test_soc_violation_mean:  40.5572	test_total_power_loss_mean:14339.1599	total_power_loss_mean:   14420.8969
train/battery_action_clip:234.1143	train/battery_punishment_reward:-1170.5715	train/battle_won:          1.0000	train/bess_cost_reward:  -172.7577
train/buy_cost_reward:   -313441.4100	train/ep_length:          24.0000	train/episode:           1652.0000	train/episode_limit:       1.0000
train/generate_cost_reward:-37.4984	train/grid_purchase_cost:313441.4100	train/mean_soc:            0.2793	train/return_mean:       -313.9088
train/return_std:         32.4050	train/soc_reserve_reward:-18.5662	train/soc_violation:      44.4448	train/t_env:             69264.0000
train/total_power_loss:  14420.8969	
[INFO 21:38:33] root Saving models to results\models\facmac_smac__2026-06-15_21-16-36\70464
[INFO 21:38:37] root Recent Stats | t_env:      70800 | Episode:     1685
battery_action_clip_mean:240.8724	battery_punishment_reward_mean:-1204.3621	battle_won_mean:           1.0000	bess_cost_reward_mean:   -167.8266
buffer/episodes:         2908.0000	buy_cost_reward_mean:    -312004.8703	ep_length_mean:           24.0000	episode_limit_mean:        1.0000
eval/best_reward:        -308.4648	eval/best_win_rate:        1.0000	eval/ea_reward:          -309.7271	eval/ea_win_rate:          1.0000
eval/rl_reward:          -313.0754	eval/rl_win_rate:          1.0000	generate_cost_reward_mean:-36.3521	grid_purchase_cost_mean: 312004.8703
mean_soc_mean:             0.2973	return_mean:             -312.4813	return_std:               30.2631	soc_reserve_reward_mean: -17.9331
soc_violation_mean:       45.7287	test/battery_action_clip:213.6214	test/battery_punishment_reward:-1068.1072	test/battle_won:           1.0000
test/bess_cost_reward:   -161.6747	test/buy_cost_reward:    -311711.9740	test/ep_length:           24.0000	test/episode_limit:        1.0000
test/generate_cost_reward:-45.5639	test/grid_purchase_cost: 311711.9740	test/mean_soc:             0.3200	test/return_mean:        -312.1441
test/return_std:          31.6318	test/soc_reserve_reward: -17.2413	test/soc_violation:       40.5572	test/total_power_loss:   14339.1599
test_battery_action_clip_mean:213.6214	test_battery_punishment_reward_mean:-1068.1072	test_battle_won_mean:      1.0000	test_bess_cost_reward_mean:-161.6747
test_buy_cost_reward_mean:-311711.9740	test_ep_length_mean:      24.0000	test_episode_limit_mean:   1.0000	test_generate_cost_reward_mean:-45.5639
test_grid_purchase_cost_mean:311711.9740	test_mean_soc_mean:        0.3200	test_return_mean:        -312.1441	test_return_std:          31.6318
test_soc_reserve_reward_mean:-17.2413	test_soc_violation_mean:  40.5572	test_total_power_loss_mean:14339.1599	total_power_loss_mean:   14354.8828
train/battery_action_clip:240.8724	train/battery_punishment_reward:-1204.3621	train/battle_won:          1.0000	train/bess_cost_reward:  -167.8266
train/buy_cost_reward:   -312004.8703	train/ep_length:          24.0000	train/episode:           1663.0000	train/episode_limit:       1.0000
train/generate_cost_reward:-36.3521	train/grid_purchase_cost:312004.8703	train/mean_soc:            0.2973	train/return_mean:       -312.4813
train/return_std:         30.2631	train/soc_reserve_reward:-17.9331	train/soc_violation:      45.7287	train/t_env:             69792.0000
train/total_power_loss:  14354.8828	
[INFO 21:38:51] root t_env: 71424 / 300000
[INFO 21:38:51] root Estimated time left: 1 hours, 21 minutes, 5 seconds. Time passed: 22 minutes, 10 seconds
[INFO 21:38:53] root Recent Stats | t_env:      71424 | Episode:     1696
battery_action_clip_mean:239.8841	battery_punishment_reward_mean:-1199.4203	battle_won_mean:           1.0000	bess_cost_reward_mean:   -165.0433
buffer/episodes:         2930.0000	buy_cost_reward_mean:    -309421.3365	ep_length_mean:           24.0000	episode_limit_mean:        1.0000
eval/best_reward:        -308.6837	eval/best_win_rate:        1.0000	eval/ea_reward:          -309.9461	eval/ea_win_rate:          1.0000
eval/rl_reward:          -312.1288	eval/rl_win_rate:          1.0000	generate_cost_reward_mean:-37.0001	grid_purchase_cost_mean: 309421.3365
mean_soc_mean:             0.3072	return_mean:             -309.8953	return_std:               32.9694	soc_reserve_reward_mean: -17.5243
soc_violation_mean:       45.5428	test/battery_action_clip:226.3642	test/battery_punishment_reward:-1131.8212	test/battle_won:           1.0000
test/bess_cost_reward:   -128.9770	test/buy_cost_reward:    -312611.2135	test/ep_length:           24.0000	test/episode_limit:        1.0000
test/generate_cost_reward:-49.5306	test/grid_purchase_cost: 312611.2135	test/mean_soc:             0.4396	test/return_mean:        -313.0536
test/return_std:          32.6525	test/soc_reserve_reward: -12.9327	test/soc_violation:       42.9741	test/total_power_loss:   14374.8985
test_battery_action_clip_mean:226.3642	test_battery_punishment_reward_mean:-1131.8212	test_battle_won_mean:      1.0000	test_bess_cost_reward_mean:-128.9770
test_buy_cost_reward_mean:-312611.2135	test_ep_length_mean:      24.0000	test_episode_limit_mean:   1.0000	test_generate_cost_reward_mean:-49.5306
test_grid_purchase_cost_mean:312611.2135	test_mean_soc_mean:        0.4396	test_return_mean:        -313.0536	test_return_std:          32.6525
test_soc_reserve_reward_mean:-12.9327	test_soc_violation_mean:  42.9741	test_total_power_loss_mean:14374.8985	total_power_loss_mean:   14243.9896
train/battery_action_clip:239.8841	train/battery_punishment_reward:-1199.4203	train/battle_won:          1.0000	train/bess_cost_reward:  -165.0433
train/buy_cost_reward:   -309421.3365	train/ep_length:          24.0000	train/episode:           1674.0000	train/episode_limit:       1.0000
train/generate_cost_reward:-37.0001	train/grid_purchase_cost:309421.3365	train/mean_soc:            0.3072	train/return_mean:       -309.8953
train/return_std:         32.9694	train/soc_reserve_reward:-17.5243	train/soc_violation:      45.5428	train/t_env:             70320.0000
train/total_power_loss:  14243.9896	
[INFO 21:39:02] root Recent Stats | t_env:      71928 | Episode:     1707
battery_action_clip_mean:239.6354	battery_punishment_reward_mean:-1198.1769	battle_won_mean:           1.0000	bess_cost_reward_mean:   -160.2923
buffer/episodes:         2952.0000	buy_cost_reward_mean:    -304846.5417	ep_length_mean:           24.0000	episode_limit_mean:        1.0000
eval/best_reward:        -308.6837	eval/best_win_rate:        1.0000	eval/ea_reward:          -309.9461	eval/ea_win_rate:          1.0000
eval/rl_reward:          -312.1288	eval/rl_win_rate:          1.0000	generate_cost_reward_mean:-38.8042	grid_purchase_cost_mean: 304846.5417
mean_soc_mean:             0.3248	return_mean:             -305.3189	return_std:               33.7712	soc_reserve_reward_mean: -16.9188
soc_violation_mean:       45.4945	test/battery_action_clip:226.3642	test/battery_punishment_reward:-1131.8212	test/battle_won:           1.0000
test/bess_cost_reward:   -128.9770	test/buy_cost_reward:    -312611.2135	test/ep_length:           24.0000	test/episode_limit:        1.0000
test/generate_cost_reward:-49.5306	test/grid_purchase_cost: 312611.2135	test/mean_soc:             0.4396	test/return_mean:        -313.0536
test/return_std:          32.6525	test/soc_reserve_reward: -12.9327	test/soc_violation:       42.9741	test/total_power_loss:   14374.8985
test_battery_action_clip_mean:226.3642	test_battery_punishment_reward_mean:-1131.8212	test_battle_won_mean:      1.0000	test_bess_cost_reward_mean:-128.9770
test_buy_cost_reward_mean:-312611.2135	test_ep_length_mean:      24.0000	test_episode_limit_mean:   1.0000	test_generate_cost_reward_mean:-49.5306
test_grid_purchase_cost_mean:312611.2135	test_mean_soc_mean:        0.4396	test_return_mean:        -313.0536	test_return_std:          32.6525
test_soc_reserve_reward_mean:-12.9327	test_soc_violation_mean:  42.9741	test_total_power_loss_mean:14374.8985	total_power_loss_mean:   14065.1654
train/battery_action_clip:239.6354	train/battery_punishment_reward:-1198.1769	train/battle_won:          1.0000	train/bess_cost_reward:  -160.2923
train/buy_cost_reward:   -304846.5417	train/ep_length:          24.0000	train/episode:           1685.0000	train/episode_limit:       1.0000
train/generate_cost_reward:-38.8042	train/grid_purchase_cost:304846.5417	train/mean_soc:            0.3248	train/return_mean:       -305.3189
train/return_std:         33.7712	train/soc_reserve_reward:-16.9188	train/soc_violation:      45.4945	train/t_env:             70848.0000
train/total_power_loss:  14065.1654	
[INFO 21:39:11] root Recent Stats | t_env:      72432 | Episode:     1718
battery_action_clip_mean:240.0467	battery_punishment_reward_mean:-1200.2337	battle_won_mean:           1.0000	bess_cost_reward_mean:   -154.6897
buffer/episodes:         2974.0000	buy_cost_reward_mean:    -307481.8883	ep_length_mean:           24.0000	episode_limit_mean:        1.0000
eval/best_reward:        -308.6837	eval/best_win_rate:        1.0000	eval/ea_reward:          -309.9461	eval/ea_win_rate:          1.0000
eval/rl_reward:          -312.1288	eval/rl_win_rate:          1.0000	generate_cost_reward_mean:-40.2221	grid_purchase_cost_mean: 307481.8883
mean_soc_mean:             0.3452	return_mean:             -307.9534	return_std:               32.3070	soc_reserve_reward_mean: -16.1529
soc_violation_mean:       45.5726	test/battery_action_clip:226.3642	test/battery_punishment_reward:-1131.8212	test/battle_won:           1.0000
test/bess_cost_reward:   -128.9770	test/buy_cost_reward:    -312611.2135	test/ep_length:           24.0000	test/episode_limit:        1.0000
test/generate_cost_reward:-49.5306	test/grid_purchase_cost: 312611.2135	test/mean_soc:             0.4396	test/return_mean:        -313.0536
test/return_std:          32.6525	test/soc_reserve_reward: -12.9327	test/soc_violation:       42.9741	test/total_power_loss:   14374.8985
test_battery_action_clip_mean:226.3642	test_battery_punishment_reward_mean:-1131.8212	test_battle_won_mean:      1.0000	test_bess_cost_reward_mean:-128.9770
test_buy_cost_reward_mean:-312611.2135	test_ep_length_mean:      24.0000	test_episode_limit_mean:   1.0000	test_generate_cost_reward_mean:-49.5306
test_grid_purchase_cost_mean:312611.2135	test_mean_soc_mean:        0.4396	test_return_mean:        -313.0536	test_return_std:          32.6525
test_soc_reserve_reward_mean:-12.9327	test_soc_violation_mean:  42.9741	test_total_power_loss_mean:14374.8985	total_power_loss_mean:   14180.7484
train/battery_action_clip:240.0467	train/battery_punishment_reward:-1200.2337	train/battle_won:          1.0000	train/bess_cost_reward:  -154.6897
train/buy_cost_reward:   -307481.8883	train/ep_length:          24.0000	train/episode:           1696.0000	train/episode_limit:       1.0000
train/generate_cost_reward:-40.2221	train/grid_purchase_cost:307481.8883	train/mean_soc:            0.3452	train/return_mean:       -307.9534
train/return_std:         32.3070	train/soc_reserve_reward:-16.1529	train/soc_violation:      45.5726	train/t_env:             71376.0000
train/total_power_loss:  14180.7484	
[INFO 21:39:21] root Recent Stats | t_env:      72936 | Episode:     1729
battery_action_clip_mean:232.1240	battery_punishment_reward_mean:-1160.6198	battle_won_mean:           1.0000	bess_cost_reward_mean:   -150.7931
buffer/episodes:         2996.0000	buy_cost_reward_mean:    -303489.0574	ep_length_mean:           24.0000	episode_limit_mean:        1.0000
eval/best_reward:        -308.6837	eval/best_win_rate:        1.0000	eval/ea_reward:          -309.9461	eval/ea_win_rate:          1.0000
eval/rl_reward:          -312.1288	eval/rl_win_rate:          1.0000	generate_cost_reward_mean:-41.5702	grid_purchase_cost_mean: 303489.0574
mean_soc_mean:             0.3590	return_mean:             -303.9464	return_std:               33.4197	soc_reserve_reward_mean: -15.6540
soc_violation_mean:       44.0715	test/battery_action_clip:226.3642	test/battery_punishment_reward:-1131.8212	test/battle_won:           1.0000
test/bess_cost_reward:   -128.9770	test/buy_cost_reward:    -312611.2135	test/ep_length:           24.0000	test/episode_limit:        1.0000
test/generate_cost_reward:-49.5306	test/grid_purchase_cost: 312611.2135	test/mean_soc:             0.4396	test/return_mean:        -313.0536
test/return_std:          32.6525	test/soc_reserve_reward: -12.9327	test/soc_violation:       42.9741	test/total_power_loss:   14374.8985
test_battery_action_clip_mean:226.3642	test_battery_punishment_reward_mean:-1131.8212	test_battle_won_mean:      1.0000	test_bess_cost_reward_mean:-128.9770
test_buy_cost_reward_mean:-312611.2135	test_ep_length_mean:      24.0000	test_episode_limit_mean:   1.0000	test_generate_cost_reward_mean:-49.5306
test_grid_purchase_cost_mean:312611.2135	test_mean_soc_mean:        0.4396	test_return_mean:        -313.0536	test_return_std:          32.6525
test_soc_reserve_reward_mean:-12.9327	test_soc_violation_mean:  42.9741	test_total_power_loss_mean:14374.8985	total_power_loss_mean:   14012.3282
train/battery_action_clip:232.1240	train/battery_punishment_reward:-1160.6198	train/battle_won:          1.0000	train/bess_cost_reward:  -150.7931
train/buy_cost_reward:   -303489.0574	train/ep_length:          24.0000	train/episode:           1707.0000	train/episode_limit:       1.0000
train/generate_cost_reward:-41.5702	train/grid_purchase_cost:303489.0574	train/mean_soc:            0.3590	train/return_mean:       -303.9464
train/return_std:         33.4197	train/soc_reserve_reward:-15.6540	train/soc_violation:      44.0715	train/t_env:             71904.0000
train/total_power_loss:  14012.3282	
[INFO 21:39:30] root t_env: 73440 / 300000
[INFO 21:39:30] root Estimated time left: 1 hours, 11 minutes, 41 seconds. Time passed: 22 minutes, 48 seconds
[INFO 21:39:31] root Recent Stats | t_env:      73440 | Episode:     1740
battery_action_clip_mean:224.6964	battery_punishment_reward_mean:-1123.4820	battle_won_mean:           1.0000	bess_cost_reward_mean:   -145.6066
buffer/episodes:         3018.0000	buy_cost_reward_mean:    -303493.2445	ep_length_mean:           24.0000	episode_limit_mean:        1.0000
eval/best_reward:        -307.2520	eval/best_win_rate:        1.0000	eval/ea_reward:          -308.5143	eval/ea_win_rate:          1.0000
eval/rl_reward:          -310.3243	eval/rl_win_rate:          1.0000	generate_cost_reward_mean:-42.1067	grid_purchase_cost_mean: 303493.2445
mean_soc_mean:             0.3782	return_mean:             -303.9364	return_std:               34.6887	soc_reserve_reward_mean: -14.9646
soc_violation_mean:       42.6557	test/battery_action_clip:217.9218	test/battery_punishment_reward:-1089.6088	test/battle_won:           1.0000
test/bess_cost_reward:   -153.0196	test/buy_cost_reward:    -309665.9213	test/ep_length:           24.0000	test/episode_limit:        1.0000
test/generate_cost_reward:-44.7093	test/grid_purchase_cost: 309665.9213	test/mean_soc:             0.3582	test/return_mean:        -310.1014
test/return_std:          31.6791	test/soc_reserve_reward: -15.6323	test/soc_violation:       41.1791	test/total_power_loss:   14252.9249
test_battery_action_clip_mean:217.9218	test_battery_punishment_reward_mean:-1089.6088	test_battle_won_mean:      1.0000	test_bess_cost_reward_mean:-153.0196
test_buy_cost_reward_mean:-309665.9213	test_ep_length_mean:      24.0000	test_episode_limit_mean:   1.0000	test_generate_cost_reward_mean:-44.7093
test_grid_purchase_cost_mean:309665.9213	test_mean_soc_mean:        0.3582	test_return_mean:        -310.1014	test_return_std:          31.6791
test_soc_reserve_reward_mean:-15.6323	test_soc_violation_mean:  41.1791	test_total_power_loss_mean:14252.9249	total_power_loss_mean:   14006.1084
train/battery_action_clip:224.6964	train/battery_punishment_reward:-1123.4820	train/battle_won:          1.0000	train/bess_cost_reward:  -145.6066
train/buy_cost_reward:   -303493.2445	train/ep_length:          24.0000	train/episode:           1718.0000	train/episode_limit:       1.0000
train/generate_cost_reward:-42.1067	train/grid_purchase_cost:303493.2445	train/mean_soc:            0.3782	train/return_mean:       -303.9364
train/return_std:         34.6887	train/soc_reserve_reward:-14.9646	train/soc_violation:      42.6557	train/t_env:             72432.0000
train/total_power_loss:  14006.1084	
[INFO 21:39:45] root Recent Stats | t_env:      74064 | Episode:     1751
battery_action_clip_mean:223.9164	battery_punishment_reward_mean:-1119.5821	battle_won_mean:           1.0000	bess_cost_reward_mean:   -150.3638
buffer/episodes:         3040.0000	buy_cost_reward_mean:    -305218.6807	ep_length_mean:           24.0000	episode_limit_mean:        1.0000
eval/best_reward:        -307.2520	eval/best_win_rate:        1.0000	eval/ea_reward:          -308.5143	eval/ea_win_rate:          1.0000
eval/rl_reward:          -310.3243	eval/rl_win_rate:          1.0000	generate_cost_reward_mean:-41.7123	grid_purchase_cost_mean: 305218.6807
mean_soc_mean:             0.3613	return_mean:             -305.6622	return_std:               33.8270	soc_reserve_reward_mean: -15.6068
soc_violation_mean:       42.5027	test/battery_action_clip:217.9218	test/battery_punishment_reward:-1089.6088	test/battle_won:           1.0000
test/bess_cost_reward:   -153.0196	test/buy_cost_reward:    -309665.9213	test/ep_length:           24.0000	test/episode_limit:        1.0000
test/generate_cost_reward:-44.7093	test/grid_purchase_cost: 309665.9213	test/mean_soc:             0.3582	test/return_mean:        -310.1014
test/return_std:          31.6791	test/soc_reserve_reward: -15.6323	test/soc_violation:       41.1791	test/total_power_loss:   14252.9249
test_battery_action_clip_mean:217.9218	test_battery_punishment_reward_mean:-1089.6088	test_battle_won_mean:      1.0000	test_bess_cost_reward_mean:-153.0196
test_buy_cost_reward_mean:-309665.9213	test_ep_length_mean:      24.0000	test_episode_limit_mean:   1.0000	test_generate_cost_reward_mean:-44.7093
test_grid_purchase_cost_mean:309665.9213	test_mean_soc_mean:        0.3582	test_return_mean:        -310.1014	test_return_std:          31.6791
test_soc_reserve_reward_mean:-15.6323	test_soc_violation_mean:  41.1791	test_total_power_loss_mean:14252.9249	total_power_loss_mean:   14072.2622
train/battery_action_clip:223.9164	train/battery_punishment_reward:-1119.5821	train/battle_won:          1.0000	train/bess_cost_reward:  -150.3638
train/buy_cost_reward:   -305218.6807	train/ep_length:          24.0000	train/episode:           1729.0000	train/episode_limit:       1.0000
train/generate_cost_reward:-41.7123	train/grid_purchase_cost:305218.6807	train/mean_soc:            0.3613	train/return_mean:       -305.6622
train/return_std:         33.8270	train/soc_reserve_reward:-15.6068	train/soc_violation:      42.5027	train/t_env:             72960.0000
train/total_power_loss:  14072.2622	
[INFO 21:39:53] root Recent Stats | t_env:      74568 | Episode:     1762
battery_action_clip_mean:235.2825	battery_punishment_reward_mean:-1176.4123	battle_won_mean:           1.0000	bess_cost_reward_mean:   -151.6254
buffer/episodes:         3062.0000	buy_cost_reward_mean:    -306114.1066	ep_length_mean:           24.0000	episode_limit_mean:        1.0000
eval/best_reward:        -307.2520	eval/best_win_rate:        1.0000	eval/ea_reward:          -308.5143	eval/ea_win_rate:          1.0000
eval/rl_reward:          -310.3243	eval/rl_win_rate:          1.0000	generate_cost_reward_mean:-41.7859	grid_purchase_cost_mean: 306114.1066
mean_soc_mean:             0.3567	return_mean:             -306.5771	return_std:               33.4963	soc_reserve_reward_mean: -15.7811
soc_violation_mean:       44.6604	test/battery_action_clip:217.9218	test/battery_punishment_reward:-1089.6088	test/battle_won:           1.0000
test/bess_cost_reward:   -153.0196	test/buy_cost_reward:    -309665.9213	test/ep_length:           24.0000	test/episode_limit:        1.0000
test/generate_cost_reward:-44.7093	test/grid_purchase_cost: 309665.9213	test/mean_soc:             0.3582	test/return_mean:        -310.1014
test/return_std:          31.6791	test/soc_reserve_reward: -15.6323	test/soc_violation:       41.1791	test/total_power_loss:   14252.9249
test_battery_action_clip_mean:217.9218	test_battery_punishment_reward_mean:-1089.6088	test_battle_won_mean:      1.0000	test_bess_cost_reward_mean:-153.0196
test_buy_cost_reward_mean:-309665.9213	test_ep_length_mean:      24.0000	test_episode_limit_mean:   1.0000	test_generate_cost_reward_mean:-44.7093
test_grid_purchase_cost_mean:309665.9213	test_mean_soc_mean:        0.3582	test_return_mean:        -310.1014	test_return_std:          31.6791
test_soc_reserve_reward_mean:-15.6323	test_soc_violation_mean:  41.1791	test_total_power_loss_mean:14252.9249	total_power_loss_mean:   14100.6582
train/battery_action_clip:235.2825	train/battery_punishment_reward:-1176.4123	train/battle_won:          1.0000	train/bess_cost_reward:  -151.6254
train/buy_cost_reward:   -306114.1066	train/ep_length:          24.0000	train/episode:           1740.0000	train/episode_limit:       1.0000
train/generate_cost_reward:-41.7859	train/grid_purchase_cost:306114.1066	train/mean_soc:            0.3567	train/return_mean:       -306.5771
train/return_std:         33.4963	train/soc_reserve_reward:-15.7811	train/soc_violation:      44.6604	train/t_env:             73488.0000
train/total_power_loss:  14100.6582	
[INFO 21:40:02] root Recent Stats | t_env:      75072 | Episode:     1773
battery_action_clip_mean:231.9000	battery_punishment_reward_mean:-1159.4999	battle_won_mean:           1.0000	bess_cost_reward_mean:   -160.2462
buffer/episodes:         3084.0000	buy_cost_reward_mean:    -303385.9984	ep_length_mean:           24.0000	episode_limit_mean:        1.0000
eval/best_reward:        -307.2520	eval/best_win_rate:        1.0000	eval/ea_reward:          -308.5143	eval/ea_win_rate:          1.0000
eval/rl_reward:          -310.3243	eval/rl_win_rate:          1.0000	generate_cost_reward_mean:-40.8640	grid_purchase_cost_mean: 303385.9984
mean_soc_mean:             0.3252	return_mean:             -303.8463	return_std:               32.3035	soc_reserve_reward_mean: -16.9149
soc_violation_mean:       44.0198	test/battery_action_clip:217.9218	test/battery_punishment_reward:-1089.6088	test/battle_won:           1.0000
test/bess_cost_reward:   -153.0196	test/buy_cost_reward:    -309665.9213	test/ep_length:           24.0000	test/episode_limit:        1.0000
test/generate_cost_reward:-44.7093	test/grid_purchase_cost: 309665.9213	test/mean_soc:             0.3582	test/return_mean:        -310.1014
test/return_std:          31.6791	test/soc_reserve_reward: -15.6323	test/soc_violation:       41.1791	test/total_power_loss:   14252.9249
test_battery_action_clip_mean:217.9218	test_battery_punishment_reward_mean:-1089.6088	test_battle_won_mean:      1.0000	test_bess_cost_reward_mean:-153.0196
test_buy_cost_reward_mean:-309665.9213	test_ep_length_mean:      24.0000	test_episode_limit_mean:   1.0000	test_generate_cost_reward_mean:-44.7093
test_grid_purchase_cost_mean:309665.9213	test_mean_soc_mean:        0.3582	test_return_mean:        -310.1014	test_return_std:          31.6791
test_soc_reserve_reward_mean:-15.6323	test_soc_violation_mean:  41.1791	test_total_power_loss_mean:14252.9249	total_power_loss_mean:   13977.4189
train/battery_action_clip:231.9000	train/battery_punishment_reward:-1159.4999	train/battle_won:          1.0000	train/bess_cost_reward:  -160.2462
train/buy_cost_reward:   -303385.9984	train/ep_length:          24.0000	train/episode:           1751.0000	train/episode_limit:       1.0000
train/generate_cost_reward:-40.8640	train/grid_purchase_cost:303385.9984	train/mean_soc:            0.3252	train/return_mean:       -303.8463
train/return_std:         32.3035	train/soc_reserve_reward:-16.9149	train/soc_violation:      44.0198	train/t_env:             74016.0000
train/total_power_loss:  13977.4189	
[INFO 21:40:13] root t_env: 75504 / 300000
[INFO 21:40:13] root Estimated time left: 1 hours, 17 minutes, 59 seconds. Time passed: 23 minutes, 31 seconds
[INFO 21:40:14] root Recent Stats | t_env:      75576 | Episode:     1784
battery_action_clip_mean:237.3279	battery_punishment_reward_mean:-1186.6397	battle_won_mean:           1.0000	bess_cost_reward_mean:   -168.4706
buffer/episodes:         3106.0000	buy_cost_reward_mean:    -306208.4286	ep_length_mean:           24.0000	episode_limit_mean:        1.0000
eval/best_reward:        -308.4806	eval/best_win_rate:        1.0000	eval/ea_reward:          -309.7430	eval/ea_win_rate:          1.0000
eval/rl_reward:          -311.1981	eval/rl_win_rate:          1.0000	generate_cost_reward_mean:-40.5244	grid_purchase_cost_mean: 306208.4286
mean_soc_mean:             0.2952	return_mean:             -306.6807	return_std:               32.6331	soc_reserve_reward_mean: -18.0452
soc_violation_mean:       45.0556	test/battery_action_clip:189.4194	test/battery_punishment_reward:-947.0970	test/battle_won:           1.0000
test/bess_cost_reward:   -184.5107	test/buy_cost_reward:    -311973.8910	test/ep_length:           24.0000	test/episode_limit:        1.0000
test/generate_cost_reward:-40.9671	test/grid_purchase_cost: 311973.8910	test/mean_soc:             0.2424	test/return_mean:        -312.3724
test/return_std:          29.1232	test/soc_reserve_reward: -19.6240	test/soc_violation:       35.7709	test/total_power_loss:   14350.7558
test_battery_action_clip_mean:189.4194	test_battery_punishment_reward_mean:-947.0970	test_battle_won_mean:      1.0000	test_bess_cost_reward_mean:-184.5107
test_buy_cost_reward_mean:-311973.8910	test_ep_length_mean:      24.0000	test_episode_limit_mean:   1.0000	test_generate_cost_reward_mean:-40.9671
test_grid_purchase_cost_mean:311973.8910	test_mean_soc_mean:        0.2424	test_return_mean:        -312.3724	test_return_std:          29.1232
test_soc_reserve_reward_mean:-19.6240	test_soc_violation_mean:  35.7709	test_total_power_loss_mean:14350.7558	total_power_loss_mean:   14094.2849
train/battery_action_clip:237.3279	train/battery_punishment_reward:-1186.6397	train/battle_won:          1.0000	train/bess_cost_reward:  -168.4706
train/buy_cost_reward:   -306208.4286	train/ep_length:          24.0000	train/episode:           1762.0000	train/episode_limit:       1.0000
train/generate_cost_reward:-40.5244	train/grid_purchase_cost:306208.4286	train/mean_soc:            0.2952	train/return_mean:       -306.6807
train/return_std:         32.6331	train/soc_reserve_reward:-18.0452	train/soc_violation:      45.0556	train/t_env:             74544.0000
train/total_power_loss:  14094.2849	
[INFO 21:40:24] root Recent Stats | t_env:      76080 | Episode:     1795
battery_action_clip_mean:241.2298	battery_punishment_reward_mean:-1206.1488	battle_won_mean:           1.0000	bess_cost_reward_mean:   -174.3768
buffer/episodes:         3128.0000	buy_cost_reward_mean:    -305921.0080	ep_length_mean:           24.0000	episode_limit_mean:        1.0000
eval/best_reward:        -308.4806	eval/best_win_rate:        1.0000	eval/ea_reward:          -309.7430	eval/ea_win_rate:          1.0000
eval/rl_reward:          -311.1981	eval/rl_win_rate:          1.0000	generate_cost_reward_mean:-41.4006	grid_purchase_cost_mean: 305921.0080
mean_soc_mean:             0.2736	return_mean:             -306.4023	return_std:               32.8745	soc_reserve_reward_mean: -18.8099
soc_violation_mean:       45.7973	test/battery_action_clip:189.4194	test/battery_punishment_reward:-947.0970	test/battle_won:           1.0000
test/bess_cost_reward:   -184.5107	test/buy_cost_reward:    -311973.8910	test/ep_length:           24.0000	test/episode_limit:        1.0000
test/generate_cost_reward:-40.9671	test/grid_purchase_cost: 311973.8910	test/mean_soc:             0.2424	test/return_mean:        -312.3724
test/return_std:          29.1232	test/soc_reserve_reward: -19.6240	test/soc_violation:       35.7709	test/total_power_loss:   14350.7558
test_battery_action_clip_mean:189.4194	test_battery_punishment_reward_mean:-947.0970	test_battle_won_mean:      1.0000	test_bess_cost_reward_mean:-184.5107
test_buy_cost_reward_mean:-311973.8910	test_ep_length_mean:      24.0000	test_episode_limit_mean:   1.0000	test_generate_cost_reward_mean:-40.9671
test_grid_purchase_cost_mean:311973.8910	test_mean_soc_mean:        0.2424	test_return_mean:        -312.3724	test_return_std:          29.1232
test_soc_reserve_reward_mean:-19.6240	test_soc_violation_mean:  35.7709	test_total_power_loss_mean:14350.7558	total_power_loss_mean:   14079.2015
train/battery_action_clip:241.2298	train/battery_punishment_reward:-1206.1488	train/battle_won:          1.0000	train/bess_cost_reward:  -174.3768
train/buy_cost_reward:   -305921.0080	train/ep_length:          24.0000	train/episode:           1773.0000	train/episode_limit:       1.0000
train/generate_cost_reward:-41.4006	train/grid_purchase_cost:305921.0080	train/mean_soc:            0.2736	train/return_mean:       -306.4023
train/return_std:         32.8745	train/soc_reserve_reward:-18.8099	train/soc_violation:      45.7973	train/t_env:             75072.0000
train/total_power_loss:  14079.2015	
[INFO 21:40:38] root Recent Stats | t_env:      76704 | Episode:     1806
battery_action_clip_mean:236.1038	battery_punishment_reward_mean:-1180.5189	battle_won_mean:           1.0000	bess_cost_reward_mean:   -174.6294
buffer/episodes:         3150.0000	buy_cost_reward_mean:    -307262.5018	ep_length_mean:           24.0000	episode_limit_mean:        1.0000
eval/best_reward:        -308.4806	eval/best_win_rate:        1.0000	eval/ea_reward:          -309.7430	eval/ea_win_rate:          1.0000
eval/rl_reward:          -311.1981	eval/rl_win_rate:          1.0000	generate_cost_reward_mean:-40.7987	grid_purchase_cost_mean: 307262.5018
mean_soc_mean:             0.2725	return_mean:             -307.7352	return_std:               33.5680	soc_reserve_reward_mean: -18.8421
soc_violation_mean:       44.8267	test/battery_action_clip:189.4194	test/battery_punishment_reward:-947.0970	test/battle_won:           1.0000
test/bess_cost_reward:   -184.5107	test/buy_cost_reward:    -311973.8910	test/ep_length:           24.0000	test/episode_limit:        1.0000
test/generate_cost_reward:-40.9671	test/grid_purchase_cost: 311973.8910	test/mean_soc:             0.2424	test/return_mean:        -312.3724
test/return_std:          29.1232	test/soc_reserve_reward: -19.6240	test/soc_violation:       35.7709	test/total_power_loss:   14350.7558
test_battery_action_clip_mean:189.4194	test_battery_punishment_reward_mean:-947.0970	test_battle_won_mean:      1.0000	test_bess_cost_reward_mean:-184.5107
test_buy_cost_reward_mean:-311973.8910	test_ep_length_mean:      24.0000	test_episode_limit_mean:   1.0000	test_generate_cost_reward_mean:-40.9671
test_grid_purchase_cost_mean:311973.8910	test_mean_soc_mean:        0.2424	test_return_mean:        -312.3724	test_return_std:          29.1232
test_soc_reserve_reward_mean:-19.6240	test_soc_violation_mean:  35.7709	test_total_power_loss_mean:14350.7558	total_power_loss_mean:   14149.7367
train/battery_action_clip:236.1038	train/battery_punishment_reward:-1180.5189	train/battle_won:          1.0000	train/bess_cost_reward:  -174.6294
train/buy_cost_reward:   -307262.5018	train/ep_length:          24.0000	train/episode:           1784.0000	train/episode_limit:       1.0000
train/generate_cost_reward:-40.7987	train/grid_purchase_cost:307262.5018	train/mean_soc:            0.2725	train/return_mean:       -307.7352
train/return_std:         33.5680	train/soc_reserve_reward:-18.8421	train/soc_violation:      44.8267	train/t_env:             75600.0000
train/total_power_loss:  14149.7367	
[INFO 21:40:48] root Recent Stats | t_env:      77208 | Episode:     1817
battery_action_clip_mean:246.1346	battery_punishment_reward_mean:-1230.6732	battle_won_mean:           1.0000	bess_cost_reward_mean:   -169.8479
buffer/episodes:         3172.0000	buy_cost_reward_mean:    -311618.0724	ep_length_mean:           24.0000	episode_limit_mean:        1.0000
eval/best_reward:        -308.4806	eval/best_win_rate:        1.0000	eval/ea_reward:          -309.7430	eval/ea_win_rate:          1.0000
eval/rl_reward:          -311.1981	eval/rl_win_rate:          1.0000	generate_cost_reward_mean:-41.0437	grid_purchase_cost_mean: 311618.0724
mean_soc_mean:             0.2902	return_mean:             -312.1057	return_std:               33.5372	soc_reserve_reward_mean: -18.1983
soc_violation_mean:       46.7258	test/battery_action_clip:189.4194	test/battery_punishment_reward:-947.0970	test/battle_won:           1.0000
test/bess_cost_reward:   -184.5107	test/buy_cost_reward:    -311973.8910	test/ep_length:           24.0000	test/episode_limit:        1.0000
test/generate_cost_reward:-40.9671	test/grid_purchase_cost: 311973.8910	test/mean_soc:             0.2424	test/return_mean:        -312.3724
test/return_std:          29.1232	test/soc_reserve_reward: -19.6240	test/soc_violation:       35.7709	test/total_power_loss:   14350.7558
test_battery_action_clip_mean:189.4194	test_battery_punishment_reward_mean:-947.0970	test_battle_won_mean:      1.0000	test_bess_cost_reward_mean:-184.5107
test_buy_cost_reward_mean:-311973.8910	test_ep_length_mean:      24.0000	test_episode_limit_mean:   1.0000	test_generate_cost_reward_mean:-40.9671
test_grid_purchase_cost_mean:311973.8910	test_mean_soc_mean:        0.2424	test_return_mean:        -312.3724	test_return_std:          29.1232
test_soc_reserve_reward_mean:-19.6240	test_soc_violation_mean:  35.7709	test_total_power_loss_mean:14350.7558	total_power_loss_mean:   14339.7204
train/battery_action_clip:246.1346	train/battery_punishment_reward:-1230.6732	train/battle_won:          1.0000	train/bess_cost_reward:  -169.8479
train/buy_cost_reward:   -311618.0724	train/ep_length:          24.0000	train/episode:           1795.0000	train/episode_limit:       1.0000
train/generate_cost_reward:-41.0437	train/grid_purchase_cost:311618.0724	train/mean_soc:            0.2902	train/return_mean:       -312.1057
train/return_std:         33.5372	train/soc_reserve_reward:-18.1983	train/soc_violation:      46.7258	train/t_env:             76128.0000
train/total_power_loss:  14339.7204	
[INFO 21:40:53] root t_env: 77520 / 300000
[INFO 21:40:53] root Estimated time left: 1 hours, 14 minutes, 51 seconds. Time passed: 24 minutes, 12 seconds
[INFO 21:41:00] root Recent Stats | t_env:      77712 | Episode:     1828
battery_action_clip_mean:248.3060	battery_punishment_reward_mean:-1241.5302	battle_won_mean:           1.0000	bess_cost_reward_mean:   -165.2795
buffer/episodes:         3194.0000	buy_cost_reward_mean:    -311244.5103	ep_length_mean:           24.0000	episode_limit_mean:        1.0000
eval/best_reward:        -308.5124	eval/best_win_rate:        1.0000	eval/ea_reward:          -308.5124	eval/ea_win_rate:          1.0000
eval/rl_reward:          -312.1631	eval/rl_win_rate:          1.0000	generate_cost_reward_mean:-39.7340	grid_purchase_cost_mean: 311244.5103
mean_soc_mean:             0.3077	return_mean:             -311.7336	return_std:               33.7023	soc_reserve_reward_mean: -17.5291
soc_violation_mean:       47.1168	test/battery_action_clip:228.1561	test/battery_punishment_reward:-1140.7804	test/battle_won:           1.0000
test/bess_cost_reward:   -160.4643	test/buy_cost_reward:    -312221.0272	test/ep_length:           24.0000	test/episode_limit:        1.0000
test/generate_cost_reward:-32.5444	test/grid_purchase_cost: 312221.0272	test/mean_soc:             0.3238	test/return_mean:        -312.6721
test/return_std:          29.5966	test/soc_reserve_reward: -16.9243	test/soc_violation:       43.3196	test/total_power_loss:   14366.9849
test_battery_action_clip_mean:228.1561	test_battery_punishment_reward_mean:-1140.7804	test_battle_won_mean:      1.0000	test_bess_cost_reward_mean:-160.4643
test_buy_cost_reward_mean:-312221.0272	test_ep_length_mean:      24.0000	test_episode_limit_mean:   1.0000	test_generate_cost_reward_mean:-32.5444
test_grid_purchase_cost_mean:312221.0272	test_mean_soc_mean:        0.3238	test_return_mean:        -312.6721	test_return_std:          29.5966
test_soc_reserve_reward_mean:-16.9243	test_soc_violation_mean:  43.3196	test_total_power_loss_mean:14366.9849	total_power_loss_mean:   14327.8330
train/battery_action_clip:248.3060	train/battery_punishment_reward:-1241.5302	train/battle_won:          1.0000	train/bess_cost_reward:  -165.2795
train/buy_cost_reward:   -311244.5103	train/ep_length:          24.0000	train/episode:           1806.0000	train/episode_limit:       1.0000
train/generate_cost_reward:-39.7340	train/grid_purchase_cost:311244.5103	train/mean_soc:            0.3077	train/return_mean:       -311.7336
train/return_std:         33.7023	train/soc_reserve_reward:-17.5291	train/soc_violation:      47.1168	train/t_env:             76656.0000
train/total_power_loss:  14327.8330	
[INFO 21:41:10] root Recent Stats | t_env:      78216 | Episode:     1839
battery_action_clip_mean:235.8654	battery_punishment_reward_mean:-1179.3268	battle_won_mean:           1.0000	bess_cost_reward_mean:   -165.2450
buffer/episodes:         3216.0000	buy_cost_reward_mean:    -311083.3759	ep_length_mean:           24.0000	episode_limit_mean:        1.0000
eval/best_reward:        -308.5124	eval/best_win_rate:        1.0000	eval/ea_reward:          -308.5124	eval/ea_win_rate:          1.0000
eval/rl_reward:          -312.1631	eval/rl_win_rate:          1.0000	generate_cost_reward_mean:-38.5299	grid_purchase_cost_mean: 311083.3759
mean_soc_mean:             0.3074	return_mean:             -311.5512	return_std:               33.1699	soc_reserve_reward_mean: -17.5008
soc_violation_mean:       44.7578	test/battery_action_clip:228.1561	test/battery_punishment_reward:-1140.7804	test/battle_won:           1.0000
test/bess_cost_reward:   -160.4643	test/buy_cost_reward:    -312221.0272	test/ep_length:           24.0000	test/episode_limit:        1.0000
test/generate_cost_reward:-32.5444	test/grid_purchase_cost: 312221.0272	test/mean_soc:             0.3238	test/return_mean:        -312.6721
test/return_std:          29.5966	test/soc_reserve_reward: -16.9243	test/soc_violation:       43.3196	test/total_power_loss:   14366.9849
test_battery_action_clip_mean:228.1561	test_battery_punishment_reward_mean:-1140.7804	test_battle_won_mean:      1.0000	test_bess_cost_reward_mean:-160.4643
test_buy_cost_reward_mean:-312221.0272	test_ep_length_mean:      24.0000	test_episode_limit_mean:   1.0000	test_generate_cost_reward_mean:-32.5444
test_grid_purchase_cost_mean:312221.0272	test_mean_soc_mean:        0.3238	test_return_mean:        -312.6721	test_return_std:          29.5966
test_soc_reserve_reward_mean:-16.9243	test_soc_violation_mean:  43.3196	test_total_power_loss_mean:14366.9849	total_power_loss_mean:   14337.7354
train/battery_action_clip:235.8654	train/battery_punishment_reward:-1179.3268	train/battle_won:          1.0000	train/bess_cost_reward:  -165.2450
train/buy_cost_reward:   -311083.3759	train/ep_length:          24.0000	train/episode:           1817.0000	train/episode_limit:       1.0000
train/generate_cost_reward:-38.5299	train/grid_purchase_cost:311083.3759	train/mean_soc:            0.3074	train/return_mean:       -311.5512
train/return_std:         33.1699	train/soc_reserve_reward:-17.5008	train/soc_violation:      44.7578	train/t_env:             77184.0000
train/total_power_loss:  14337.7354	
[INFO 21:41:19] root Recent Stats | t_env:      78720 | Episode:     1850
battery_action_clip_mean:241.7294	battery_punishment_reward_mean:-1208.6471	battle_won_mean:           1.0000	bess_cost_reward_mean:   -165.9676
buffer/episodes:         3238.0000	buy_cost_reward_mean:    -315120.9666	ep_length_mean:           24.0000	episode_limit_mean:        1.0000
eval/best_reward:        -308.5124	eval/best_win_rate:        1.0000	eval/ea_reward:          -308.5124	eval/ea_win_rate:          1.0000
eval/rl_reward:          -312.1631	eval/rl_win_rate:          1.0000	generate_cost_reward_mean:-39.5517	grid_purchase_cost_mean: 315120.9666
mean_soc_mean:             0.3056	return_mean:             -315.5992	return_std:               35.4092	soc_reserve_reward_mean: -17.5304
soc_violation_mean:       45.8506	test/battery_action_clip:228.1561	test/battery_punishment_reward:-1140.7804	test/battle_won:           1.0000
test/bess_cost_reward:   -160.4643	test/buy_cost_reward:    -312221.0272	test/ep_length:           24.0000	test/episode_limit:        1.0000
test/generate_cost_reward:-32.5444	test/grid_purchase_cost: 312221.0272	test/mean_soc:             0.3238	test/return_mean:        -312.6721
test/return_std:          29.5966	test/soc_reserve_reward: -16.9243	test/soc_violation:       43.3196	test/total_power_loss:   14366.9849
test_battery_action_clip_mean:228.1561	test_battery_punishment_reward_mean:-1140.7804	test_battle_won_mean:      1.0000	test_bess_cost_reward_mean:-160.4643
test_buy_cost_reward_mean:-312221.0272	test_ep_length_mean:      24.0000	test_episode_limit_mean:   1.0000	test_generate_cost_reward_mean:-32.5444
test_grid_purchase_cost_mean:312221.0272	test_mean_soc_mean:        0.3238	test_return_mean:        -312.6721	test_return_std:          29.5966
test_soc_reserve_reward_mean:-16.9243	test_soc_violation_mean:  43.3196	test_total_power_loss_mean:14366.9849	total_power_loss_mean:   14504.8224
train/battery_action_clip:241.7294	train/battery_punishment_reward:-1208.6471	train/battle_won:          1.0000	train/bess_cost_reward:  -165.9676
train/buy_cost_reward:   -315120.9666	train/ep_length:          24.0000	train/episode:           1828.0000	train/episode_limit:       1.0000
train/generate_cost_reward:-39.5517	train/grid_purchase_cost:315120.9666	train/mean_soc:            0.3056	train/return_mean:       -315.5992
train/return_std:         35.4092	train/soc_reserve_reward:-17.5304	train/soc_violation:      45.8506	train/t_env:             77712.0000
train/total_power_loss:  14504.8224	
[INFO 21:41:33] root Recent Stats | t_env:      79344 | Episode:     1861
battery_action_clip_mean:237.3166	battery_punishment_reward_mean:-1186.5830	battle_won_mean:           1.0000	bess_cost_reward_mean:   -170.6972
buffer/episodes:         3260.0000	buy_cost_reward_mean:    -315469.1354	ep_length_mean:           24.0000	episode_limit_mean:        1.0000
eval/best_reward:        -308.5124	eval/best_win_rate:        1.0000	eval/ea_reward:          -308.5124	eval/ea_win_rate:          1.0000
eval/rl_reward:          -312.1631	eval/rl_win_rate:          1.0000	generate_cost_reward_mean:-38.6821	grid_purchase_cost_mean: 315469.1354
mean_soc_mean:             0.2882	return_mean:             -315.9415	return_std:               31.3841	soc_reserve_reward_mean: -18.1471
soc_violation_mean:       45.0145	test/battery_action_clip:228.1561	test/battery_punishment_reward:-1140.7804	test/battle_won:           1.0000
test/bess_cost_reward:   -160.4643	test/buy_cost_reward:    -312221.0272	test/ep_length:           24.0000	test/episode_limit:        1.0000
test/generate_cost_reward:-32.5444	test/grid_purchase_cost: 312221.0272	test/mean_soc:             0.3238	test/return_mean:        -312.6721
test/return_std:          29.5966	test/soc_reserve_reward: -16.9243	test/soc_violation:       43.3196	test/total_power_loss:   14366.9849
test_battery_action_clip_mean:228.1561	test_battery_punishment_reward_mean:-1140.7804	test_battle_won_mean:      1.0000	test_bess_cost_reward_mean:-160.4643
test_buy_cost_reward_mean:-312221.0272	test_ep_length_mean:      24.0000	test_episode_limit_mean:   1.0000	test_generate_cost_reward_mean:-32.5444
test_grid_purchase_cost_mean:312221.0272	test_mean_soc_mean:        0.3238	test_return_mean:        -312.6721	test_return_std:          29.5966
test_soc_reserve_reward_mean:-16.9243	test_soc_violation_mean:  43.3196	test_total_power_loss_mean:14366.9849	total_power_loss_mean:   14517.1553
train/battery_action_clip:237.3166	train/battery_punishment_reward:-1186.5830	train/battle_won:          1.0000	train/bess_cost_reward:  -170.6972
train/buy_cost_reward:   -315469.1354	train/ep_length:          24.0000	train/episode:           1839.0000	train/episode_limit:       1.0000
train/generate_cost_reward:-38.6821	train/grid_purchase_cost:315469.1354	train/mean_soc:            0.2882	train/return_mean:       -315.9415
train/return_std:         31.3841	train/soc_reserve_reward:-18.1471	train/soc_violation:      45.0145	train/t_env:             78240.0000
train/total_power_loss:  14517.1553	
[INFO 21:41:38] root t_env: 79584 / 300000
[INFO 21:41:38] root Estimated time left: 1 hours, 19 minutes, 11 seconds. Time passed: 24 minutes, 57 seconds
[INFO 21:41:45] root Recent Stats | t_env:      79848 | Episode:     1872
battery_action_clip_mean:232.2048	battery_punishment_reward_mean:-1161.0238	battle_won_mean:           1.0000	bess_cost_reward_mean:   -172.6591
buffer/episodes:         3282.0000	buy_cost_reward_mean:    -314280.6514	ep_length_mean:           24.0000	episode_limit_mean:        1.0000
eval/best_reward:        -306.9640	eval/best_win_rate:        1.0000	eval/ea_reward:          -306.9640	eval/ea_win_rate:          1.0000
eval/rl_reward:          -310.8422	eval/rl_win_rate:          1.0000	generate_cost_reward_mean:-37.5122	grid_purchase_cost_mean: 314280.6514
mean_soc_mean:             0.2810	return_mean:             -314.7448	return_std:               30.5660	soc_reserve_reward_mean: -18.4345
soc_violation_mean:       44.0451	test/battery_action_clip:269.1148	test/battery_punishment_reward:-1345.5741	test/battle_won:           1.0000
test/bess_cost_reward:   -140.0330	test/buy_cost_reward:    -305531.7321	test/ep_length:           24.0000	test/episode_limit:        1.0000
test/generate_cost_reward:-42.0094	test/grid_purchase_cost: 305531.7321	test/mean_soc:             0.4003	test/return_mean:        -306.0468
test/return_std:          27.8746	test/soc_reserve_reward: -14.2200	test/soc_violation:       51.0599	test/total_power_loss:   14080.0804
test_battery_action_clip_mean:269.1148	test_battery_punishment_reward_mean:-1345.5741	test_battle_won_mean:      1.0000	test_bess_cost_reward_mean:-140.0330
test_buy_cost_reward_mean:-305531.7321	test_ep_length_mean:      24.0000	test_episode_limit_mean:   1.0000	test_generate_cost_reward_mean:-42.0094
test_grid_purchase_cost_mean:305531.7321	test_mean_soc_mean:        0.4003	test_return_mean:        -306.0468	test_return_std:          27.8746
test_soc_reserve_reward_mean:-14.2200	test_soc_violation_mean:  51.0599	test_total_power_loss_mean:14080.0804	total_power_loss_mean:   14462.9702
train/battery_action_clip:232.2048	train/battery_punishment_reward:-1161.0238	train/battle_won:          1.0000	train/bess_cost_reward:  -172.6591
train/buy_cost_reward:   -314280.6514	train/ep_length:          24.0000	train/episode:           1850.0000	train/episode_limit:       1.0000
train/generate_cost_reward:-37.5122	train/grid_purchase_cost:314280.6514	train/mean_soc:            0.2810	train/return_mean:       -314.7448
train/return_std:         30.5660	train/soc_reserve_reward:-18.4345	train/soc_violation:      44.0451	train/t_env:             78768.0000
train/total_power_loss:  14462.9702	
[INFO 21:41:54] root Recent Stats | t_env:      80352 | Episode:     1883
battery_action_clip_mean:236.0719	battery_punishment_reward_mean:-1180.3597	battle_won_mean:           1.0000	bess_cost_reward_mean:   -172.9677
buffer/episodes:         3304.0000	buy_cost_reward_mean:    -313823.5218	ep_length_mean:           24.0000	episode_limit_mean:        1.0000
eval/best_reward:        -306.9640	eval/best_win_rate:        1.0000	eval/ea_reward:          -306.9640	eval/ea_win_rate:          1.0000
eval/rl_reward:          -310.8422	eval/rl_win_rate:          1.0000	generate_cost_reward_mean:-39.4174	grid_purchase_cost_mean: 313823.5218
mean_soc_mean:             0.2795	return_mean:             -314.2950	return_std:               30.8664	soc_reserve_reward_mean: -18.5180
soc_violation_mean:       44.7926	test/battery_action_clip:269.1148	test/battery_punishment_reward:-1345.5741	test/battle_won:           1.0000
test/bess_cost_reward:   -140.0330	test/buy_cost_reward:    -305531.7321	test/ep_length:           24.0000	test/episode_limit:        1.0000
test/generate_cost_reward:-42.0094	test/grid_purchase_cost: 305531.7321	test/mean_soc:             0.4003	test/return_mean:        -306.0468
test/return_std:          27.8746	test/soc_reserve_reward: -14.2200	test/soc_violation:       51.0599	test/total_power_loss:   14080.0804
test_battery_action_clip_mean:269.1148	test_battery_punishment_reward_mean:-1345.5741	test_battle_won_mean:      1.0000	test_bess_cost_reward_mean:-140.0330
test_buy_cost_reward_mean:-305531.7321	test_ep_length_mean:      24.0000	test_episode_limit_mean:   1.0000	test_generate_cost_reward_mean:-42.0094
test_grid_purchase_cost_mean:305531.7321	test_mean_soc_mean:        0.4003	test_return_mean:        -306.0468	test_return_std:          27.8746
test_soc_reserve_reward_mean:-14.2200	test_soc_violation_mean:  51.0599	test_total_power_loss_mean:14080.0804	total_power_loss_mean:   14440.5816
train/battery_action_clip:236.0719	train/battery_punishment_reward:-1180.3597	train/battle_won:          1.0000	train/bess_cost_reward:  -172.9677
train/buy_cost_reward:   -313823.5218	train/ep_length:          24.0000	train/episode:           1861.0000	train/episode_limit:       1.0000
train/generate_cost_reward:-39.4174	train/grid_purchase_cost:313823.5218	train/mean_soc:            0.2795	train/return_mean:       -314.2950
train/return_std:         30.8664	train/soc_reserve_reward:-18.5180	train/soc_violation:      44.7926	train/t_env:             79296.0000
train/total_power_loss:  14440.5816	
[INFO 21:41:58] root Saving models to results\models\facmac_smac__2026-06-15_21-16-36\80544
[INFO 21:42:03] root Recent Stats | t_env:      80856 | Episode:     1894
battery_action_clip_mean:253.9374	battery_punishment_reward_mean:-1269.6868	battle_won_mean:           1.0000	bess_cost_reward_mean:   -174.9284
buffer/episodes:         3326.0000	buy_cost_reward_mean:    -317604.1285	ep_length_mean:           24.0000	episode_limit_mean:        1.0000
eval/best_reward:        -306.9640	eval/best_win_rate:        1.0000	eval/ea_reward:          -306.9640	eval/ea_win_rate:          1.0000
eval/rl_reward:          -310.8422	eval/rl_win_rate:          1.0000	generate_cost_reward_mean:-42.9459	grid_purchase_cost_mean: 317604.1285
mean_soc_mean:             0.2729	return_mean:             -318.1074	return_std:               32.5351	soc_reserve_reward_mean: -18.7987
soc_violation_mean:       48.1728	test/battery_action_clip:269.1148	test/battery_punishment_reward:-1345.5741	test/battle_won:           1.0000
test/bess_cost_reward:   -140.0330	test/buy_cost_reward:    -305531.7321	test/ep_length:           24.0000	test/episode_limit:        1.0000
test/generate_cost_reward:-42.0094	test/grid_purchase_cost: 305531.7321	test/mean_soc:             0.4003	test/return_mean:        -306.0468
test/return_std:          27.8746	test/soc_reserve_reward: -14.2200	test/soc_violation:       51.0599	test/total_power_loss:   14080.0804
test_battery_action_clip_mean:269.1148	test_battery_punishment_reward_mean:-1345.5741	test_battle_won_mean:      1.0000	test_bess_cost_reward_mean:-140.0330
test_buy_cost_reward_mean:-305531.7321	test_ep_length_mean:      24.0000	test_episode_limit_mean:   1.0000	test_generate_cost_reward_mean:-42.0094
test_grid_purchase_cost_mean:305531.7321	test_mean_soc_mean:        0.4003	test_return_mean:        -306.0468	test_return_std:          27.8746
test_soc_reserve_reward_mean:-14.2200	test_soc_violation_mean:  51.0599	test_total_power_loss_mean:14080.0804	total_power_loss_mean:   14593.0491
train/battery_action_clip:253.9374	train/battery_punishment_reward:-1269.6868	train/battle_won:          1.0000	train/bess_cost_reward:  -174.9284
train/buy_cost_reward:   -317604.1285	train/ep_length:          24.0000	train/episode:           1872.0000	train/episode_limit:       1.0000
train/generate_cost_reward:-42.9459	train/grid_purchase_cost:317604.1285	train/mean_soc:            0.2729	train/return_mean:       -318.1074
train/return_std:         32.5351	train/soc_reserve_reward:-18.7987	train/soc_violation:      48.1728	train/t_env:             79824.0000
train/total_power_loss:  14593.0491	
[INFO 21:42:12] root Recent Stats | t_env:      81360 | Episode:     1905
battery_action_clip_mean:241.7657	battery_punishment_reward_mean:-1208.8286	battle_won_mean:           1.0000	bess_cost_reward_mean:   -171.4872
buffer/episodes:         3348.0000	buy_cost_reward_mean:    -311268.3756	ep_length_mean:           24.0000	episode_limit_mean:        1.0000
eval/best_reward:        -306.9640	eval/best_win_rate:        1.0000	eval/ea_reward:          -306.9640	eval/ea_win_rate:          1.0000
eval/rl_reward:          -310.8422	eval/rl_win_rate:          1.0000	generate_cost_reward_mean:-42.8716	grid_purchase_cost_mean: 311268.3756
mean_soc_mean:             0.2847	return_mean:             -311.7500	return_std:               31.3745	soc_reserve_reward_mean: -18.3463
soc_violation_mean:       45.8761	test/battery_action_clip:269.1148	test/battery_punishment_reward:-1345.5741	test/battle_won:           1.0000
test/bess_cost_reward:   -140.0330	test/buy_cost_reward:    -305531.7321	test/ep_length:           24.0000	test/episode_limit:        1.0000
test/generate_cost_reward:-42.0094	test/grid_purchase_cost: 305531.7321	test/mean_soc:             0.4003	test/return_mean:        -306.0468
test/return_std:          27.8746	test/soc_reserve_reward: -14.2200	test/soc_violation:       51.0599	test/total_power_loss:   14080.0804
test_battery_action_clip_mean:269.1148	test_battery_punishment_reward_mean:-1345.5741	test_battle_won_mean:      1.0000	test_bess_cost_reward_mean:-140.0330
test_buy_cost_reward_mean:-305531.7321	test_ep_length_mean:      24.0000	test_episode_limit_mean:   1.0000	test_generate_cost_reward_mean:-42.0094
test_grid_purchase_cost_mean:305531.7321	test_mean_soc_mean:        0.4003	test_return_mean:        -306.0468	test_return_std:          27.8746
test_soc_reserve_reward_mean:-14.2200	test_soc_violation_mean:  51.0599	test_total_power_loss_mean:14080.0804	total_power_loss_mean:   14329.7754
train/battery_action_clip:241.7657	train/battery_punishment_reward:-1208.8286	train/battle_won:          1.0000	train/bess_cost_reward:  -171.4872
train/buy_cost_reward:   -311268.3756	train/ep_length:          24.0000	train/episode:           1883.0000	train/episode_limit:       1.0000
train/generate_cost_reward:-42.8716	train/grid_purchase_cost:311268.3756	train/mean_soc:            0.2847	train/return_mean:       -311.7500
train/return_std:         31.3745	train/soc_reserve_reward:-18.3463	train/soc_violation:      45.8761	train/t_env:             80352.0000
train/total_power_loss:  14329.7754	
[INFO 21:42:17] root t_env: 81600 / 300000
[INFO 21:42:17] root Estimated time left: 1 hours, 10 minutes, 16 seconds. Time passed: 25 minutes, 35 seconds
[INFO 21:42:27] root Recent Stats | t_env:      81984 | Episode:     1916
battery_action_clip_mean:233.6682	battery_punishment_reward_mean:-1168.3411	battle_won_mean:           1.0000	bess_cost_reward_mean:   -166.1744
buffer/episodes:         3370.0000	buy_cost_reward_mean:    -309097.4121	ep_length_mean:           24.0000	episode_limit_mean:        1.0000
eval/best_reward:        -304.8641	eval/best_win_rate:        1.0000	eval/ea_reward:          -304.8641	eval/ea_win_rate:          1.0000
eval/rl_reward:          -309.7816	eval/rl_win_rate:          1.0000	generate_cost_reward_mean:-44.2032	grid_purchase_cost_mean: 309097.4121
mean_soc_mean:             0.3040	return_mean:             -309.5640	return_std:               32.6193	soc_reserve_reward_mean: -17.6339
soc_violation_mean:       44.3375	test/battery_action_clip:244.5031	test/battery_punishment_reward:-1222.5154	test/battle_won:           1.0000
test/bess_cost_reward:   -140.0375	test/buy_cost_reward:    -304680.2111	test/ep_length:           24.0000	test/episode_limit:        1.0000
test/generate_cost_reward:-46.9857	test/grid_purchase_cost: 304680.2111	test/mean_soc:             0.4003	test/return_mean:        -305.1561
test/return_std:          27.5117	test/soc_reserve_reward: -14.2199	test/soc_violation:       46.3839	test/total_power_loss:   14050.9819
test_battery_action_clip_mean:244.5031	test_battery_punishment_reward_mean:-1222.5154	test_battle_won_mean:      1.0000	test_bess_cost_reward_mean:-140.0375
test_buy_cost_reward_mean:-304680.2111	test_ep_length_mean:      24.0000	test_episode_limit_mean:   1.0000	test_generate_cost_reward_mean:-46.9857
test_grid_purchase_cost_mean:304680.2111	test_mean_soc_mean:        0.4003	test_return_mean:        -305.1561	test_return_std:          27.5117
test_soc_reserve_reward_mean:-14.2199	test_soc_violation_mean:  46.3839	test_total_power_loss_mean:14050.9819	total_power_loss_mean:   14235.7429
train/battery_action_clip:233.6682	train/battery_punishment_reward:-1168.3411	train/battle_won:          1.0000	train/bess_cost_reward:  -166.1744
train/buy_cost_reward:   -309097.4121	train/ep_length:          24.0000	train/episode:           1894.0000	train/episode_limit:       1.0000
train/generate_cost_reward:-44.2032	train/grid_purchase_cost:309097.4121	train/mean_soc:            0.3040	train/return_mean:       -309.5640
train/return_std:         32.6193	train/soc_reserve_reward:-17.6339	train/soc_violation:      44.3375	train/t_env:             80880.0000
train/total_power_loss:  14235.7429	
[INFO 21:42:36] root Recent Stats | t_env:      82488 | Episode:     1927
battery_action_clip_mean:237.0171	battery_punishment_reward_mean:-1185.0855	battle_won_mean:           1.0000	bess_cost_reward_mean:   -164.9122
buffer/episodes:         3392.0000	buy_cost_reward_mean:    -310437.1632	ep_length_mean:           24.0000	episode_limit_mean:        1.0000
eval/best_reward:        -304.8641	eval/best_win_rate:        1.0000	eval/ea_reward:          -304.8641	eval/ea_win_rate:          1.0000
eval/rl_reward:          -309.7816	eval/rl_win_rate:          1.0000	generate_cost_reward_mean:-43.0576	grid_purchase_cost_mean: 310437.1632
mean_soc_mean:             0.3088	return_mean:             -310.9085	return_std:               33.2241	soc_reserve_reward_mean: -17.4553
soc_violation_mean:       44.9728	test/battery_action_clip:244.5031	test/battery_punishment_reward:-1222.5154	test/battle_won:           1.0000
test/bess_cost_reward:   -140.0375	test/buy_cost_reward:    -304680.2111	test/ep_length:           24.0000	test/episode_limit:        1.0000
test/generate_cost_reward:-46.9857	test/grid_purchase_cost: 304680.2111	test/mean_soc:             0.4003	test/return_mean:        -305.1561
test/return_std:          27.5117	test/soc_reserve_reward: -14.2199	test/soc_violation:       46.3839	test/total_power_loss:   14050.9819
test_battery_action_clip_mean:244.5031	test_battery_punishment_reward_mean:-1222.5154	test_battle_won_mean:      1.0000	test_bess_cost_reward_mean:-140.0375
test_buy_cost_reward_mean:-304680.2111	test_ep_length_mean:      24.0000	test_episode_limit_mean:   1.0000	test_generate_cost_reward_mean:-46.9857
test_grid_purchase_cost_mean:304680.2111	test_mean_soc_mean:        0.4003	test_return_mean:        -305.1561	test_return_std:          27.5117
test_soc_reserve_reward_mean:-14.2199	test_soc_violation_mean:  46.3839	test_total_power_loss_mean:14050.9819	total_power_loss_mean:   14301.0671
train/battery_action_clip:237.0171	train/battery_punishment_reward:-1185.0855	train/battle_won:          1.0000	train/bess_cost_reward:  -164.9122
train/buy_cost_reward:   -310437.1632	train/ep_length:          24.0000	train/episode:           1905.0000	train/episode_limit:       1.0000
train/generate_cost_reward:-43.0576	train/grid_purchase_cost:310437.1632	train/mean_soc:            0.3088	train/return_mean:       -310.9085
train/return_std:         33.2241	train/soc_reserve_reward:-17.4553	train/soc_violation:      44.9728	train/t_env:             81408.0000
train/total_power_loss:  14301.0671	
[INFO 21:42:46] root Recent Stats | t_env:      82992 | Episode:     1938
battery_action_clip_mean:236.9716	battery_punishment_reward_mean:-1184.8579	battle_won_mean:           1.0000	bess_cost_reward_mean:   -163.4427
buffer/episodes:         3414.0000	buy_cost_reward_mean:    -311379.2978	ep_length_mean:           24.0000	episode_limit_mean:        1.0000
eval/best_reward:        -304.8641	eval/best_win_rate:        1.0000	eval/ea_reward:          -304.8641	eval/ea_win_rate:          1.0000
eval/rl_reward:          -309.7816	eval/rl_win_rate:          1.0000	generate_cost_reward_mean:-41.7294	grid_purchase_cost_mean: 311379.2978
mean_soc_mean:             0.3142	return_mean:             -311.8495	return_std:               34.0865	soc_reserve_reward_mean: -17.2522
soc_violation_mean:       44.9626	test/battery_action_clip:244.5031	test/battery_punishment_reward:-1222.5154	test/battle_won:           1.0000
test/bess_cost_reward:   -140.0375	test/buy_cost_reward:    -304680.2111	test/ep_length:           24.0000	test/episode_limit:        1.0000
test/generate_cost_reward:-46.9857	test/grid_purchase_cost: 304680.2111	test/mean_soc:             0.4003	test/return_mean:        -305.1561
test/return_std:          27.5117	test/soc_reserve_reward: -14.2199	test/soc_violation:       46.3839	test/total_power_loss:   14050.9819
test_battery_action_clip_mean:244.5031	test_battery_punishment_reward_mean:-1222.5154	test_battle_won_mean:      1.0000	test_bess_cost_reward_mean:-140.0375
test_buy_cost_reward_mean:-304680.2111	test_ep_length_mean:      24.0000	test_episode_limit_mean:   1.0000	test_generate_cost_reward_mean:-46.9857
test_grid_purchase_cost_mean:304680.2111	test_mean_soc_mean:        0.4003	test_return_mean:        -305.1561	test_return_std:          27.5117
test_soc_reserve_reward_mean:-14.2199	test_soc_violation_mean:  46.3839	test_total_power_loss_mean:14050.9819	total_power_loss_mean:   14337.5163
train/battery_action_clip:236.9716	train/battery_punishment_reward:-1184.8579	train/battle_won:          1.0000	train/bess_cost_reward:  -163.4427
train/buy_cost_reward:   -311379.2978	train/ep_length:          24.0000	train/episode:           1916.0000	train/episode_limit:       1.0000
train/generate_cost_reward:-41.7294	train/grid_purchase_cost:311379.2978	train/mean_soc:            0.3142	train/return_mean:       -311.8495
train/return_std:         34.0865	train/soc_reserve_reward:-17.2522	train/soc_violation:      44.9626	train/t_env:             81936.0000
train/total_power_loss:  14337.5163	
[INFO 21:42:56] root Recent Stats | t_env:      83496 | Episode:     1949
battery_action_clip_mean:233.1958	battery_punishment_reward_mean:-1165.9790	battle_won_mean:           1.0000	bess_cost_reward_mean:   -163.5755
buffer/episodes:         3436.0000	buy_cost_reward_mean:    -308069.6551	ep_length_mean:           24.0000	episode_limit_mean:        1.0000
eval/best_reward:        -304.8641	eval/best_win_rate:        1.0000	eval/ea_reward:          -304.8641	eval/ea_win_rate:          1.0000
eval/rl_reward:          -309.7816	eval/rl_win_rate:          1.0000	generate_cost_reward_mean:-39.8574	grid_purchase_cost_mean: 308069.6551
mean_soc_mean:             0.3133	return_mean:             -308.5329	return_std:               32.5373	soc_reserve_reward_mean: -17.2959
soc_violation_mean:       44.2583	test/battery_action_clip:244.5031	test/battery_punishment_reward:-1222.5154	test/battle_won:           1.0000
test/bess_cost_reward:   -140.0375	test/buy_cost_reward:    -304680.2111	test/ep_length:           24.0000	test/episode_limit:        1.0000
test/generate_cost_reward:-46.9857	test/grid_purchase_cost: 304680.2111	test/mean_soc:             0.4003	test/return_mean:        -305.1561
test/return_std:          27.5117	test/soc_reserve_reward: -14.2199	test/soc_violation:       46.3839	test/total_power_loss:   14050.9819
test_battery_action_clip_mean:244.5031	test_battery_punishment_reward_mean:-1222.5154	test_battle_won_mean:      1.0000	test_bess_cost_reward_mean:-140.0375
test_buy_cost_reward_mean:-304680.2111	test_ep_length_mean:      24.0000	test_episode_limit_mean:   1.0000	test_generate_cost_reward_mean:-46.9857
test_grid_purchase_cost_mean:304680.2111	test_mean_soc_mean:        0.4003	test_return_mean:        -305.1561	test_return_std:          27.5117
test_soc_reserve_reward_mean:-14.2199	test_soc_violation_mean:  46.3839	test_total_power_loss_mean:14050.9819	total_power_loss_mean:   14187.1349
train/battery_action_clip:233.1958	train/battery_punishment_reward:-1165.9790	train/battle_won:          1.0000	train/bess_cost_reward:  -163.5755
train/buy_cost_reward:   -308069.6551	train/ep_length:          24.0000	train/episode:           1927.0000	train/episode_limit:       1.0000
train/generate_cost_reward:-39.8574	train/grid_purchase_cost:308069.6551	train/mean_soc:            0.3133	train/return_mean:       -308.5329
train/return_std:         32.5373	train/soc_reserve_reward:-17.2959	train/soc_violation:      44.2583	train/t_env:             82464.0000
train/total_power_loss:  14187.1349	
[INFO 21:43:01] root t_env: 83664 / 300000
[INFO 21:43:01] root Estimated time left: 1 hours, 16 minutes, 51 seconds. Time passed: 26 minutes, 19 seconds
[INFO 21:43:07] root Recent Stats | t_env:      84000 | Episode:     1960
battery_action_clip_mean:239.0083	battery_punishment_reward_mean:-1195.0417	battle_won_mean:           1.0000	bess_cost_reward_mean:   -162.1307
buffer/episodes:         3458.0000	buy_cost_reward_mean:    -311151.4395	ep_length_mean:           24.0000	episode_limit_mean:        1.0000
eval/best_reward:        -304.5535	eval/best_win_rate:        1.0000	eval/ea_reward:          -307.1571	eval/ea_win_rate:          1.0000
eval/rl_reward:          -309.2032	eval/rl_win_rate:          1.0000	generate_cost_reward_mean:-38.5874	grid_purchase_cost_mean: 311151.4395
mean_soc_mean:             0.3190	return_mean:             -311.6234	return_std:               31.7547	soc_reserve_reward_mean: -17.1353
soc_violation_mean:       45.3582	test/battery_action_clip:223.2936	test/battery_punishment_reward:-1116.4682	test/battle_won:           1.0000
test/bess_cost_reward:   -129.2151	test/buy_cost_reward:    -308873.0368	test/ep_length:           24.0000	test/episode_limit:        1.0000
test/generate_cost_reward:-33.2835	test/grid_purchase_cost: 308873.0368	test/mean_soc:             0.4386	test/return_mean:        -309.3045
test/return_std:          30.1890	test/soc_reserve_reward: -12.9306	test/soc_violation:       42.3892	test/total_power_loss:   14223.1749
test_battery_action_clip_mean:223.2936	test_battery_punishment_reward_mean:-1116.4682	test_battle_won_mean:      1.0000	test_bess_cost_reward_mean:-129.2151
test_buy_cost_reward_mean:-308873.0368	test_ep_length_mean:      24.0000	test_episode_limit_mean:   1.0000	test_generate_cost_reward_mean:-33.2835
test_grid_purchase_cost_mean:308873.0368	test_mean_soc_mean:        0.4386	test_return_mean:        -309.3045	test_return_std:          30.1890
test_soc_reserve_reward_mean:-12.9306	test_soc_violation_mean:  42.3892	test_total_power_loss_mean:14223.1749	total_power_loss_mean:   14301.7974
train/battery_action_clip:239.0083	train/battery_punishment_reward:-1195.0417	train/battle_won:          1.0000	train/bess_cost_reward:  -162.1307
train/buy_cost_reward:   -311151.4395	train/ep_length:          24.0000	train/episode:           1938.0000	train/episode_limit:       1.0000
train/generate_cost_reward:-38.5874	train/grid_purchase_cost:311151.4395	train/mean_soc:            0.3190	train/return_mean:       -311.6234
train/return_std:         31.7547	train/soc_reserve_reward:-17.1353	train/soc_violation:      45.3582	train/t_env:             82992.0000
train/total_power_loss:  14301.7974	
[INFO 21:43:21] root Recent Stats | t_env:      84624 | Episode:     1971
battery_action_clip_mean:237.0169	battery_punishment_reward_mean:-1185.0845	battle_won_mean:           1.0000	bess_cost_reward_mean:   -163.6618
buffer/episodes:         3480.0000	buy_cost_reward_mean:    -314868.5129	ep_length_mean:           24.0000	episode_limit_mean:        1.0000
eval/best_reward:        -304.5535	eval/best_win_rate:        1.0000	eval/ea_reward:          -307.1571	eval/ea_win_rate:          1.0000
eval/rl_reward:          -309.2032	eval/rl_win_rate:          1.0000	generate_cost_reward_mean:-38.5236	grid_purchase_cost_mean: 314868.5129
mean_soc_mean:             0.3132	return_mean:             -315.3377	return_std:               32.0897	soc_reserve_reward_mean: -17.2988
soc_violation_mean:       44.9811	test/battery_action_clip:223.2936	test/battery_punishment_reward:-1116.4682	test/battle_won:           1.0000
test/bess_cost_reward:   -129.2151	test/buy_cost_reward:    -308873.0368	test/ep_length:           24.0000	test/episode_limit:        1.0000
test/generate_cost_reward:-33.2835	test/grid_purchase_cost: 308873.0368	test/mean_soc:             0.4386	test/return_mean:        -309.3045
test/return_std:          30.1890	test/soc_reserve_reward: -12.9306	test/soc_violation:       42.3892	test/total_power_loss:   14223.1749
test_battery_action_clip_mean:223.2936	test_battery_punishment_reward_mean:-1116.4682	test_battle_won_mean:      1.0000	test_bess_cost_reward_mean:-129.2151
test_buy_cost_reward_mean:-308873.0368	test_ep_length_mean:      24.0000	test_episode_limit_mean:   1.0000	test_generate_cost_reward_mean:-33.2835
test_grid_purchase_cost_mean:308873.0368	test_mean_soc_mean:        0.4386	test_return_mean:        -309.3045	test_return_std:          30.1890
test_soc_reserve_reward_mean:-12.9306	test_soc_violation_mean:  42.3892	test_total_power_loss_mean:14223.1749	total_power_loss_mean:   14460.9995
train/battery_action_clip:237.0169	train/battery_punishment_reward:-1185.0845	train/battle_won:          1.0000	train/bess_cost_reward:  -163.6618
train/buy_cost_reward:   -314868.5129	train/ep_length:          24.0000	train/episode:           1949.0000	train/episode_limit:       1.0000
train/generate_cost_reward:-38.5236	train/grid_purchase_cost:314868.5129	train/mean_soc:            0.3132	train/return_mean:       -315.3377
train/return_std:         32.0897	train/soc_reserve_reward:-17.2988	train/soc_violation:      44.9811	train/t_env:             83520.0000
train/total_power_loss:  14460.9995	
[INFO 21:43:30] root Recent Stats | t_env:      85128 | Episode:     1982
battery_action_clip_mean:237.0038	battery_punishment_reward_mean:-1185.0192	battle_won_mean:           1.0000	bess_cost_reward_mean:   -163.6232
buffer/episodes:         3502.0000	buy_cost_reward_mean:    -308919.3384	ep_length_mean:           24.0000	episode_limit_mean:        1.0000
eval/best_reward:        -304.5535	eval/best_win_rate:        1.0000	eval/ea_reward:          -307.1571	eval/ea_win_rate:          1.0000
eval/rl_reward:          -309.2032	eval/rl_win_rate:          1.0000	generate_cost_reward_mean:-40.8185	grid_purchase_cost_mean: 308919.3384
mean_soc_mean:             0.3131	return_mean:             -309.3893	return_std:               32.2808	soc_reserve_reward_mean: -17.2929
soc_violation_mean:       44.9739	test/battery_action_clip:223.2936	test/battery_punishment_reward:-1116.4682	test/battle_won:           1.0000
test/bess_cost_reward:   -129.2151	test/buy_cost_reward:    -308873.0368	test/ep_length:           24.0000	test/episode_limit:        1.0000
test/generate_cost_reward:-33.2835	test/grid_purchase_cost: 308873.0368	test/mean_soc:             0.4386	test/return_mean:        -309.3045
test/return_std:          30.1890	test/soc_reserve_reward: -12.9306	test/soc_violation:       42.3892	test/total_power_loss:   14223.1749
test_battery_action_clip_mean:223.2936	test_battery_punishment_reward_mean:-1116.4682	test_battle_won_mean:      1.0000	test_bess_cost_reward_mean:-129.2151
test_buy_cost_reward_mean:-308873.0368	test_ep_length_mean:      24.0000	test_episode_limit_mean:   1.0000	test_generate_cost_reward_mean:-33.2835
test_grid_purchase_cost_mean:308873.0368	test_mean_soc_mean:        0.4386	test_return_mean:        -309.3045	test_return_std:          30.1890
test_soc_reserve_reward_mean:-12.9306	test_soc_violation_mean:  42.3892	test_total_power_loss_mean:14223.1749	total_power_loss_mean:   14206.5412
train/battery_action_clip:237.0038	train/battery_punishment_reward:-1185.0192	train/battle_won:          1.0000	train/bess_cost_reward:  -163.6232
train/buy_cost_reward:   -308919.3384	train/ep_length:          24.0000	train/episode:           1960.0000	train/episode_limit:       1.0000
train/generate_cost_reward:-40.8185	train/grid_purchase_cost:308919.3384	train/mean_soc:            0.3131	train/return_mean:       -309.3893
train/return_std:         32.2808	train/soc_reserve_reward:-17.2929	train/soc_violation:      44.9739	train/t_env:             84048.0000
train/total_power_loss:  14206.5412	
[INFO 21:43:41] root Recent Stats | t_env:      85632 | Episode:     1993
battery_action_clip_mean:222.4162	battery_punishment_reward_mean:-1112.0811	battle_won_mean:           1.0000	bess_cost_reward_mean:   -161.3072
buffer/episodes:         3524.0000	buy_cost_reward_mean:    -309279.2345	ep_length_mean:           24.0000	episode_limit_mean:        1.0000
eval/best_reward:        -304.5535	eval/best_win_rate:        1.0000	eval/ea_reward:          -307.1571	eval/ea_win_rate:          1.0000
eval/rl_reward:          -309.2032	eval/rl_win_rate:          1.0000	generate_cost_reward_mean:-41.2534	grid_purchase_cost_mean: 309279.2345
mean_soc_mean:             0.3209	return_mean:             -309.7242	return_std:               32.4434	soc_reserve_reward_mean: -16.9099
soc_violation_mean:       42.2103	test/battery_action_clip:223.2936	test/battery_punishment_reward:-1116.4682	test/battle_won:           1.0000
test/bess_cost_reward:   -129.2151	test/buy_cost_reward:    -308873.0368	test/ep_length:           24.0000	test/episode_limit:        1.0000
test/generate_cost_reward:-33.2835	test/grid_purchase_cost: 308873.0368	test/mean_soc:             0.4386	test/return_mean:        -309.3045
test/return_std:          30.1890	test/soc_reserve_reward: -12.9306	test/soc_violation:       42.3892	test/total_power_loss:   14223.1749
test_battery_action_clip_mean:223.2936	test_battery_punishment_reward_mean:-1116.4682	test_battle_won_mean:      1.0000	test_bess_cost_reward_mean:-129.2151
test_buy_cost_reward_mean:-308873.0368	test_ep_length_mean:      24.0000	test_episode_limit_mean:   1.0000	test_generate_cost_reward_mean:-33.2835
test_grid_purchase_cost_mean:308873.0368	test_mean_soc_mean:        0.4386	test_return_mean:        -309.3045	test_return_std:          30.1890
test_soc_reserve_reward_mean:-12.9306	test_soc_violation_mean:  42.3892	test_total_power_loss_mean:14223.1749	total_power_loss_mean:   14223.7738
train/battery_action_clip:222.4162	train/battery_punishment_reward:-1112.0811	train/battle_won:          1.0000	train/bess_cost_reward:  -161.3072
train/buy_cost_reward:   -309279.2345	train/ep_length:          24.0000	train/episode:           1971.0000	train/episode_limit:       1.0000
train/generate_cost_reward:-41.2534	train/grid_purchase_cost:309279.2345	train/mean_soc:            0.3209	train/return_mean:       -309.7242
train/return_std:         32.4434	train/soc_reserve_reward:-16.9099	train/soc_violation:      42.2103	train/t_env:             84576.0000
train/total_power_loss:  14223.7738	
[INFO 21:43:41] root t_env: 85680 / 300000
[INFO 21:43:41] root Estimated time left: 1 hours, 11 minutes, 27 seconds. Time passed: 27 minutes, 0 seconds
[INFO 21:43:52] root Recent Stats | t_env:      86136 | Episode:     2004
battery_action_clip_mean:210.4723	battery_punishment_reward_mean:-1052.3615	battle_won_mean:           1.0000	bess_cost_reward_mean:   -157.3728
buffer/episodes:         3546.0000	buy_cost_reward_mean:    -311536.4996	ep_length_mean:           24.0000	episode_limit_mean:        1.0000
eval/best_reward:        -303.0895	eval/best_win_rate:        1.0000	eval/ea_reward:          -306.0833	eval/ea_win_rate:          1.0000
eval/rl_reward:          -307.2855	eval/rl_win_rate:          1.0000	generate_cost_reward_mean:-40.2157	grid_purchase_cost_mean: 311536.4996
mean_soc_mean:             0.3349	return_mean:             -311.9596	return_std:               32.6408	soc_reserve_reward_mean: -16.2854
soc_violation_mean:       39.9361	test/battery_action_clip:185.4495	test/battery_punishment_reward:-927.2476	test/battle_won:           1.0000
test/bess_cost_reward:   -132.6344	test/buy_cost_reward:    -306819.9847	test/ep_length:           24.0000	test/episode_limit:        1.0000
test/generate_cost_reward:-28.9886	test/grid_purchase_cost: 306819.9847	test/mean_soc:             0.4231	test/return_mean:        -307.1880
test/return_std:          30.5205	test/soc_reserve_reward: -12.9987	test/soc_violation:       35.2077	test/total_power_loss:   14139.7500
test_battery_action_clip_mean:185.4495	test_battery_punishment_reward_mean:-927.2476	test_battle_won_mean:      1.0000	test_bess_cost_reward_mean:-132.6344
test_buy_cost_reward_mean:-306819.9847	test_ep_length_mean:      24.0000	test_episode_limit_mean:   1.0000	test_generate_cost_reward_mean:-28.9886
test_grid_purchase_cost_mean:306819.9847	test_mean_soc_mean:        0.4231	test_return_mean:        -307.1880	test_return_std:          30.5205
test_soc_reserve_reward_mean:-12.9987	test_soc_violation_mean:  35.2077	test_total_power_loss_mean:14139.7500	total_power_loss_mean:   14329.2039
train/battery_action_clip:210.4723	train/battery_punishment_reward:-1052.3615	train/battle_won:          1.0000	train/bess_cost_reward:  -157.3728
train/buy_cost_reward:   -311536.4996	train/ep_length:          24.0000	train/episode:           1982.0000	train/episode_limit:       1.0000
train/generate_cost_reward:-40.2157	train/grid_purchase_cost:311536.4996	train/mean_soc:            0.3349	train/return_mean:       -311.9596
train/return_std:         32.6408	train/soc_reserve_reward:-16.2854	train/soc_violation:      39.9361	train/t_env:             85104.0000
train/total_power_loss:  14329.2039	
[INFO 21:44:01] root Recent Stats | t_env:      86640 | Episode:     2015
battery_action_clip_mean:199.5477	battery_punishment_reward_mean:-997.7385	battle_won_mean:           1.0000	bess_cost_reward_mean:   -155.9129
buffer/episodes:         3568.0000	buy_cost_reward_mean:    -310540.6710	ep_length_mean:           24.0000	episode_limit_mean:        1.0000
eval/best_reward:        -303.0895	eval/best_win_rate:        1.0000	eval/ea_reward:          -306.0833	eval/ea_win_rate:          1.0000
eval/rl_reward:          -307.2855	eval/rl_win_rate:          1.0000	generate_cost_reward_mean:-40.2648	grid_purchase_cost_mean: 310540.6710
mean_soc_mean:             0.3391	return_mean:             -310.9450	return_std:               34.9071	soc_reserve_reward_mean: -15.9638
soc_violation_mean:       37.8718	test/battery_action_clip:185.4495	test/battery_punishment_reward:-927.2476	test/battle_won:           1.0000
test/bess_cost_reward:   -132.6344	test/buy_cost_reward:    -306819.9847	test/ep_length:           24.0000	test/episode_limit:        1.0000
test/generate_cost_reward:-28.9886	test/grid_purchase_cost: 306819.9847	test/mean_soc:             0.4231	test/return_mean:        -307.1880
test/return_std:          30.5205	test/soc_reserve_reward: -12.9987	test/soc_violation:       35.2077	test/total_power_loss:   14139.7500
test_battery_action_clip_mean:185.4495	test_battery_punishment_reward_mean:-927.2476	test_battle_won_mean:      1.0000	test_bess_cost_reward_mean:-132.6344
test_buy_cost_reward_mean:-306819.9847	test_ep_length_mean:      24.0000	test_episode_limit_mean:   1.0000	test_generate_cost_reward_mean:-28.9886
test_grid_purchase_cost_mean:306819.9847	test_mean_soc_mean:        0.4231	test_return_mean:        -307.1880	test_return_std:          30.5205
test_soc_reserve_reward_mean:-12.9987	test_soc_violation_mean:  35.2077	test_total_power_loss_mean:14139.7500	total_power_loss_mean:   14305.8193
train/battery_action_clip:199.5477	train/battery_punishment_reward:-997.7385	train/battle_won:          1.0000	train/bess_cost_reward:  -155.9129
train/buy_cost_reward:   -310540.6710	train/ep_length:          24.0000	train/episode:           1993.0000	train/episode_limit:       1.0000
train/generate_cost_reward:-40.2648	train/grid_purchase_cost:310540.6710	train/mean_soc:            0.3391	train/return_mean:       -310.9450
train/return_std:         34.9071	train/soc_reserve_reward:-15.9638	train/soc_violation:      37.8718	train/t_env:             85632.0000
train/total_power_loss:  14305.8193	
[INFO 21:44:15] root Recent Stats | t_env:      87264 | Episode:     2026
battery_action_clip_mean:224.9161	battery_punishment_reward_mean:-1124.5806	battle_won_mean:           1.0000	bess_cost_reward_mean:   -151.0737
buffer/episodes:         3590.0000	buy_cost_reward_mean:    -307253.0971	ep_length_mean:           24.0000	episode_limit_mean:        1.0000
eval/best_reward:        -303.0895	eval/best_win_rate:        1.0000	eval/ea_reward:          -306.0833	eval/ea_win_rate:          1.0000
eval/rl_reward:          -307.2855	eval/rl_win_rate:          1.0000	generate_cost_reward_mean:-40.7005	grid_purchase_cost_mean: 307253.0971
mean_soc_mean:             0.3572	return_mean:             -307.6981	return_std:               33.7875	soc_reserve_reward_mean: -15.4298
soc_violation_mean:       42.6940	test/battery_action_clip:185.4495	test/battery_punishment_reward:-927.2476	test/battle_won:           1.0000
test/bess_cost_reward:   -132.6344	test/buy_cost_reward:    -306819.9847	test/ep_length:           24.0000	test/episode_limit:        1.0000
test/generate_cost_reward:-28.9886	test/grid_purchase_cost: 306819.9847	test/mean_soc:             0.4231	test/return_mean:        -307.1880
test/return_std:          30.5205	test/soc_reserve_reward: -12.9987	test/soc_violation:       35.2077	test/total_power_loss:   14139.7500
test_battery_action_clip_mean:185.4495	test_battery_punishment_reward_mean:-927.2476	test_battle_won_mean:      1.0000	test_bess_cost_reward_mean:-132.6344
test_buy_cost_reward_mean:-306819.9847	test_ep_length_mean:      24.0000	test_episode_limit_mean:   1.0000	test_generate_cost_reward_mean:-28.9886
test_grid_purchase_cost_mean:306819.9847	test_mean_soc_mean:        0.4231	test_return_mean:        -307.1880	test_return_std:          30.5205
test_soc_reserve_reward_mean:-12.9987	test_soc_violation_mean:  35.2077	test_total_power_loss_mean:14139.7500	total_power_loss_mean:   14165.4111
train/battery_action_clip:224.9161	train/battery_punishment_reward:-1124.5806	train/battle_won:          1.0000	train/bess_cost_reward:  -151.0737
train/buy_cost_reward:   -307253.0971	train/ep_length:          24.0000	train/episode:           2004.0000	train/episode_limit:       1.0000
train/generate_cost_reward:-40.7005	train/grid_purchase_cost:307253.0971	train/mean_soc:            0.3572	train/return_mean:       -307.6981
train/return_std:         33.7875	train/soc_reserve_reward:-15.4298	train/soc_violation:      42.6940	train/t_env:             86160.0000
train/total_power_loss:  14165.4111	
[INFO 21:44:26] root t_env: 87744 / 300000
[INFO 21:44:26] root Estimated time left: 1 hours, 17 minutes, 32 seconds. Time passed: 27 minutes, 45 seconds
[INFO 21:44:28] root Recent Stats | t_env:      87768 | Episode:     2037
battery_action_clip_mean:228.4373	battery_punishment_reward_mean:-1142.1866	battle_won_mean:           1.0000	bess_cost_reward_mean:   -158.5158
buffer/episodes:         3612.0000	buy_cost_reward_mean:    -306194.9922	ep_length_mean:           24.0000	episode_limit_mean:        1.0000
eval/best_reward:        -302.8736	eval/best_win_rate:        1.0000	eval/ea_reward:          -306.0260	eval/ea_win_rate:          1.0000
eval/rl_reward:          -306.1363	eval/rl_win_rate:          1.0000	generate_cost_reward_mean:-39.0699	grid_purchase_cost_mean: 306194.9922
mean_soc_mean:             0.3302	return_mean:             -306.6481	return_std:               33.9685	soc_reserve_reward_mean: -16.4923
soc_violation_mean:       43.3654	test/battery_action_clip:195.4242	test/battery_punishment_reward:-977.1210	test/battle_won:           1.0000
test/bess_cost_reward:   -165.1110	test/buy_cost_reward:    -306608.0943	test/ep_length:           24.0000	test/episode_limit:        1.0000
test/generate_cost_reward:-30.8904	test/grid_purchase_cost: 306608.0943	test/mean_soc:             0.3046	test/return_mean:        -307.0057
test/return_std:          30.1865	test/soc_reserve_reward: -17.3090	test/soc_violation:       37.1061	test/total_power_loss:   14141.7325
test_battery_action_clip_mean:195.4242	test_battery_punishment_reward_mean:-977.1210	test_battle_won_mean:      1.0000	test_bess_cost_reward_mean:-165.1110
test_buy_cost_reward_mean:-306608.0943	test_ep_length_mean:      24.0000	test_episode_limit_mean:   1.0000	test_generate_cost_reward_mean:-30.8904
test_grid_purchase_cost_mean:306608.0943	test_mean_soc_mean:        0.3046	test_return_mean:        -307.0057	test_return_std:          30.1865
test_soc_reserve_reward_mean:-17.3090	test_soc_violation_mean:  37.1061	test_total_power_loss_mean:14141.7325	total_power_loss_mean:   14113.9749
train/battery_action_clip:228.4373	train/battery_punishment_reward:-1142.1866	train/battle_won:          1.0000	train/bess_cost_reward:  -158.5158
train/buy_cost_reward:   -306194.9922	train/ep_length:          24.0000	train/episode:           2015.0000	train/episode_limit:       1.0000
train/generate_cost_reward:-39.0699	train/grid_purchase_cost:306194.9922	train/mean_soc:            0.3302	train/return_mean:       -306.6481
train/return_std:         33.9685	train/soc_reserve_reward:-16.4923	train/soc_violation:      43.3654	train/t_env:             86688.0000
train/total_power_loss:  14113.9749	
[INFO 21:44:36] root Recent Stats | t_env:      88272 | Episode:     2048
battery_action_clip_mean:230.1934	battery_punishment_reward_mean:-1150.9671	battle_won_mean:           1.0000	bess_cost_reward_mean:   -160.1239
buffer/episodes:         3634.0000	buy_cost_reward_mean:    -302617.9422	ep_length_mean:           24.0000	episode_limit_mean:        1.0000
eval/best_reward:        -302.8736	eval/best_win_rate:        1.0000	eval/ea_reward:          -306.0260	eval/ea_win_rate:          1.0000
eval/rl_reward:          -306.1363	eval/rl_win_rate:          1.0000	generate_cost_reward_mean:-39.2579	grid_purchase_cost_mean: 302617.9422
mean_soc_mean:             0.3243	return_mean:             -303.0746	return_std:               36.5442	soc_reserve_reward_mean: -16.6770
soc_violation_mean:       43.7033	test/battery_action_clip:195.4242	test/battery_punishment_reward:-977.1210	test/battle_won:           1.0000
test/bess_cost_reward:   -165.1110	test/buy_cost_reward:    -306608.0943	test/ep_length:           24.0000	test/episode_limit:        1.0000
test/generate_cost_reward:-30.8904	test/grid_purchase_cost: 306608.0943	test/mean_soc:             0.3046	test/return_mean:        -307.0057
test/return_std:          30.1865	test/soc_reserve_reward: -17.3090	test/soc_violation:       37.1061	test/total_power_loss:   14141.7325
test_battery_action_clip_mean:195.4242	test_battery_punishment_reward_mean:-977.1210	test_battle_won_mean:      1.0000	test_bess_cost_reward_mean:-165.1110
test_buy_cost_reward_mean:-306608.0943	test_ep_length_mean:      24.0000	test_episode_limit_mean:   1.0000	test_generate_cost_reward_mean:-30.8904
test_grid_purchase_cost_mean:306608.0943	test_mean_soc_mean:        0.3046	test_return_mean:        -307.0057	test_return_std:          30.1865
test_soc_reserve_reward_mean:-17.3090	test_soc_violation_mean:  37.1061	test_total_power_loss_mean:14141.7325	total_power_loss_mean:   13965.2270
train/battery_action_clip:230.1934	train/battery_punishment_reward:-1150.9671	train/battle_won:          1.0000	train/bess_cost_reward:  -160.1239
train/buy_cost_reward:   -302617.9422	train/ep_length:          24.0000	train/episode:           2026.0000	train/episode_limit:       1.0000
train/generate_cost_reward:-39.2579	train/grid_purchase_cost:302617.9422	train/mean_soc:            0.3243	train/return_mean:       -303.0746
train/return_std:         36.5442	train/soc_reserve_reward:-16.6770	train/soc_violation:      43.7033	train/t_env:             87216.0000
train/total_power_loss:  13965.2270	
Sync from RL --> Nevo
EA evolution start ...
EA evolution end.
Sync from RL --> Nevo
EA evolution start ...
EA evolution end.
Sync from RL --> Nevo
EA evolution start ...
EA evolution end.
Sync from RL --> Nevo
EA evolution start ...
EA evolution end.
Sync from RL --> Nevo
EA evolution start ...
EA evolution end.
Sync from RL --> Nevo
RL eval  -310.7884355326981 1.0
EA eval  -306.18362738406535 1.0
EA evolution start ...
EA evolution end.
Sync from RL --> Nevo
EA evolution start ...
EA evolution end.
Sync from RL --> Nevo
EA evolution start ...
EA evolution end.
Sync from RL --> Nevo
EA evolution start ...
EA evolution end.
Sync from RL --> Nevo
EA evolution start ...
EA evolution end.
Sync from RL --> Nevo
EA evolution start ...
EA evolution end.
Sync from RL --> Nevo
EA evolution start ...
EA evolution end.
Sync from RL --> Nevo
EA evolution start ...
EA evolution end.
Sync from RL --> Nevo
EA evolution start ...
EA evolution end.
RL eval  -307.2297401741989 1.0
EA eval  -314.2181990502348 1.0
Sync from RL --> Nevo
EA evolution start ...
EA evolution end.
Sync from RL --> Nevo
EA evolution start ...
EA evolution end.
Sync from RL --> Nevo
EA evolution start ...
EA evolution end.
Sync from RL --> Nevo
EA evolution start ...
EA evolution end.
Sync from RL --> Nevo
EA evolution start ...
EA evolution end.
Sync from RL --> Nevo
EA evolution start ...
EA evolution end.
Sync from RL --> Nevo
EA evolution start ...
EA evolution end.
Sync from RL --> Nevo
EA evolution start ...
EA evolution end.
Sync from RL --> Nevo
RL eval  -308.4045800836658 1.0
EA eval  -314.22825973908334 1.0
EA evolution start ...
EA evolution end.
Sync from RL --> Nevo
EA evolution start ...
EA evolution end.
Sync from RL --> Nevo
EA evolution start ...
EA evolution end.
Sync from RL --> Nevo
EA evolution start ...
EA evolution end.
Sync from RL --> Nevo
EA evolution start ...
EA evolution end.
Sync from RL --> Nevo
EA evolution start ...
EA evolution end.
Sync from RL --> Nevo
EA evolution start ...
EA evolution end.
Sync from RL --> Nevo
EA evolution start ...
EA evolution end.
Sync from RL --> Nevo
EA evolution start ...
EA evolution end.
RL eval  -301.7391200724668 1.0
EA eval  -303.43687769712596 1.0
Sync from RL --> Nevo
EA evolution start ...
EA evolution end.
Sync from RL --> Nevo
EA evolution start ...
EA evolution end.
Sync from RL --> Nevo
EA evolution start ...
EA evolution end.
Sync from RL --> Nevo
EA evolution start ...
EA evolution end.
Sync from RL --> Nevo
EA evolution start ...
EA evolution end.
Sync from RL --> Nevo
EA evolution start ...
EA evolution end.
Sync from RL --> Nevo
EA evolution start ...
EA evolution end.
Sync from RL --> Nevo
EA evolution start ...
EA evolution end.
Sync from RL --> Nevo
RL eval  -315.87724152216373 1.0
EA eval  -317.69340792644005 1.0
EA evolution start ...
EA evolution end.
Sync from RL --> Nevo
EA evolution start ...
EA evolution end.
Sync from RL --> Nevo
EA evolution start ...
EA evolution end.
Sync from RL --> Nevo
EA evolution start ...
EA evolution end.
Sync from RL --> Nevo
EA evolution start ...
EA evolution end.
Sync from RL --> Nevo
EA evolution start ...
EA evolution end.
Sync from RL --> Nevo
EA evolution start ...
EA evolution end.
Sync from RL --> Nevo
EA evolution start ...
EA evolution end.
Sync from RL --> Nevo
EA evolution start ...
EA evolution end.
RL eval  -309.02987999726656 1.0
EA eval  -301.17532794921664 1.0
Sync from RL --> Nevo
EA evolution start ...
EA evolution end.
Sync from RL --> Nevo
EA evolution start ...
EA evolution end.
Sync from RL --> Nevo
EA evolution start ...
EA evolution end.
Sync from RL --> Nevo
EA evolution start ...
EA evolution end.
Sync from RL --> Nevo
EA evolution start ...
EA evolution end.
Sync from RL --> Nevo
EA evolution start ...
EA evolution end.
Sync from RL --> Nevo
EA evolution start ...
EA evolution end.
Sync from RL --> Nevo
EA evolution start ...
EA evolution end.
Sync from RL --> Nevo
RL eval  -311.2447006218663 1.0
EA eval  -330.95309155758247 1.0
EA evolution start ...
EA evolution end.
Sync from RL --> Nevo
EA evolution start ...
EA evolution end.
Sync from RL --> Nevo
EA evolution start ...
EA evolution end.
Sync from RL --> Nevo
EA evolution start ...
EA evolution end.
Sync from RL --> Nevo
EA evolution start ...
EA evolution end.
Sync from RL --> Nevo
EA evolution start ...
EA evolution end.
Sync from RL --> Nevo
EA evolution start ...
EA evolution end.
Sync from RL --> Nevo
EA evolution start ...
EA evolution end.
Sync from RL --> Nevo
EA evolution start ...
EA evolution end.
RL eval  -317.10011467342525 1.0
EA eval  -311.45675118353756 1.0
Sync from RL --> Nevo
EA evolution start ...
EA evolution end.
Sync from RL --> Nevo
EA evolution start ...
EA evolution end.
Sync from RL --> Nevo
EA evolution start ...
EA evolution end.
Sync from RL --> Nevo
EA evolution start ...
EA evolution end.
Sync from RL --> Nevo
EA evolution start ...
EA evolution end.
Sync from RL --> Nevo
EA evolution start ...
EA evolution end.
Sync from RL --> Nevo
EA evolution start ...
EA evolution end.
Sync from RL --> Nevo
EA evolution start ...
EA evolution end.
Sync from RL --> Nevo
RL eval  -311.12981010724917 1.0
EA eval  -316.90133656238277 1.0
EA evolution start ...
EA evolution end.
Sync from RL --> Nevo
EA evolution start ...
EA evolution end.
Sync from RL --> Nevo
EA evolution start ...
EA evolution end.
Sync from RL --> Nevo
EA evolution start ...
EA evolution end.
Sync from RL --> Nevo
EA evolution start ...
EA evolution end.
Sync from RL --> Nevo
EA evolution start ...
EA evolution end.
Sync from RL --> Nevo
EA evolution start ...
EA evolution end.
Sync from RL --> Nevo
EA evolution start ...
EA evolution end.
Sync from RL --> Nevo
EA evolution start ...
EA evolution end.
RL eval  -313.38683697956054 1.0
EA eval  -314.03902434962225 1.0
Sync from RL --> Nevo
EA evolution start ...
EA evolution end.
Sync from RL --> Nevo
EA evolution start ...
EA evolution end.
Sync from RL --> Nevo
EA evolution start ...
EA evolution end.
Sync from RL --> Nevo
EA evolution start ...
EA evolution end.
Sync from RL --> Nevo
EA evolution start ...
EA evolution end.
Sync from RL --> Nevo
EA evolution start ...
EA evolution end.
Sync from RL --> Nevo
EA evolution start ...
EA evolution end.
Sync from RL --> Nevo
EA evolution start ...
EA evolution end.
Sync from RL --> Nevo
RL eval  -312.8393160601847 1.0
EA eval  -316.96872652331643 1.0
EA evolution start ...
EA evolution end.
Sync from RL --> Nevo
EA evolution start ...
EA evolution end.
Sync from RL --> Nevo
EA evolution start ...
EA evolution end.
Sync from RL --> Nevo
EA evolution start ...
EA evolution end.
Sync from RL --> Nevo
EA evolution start ...
EA evolution end.
Sync from RL --> Nevo
EA evolution start ...
EA evolution end.
Sync from RL --> Nevo
EA evolution start ...
EA evolution end.
Sync from RL --> Nevo
EA evolution start ...
EA evolution end.
Sync from RL --> Nevo
EA evolution start ...
EA evolution end.
RL eval  -303.0413482489099 1.0
EA eval  -305.0569890445929 1.0
Sync from RL --> Nevo
EA evolution start ...
EA evolution end.
Sync from RL --> Nevo
EA evolution start ...
EA evolution end.
Sync from RL --> Nevo
EA evolution start ...
EA evolution end.
Sync from RL --> Nevo
EA evolution start ...
EA evolution end.
Sync from RL --> Nevo
EA evolution start ...
EA evolution end.
Sync from RL --> Nevo
EA evolution start ...
EA evolution end.
Sync from RL --> Nevo
EA evolution start ...
EA evolution end.
Sync from RL --> Nevo
EA evolution start ...
EA evolution end.
Sync from RL --> Nevo
RL eval  -321.6082225057254 1.0
EA eval  -312.21766549349763 1.0
EA evolution start ...
EA evolution end.
Sync from RL --> Nevo
EA evolution start ...
EA evolution end.
Sync from RL --> Nevo
EA evolution start ...
EA evolution end.
Sync from RL --> Nevo
EA evolution start ...
[INFO 21:44:46] root Recent Stats | t_env:      88776 | Episode:     2059
battery_action_clip_mean:237.3777	battery_punishment_reward_mean:-1186.8884	battle_won_mean:           1.0000	bess_cost_reward_mean:   -164.2386
buffer/episodes:         3656.0000	buy_cost_reward_mean:    -303389.2126	ep_length_mean:           24.0000	episode_limit_mean:        1.0000
eval/best_reward:        -302.8736	eval/best_win_rate:        1.0000	eval/ea_reward:          -306.0260	eval/ea_win_rate:          1.0000
eval/rl_reward:          -306.1363	eval/rl_win_rate:          1.0000	generate_cost_reward_mean:-40.2720	grid_purchase_cost_mean: 303389.2126
mean_soc_mean:             0.3099	return_mean:             -303.8598	return_std:               35.3592	soc_reserve_reward_mean: -17.3326
soc_violation_mean:       45.0673	test/battery_action_clip:195.4242	test/battery_punishment_reward:-977.1210	test/battle_won:           1.0000
test/bess_cost_reward:   -165.1110	test/buy_cost_reward:    -306608.0943	test/ep_length:           24.0000	test/episode_limit:        1.0000
test/generate_cost_reward:-30.8904	test/grid_purchase_cost: 306608.0943	test/mean_soc:             0.3046	test/return_mean:        -307.0057
test/return_std:          30.1865	test/soc_reserve_reward: -17.3090	test/soc_violation:       37.1061	test/total_power_loss:   14141.7325
test_battery_action_clip_mean:195.4242	test_battery_punishment_reward_mean:-977.1210	test_battle_won_mean:      1.0000	test_bess_cost_reward_mean:-165.1110
test_buy_cost_reward_mean:-306608.0943	test_ep_length_mean:      24.0000	test_episode_limit_mean:   1.0000	test_generate_cost_reward_mean:-30.8904
test_grid_purchase_cost_mean:306608.0943	test_mean_soc_mean:        0.3046	test_return_mean:        -307.0057	test_return_std:          30.1865
test_soc_reserve_reward_mean:-17.3090	test_soc_violation_mean:  37.1061	test_total_power_loss_mean:14141.7325	total_power_loss_mean:   13990.8825
train/battery_action_clip:237.3777	train/battery_punishment_reward:-1186.8884	train/battle_won:          1.0000	train/bess_cost_reward:  -164.2386
train/buy_cost_reward:   -303389.2126	train/ep_length:          24.0000	train/episode:           2037.0000	train/episode_limit:       1.0000
train/generate_cost_reward:-40.2720	train/grid_purchase_cost:303389.2126	train/mean_soc:            0.3099	train/return_mean:       -303.8598
train/return_std:         35.3592	train/soc_reserve_reward:-17.3326	train/soc_violation:      45.0673	train/t_env:             87744.0000
train/total_power_loss:  13990.8825	
[INFO 21:44:55] root Recent Stats | t_env:      89280 | Episode:     2070
battery_action_clip_mean:232.9365	battery_punishment_reward_mean:-1164.6827	battle_won_mean:           1.0000	bess_cost_reward_mean:   -170.8712
buffer/episodes:         3678.0000	buy_cost_reward_mean:    -302477.5316	ep_length_mean:           24.0000	episode_limit_mean:        1.0000
eval/best_reward:        -302.8736	eval/best_win_rate:        1.0000	eval/ea_reward:          -306.0260	eval/ea_win_rate:          1.0000
eval/rl_reward:          -306.1363	eval/rl_win_rate:          1.0000	generate_cost_reward_mean:-41.9200	grid_purchase_cost_mean: 302477.5316
mean_soc_mean:             0.2854	return_mean:             -302.9439	return_std:               34.2197	soc_reserve_reward_mean: -18.1817
soc_violation_mean:       44.2256	test/battery_action_clip:195.4242	test/battery_punishment_reward:-977.1210	test/battle_won:           1.0000
test/bess_cost_reward:   -165.1110	test/buy_cost_reward:    -306608.0943	test/ep_length:           24.0000	test/episode_limit:        1.0000
test/generate_cost_reward:-30.8904	test/grid_purchase_cost: 306608.0943	test/mean_soc:             0.3046	test/return_mean:        -307.0057
test/return_std:          30.1865	test/soc_reserve_reward: -17.3090	test/soc_violation:       37.1061	test/total_power_loss:   14141.7325
test_battery_action_clip_mean:195.4242	test_battery_punishment_reward_mean:-977.1210	test_battle_won_mean:      1.0000	test_bess_cost_reward_mean:-165.1110
test_buy_cost_reward_mean:-306608.0943	test_ep_length_mean:      24.0000	test_episode_limit_mean:   1.0000	test_generate_cost_reward_mean:-30.8904
test_grid_purchase_cost_mean:306608.0943	test_mean_soc_mean:        0.3046	test_return_mean:        -307.0057	test_return_std:          30.1865
test_soc_reserve_reward_mean:-17.3090	test_soc_violation_mean:  37.1061	test_total_power_loss_mean:14141.7325	total_power_loss_mean:   13946.4417
train/battery_action_clip:232.9365	train/battery_punishment_reward:-1164.6827	train/battle_won:          1.0000	train/bess_cost_reward:  -170.8712
train/buy_cost_reward:   -302477.5316	train/ep_length:          24.0000	train/episode:           2048.0000	train/episode_limit:       1.0000
train/generate_cost_reward:-41.9200	train/grid_purchase_cost:302477.5316	train/mean_soc:            0.2854	train/return_mean:       -302.9439
train/return_std:         34.2197	train/soc_reserve_reward:-18.1817	train/soc_violation:      44.2256	train/t_env:             88272.0000
train/total_power_loss:  13946.4417	
[INFO 21:45:06] root t_env: 89760 / 300000
[INFO 21:45:06] root Estimated time left: 1 hours, 8 minutes, 33 seconds. Time passed: 28 minutes, 24 seconds
[INFO 21:45:13] root Recent Stats | t_env:      89904 | Episode:     2081
battery_action_clip_mean:223.3041	battery_punishment_reward_mean:-1116.5204	battle_won_mean:           1.0000	bess_cost_reward_mean:   -176.3430
buffer/episodes:         3700.0000	buy_cost_reward_mean:    -302234.5541	ep_length_mean:           24.0000	episode_limit_mean:        1.0000
eval/best_reward:        -303.8627	eval/best_win_rate:        1.0000	eval/ea_reward:          -308.9388	eval/ea_win_rate:          1.0000
eval/rl_reward:          -305.6146	eval/rl_win_rate:          1.0000	generate_cost_reward_mean:-40.1505	grid_purchase_cost_mean: 302234.5541
mean_soc_mean:             0.2654	return_mean:             -302.6862	return_std:               32.8174	soc_reserve_reward_mean: -18.8775
soc_violation_mean:       42.3963	test/battery_action_clip:212.5696	test/battery_punishment_reward:-1062.8480	test/battle_won:           1.0000
test/bess_cost_reward:   -194.3806	test/buy_cost_reward:    -310248.6550	test/ep_length:           24.0000	test/episode_limit:        1.0000
test/generate_cost_reward:-32.4343	test/grid_purchase_cost: 310248.6550	test/mean_soc:             0.2004	test/return_mean:        -310.6865
test/return_std:          29.3442	test/soc_reserve_reward: -21.5487	test/soc_violation:       40.3656	test/total_power_loss:   14292.7239
test_battery_action_clip_mean:212.5696	test_battery_punishment_reward_mean:-1062.8480	test_battle_won_mean:      1.0000	test_bess_cost_reward_mean:-194.3806
test_buy_cost_reward_mean:-310248.6550	test_ep_length_mean:      24.0000	test_episode_limit_mean:   1.0000	test_generate_cost_reward_mean:-32.4343
test_grid_purchase_cost_mean:310248.6550	test_mean_soc_mean:        0.2004	test_return_mean:        -310.6865	test_return_std:          29.3442
test_soc_reserve_reward_mean:-21.5487	test_soc_violation_mean:  40.3656	test_total_power_loss_mean:14292.7239	total_power_loss_mean:   13946.6902
train/battery_action_clip:223.3041	train/battery_punishment_reward:-1116.5204	train/battle_won:          1.0000	train/bess_cost_reward:  -176.3430
train/buy_cost_reward:   -302234.5541	train/ep_length:          24.0000	train/episode:           2059.0000	train/episode_limit:       1.0000
train/generate_cost_reward:-40.1505	train/grid_purchase_cost:302234.5541	train/mean_soc:            0.2654	train/return_mean:       -302.6862
train/return_std:         32.8174	train/soc_reserve_reward:-18.8775	train/soc_violation:      42.3963	train/t_env:             88800.0000
train/total_power_loss:  13946.6902	
[INFO 21:45:22] root Recent Stats | t_env:      90408 | Episode:     2092
battery_action_clip_mean:230.0123	battery_punishment_reward_mean:-1150.0614	battle_won_mean:           1.0000	bess_cost_reward_mean:   -174.1317
buffer/episodes:         3722.0000	buy_cost_reward_mean:    -301384.2581	ep_length_mean:           24.0000	episode_limit_mean:        1.0000
eval/best_reward:        -303.8627	eval/best_win_rate:        1.0000	eval/ea_reward:          -308.9388	eval/ea_win_rate:          1.0000
eval/rl_reward:          -305.6146	eval/rl_win_rate:          1.0000	generate_cost_reward_mean:-41.4183	grid_purchase_cost_mean: 301384.2581
mean_soc_mean:             0.2738	return_mean:             -301.8468	return_std:               31.9274	soc_reserve_reward_mean: -18.6029
soc_violation_mean:       43.6680	test/battery_action_clip:212.5696	test/battery_punishment_reward:-1062.8480	test/battle_won:           1.0000
test/bess_cost_reward:   -194.3806	test/buy_cost_reward:    -310248.6550	test/ep_length:           24.0000	test/episode_limit:        1.0000
test/generate_cost_reward:-32.4343	test/grid_purchase_cost: 310248.6550	test/mean_soc:             0.2004	test/return_mean:        -310.6865
test/return_std:          29.3442	test/soc_reserve_reward: -21.5487	test/soc_violation:       40.3656	test/total_power_loss:   14292.7239
test_battery_action_clip_mean:212.5696	test_battery_punishment_reward_mean:-1062.8480	test_battle_won_mean:      1.0000	test_bess_cost_reward_mean:-194.3806
test_buy_cost_reward_mean:-310248.6550	test_ep_length_mean:      24.0000	test_episode_limit_mean:   1.0000	test_generate_cost_reward_mean:-32.4343
test_grid_purchase_cost_mean:310248.6550	test_mean_soc_mean:        0.2004	test_return_mean:        -310.6865	test_return_std:          29.3442
test_soc_reserve_reward_mean:-21.5487	test_soc_violation_mean:  40.3656	test_total_power_loss_mean:14292.7239	total_power_loss_mean:   13911.1244
train/battery_action_clip:230.0123	train/battery_punishment_reward:-1150.0614	train/battle_won:          1.0000	train/bess_cost_reward:  -174.1317
train/buy_cost_reward:   -301384.2581	train/ep_length:          24.0000	train/episode:           2070.0000	train/episode_limit:       1.0000
train/generate_cost_reward:-41.4183	train/grid_purchase_cost:301384.2581	train/mean_soc:            0.2738	train/return_mean:       -301.8468
train/return_std:         31.9274	train/soc_reserve_reward:-18.6029	train/soc_violation:      43.6680	train/t_env:             89328.0000
train/total_power_loss:  13911.1244	
[INFO 21:45:27] root Saving models to results\models\facmac_smac__2026-06-15_21-16-36\90624
[INFO 21:45:32] root Recent Stats | t_env:      90912 | Episode:     2103
battery_action_clip_mean:229.6033	battery_punishment_reward_mean:-1148.0167	battle_won_mean:           1.0000	bess_cost_reward_mean:   -171.4152
buffer/episodes:         3744.0000	buy_cost_reward_mean:    -305557.8910	ep_length_mean:           24.0000	episode_limit_mean:        1.0000
eval/best_reward:        -303.8627	eval/best_win_rate:        1.0000	eval/ea_reward:          -308.9388	eval/ea_win_rate:          1.0000
eval/rl_reward:          -305.6146	eval/rl_win_rate:          1.0000	generate_cost_reward_mean:-43.2099	grid_purchase_cost_mean: 305557.8910
mean_soc_mean:             0.2838	return_mean:             -306.0194	return_std:               30.2927	soc_reserve_reward_mean: -18.3182
soc_violation_mean:       43.5899	test/battery_action_clip:212.5696	test/battery_punishment_reward:-1062.8480	test/battle_won:           1.0000
test/bess_cost_reward:   -194.3806	test/buy_cost_reward:    -310248.6550	test/ep_length:           24.0000	test/episode_limit:        1.0000
test/generate_cost_reward:-32.4343	test/grid_purchase_cost: 310248.6550	test/mean_soc:             0.2004	test/return_mean:        -310.6865
test/return_std:          29.3442	test/soc_reserve_reward: -21.5487	test/soc_violation:       40.3656	test/total_power_loss:   14292.7239
test_battery_action_clip_mean:212.5696	test_battery_punishment_reward_mean:-1062.8480	test_battle_won_mean:      1.0000	test_bess_cost_reward_mean:-194.3806
test_buy_cost_reward_mean:-310248.6550	test_ep_length_mean:      24.0000	test_episode_limit_mean:   1.0000	test_generate_cost_reward_mean:-32.4343
test_grid_purchase_cost_mean:310248.6550	test_mean_soc_mean:        0.2004	test_return_mean:        -310.6865	test_return_std:          29.3442
test_soc_reserve_reward_mean:-21.5487	test_soc_violation_mean:  40.3656	test_total_power_loss_mean:14292.7239	total_power_loss_mean:   14088.8122
train/battery_action_clip:229.6033	train/battery_punishment_reward:-1148.0167	train/battle_won:          1.0000	train/bess_cost_reward:  -171.4152
train/buy_cost_reward:   -305557.8910	train/ep_length:          24.0000	train/episode:           2081.0000	train/episode_limit:       1.0000
train/generate_cost_reward:-43.2099	train/grid_purchase_cost:305557.8910	train/mean_soc:            0.2838	train/return_mean:       -306.0194
train/return_std:         30.2927	train/soc_reserve_reward:-18.3182	train/soc_violation:      43.5899	train/t_env:             89856.0000
train/total_power_loss:  14088.8122	
[INFO 21:45:42] root Recent Stats | t_env:      91416 | Episode:     2114
battery_action_clip_mean:231.2645	battery_punishment_reward_mean:-1156.3227	battle_won_mean:           1.0000	bess_cost_reward_mean:   -167.1025
buffer/episodes:         3766.0000	buy_cost_reward_mean:    -306537.6468	ep_length_mean:           24.0000	episode_limit_mean:        1.0000
eval/best_reward:        -303.8627	eval/best_win_rate:        1.0000	eval/ea_reward:          -308.9388	eval/ea_win_rate:          1.0000
eval/rl_reward:          -305.6146	eval/rl_win_rate:          1.0000	generate_cost_reward_mean:-44.9845	grid_purchase_cost_mean: 306537.6468
mean_soc_mean:             0.2993	return_mean:             -307.0009	return_std:               30.7223	soc_reserve_reward_mean: -17.7446
soc_violation_mean:       43.9073	test/battery_action_clip:212.5696	test/battery_punishment_reward:-1062.8480	test/battle_won:           1.0000
test/bess_cost_reward:   -194.3806	test/buy_cost_reward:    -310248.6550	test/ep_length:           24.0000	test/episode_limit:        1.0000
test/generate_cost_reward:-32.4343	test/grid_purchase_cost: 310248.6550	test/mean_soc:             0.2004	test/return_mean:        -310.6865
test/return_std:          29.3442	test/soc_reserve_reward: -21.5487	test/soc_violation:       40.3656	test/total_power_loss:   14292.7239
test_battery_action_clip_mean:212.5696	test_battery_punishment_reward_mean:-1062.8480	test_battle_won_mean:      1.0000	test_bess_cost_reward_mean:-194.3806
test_buy_cost_reward_mean:-310248.6550	test_ep_length_mean:      24.0000	test_episode_limit_mean:   1.0000	test_generate_cost_reward_mean:-32.4343
test_grid_purchase_cost_mean:310248.6550	test_mean_soc_mean:        0.2004	test_return_mean:        -310.6865	test_return_std:          29.3442
test_soc_reserve_reward_mean:-21.5487	test_soc_violation_mean:  40.3656	test_total_power_loss_mean:14292.7239	total_power_loss_mean:   14128.4516
train/battery_action_clip:231.2645	train/battery_punishment_reward:-1156.3227	train/battle_won:          1.0000	train/bess_cost_reward:  -167.1025
train/buy_cost_reward:   -306537.6468	train/ep_length:          24.0000	train/episode:           2092.0000	train/episode_limit:       1.0000
train/generate_cost_reward:-44.9845	train/grid_purchase_cost:306537.6468	train/mean_soc:            0.2993	train/return_mean:       -307.0009
train/return_std:         30.7223	train/soc_reserve_reward:-17.7446	train/soc_violation:      43.9073	train/t_env:             90384.0000
train/total_power_loss:  14128.4516	
[INFO 21:45:52] root t_env: 91824 / 300000
[INFO 21:45:52] root Estimated time left: 1 hours, 18 minutes, 16 seconds. Time passed: 29 minutes, 11 seconds
[INFO 21:45:54] root Recent Stats | t_env:      91920 | Episode:     2125
battery_action_clip_mean:224.6365	battery_punishment_reward_mean:-1123.1823	battle_won_mean:           1.0000	bess_cost_reward_mean:   -168.0472
buffer/episodes:         3788.0000	buy_cost_reward_mean:    -308569.8889	ep_length_mean:           24.0000	episode_limit_mean:        1.0000
eval/best_reward:        -304.1147	eval/best_win_rate:        1.0000	eval/ea_reward:          -310.5841	eval/ea_win_rate:          1.0000
eval/rl_reward:          -304.1147	eval/rl_win_rate:          1.0000	generate_cost_reward_mean:-44.6555	grid_purchase_cost_mean: 308569.8889
mean_soc_mean:             0.2960	return_mean:             -309.0223	return_std:               32.0121	soc_reserve_reward_mean: -17.8963
soc_violation_mean:       42.6513	test/battery_action_clip:205.0164	test/battery_punishment_reward:-1025.0819	test/battle_won:           1.0000
test/bess_cost_reward:   -180.4117	test/buy_cost_reward:    -308018.8643	test/ep_length:           24.0000	test/episode_limit:        1.0000
test/generate_cost_reward:-31.9323	test/grid_purchase_cost: 308018.8643	test/mean_soc:             0.2516	test/return_mean:        -308.4386
test/return_std:          30.3763	test/soc_reserve_reward: -19.5067	test/soc_violation:       38.8820	test/total_power_loss:   14191.5107
test_battery_action_clip_mean:205.0164	test_battery_punishment_reward_mean:-1025.0819	test_battle_won_mean:      1.0000	test_bess_cost_reward_mean:-180.4117
test_buy_cost_reward_mean:-308018.8643	test_ep_length_mean:      24.0000	test_episode_limit_mean:   1.0000	test_generate_cost_reward_mean:-31.9323
test_grid_purchase_cost_mean:308018.8643	test_mean_soc_mean:        0.2516	test_return_mean:        -308.4386	test_return_std:          30.3763
test_soc_reserve_reward_mean:-19.5067	test_soc_violation_mean:  38.8820	test_total_power_loss_mean:14191.5107	total_power_loss_mean:   14217.5735
train/battery_action_clip:224.6365	train/battery_punishment_reward:-1123.1823	train/battle_won:          1.0000	train/bess_cost_reward:  -168.0472
train/buy_cost_reward:   -308569.8889	train/ep_length:          24.0000	train/episode:           2103.0000	train/episode_limit:       1.0000
train/generate_cost_reward:-44.6555	train/grid_purchase_cost:308569.8889	train/mean_soc:            0.2960	train/return_mean:       -309.0223
train/return_std:         32.0121	train/soc_reserve_reward:-17.8963	train/soc_violation:      42.6513	train/t_env:             90912.0000
train/total_power_loss:  14217.5735	
[INFO 21:46:08] root Recent Stats | t_env:      92544 | Episode:     2136
battery_action_clip_mean:226.4693	battery_punishment_reward_mean:-1132.3464	battle_won_mean:           1.0000	bess_cost_reward_mean:   -160.0901
buffer/episodes:         3810.0000	buy_cost_reward_mean:    -308663.4311	ep_length_mean:           24.0000	episode_limit_mean:        1.0000
eval/best_reward:        -304.1147	eval/best_win_rate:        1.0000	eval/ea_reward:          -310.5841	eval/ea_win_rate:          1.0000
eval/rl_reward:          -304.1147	eval/rl_win_rate:          1.0000	generate_cost_reward_mean:-44.6920	grid_purchase_cost_mean: 308663.4311
mean_soc_mean:             0.3251	return_mean:             -309.1159	return_std:               35.7812	soc_reserve_reward_mean: -16.8491
soc_violation_mean:       42.9943	test/battery_action_clip:205.0164	test/battery_punishment_reward:-1025.0819	test/battle_won:           1.0000
test/bess_cost_reward:   -180.4117	test/buy_cost_reward:    -308018.8643	test/ep_length:           24.0000	test/episode_limit:        1.0000
test/generate_cost_reward:-31.9323	test/grid_purchase_cost: 308018.8643	test/mean_soc:             0.2516	test/return_mean:        -308.4386
test/return_std:          30.3763	test/soc_reserve_reward: -19.5067	test/soc_violation:       38.8820	test/total_power_loss:   14191.5107
test_battery_action_clip_mean:205.0164	test_battery_punishment_reward_mean:-1025.0819	test_battle_won_mean:      1.0000	test_bess_cost_reward_mean:-180.4117
test_buy_cost_reward_mean:-308018.8643	test_ep_length_mean:      24.0000	test_episode_limit_mean:   1.0000	test_generate_cost_reward_mean:-31.9323
test_grid_purchase_cost_mean:308018.8643	test_mean_soc_mean:        0.2516	test_return_mean:        -308.4386	test_return_std:          30.3763
test_soc_reserve_reward_mean:-19.5067	test_soc_violation_mean:  38.8820	test_total_power_loss_mean:14191.5107	total_power_loss_mean:   14219.8252
train/battery_action_clip:226.4693	train/battery_punishment_reward:-1132.3464	train/battle_won:          1.0000	train/bess_cost_reward:  -160.0901
train/buy_cost_reward:   -308663.4311	train/ep_length:          24.0000	train/episode:           2114.0000	train/episode_limit:       1.0000
train/generate_cost_reward:-44.6920	train/grid_purchase_cost:308663.4311	train/mean_soc:            0.3251	train/return_mean:       -309.1159
train/return_std:         35.7812	train/soc_reserve_reward:-16.8491	train/soc_violation:      42.9943	train/t_env:             91440.0000
train/total_power_loss:  14219.8252	
[INFO 21:46:16] root Recent Stats | t_env:      93048 | Episode:     2147
battery_action_clip_mean:227.5938	battery_punishment_reward_mean:-1137.9692	battle_won_mean:           1.0000	bess_cost_reward_mean:   -152.2609
buffer/episodes:         3832.0000	buy_cost_reward_mean:    -312184.9694	ep_length_mean:           24.0000	episode_limit_mean:        1.0000
eval/best_reward:        -304.1147	eval/best_win_rate:        1.0000	eval/ea_reward:          -310.5841	eval/ea_win_rate:          1.0000
eval/rl_reward:          -304.1147	eval/rl_win_rate:          1.0000	generate_cost_reward_mean:-44.7925	grid_purchase_cost_mean: 312184.9694
mean_soc_mean:             0.3537	return_mean:             -312.6364	return_std:               35.4862	soc_reserve_reward_mean: -15.8128
soc_violation_mean:       43.2058	test/battery_action_clip:205.0164	test/battery_punishment_reward:-1025.0819	test/battle_won:           1.0000
test/bess_cost_reward:   -180.4117	test/buy_cost_reward:    -308018.8643	test/ep_length:           24.0000	test/episode_limit:        1.0000
test/generate_cost_reward:-31.9323	test/grid_purchase_cost: 308018.8643	test/mean_soc:             0.2516	test/return_mean:        -308.4386
test/return_std:          30.3763	test/soc_reserve_reward: -19.5067	test/soc_violation:       38.8820	test/total_power_loss:   14191.5107
test_battery_action_clip_mean:205.0164	test_battery_punishment_reward_mean:-1025.0819	test_battle_won_mean:      1.0000	test_bess_cost_reward_mean:-180.4117
test_buy_cost_reward_mean:-308018.8643	test_ep_length_mean:      24.0000	test_episode_limit_mean:   1.0000	test_generate_cost_reward_mean:-31.9323
test_grid_purchase_cost_mean:308018.8643	test_mean_soc_mean:        0.2516	test_return_mean:        -308.4386	test_return_std:          30.3763
test_soc_reserve_reward_mean:-19.5067	test_soc_violation_mean:  38.8820	test_total_power_loss_mean:14191.5107	total_power_loss_mean:   14372.5598
train/battery_action_clip:227.5938	train/battery_punishment_reward:-1137.9692	train/battle_won:          1.0000	train/bess_cost_reward:  -152.2609
train/buy_cost_reward:   -312184.9694	train/ep_length:          24.0000	train/episode:           2125.0000	train/episode_limit:       1.0000
train/generate_cost_reward:-44.7925	train/grid_purchase_cost:312184.9694	train/mean_soc:            0.3537	train/return_mean:       -312.6364
train/return_std:         35.4862	train/soc_reserve_reward:-15.8128	train/soc_violation:      43.2058	train/t_env:             91968.0000
train/total_power_loss:  14372.5598	
[INFO 21:46:26] root Recent Stats | t_env:      93552 | Episode:     2158
battery_action_clip_mean:229.2510	battery_punishment_reward_mean:-1146.2552	battle_won_mean:           1.0000	bess_cost_reward_mean:   -156.6688
buffer/episodes:         3854.0000	buy_cost_reward_mean:    -310612.8472	ep_length_mean:           24.0000	episode_limit_mean:        1.0000
eval/best_reward:        -304.1147	eval/best_win_rate:        1.0000	eval/ea_reward:          -310.5841	eval/ea_win_rate:          1.0000
eval/rl_reward:          -304.1147	eval/rl_win_rate:          1.0000	generate_cost_reward_mean:-41.6737	grid_purchase_cost_mean: 310612.8472
mean_soc_mean:             0.3380	return_mean:             -311.0676	return_std:               38.0870	soc_reserve_reward_mean: -16.4467
soc_violation_mean:       43.5226	test/battery_action_clip:205.0164	test/battery_punishment_reward:-1025.0819	test/battle_won:           1.0000
test/bess_cost_reward:   -180.4117	test/buy_cost_reward:    -308018.8643	test/ep_length:           24.0000	test/episode_limit:        1.0000
test/generate_cost_reward:-31.9323	test/grid_purchase_cost: 308018.8643	test/mean_soc:             0.2516	test/return_mean:        -308.4386
test/return_std:          30.3763	test/soc_reserve_reward: -19.5067	test/soc_violation:       38.8820	test/total_power_loss:   14191.5107
test_battery_action_clip_mean:205.0164	test_battery_punishment_reward_mean:-1025.0819	test_battle_won_mean:      1.0000	test_bess_cost_reward_mean:-180.4117
test_buy_cost_reward_mean:-308018.8643	test_ep_length_mean:      24.0000	test_episode_limit_mean:   1.0000	test_generate_cost_reward_mean:-31.9323
test_grid_purchase_cost_mean:308018.8643	test_mean_soc_mean:        0.2516	test_return_mean:        -308.4386	test_return_std:          30.3763
test_soc_reserve_reward_mean:-19.5067	test_soc_violation_mean:  38.8820	test_total_power_loss_mean:14191.5107	total_power_loss_mean:   14295.0107
train/battery_action_clip:229.2510	train/battery_punishment_reward:-1146.2552	train/battle_won:          1.0000	train/bess_cost_reward:  -156.6688
train/buy_cost_reward:   -310612.8472	train/ep_length:          24.0000	train/episode:           2136.0000	train/episode_limit:       1.0000
train/generate_cost_reward:-41.6737	train/grid_purchase_cost:310612.8472	train/mean_soc:            0.3380	train/return_mean:       -311.0676
train/return_std:         38.0870	train/soc_reserve_reward:-16.4467	train/soc_violation:      43.5226	train/t_env:             92496.0000
train/total_power_loss:  14295.0107	
[INFO 21:46:30] root t_env: 93840 / 300000
[INFO 21:46:30] root Estimated time left: 1 hours, 4 minutes, 55 seconds. Time passed: 29 minutes, 49 seconds
[INFO 21:46:36] root Recent Stats | t_env:      94056 | Episode:     2169
battery_action_clip_mean:226.7483	battery_punishment_reward_mean:-1133.7415	battle_won_mean:           1.0000	bess_cost_reward_mean:   -160.7007
buffer/episodes:         3876.0000	buy_cost_reward_mean:    -311245.5688	ep_length_mean:           24.0000	episode_limit_mean:        1.0000
eval/best_reward:        -305.0413	eval/best_win_rate:        1.0000	eval/ea_reward:          -310.6937	eval/ea_win_rate:          1.0000
eval/rl_reward:          -305.0413	eval/rl_win_rate:          1.0000	generate_cost_reward_mean:-38.3250	grid_purchase_cost_mean: 311245.5688
mean_soc_mean:             0.3233	return_mean:             -311.6965	return_std:               39.3306	soc_reserve_reward_mean: -16.9773
soc_violation_mean:       43.0467	test/battery_action_clip:222.3091	test/battery_punishment_reward:-1111.5453	test/battle_won:           1.0000
test/bess_cost_reward:   -180.3822	test/buy_cost_reward:    -309190.4015	test/ep_length:           24.0000	test/episode_limit:        1.0000
test/generate_cost_reward:-33.8353	test/grid_purchase_cost: 309190.4015	test/mean_soc:             0.2515	test/return_mean:        -309.6397
test/return_std:          31.7563	test/soc_reserve_reward: -19.5127	test/soc_violation:       42.1676	test/total_power_loss:   14233.5379
test_battery_action_clip_mean:222.3091	test_battery_punishment_reward_mean:-1111.5453	test_battle_won_mean:      1.0000	test_bess_cost_reward_mean:-180.3822
test_buy_cost_reward_mean:-309190.4015	test_ep_length_mean:      24.0000	test_episode_limit_mean:   1.0000	test_generate_cost_reward_mean:-33.8353
test_grid_purchase_cost_mean:309190.4015	test_mean_soc_mean:        0.2515	test_return_mean:        -309.6397	test_return_std:          31.7563
test_soc_reserve_reward_mean:-19.5127	test_soc_violation_mean:  42.1676	test_total_power_loss_mean:14233.5379	total_power_loss_mean:   14330.5016
train/battery_action_clip:226.7483	train/battery_punishment_reward:-1133.7415	train/battle_won:          1.0000	train/bess_cost_reward:  -160.7007
train/buy_cost_reward:   -311245.5688	train/ep_length:          24.0000	train/episode:           2147.0000	train/episode_limit:       1.0000
train/generate_cost_reward:-38.3250	train/grid_purchase_cost:311245.5688	train/mean_soc:            0.3233	train/return_mean:       -311.6965
train/return_std:         39.3306	train/soc_reserve_reward:-16.9773	train/soc_violation:      43.0467	train/t_env:             93024.0000
train/total_power_loss:  14330.5016	
[INFO 21:46:45] root Recent Stats | t_env:      94560 | Episode:     2180
battery_action_clip_mean:221.1507	battery_punishment_reward_mean:-1105.7534	battle_won_mean:           1.0000	bess_cost_reward_mean:   -164.6462
buffer/episodes:         3898.0000	buy_cost_reward_mean:    -313008.9576	ep_length_mean:           24.0000	episode_limit_mean:        1.0000
eval/best_reward:        -305.0413	eval/best_win_rate:        1.0000	eval/ea_reward:          -310.6937	eval/ea_win_rate:          1.0000
eval/rl_reward:          -305.0413	eval/rl_win_rate:          1.0000	generate_cost_reward_mean:-38.1928	grid_purchase_cost_mean: 313008.9576
mean_soc_mean:             0.3086	return_mean:             -313.4520	return_std:               39.9369	soc_reserve_reward_mean: -17.4418
soc_violation_mean:       41.9830	test/battery_action_clip:222.3091	test/battery_punishment_reward:-1111.5453	test/battle_won:           1.0000
test/bess_cost_reward:   -180.3822	test/buy_cost_reward:    -309190.4015	test/ep_length:           24.0000	test/episode_limit:        1.0000
test/generate_cost_reward:-33.8353	test/grid_purchase_cost: 309190.4015	test/mean_soc:             0.2515	test/return_mean:        -309.6397
test/return_std:          31.7563	test/soc_reserve_reward: -19.5127	test/soc_violation:       42.1676	test/total_power_loss:   14233.5379
test_battery_action_clip_mean:222.3091	test_battery_punishment_reward_mean:-1111.5453	test_battle_won_mean:      1.0000	test_bess_cost_reward_mean:-180.3822
test_buy_cost_reward_mean:-309190.4015	test_ep_length_mean:      24.0000	test_episode_limit_mean:   1.0000	test_generate_cost_reward_mean:-33.8353
test_grid_purchase_cost_mean:309190.4015	test_mean_soc_mean:        0.2515	test_return_mean:        -309.6397	test_return_std:          31.7563
test_soc_reserve_reward_mean:-19.5127	test_soc_violation_mean:  42.1676	test_total_power_loss_mean:14233.5379	total_power_loss_mean:   14405.1840
train/battery_action_clip:221.1507	train/battery_punishment_reward:-1105.7534	train/battle_won:          1.0000	train/bess_cost_reward:  -164.6462
train/buy_cost_reward:   -313008.9576	train/ep_length:          24.0000	train/episode:           2158.0000	train/episode_limit:       1.0000
train/generate_cost_reward:-38.1928	train/grid_purchase_cost:313008.9576	train/mean_soc:            0.3086	train/return_mean:       -313.4520
train/return_std:         39.9369	train/soc_reserve_reward:-17.4418	train/soc_violation:      41.9830	train/t_env:             93552.0000
train/total_power_loss:  14405.1840	
[INFO 21:47:00] root Recent Stats | t_env:      95184 | Episode:     2191
battery_action_clip_mean:227.4992	battery_punishment_reward_mean:-1137.4961	battle_won_mean:           1.0000	bess_cost_reward_mean:   -167.2866
buffer/episodes:         3920.0000	buy_cost_reward_mean:    -310273.2497	ep_length_mean:           24.0000	episode_limit_mean:        1.0000
eval/best_reward:        -305.0413	eval/best_win_rate:        1.0000	eval/ea_reward:          -310.6937	eval/ea_win_rate:          1.0000
eval/rl_reward:          -305.0413	eval/rl_win_rate:          1.0000	generate_cost_reward_mean:-41.1438	grid_purchase_cost_mean: 310273.2497
mean_soc_mean:             0.2990	return_mean:             -310.7289	return_std:               39.1828	soc_reserve_reward_mean: -17.8070
soc_violation_mean:       43.1921	test/battery_action_clip:222.3091	test/battery_punishment_reward:-1111.5453	test/battle_won:           1.0000
test/bess_cost_reward:   -180.3822	test/buy_cost_reward:    -309190.4015	test/ep_length:           24.0000	test/episode_limit:        1.0000
test/generate_cost_reward:-33.8353	test/grid_purchase_cost: 309190.4015	test/mean_soc:             0.2515	test/return_mean:        -309.6397
test/return_std:          31.7563	test/soc_reserve_reward: -19.5127	test/soc_violation:       42.1676	test/total_power_loss:   14233.5379
test_battery_action_clip_mean:222.3091	test_battery_punishment_reward_mean:-1111.5453	test_battle_won_mean:      1.0000	test_bess_cost_reward_mean:-180.3822
test_buy_cost_reward_mean:-309190.4015	test_ep_length_mean:      24.0000	test_episode_limit_mean:   1.0000	test_generate_cost_reward_mean:-33.8353
test_grid_purchase_cost_mean:309190.4015	test_mean_soc_mean:        0.2515	test_return_mean:        -309.6397	test_return_std:          31.7563
test_soc_reserve_reward_mean:-19.5127	test_soc_violation_mean:  42.1676	test_total_power_loss_mean:14233.5379	total_power_loss_mean:   14291.6089
train/battery_action_clip:227.4992	train/battery_punishment_reward:-1137.4961	train/battle_won:          1.0000	train/bess_cost_reward:  -167.2866
train/buy_cost_reward:   -310273.2497	train/ep_length:          24.0000	train/episode:           2169.0000	train/episode_limit:       1.0000
train/generate_cost_reward:-41.1438	train/grid_purchase_cost:310273.2497	train/mean_soc:            0.2990	train/return_mean:       -310.7289
train/return_std:         39.1828	train/soc_reserve_reward:-17.8070	train/soc_violation:      43.1921	train/t_env:             94080.0000
train/total_power_loss:  14291.6089	
[INFO 21:47:08] root Recent Stats | t_env:      95688 | Episode:     2202
battery_action_clip_mean:232.2472	battery_punishment_reward_mean:-1161.2362	battle_won_mean:           1.0000	bess_cost_reward_mean:   -172.3730
buffer/episodes:         3942.0000	buy_cost_reward_mean:    -309169.7259	ep_length_mean:           24.0000	episode_limit_mean:        1.0000
eval/best_reward:        -305.0413	eval/best_win_rate:        1.0000	eval/ea_reward:          -310.6937	eval/ea_win_rate:          1.0000
eval/rl_reward:          -305.0413	eval/rl_win_rate:          1.0000	generate_cost_reward_mean:-39.7474	grid_purchase_cost_mean: 309169.7259
mean_soc_mean:             0.2806	return_mean:             -309.6347	return_std:               40.8490	soc_reserve_reward_mean: -18.4803
soc_violation_mean:       44.0904	test/battery_action_clip:222.3091	test/battery_punishment_reward:-1111.5453	test/battle_won:           1.0000
test/bess_cost_reward:   -180.3822	test/buy_cost_reward:    -309190.4015	test/ep_length:           24.0000	test/episode_limit:        1.0000
test/generate_cost_reward:-33.8353	test/grid_purchase_cost: 309190.4015	test/mean_soc:             0.2515	test/return_mean:        -309.6397
test/return_std:          31.7563	test/soc_reserve_reward: -19.5127	test/soc_violation:       42.1676	test/total_power_loss:   14233.5379
test_battery_action_clip_mean:222.3091	test_battery_punishment_reward_mean:-1111.5453	test_battle_won_mean:      1.0000	test_bess_cost_reward_mean:-180.3822
test_buy_cost_reward_mean:-309190.4015	test_ep_length_mean:      24.0000	test_episode_limit_mean:   1.0000	test_generate_cost_reward_mean:-33.8353
test_grid_purchase_cost_mean:309190.4015	test_mean_soc_mean:        0.2515	test_return_mean:        -309.6397	test_return_std:          31.7563
test_soc_reserve_reward_mean:-19.5127	test_soc_violation_mean:  42.1676	test_total_power_loss_mean:14233.5379	total_power_loss_mean:   14248.8302
train/battery_action_clip:232.2472	train/battery_punishment_reward:-1161.2362	train/battle_won:          1.0000	train/bess_cost_reward:  -172.3730
train/buy_cost_reward:   -309169.7259	train/ep_length:          24.0000	train/episode:           2180.0000	train/episode_limit:       1.0000
train/generate_cost_reward:-39.7474	train/grid_purchase_cost:309169.7259	train/mean_soc:            0.2806	train/return_mean:       -309.6347
train/return_std:         40.8490	train/soc_reserve_reward:-18.4803	train/soc_violation:      44.0904	train/t_env:             94608.0000
train/total_power_loss:  14248.8302	
[INFO 21:47:13] root t_env: 95904 / 300000
[INFO 21:47:13] root Estimated time left: 1 hours, 9 minutes, 43 seconds. Time passed: 30 minutes, 31 seconds
[INFO 21:47:18] root Recent Stats | t_env:      96192 | Episode:     2213
battery_action_clip_mean:237.9542	battery_punishment_reward_mean:-1189.7708	battle_won_mean:           1.0000	bess_cost_reward_mean:   -169.5505
buffer/episodes:         3964.0000	buy_cost_reward_mean:    -309862.2678	ep_length_mean:           24.0000	episode_limit_mean:        1.0000
eval/best_reward:        -304.2763	eval/best_win_rate:        1.0000	eval/ea_reward:          -309.5386	eval/ea_win_rate:          1.0000
eval/rl_reward:          -307.8767	eval/rl_win_rate:          1.0000	generate_cost_reward_mean:-39.2222	grid_purchase_cost_mean: 309862.2678
mean_soc_mean:             0.2909	return_mean:             -310.3355	return_std:               38.0404	soc_reserve_reward_mean: -18.1049
soc_violation_mean:       45.1717	test/battery_action_clip:257.0070	test/battery_punishment_reward:-1285.0349	test/battle_won:           1.0000
test/bess_cost_reward:   -194.3242	test/buy_cost_reward:    -310223.3973	test/ep_length:           24.0000	test/episode_limit:        1.0000
test/generate_cost_reward:-47.9819	test/grid_purchase_cost: 310223.3973	test/mean_soc:             0.2003	test/return_mean:        -310.7410
test/return_std:          31.5357	test/soc_reserve_reward: -21.5564	test/soc_violation:       48.8096	test/total_power_loss:   14286.4552
test_battery_action_clip_mean:257.0070	test_battery_punishment_reward_mean:-1285.0349	test_battle_won_mean:      1.0000	test_bess_cost_reward_mean:-194.3242
test_buy_cost_reward_mean:-310223.3973	test_ep_length_mean:      24.0000	test_episode_limit_mean:   1.0000	test_generate_cost_reward_mean:-47.9819
test_grid_purchase_cost_mean:310223.3973	test_mean_soc_mean:        0.2003	test_return_mean:        -310.7410	test_return_std:          31.5357
test_soc_reserve_reward_mean:-21.5564	test_soc_violation_mean:  48.8096	test_total_power_loss_mean:14286.4552	total_power_loss_mean:   14290.9404
train/battery_action_clip:237.9542	train/battery_punishment_reward:-1189.7708	train/battle_won:          1.0000	train/bess_cost_reward:  -169.5505
train/buy_cost_reward:   -309862.2678	train/ep_length:          24.0000	train/episode:           2191.0000	train/episode_limit:       1.0000
train/generate_cost_reward:-39.2222	train/grid_purchase_cost:309862.2678	train/mean_soc:            0.2909	train/return_mean:       -310.3355
train/return_std:         38.0404	train/soc_reserve_reward:-18.1049	train/soc_violation:      45.1717	train/t_env:             95136.0000
train/total_power_loss:  14290.9404	
[INFO 21:47:28] root Recent Stats | t_env:      96696 | Episode:     2224
battery_action_clip_mean:244.4867	battery_punishment_reward_mean:-1222.4333	battle_won_mean:           1.0000	bess_cost_reward_mean:   -166.6618
buffer/episodes:         3986.0000	buy_cost_reward_mean:    -310159.0990	ep_length_mean:           24.0000	episode_limit_mean:        1.0000
eval/best_reward:        -304.2763	eval/best_win_rate:        1.0000	eval/ea_reward:          -309.5386	eval/ea_win_rate:          1.0000
eval/rl_reward:          -307.8767	eval/rl_win_rate:          1.0000	generate_cost_reward_mean:-41.2325	grid_purchase_cost_mean: 310159.0990
mean_soc_mean:             0.3018	return_mean:             -310.6429	return_std:               38.1864	soc_reserve_reward_mean: -17.7564
soc_violation_mean:       46.4091	test/battery_action_clip:257.0070	test/battery_punishment_reward:-1285.0349	test/battle_won:           1.0000
test/bess_cost_reward:   -194.3242	test/buy_cost_reward:    -310223.3973	test/ep_length:           24.0000	test/episode_limit:        1.0000
test/generate_cost_reward:-47.9819	test/grid_purchase_cost: 310223.3973	test/mean_soc:             0.2003	test/return_mean:        -310.7410
test/return_std:          31.5357	test/soc_reserve_reward: -21.5564	test/soc_violation:       48.8096	test/total_power_loss:   14286.4552
test_battery_action_clip_mean:257.0070	test_battery_punishment_reward_mean:-1285.0349	test_battle_won_mean:      1.0000	test_bess_cost_reward_mean:-194.3242
test_buy_cost_reward_mean:-310223.3973	test_ep_length_mean:      24.0000	test_episode_limit_mean:   1.0000	test_generate_cost_reward_mean:-47.9819
test_grid_purchase_cost_mean:310223.3973	test_mean_soc_mean:        0.2003	test_return_mean:        -310.7410	test_return_std:          31.5357
test_soc_reserve_reward_mean:-21.5564	test_soc_violation_mean:  48.8096	test_total_power_loss_mean:14286.4552	total_power_loss_mean:   14301.3884
train/battery_action_clip:244.4867	train/battery_punishment_reward:-1222.4333	train/battle_won:          1.0000	train/bess_cost_reward:  -166.6618
train/buy_cost_reward:   -310159.0990	train/ep_length:          24.0000	train/episode:           2202.0000	train/episode_limit:       1.0000
train/generate_cost_reward:-41.2325	train/grid_purchase_cost:310159.0990	train/mean_soc:            0.3018	train/return_mean:       -310.6429
train/return_std:         38.1864	train/soc_reserve_reward:-17.7564	train/soc_violation:      46.4091	train/t_env:             95664.0000
train/total_power_loss:  14301.3884	
[INFO 21:47:37] root Recent Stats | t_env:      97200 | Episode:     2235
battery_action_clip_mean:260.7726	battery_punishment_reward_mean:-1303.8632	battle_won_mean:           1.0000	bess_cost_reward_mean:   -160.0048
buffer/episodes:         4008.0000	buy_cost_reward_mean:    -310042.5137	ep_length_mean:           24.0000	episode_limit_mean:        1.0000
eval/best_reward:        -304.2763	eval/best_win_rate:        1.0000	eval/ea_reward:          -309.5386	eval/ea_win_rate:          1.0000
eval/rl_reward:          -307.8767	eval/rl_win_rate:          1.0000	generate_cost_reward_mean:-42.1373	grid_purchase_cost_mean: 310042.5137
mean_soc_mean:             0.3265	return_mean:             -310.5513	return_std:               37.3356	soc_reserve_reward_mean: -16.9244
soc_violation_mean:       49.4977	test/battery_action_clip:257.0070	test/battery_punishment_reward:-1285.0349	test/battle_won:           1.0000
test/bess_cost_reward:   -194.3242	test/buy_cost_reward:    -310223.3973	test/ep_length:           24.0000	test/episode_limit:        1.0000
test/generate_cost_reward:-47.9819	test/grid_purchase_cost: 310223.3973	test/mean_soc:             0.2003	test/return_mean:        -310.7410
test/return_std:          31.5357	test/soc_reserve_reward: -21.5564	test/soc_violation:       48.8096	test/total_power_loss:   14286.4552
test_battery_action_clip_mean:257.0070	test_battery_punishment_reward_mean:-1285.0349	test_battle_won_mean:      1.0000	test_bess_cost_reward_mean:-194.3242
test_buy_cost_reward_mean:-310223.3973	test_ep_length_mean:      24.0000	test_episode_limit_mean:   1.0000	test_generate_cost_reward_mean:-47.9819
test_grid_purchase_cost_mean:310223.3973	test_mean_soc_mean:        0.2003	test_return_mean:        -310.7410	test_return_std:          31.5357
test_soc_reserve_reward_mean:-21.5564	test_soc_violation_mean:  48.8096	test_total_power_loss_mean:14286.4552	total_power_loss_mean:   14291.2200
train/battery_action_clip:260.7726	train/battery_punishment_reward:-1303.8632	train/battle_won:          1.0000	train/bess_cost_reward:  -160.0048
train/buy_cost_reward:   -310042.5137	train/ep_length:          24.0000	train/episode:           2213.0000	train/episode_limit:       1.0000
train/generate_cost_reward:-42.1373	train/grid_purchase_cost:310042.5137	train/mean_soc:            0.3265	train/return_mean:       -310.5513
train/return_std:         37.3356	train/soc_reserve_reward:-16.9244	train/soc_violation:      49.4977	train/t_env:             96192.0000
train/total_power_loss:  14291.2200	
[INFO 21:47:51] root Recent Stats | t_env:      97824 | Episode:     2246
battery_action_clip_mean:241.7775	battery_punishment_reward_mean:-1208.8876	battle_won_mean:           1.0000	bess_cost_reward_mean:   -161.2480
buffer/episodes:         4030.0000	buy_cost_reward_mean:    -313311.2636	ep_length_mean:           24.0000	episode_limit_mean:        1.0000
eval/best_reward:        -304.2763	eval/best_win_rate:        1.0000	eval/ea_reward:          -309.5386	eval/ea_win_rate:          1.0000
eval/rl_reward:          -307.8767	eval/rl_win_rate:          1.0000	generate_cost_reward_mean:-43.6177	grid_purchase_cost_mean: 313311.2636
mean_soc_mean:             0.3219	return_mean:             -313.7894	return_std:               36.3155	soc_reserve_reward_mean: -17.0500
soc_violation_mean:       45.8915	test/battery_action_clip:257.0070	test/battery_punishment_reward:-1285.0349	test/battle_won:           1.0000
test/bess_cost_reward:   -194.3242	test/buy_cost_reward:    -310223.3973	test/ep_length:           24.0000	test/episode_limit:        1.0000
test/generate_cost_reward:-47.9819	test/grid_purchase_cost: 310223.3973	test/mean_soc:             0.2003	test/return_mean:        -310.7410
test/return_std:          31.5357	test/soc_reserve_reward: -21.5564	test/soc_violation:       48.8096	test/total_power_loss:   14286.4552
test_battery_action_clip_mean:257.0070	test_battery_punishment_reward_mean:-1285.0349	test_battle_won_mean:      1.0000	test_bess_cost_reward_mean:-194.3242
test_buy_cost_reward_mean:-310223.3973	test_ep_length_mean:      24.0000	test_episode_limit_mean:   1.0000	test_generate_cost_reward_mean:-47.9819
test_grid_purchase_cost_mean:310223.3973	test_mean_soc_mean:        0.2003	test_return_mean:        -310.7410	test_return_std:          31.5357
test_soc_reserve_reward_mean:-21.5564	test_soc_violation_mean:  48.8096	test_total_power_loss_mean:14286.4552	total_power_loss_mean:   14413.9236
train/battery_action_clip:241.7775	train/battery_punishment_reward:-1208.8876	train/battle_won:          1.0000	train/bess_cost_reward:  -161.2480
train/buy_cost_reward:   -313311.2636	train/ep_length:          24.0000	train/episode:           2224.0000	train/episode_limit:       1.0000
train/generate_cost_reward:-43.6177	train/grid_purchase_cost:313311.2636	train/mean_soc:            0.3219	train/return_mean:       -313.7894
train/return_std:         36.3155	train/soc_reserve_reward:-17.0500	train/soc_violation:      45.8915	train/t_env:             96720.0000
train/total_power_loss:  14413.9236	
[INFO 21:47:51] root t_env: 97920 / 300000
[INFO 21:47:51] root Estimated time left: 1 hours, 3 minutes, 38 seconds. Time passed: 31 minutes, 9 seconds
[INFO 21:48:01] root Recent Stats | t_env:      98328 | Episode:     2257
battery_action_clip_mean:236.4526	battery_punishment_reward_mean:-1182.2629	battle_won_mean:           1.0000	bess_cost_reward_mean:   -167.8842
buffer/episodes:         4052.0000	buy_cost_reward_mean:    -309368.9005	ep_length_mean:           24.0000	episode_limit_mean:        1.0000
eval/best_reward:        -304.4911	eval/best_win_rate:        1.0000	eval/ea_reward:          -310.4423	eval/ea_win_rate:          1.0000
eval/rl_reward:          -308.0915	eval/rl_win_rate:          1.0000	generate_cost_reward_mean:-44.3322	grid_purchase_cost_mean: 309368.9005
mean_soc_mean:             0.2973	return_mean:             -309.8409	return_std:               36.5442	soc_reserve_reward_mean: -17.8788
soc_violation_mean:       44.8828	test/battery_action_clip:229.4902	test/battery_punishment_reward:-1147.4511	test/battle_won:           1.0000
test/bess_cost_reward:   -192.4420	test/buy_cost_reward:    -307079.6505	test/ep_length:           24.0000	test/episode_limit:        1.0000
test/generate_cost_reward:-46.9939	test/grid_purchase_cost: 307079.6505	test/mean_soc:             0.2065	test/return_mean:        -307.5502
test/return_std:          30.9137	test/soc_reserve_reward: -21.0839	test/soc_violation:       43.5825	test/total_power_loss:   14146.3717
test_battery_action_clip_mean:229.4902	test_battery_punishment_reward_mean:-1147.4511	test_battle_won_mean:      1.0000	test_bess_cost_reward_mean:-192.4420
test_buy_cost_reward_mean:-307079.6505	test_ep_length_mean:      24.0000	test_episode_limit_mean:   1.0000	test_generate_cost_reward_mean:-46.9939
test_grid_purchase_cost_mean:307079.6505	test_mean_soc_mean:        0.2065	test_return_mean:        -307.5502	test_return_std:          30.9137
test_soc_reserve_reward_mean:-21.0839	test_soc_violation_mean:  43.5825	test_total_power_loss_mean:14146.3717	total_power_loss_mean:   14234.9208
train/battery_action_clip:236.4526	train/battery_punishment_reward:-1182.2629	train/battle_won:          1.0000	train/bess_cost_reward:  -167.8842
train/buy_cost_reward:   -309368.9005	train/ep_length:          24.0000	train/episode:           2235.0000	train/episode_limit:       1.0000
train/generate_cost_reward:-44.3322	train/grid_purchase_cost:309368.9005	train/mean_soc:            0.2973	train/return_mean:       -309.8409
train/return_std:         36.5442	train/soc_reserve_reward:-17.8788	train/soc_violation:      44.8828	train/t_env:             97248.0000
train/total_power_loss:  14234.9208	
[INFO 21:48:09] root Recent Stats | t_env:      98832 | Episode:     2268
battery_action_clip_mean:240.6587	battery_punishment_reward_mean:-1203.2934	battle_won_mean:           1.0000	bess_cost_reward_mean:   -165.0651
buffer/episodes:         4074.0000	buy_cost_reward_mean:    -308581.8281	ep_length_mean:           24.0000	episode_limit_mean:        1.0000
eval/best_reward:        -304.4911	eval/best_win_rate:        1.0000	eval/ea_reward:          -310.4423	eval/ea_win_rate:          1.0000
eval/rl_reward:          -308.0915	eval/rl_win_rate:          1.0000	generate_cost_reward_mean:-43.5085	grid_purchase_cost_mean: 308581.8281
mean_soc_mean:             0.3076	return_mean:             -309.0595	return_std:               37.0305	soc_reserve_reward_mean: -17.5357
soc_violation_mean:       45.6837	test/battery_action_clip:229.4902	test/battery_punishment_reward:-1147.4511	test/battle_won:           1.0000
test/bess_cost_reward:   -192.4420	test/buy_cost_reward:    -307079.6505	test/ep_length:           24.0000	test/episode_limit:        1.0000
test/generate_cost_reward:-46.9939	test/grid_purchase_cost: 307079.6505	test/mean_soc:             0.2065	test/return_mean:        -307.5502
test/return_std:          30.9137	test/soc_reserve_reward: -21.0839	test/soc_violation:       43.5825	test/total_power_loss:   14146.3717
test_battery_action_clip_mean:229.4902	test_battery_punishment_reward_mean:-1147.4511	test_battle_won_mean:      1.0000	test_bess_cost_reward_mean:-192.4420
test_buy_cost_reward_mean:-307079.6505	test_ep_length_mean:      24.0000	test_episode_limit_mean:   1.0000	test_generate_cost_reward_mean:-46.9939
test_grid_purchase_cost_mean:307079.6505	test_mean_soc_mean:        0.2065	test_return_mean:        -307.5502	test_return_std:          30.9137
test_soc_reserve_reward_mean:-21.0839	test_soc_violation_mean:  43.5825	test_total_power_loss_mean:14146.3717	total_power_loss_mean:   14202.9521
train/battery_action_clip:240.6587	train/battery_punishment_reward:-1203.2934	train/battle_won:          1.0000	train/bess_cost_reward:  -165.0651
train/buy_cost_reward:   -308581.8281	train/ep_length:          24.0000	train/episode:           2246.0000	train/episode_limit:       1.0000
train/generate_cost_reward:-43.5085	train/grid_purchase_cost:308581.8281	train/mean_soc:            0.3076	train/return_mean:       -309.0595
train/return_std:         37.0305	train/soc_reserve_reward:-17.5357	train/soc_violation:      45.6837	train/t_env:             97776.0000
train/total_power_loss:  14202.9521	
[INFO 21:48:19] root Recent Stats | t_env:      99336 | Episode:     2279
battery_action_clip_mean:238.3841	battery_punishment_reward_mean:-1191.9206	battle_won_mean:           1.0000	bess_cost_reward_mean:   -165.9833
buffer/episodes:         4096.0000	buy_cost_reward_mean:    -308211.6838	ep_length_mean:           24.0000	episode_limit_mean:        1.0000
eval/best_reward:        -304.4911	eval/best_win_rate:        1.0000	eval/ea_reward:          -310.4423	eval/ea_win_rate:          1.0000
eval/rl_reward:          -308.0915	eval/rl_win_rate:          1.0000	generate_cost_reward_mean:-45.0317	grid_purchase_cost_mean: 308211.6838
mean_soc_mean:             0.3042	return_mean:             -308.6864	return_std:               38.3153	soc_reserve_reward_mean: -17.6713
soc_violation_mean:       45.2537	test/battery_action_clip:229.4902	test/battery_punishment_reward:-1147.4511	test/battle_won:           1.0000
test/bess_cost_reward:   -192.4420	test/buy_cost_reward:    -307079.6505	test/ep_length:           24.0000	test/episode_limit:        1.0000
test/generate_cost_reward:-46.9939	test/grid_purchase_cost: 307079.6505	test/mean_soc:             0.2065	test/return_mean:        -307.5502
test/return_std:          30.9137	test/soc_reserve_reward: -21.0839	test/soc_violation:       43.5825	test/total_power_loss:   14146.3717
test_battery_action_clip_mean:229.4902	test_battery_punishment_reward_mean:-1147.4511	test_battle_won_mean:      1.0000	test_bess_cost_reward_mean:-192.4420
test_buy_cost_reward_mean:-307079.6505	test_ep_length_mean:      24.0000	test_episode_limit_mean:   1.0000	test_generate_cost_reward_mean:-46.9939
test_grid_purchase_cost_mean:307079.6505	test_mean_soc_mean:        0.2065	test_return_mean:        -307.5502	test_return_std:          30.9137
test_soc_reserve_reward_mean:-21.0839	test_soc_violation_mean:  43.5825	test_total_power_loss_mean:14146.3717	total_power_loss_mean:   14184.3052
train/battery_action_clip:238.3841	train/battery_punishment_reward:-1191.9206	train/battle_won:          1.0000	train/bess_cost_reward:  -165.9833
train/buy_cost_reward:   -308211.6838	train/ep_length:          24.0000	train/episode:           2257.0000	train/episode_limit:       1.0000
train/generate_cost_reward:-45.0317	train/grid_purchase_cost:308211.6838	train/mean_soc:            0.3042	train/return_mean:       -308.6864
train/return_std:         38.3153	train/soc_reserve_reward:-17.6713	train/soc_violation:      45.2537	train/t_env:             98304.0000
train/total_power_loss:  14184.3052	
[INFO 21:48:27] root Recent Stats | t_env:      99840 | Episode:     2290
battery_action_clip_mean:251.1054	battery_punishment_reward_mean:-1255.5268	battle_won_mean:           1.0000	bess_cost_reward_mean:   -160.2707
buffer/episodes:         4118.0000	buy_cost_reward_mean:    -307891.7150	ep_length_mean:           24.0000	episode_limit_mean:        1.0000
eval/best_reward:        -304.4911	eval/best_win_rate:        1.0000	eval/ea_reward:          -310.4423	eval/ea_win_rate:          1.0000
eval/rl_reward:          -308.0915	eval/rl_win_rate:          1.0000	generate_cost_reward_mean:-45.6288	grid_purchase_cost_mean: 307891.7150
mean_soc_mean:             0.3252	return_mean:             -308.3857	return_std:               36.1933	soc_reserve_reward_mean: -16.9469
soc_violation_mean:       47.6685	test/battery_action_clip:229.4902	test/battery_punishment_reward:-1147.4511	test/battle_won:           1.0000
test/bess_cost_reward:   -192.4420	test/buy_cost_reward:    -307079.6505	test/ep_length:           24.0000	test/episode_limit:        1.0000
test/generate_cost_reward:-46.9939	test/grid_purchase_cost: 307079.6505	test/mean_soc:             0.2065	test/return_mean:        -307.5502
test/return_std:          30.9137	test/soc_reserve_reward: -21.0839	test/soc_violation:       43.5825	test/total_power_loss:   14146.3717
test_battery_action_clip_mean:229.4902	test_battery_punishment_reward_mean:-1147.4511	test_battle_won_mean:      1.0000	test_bess_cost_reward_mean:-192.4420
test_buy_cost_reward_mean:-307079.6505	test_ep_length_mean:      24.0000	test_episode_limit_mean:   1.0000	test_generate_cost_reward_mean:-46.9939
test_grid_purchase_cost_mean:307079.6505	test_mean_soc_mean:        0.2065	test_return_mean:        -307.5502	test_return_std:          30.9137
test_soc_reserve_reward_mean:-21.0839	test_soc_violation_mean:  43.5825	test_total_power_loss_mean:14146.3717	total_power_loss_mean:   14177.5014
train/battery_action_clip:251.1054	train/battery_punishment_reward:-1255.5268	train/battle_won:          1.0000	train/bess_cost_reward:  -160.2707
train/buy_cost_reward:   -307891.7150	train/ep_length:          24.0000	train/episode:           2268.0000	train/episode_limit:       1.0000
train/generate_cost_reward:-45.6288	train/grid_purchase_cost:307891.7150	train/mean_soc:            0.3252	train/return_mean:       -308.3857
train/return_std:         36.1933	train/soc_reserve_reward:-16.9469	train/soc_violation:      47.6685	train/t_env:             98832.0000
train/total_power_loss:  14177.5014	
[INFO 21:48:32] root t_env: 99984 / 300000
[INFO 21:48:32] root Estimated time left: 1 hours, 7 minutes, 24 seconds. Time passed: 31 minutes, 51 seconds
[INFO 21:48:43] root Recent Stats | t_env:     100464 | Episode:     2301
battery_action_clip_mean:255.9139	battery_punishment_reward_mean:-1279.5697	battle_won_mean:           1.0000	bess_cost_reward_mean:   -163.6562
buffer/episodes:         4140.0000	buy_cost_reward_mean:    -306498.6839	ep_length_mean:           24.0000	episode_limit_mean:        1.0000
eval/best_reward:        -305.2385	eval/best_win_rate:        1.0000	eval/ea_reward:          -309.2660	eval/ea_win_rate:          1.0000
eval/rl_reward:          -310.1101	eval/rl_win_rate:          1.0000	generate_cost_reward_mean:-43.6654	grid_purchase_cost_mean: 306498.6839
mean_soc_mean:             0.3126	return_mean:             -307.0013	return_std:               36.6060	soc_reserve_reward_mean: -17.4118
soc_violation_mean:       48.5843	test/battery_action_clip:226.3553	test/battery_punishment_reward:-1131.7764	test/battle_won:           1.0000
test/bess_cost_reward:   -187.7816	test/buy_cost_reward:    -310136.6023	test/ep_length:           24.0000	test/episode_limit:        1.0000
test/generate_cost_reward:-39.3604	test/grid_purchase_cost: 310136.6023	test/mean_soc:             0.2234	test/return_mean:        -310.5974
test/return_std:          31.5337	test/soc_reserve_reward: -20.4448	test/soc_violation:       42.9477	test/total_power_loss:   14277.4050
test_battery_action_clip_mean:226.3553	test_battery_punishment_reward_mean:-1131.7764	test_battle_won_mean:      1.0000	test_bess_cost_reward_mean:-187.7816
test_buy_cost_reward_mean:-310136.6023	test_ep_length_mean:      24.0000	test_episode_limit_mean:   1.0000	test_generate_cost_reward_mean:-39.3604
test_grid_purchase_cost_mean:310136.6023	test_mean_soc_mean:        0.2234	test_return_mean:        -310.5974	test_return_std:          31.5337
test_soc_reserve_reward_mean:-20.4448	test_soc_violation_mean:  42.9477	test_total_power_loss_mean:14277.4050	total_power_loss_mean:   14134.5709
train/battery_action_clip:255.9139	train/battery_punishment_reward:-1279.5697	train/battle_won:          1.0000	train/bess_cost_reward:  -163.6562
train/buy_cost_reward:   -306498.6839	train/ep_length:          24.0000	train/episode:           2279.0000	train/episode_limit:       1.0000
train/generate_cost_reward:-43.6654	train/grid_purchase_cost:306498.6839	train/mean_soc:            0.3126	train/return_mean:       -307.0013
train/return_std:         36.6060	train/soc_reserve_reward:-17.4118	train/soc_violation:      48.5843	train/t_env:             99360.0000
train/total_power_loss:  14134.5709	
[INFO 21:48:48] root Saving models to results\models\facmac_smac__2026-06-15_21-16-36\100704
[INFO 21:48:53] root Recent Stats | t_env:     100968 | Episode:     2312
battery_action_clip_mean:265.9679	battery_punishment_reward_mean:-1329.8397	battle_won_mean:           1.0000	bess_cost_reward_mean:   -154.9948
buffer/episodes:         4162.0000	buy_cost_reward_mean:    -307620.8348	ep_length_mean:           24.0000	episode_limit_mean:        1.0000
eval/best_reward:        -305.2385	eval/best_win_rate:        1.0000	eval/ea_reward:          -309.2660	eval/ea_win_rate:          1.0000
eval/rl_reward:          -310.1101	eval/rl_win_rate:          1.0000	generate_cost_reward_mean:-43.6428	grid_purchase_cost_mean: 307620.8348
mean_soc_mean:             0.3452	return_mean:             -308.1369	return_std:               36.9811	soc_reserve_reward_mean: -16.2773
soc_violation_mean:       50.4772	test/battery_action_clip:226.3553	test/battery_punishment_reward:-1131.7764	test/battle_won:           1.0000
test/bess_cost_reward:   -187.7816	test/buy_cost_reward:    -310136.6023	test/ep_length:           24.0000	test/episode_limit:        1.0000
test/generate_cost_reward:-39.3604	test/grid_purchase_cost: 310136.6023	test/mean_soc:             0.2234	test/return_mean:        -310.5974
test/return_std:          31.5337	test/soc_reserve_reward: -20.4448	test/soc_violation:       42.9477	test/total_power_loss:   14277.4050
test_battery_action_clip_mean:226.3553	test_battery_punishment_reward_mean:-1131.7764	test_battle_won_mean:      1.0000	test_bess_cost_reward_mean:-187.7816
test_buy_cost_reward_mean:-310136.6023	test_ep_length_mean:      24.0000	test_episode_limit_mean:   1.0000	test_generate_cost_reward_mean:-39.3604
test_grid_purchase_cost_mean:310136.6023	test_mean_soc_mean:        0.2234	test_return_mean:        -310.5974	test_return_std:          31.5337
test_soc_reserve_reward_mean:-20.4448	test_soc_violation_mean:  42.9477	test_total_power_loss_mean:14277.4050	total_power_loss_mean:   14180.9338
train/battery_action_clip:265.9679	train/battery_punishment_reward:-1329.8397	train/battle_won:          1.0000	train/bess_cost_reward:  -154.9948
train/buy_cost_reward:   -307620.8348	train/ep_length:          24.0000	train/episode:           2290.0000	train/episode_limit:       1.0000
train/generate_cost_reward:-43.6428	train/grid_purchase_cost:307620.8348	train/mean_soc:            0.3452	train/return_mean:       -308.1369
train/return_std:         36.9811	train/soc_reserve_reward:-16.2773	train/soc_violation:      50.4772	train/t_env:             99888.0000
train/total_power_loss:  14180.9338	
[INFO 21:49:02] root Recent Stats | t_env:     101472 | Episode:     2323
battery_action_clip_mean:266.9300	battery_punishment_reward_mean:-1334.6500	battle_won_mean:           1.0000	bess_cost_reward_mean:   -161.4328
buffer/episodes:         4184.0000	buy_cost_reward_mean:    -309804.9490	ep_length_mean:           24.0000	episode_limit_mean:        1.0000
eval/best_reward:        -305.2385	eval/best_win_rate:        1.0000	eval/ea_reward:          -309.2660	eval/ea_win_rate:          1.0000
eval/rl_reward:          -310.1101	eval/rl_win_rate:          1.0000	generate_cost_reward_mean:-42.6157	grid_purchase_cost_mean: 309804.9490
mean_soc_mean:             0.3224	return_mean:             -310.3247	return_std:               35.0723	soc_reserve_reward_mean: -17.0838
soc_violation_mean:       50.6452	test/battery_action_clip:226.3553	test/battery_punishment_reward:-1131.7764	test/battle_won:           1.0000
test/bess_cost_reward:   -187.7816	test/buy_cost_reward:    -310136.6023	test/ep_length:           24.0000	test/episode_limit:        1.0000
test/generate_cost_reward:-39.3604	test/grid_purchase_cost: 310136.6023	test/mean_soc:             0.2234	test/return_mean:        -310.5974
test/return_std:          31.5337	test/soc_reserve_reward: -20.4448	test/soc_violation:       42.9477	test/total_power_loss:   14277.4050
test_battery_action_clip_mean:226.3553	test_battery_punishment_reward_mean:-1131.7764	test_battle_won_mean:      1.0000	test_bess_cost_reward_mean:-187.7816
test_buy_cost_reward_mean:-310136.6023	test_ep_length_mean:      24.0000	test_episode_limit_mean:   1.0000	test_generate_cost_reward_mean:-39.3604
test_grid_purchase_cost_mean:310136.6023	test_mean_soc_mean:        0.2234	test_return_mean:        -310.5974	test_return_std:          31.5337
test_soc_reserve_reward_mean:-20.4448	test_soc_violation_mean:  42.9477	test_total_power_loss_mean:14277.4050	total_power_loss_mean:   14273.1921
train/battery_action_clip:266.9300	train/battery_punishment_reward:-1334.6500	train/battle_won:          1.0000	train/bess_cost_reward:  -161.4328
train/buy_cost_reward:   -309804.9490	train/ep_length:          24.0000	train/episode:           2301.0000	train/episode_limit:       1.0000
train/generate_cost_reward:-42.6157	train/grid_purchase_cost:309804.9490	train/mean_soc:            0.3224	train/return_mean:       -310.3247
train/return_std:         35.0723	train/soc_reserve_reward:-17.0838	train/soc_violation:      50.6452	train/t_env:             100416.0000
train/total_power_loss:  14273.1921	
[INFO 21:49:11] root Recent Stats | t_env:     101976 | Episode:     2334
battery_action_clip_mean:267.2296	battery_punishment_reward_mean:-1336.1482	battle_won_mean:           1.0000	bess_cost_reward_mean:   -164.8905
buffer/episodes:         4206.0000	buy_cost_reward_mean:    -313084.1307	ep_length_mean:           24.0000	episode_limit_mean:        1.0000
eval/best_reward:        -305.2385	eval/best_win_rate:        1.0000	eval/ea_reward:          -309.2660	eval/ea_win_rate:          1.0000
eval/rl_reward:          -310.1101	eval/rl_win_rate:          1.0000	generate_cost_reward_mean:-37.8354	grid_purchase_cost_mean: 313084.1307
mean_soc_mean:             0.3098	return_mean:             -313.6039	return_std:               35.2164	soc_reserve_reward_mean: -17.5198
soc_violation_mean:       50.6984	test/battery_action_clip:226.3553	test/battery_punishment_reward:-1131.7764	test/battle_won:           1.0000
test/bess_cost_reward:   -187.7816	test/buy_cost_reward:    -310136.6023	test/ep_length:           24.0000	test/episode_limit:        1.0000
test/generate_cost_reward:-39.3604	test/grid_purchase_cost: 310136.6023	test/mean_soc:             0.2234	test/return_mean:        -310.5974
test/return_std:          31.5337	test/soc_reserve_reward: -20.4448	test/soc_violation:       42.9477	test/total_power_loss:   14277.4050
test_battery_action_clip_mean:226.3553	test_battery_punishment_reward_mean:-1131.7764	test_battle_won_mean:      1.0000	test_bess_cost_reward_mean:-187.7816
test_buy_cost_reward_mean:-310136.6023	test_ep_length_mean:      24.0000	test_episode_limit_mean:   1.0000	test_generate_cost_reward_mean:-39.3604
test_grid_purchase_cost_mean:310136.6023	test_mean_soc_mean:        0.2234	test_return_mean:        -310.5974	test_return_std:          31.5337
test_soc_reserve_reward_mean:-20.4448	test_soc_violation_mean:  42.9477	test_total_power_loss_mean:14277.4050	total_power_loss_mean:   14410.8906
train/battery_action_clip:267.2296	train/battery_punishment_reward:-1336.1482	train/battle_won:          1.0000	train/bess_cost_reward:  -164.8905
train/buy_cost_reward:   -313084.1307	train/ep_length:          24.0000	train/episode:           2312.0000	train/episode_limit:       1.0000
train/generate_cost_reward:-37.8354	train/grid_purchase_cost:313084.1307	train/mean_soc:            0.3098	train/return_mean:       -313.6039
train/return_std:         35.2164	train/soc_reserve_reward:-17.5198	train/soc_violation:      50.6984	train/t_env:             100944.0000
train/total_power_loss:  14410.8906	
[INFO 21:49:11] root t_env: 102000 / 300000
[INFO 21:49:11] root Estimated time left: 1 hours, 3 minutes, 6 seconds. Time passed: 32 minutes, 30 seconds
[INFO 21:49:22] root Recent Stats | t_env:     102480 | Episode:     2345
battery_action_clip_mean:251.6503	battery_punishment_reward_mean:-1258.2515	battle_won_mean:           1.0000	bess_cost_reward_mean:   -174.9026
buffer/episodes:         4228.0000	buy_cost_reward_mean:    -314565.0857	ep_length_mean:           24.0000	episode_limit_mean:        1.0000
eval/best_reward:        -305.0530	eval/best_win_rate:        1.0000	eval/ea_reward:          -307.6872	eval/ea_win_rate:          1.0000
eval/rl_reward:          -312.5956	eval/rl_win_rate:          1.0000	generate_cost_reward_mean:-35.3402	grid_purchase_cost_mean: 314565.0857
mean_soc_mean:             0.2731	return_mean:             -315.0617	return_std:               34.9951	soc_reserve_reward_mean: -18.7830
soc_violation_mean:       47.7390	test/battery_action_clip:236.8347	test/battery_punishment_reward:-1184.1736	test/battle_won:           1.0000
test/bess_cost_reward:   -189.7145	test/buy_cost_reward:    -309982.5529	test/ep_length:           24.0000	test/episode_limit:        1.0000
test/generate_cost_reward:-34.4633	test/grid_purchase_cost: 309982.5529	test/mean_soc:             0.2173	test/return_mean:        -310.4598
test/return_std:          30.0731	test/soc_reserve_reward: -20.9140	test/soc_violation:       44.9360	test/total_power_loss:   14292.9530
test_battery_action_clip_mean:236.8347	test_battery_punishment_reward_mean:-1184.1736	test_battle_won_mean:      1.0000	test_bess_cost_reward_mean:-189.7145
test_buy_cost_reward_mean:-309982.5529	test_ep_length_mean:      24.0000	test_episode_limit_mean:   1.0000	test_generate_cost_reward_mean:-34.4633
test_grid_purchase_cost_mean:309982.5529	test_mean_soc_mean:        0.2173	test_return_mean:        -310.4598	test_return_std:          30.0731
test_soc_reserve_reward_mean:-20.9140	test_soc_violation_mean:  44.9360	test_total_power_loss_mean:14292.9530	total_power_loss_mean:   14464.9894
train/battery_action_clip:251.6503	train/battery_punishment_reward:-1258.2515	train/battle_won:          1.0000	train/bess_cost_reward:  -174.9026
train/buy_cost_reward:   -314565.0857	train/ep_length:          24.0000	train/episode:           2323.0000	train/episode_limit:       1.0000
train/generate_cost_reward:-35.3402	train/grid_purchase_cost:314565.0857	train/mean_soc:            0.2731	train/return_mean:       -315.0617
train/return_std:         34.9951	train/soc_reserve_reward:-18.7830	train/soc_violation:      47.7390	train/t_env:             101472.0000
train/total_power_loss:  14464.9894	
[INFO 21:49:35] root Recent Stats | t_env:     103104 | Episode:     2356
battery_action_clip_mean:231.2705	battery_punishment_reward_mean:-1156.3525	battle_won_mean:           1.0000	bess_cost_reward_mean:   -168.8027
buffer/episodes:         4250.0000	buy_cost_reward_mean:    -314702.9415	ep_length_mean:           24.0000	episode_limit_mean:        1.0000
eval/best_reward:        -305.0530	eval/best_win_rate:        1.0000	eval/ea_reward:          -307.6872	eval/ea_win_rate:          1.0000
eval/rl_reward:          -312.5956	eval/rl_win_rate:          1.0000	generate_cost_reward_mean:-35.2675	grid_purchase_cost_mean: 314702.9415
mean_soc_mean:             0.2947	return_mean:             -315.1633	return_std:               32.9934	soc_reserve_reward_mean: -17.8789
soc_violation_mean:       43.8710	test/battery_action_clip:236.8347	test/battery_punishment_reward:-1184.1736	test/battle_won:           1.0000
test/bess_cost_reward:   -189.7145	test/buy_cost_reward:    -309982.5529	test/ep_length:           24.0000	test/episode_limit:        1.0000
test/generate_cost_reward:-34.4633	test/grid_purchase_cost: 309982.5529	test/mean_soc:             0.2173	test/return_mean:        -310.4598
test/return_std:          30.0731	test/soc_reserve_reward: -20.9140	test/soc_violation:       44.9360	test/total_power_loss:   14292.9530
test_battery_action_clip_mean:236.8347	test_battery_punishment_reward_mean:-1184.1736	test_battle_won_mean:      1.0000	test_bess_cost_reward_mean:-189.7145
test_buy_cost_reward_mean:-309982.5529	test_ep_length_mean:      24.0000	test_episode_limit_mean:   1.0000	test_generate_cost_reward_mean:-34.4633
test_grid_purchase_cost_mean:309982.5529	test_mean_soc_mean:        0.2173	test_return_mean:        -310.4598	test_return_std:          30.0731
test_soc_reserve_reward_mean:-20.9140	test_soc_violation_mean:  44.9360	test_total_power_loss_mean:14292.9530	total_power_loss_mean:   14463.5890
train/battery_action_clip:231.2705	train/battery_punishment_reward:-1156.3525	train/battle_won:          1.0000	train/bess_cost_reward:  -168.8027
train/buy_cost_reward:   -314702.9415	train/ep_length:          24.0000	train/episode:           2334.0000	train/episode_limit:       1.0000
train/generate_cost_reward:-35.2675	train/grid_purchase_cost:314702.9415	train/mean_soc:            0.2947	train/return_mean:       -315.1633
train/return_std:         32.9934	train/soc_reserve_reward:-17.8789	train/soc_violation:      43.8710	train/t_env:             102000.0000
train/total_power_loss:  14463.5890	
[INFO 21:49:43] root Recent Stats | t_env:     103608 | Episode:     2367
battery_action_clip_mean:228.1456	battery_punishment_reward_mean:-1140.7281	battle_won_mean:           1.0000	bess_cost_reward_mean:   -174.1687
buffer/episodes:         4272.0000	buy_cost_reward_mean:    -313745.0140	ep_length_mean:           24.0000	episode_limit_mean:        1.0000
eval/best_reward:        -305.0530	eval/best_win_rate:        1.0000	eval/ea_reward:          -307.6872	eval/ea_win_rate:          1.0000
eval/rl_reward:          -312.5956	eval/rl_win_rate:          1.0000	generate_cost_reward_mean:-36.2339	grid_purchase_cost_mean: 313745.0140
mean_soc_mean:             0.2744	return_mean:             -314.2025	return_std:               32.9587	soc_reserve_reward_mean: -18.6019
soc_violation_mean:       43.2883	test/battery_action_clip:236.8347	test/battery_punishment_reward:-1184.1736	test/battle_won:           1.0000
test/bess_cost_reward:   -189.7145	test/buy_cost_reward:    -309982.5529	test/ep_length:           24.0000	test/episode_limit:        1.0000
test/generate_cost_reward:-34.4633	test/grid_purchase_cost: 309982.5529	test/mean_soc:             0.2173	test/return_mean:        -310.4598
test/return_std:          30.0731	test/soc_reserve_reward: -20.9140	test/soc_violation:       44.9360	test/total_power_loss:   14292.9530
test_battery_action_clip_mean:236.8347	test_battery_punishment_reward_mean:-1184.1736	test_battle_won_mean:      1.0000	test_bess_cost_reward_mean:-189.7145
test_buy_cost_reward_mean:-309982.5529	test_ep_length_mean:      24.0000	test_episode_limit_mean:   1.0000	test_generate_cost_reward_mean:-34.4633
test_grid_purchase_cost_mean:309982.5529	test_mean_soc_mean:        0.2173	test_return_mean:        -310.4598	test_return_std:          30.0731
test_soc_reserve_reward_mean:-20.9140	test_soc_violation_mean:  44.9360	test_total_power_loss_mean:14292.9530	total_power_loss_mean:   14429.5424
train/battery_action_clip:228.1456	train/battery_punishment_reward:-1140.7281	train/battle_won:          1.0000	train/bess_cost_reward:  -174.1687
train/buy_cost_reward:   -313745.0140	train/ep_length:          24.0000	train/episode:           2345.0000	train/episode_limit:       1.0000
train/generate_cost_reward:-36.2339	train/grid_purchase_cost:313745.0140	train/mean_soc:            0.2744	train/return_mean:       -314.2025
train/return_std:         32.9587	train/soc_reserve_reward:-18.6019	train/soc_violation:      43.2883	train/t_env:             102528.0000
train/total_power_loss:  14429.5424	
[INFO 21:49:53] root t_env: 104064 / 300000
[INFO 21:49:53] root Estimated time left: 1 hours, 6 minutes, 46 seconds. Time passed: 33 minutes, 12 seconds
[INFO 21:49:55] root Recent Stats | t_env:     104112 | Episode:     2378
battery_action_clip_mean:226.0334	battery_punishment_reward_mean:-1130.1670	battle_won_mean:           1.0000	bess_cost_reward_mean:   -174.0014
buffer/episodes:         4294.0000	buy_cost_reward_mean:    -310410.9360	ep_length_mean:           24.0000	episode_limit_mean:        1.0000
eval/best_reward:        -305.1214	eval/best_win_rate:        1.0000	eval/ea_reward:          -307.1394	eval/ea_win_rate:          1.0000
eval/rl_reward:          -312.6639	eval/rl_win_rate:          1.0000	generate_cost_reward_mean:-38.3688	grid_purchase_cost_mean: 310410.9360
mean_soc_mean:             0.2746	return_mean:             -310.8656	return_std:               32.7591	soc_reserve_reward_mean: -18.5807
soc_violation_mean:       42.8945	test/battery_action_clip:200.2542	test/battery_punishment_reward:-1001.2711	test/battle_won:           1.0000
test/bess_cost_reward:   -182.6789	test/buy_cost_reward:    -307952.4501	test/ep_length:           24.0000	test/episode_limit:        1.0000
test/generate_cost_reward:-40.4398	test/grid_purchase_cost: 307952.4501	test/mean_soc:             0.2567	test/return_mean:        -308.3680
test/return_std:          27.8797	test/soc_reserve_reward: -19.1199	test/soc_violation:       37.6507	test/total_power_loss:   14187.0381
test_battery_action_clip_mean:200.2542	test_battery_punishment_reward_mean:-1001.2711	test_battle_won_mean:      1.0000	test_bess_cost_reward_mean:-182.6789
test_buy_cost_reward_mean:-307952.4501	test_ep_length_mean:      24.0000	test_episode_limit_mean:   1.0000	test_generate_cost_reward_mean:-40.4398
test_grid_purchase_cost_mean:307952.4501	test_mean_soc_mean:        0.2567	test_return_mean:        -308.3680	test_return_std:          27.8797
test_soc_reserve_reward_mean:-19.1199	test_soc_violation_mean:  37.6507	test_total_power_loss_mean:14187.0381	total_power_loss_mean:   14281.6448
train/battery_action_clip:226.0334	train/battery_punishment_reward:-1130.1670	train/battle_won:          1.0000	train/bess_cost_reward:  -174.0014
train/buy_cost_reward:   -310410.9360	train/ep_length:          24.0000	train/episode:           2356.0000	train/episode_limit:       1.0000
train/generate_cost_reward:-38.3688	train/grid_purchase_cost:310410.9360	train/mean_soc:            0.2746	train/return_mean:       -310.8656
train/return_std:         32.7591	train/soc_reserve_reward:-18.5807	train/soc_violation:      42.8945	train/t_env:             103056.0000
train/total_power_loss:  14281.6448	
[INFO 21:50:04] root Recent Stats | t_env:     104616 | Episode:     2389
battery_action_clip_mean:221.7065	battery_punishment_reward_mean:-1108.5326	battle_won_mean:           1.0000	bess_cost_reward_mean:   -172.0066
buffer/episodes:         4316.0000	buy_cost_reward_mean:    -308631.3745	ep_length_mean:           24.0000	episode_limit_mean:        1.0000
eval/best_reward:        -305.1214	eval/best_win_rate:        1.0000	eval/ea_reward:          -307.1394	eval/ea_win_rate:          1.0000
eval/rl_reward:          -312.6639	eval/rl_win_rate:          1.0000	generate_cost_reward_mean:-39.9761	grid_purchase_cost_mean: 308631.3745
mean_soc_mean:             0.2825	return_mean:             -309.0787	return_std:               32.8263	soc_reserve_reward_mean: -18.2762
soc_violation_mean:       42.0572	test/battery_action_clip:200.2542	test/battery_punishment_reward:-1001.2711	test/battle_won:           1.0000
test/bess_cost_reward:   -182.6789	test/buy_cost_reward:    -307952.4501	test/ep_length:           24.0000	test/episode_limit:        1.0000
test/generate_cost_reward:-40.4398	test/grid_purchase_cost: 307952.4501	test/mean_soc:             0.2567	test/return_mean:        -308.3680
test/return_std:          27.8797	test/soc_reserve_reward: -19.1199	test/soc_violation:       37.6507	test/total_power_loss:   14187.0381
test_battery_action_clip_mean:200.2542	test_battery_punishment_reward_mean:-1001.2711	test_battle_won_mean:      1.0000	test_bess_cost_reward_mean:-182.6789
test_buy_cost_reward_mean:-307952.4501	test_ep_length_mean:      24.0000	test_episode_limit_mean:   1.0000	test_generate_cost_reward_mean:-40.4398
test_grid_purchase_cost_mean:307952.4501	test_mean_soc_mean:        0.2567	test_return_mean:        -308.3680	test_return_std:          27.8797
test_soc_reserve_reward_mean:-19.1199	test_soc_violation_mean:  37.6507	test_total_power_loss_mean:14187.0381	total_power_loss_mean:   14212.0790
train/battery_action_clip:221.7065	train/battery_punishment_reward:-1108.5326	train/battle_won:          1.0000	train/bess_cost_reward:  -172.0066
train/buy_cost_reward:   -308631.3745	train/ep_length:          24.0000	train/episode:           2367.0000	train/episode_limit:       1.0000
train/generate_cost_reward:-39.9761	train/grid_purchase_cost:308631.3745	train/mean_soc:            0.2825	train/return_mean:       -309.0787
train/return_std:         32.8263	train/soc_reserve_reward:-18.2762	train/soc_violation:      42.0572	train/t_env:             103584.0000
train/total_power_loss:  14212.0790	
[INFO 21:50:14] root Recent Stats | t_env:     105120 | Episode:     2400
battery_action_clip_mean:233.5258	battery_punishment_reward_mean:-1167.6290	battle_won_mean:           1.0000	bess_cost_reward_mean:   -171.0992
buffer/episodes:         4338.0000	buy_cost_reward_mean:    -308706.3010	ep_length_mean:           24.0000	episode_limit_mean:        1.0000
eval/best_reward:        -305.1214	eval/best_win_rate:        1.0000	eval/ea_reward:          -307.1394	eval/ea_win_rate:          1.0000
eval/rl_reward:          -312.6639	eval/rl_win_rate:          1.0000	generate_cost_reward_mean:-41.2677	grid_purchase_cost_mean: 308706.3010
mean_soc_mean:             0.2871	return_mean:             -309.1734	return_std:               34.3678	soc_reserve_reward_mean: -18.1222
soc_violation_mean:       44.2709	test/battery_action_clip:200.2542	test/battery_punishment_reward:-1001.2711	test/battle_won:           1.0000
test/bess_cost_reward:   -182.6789	test/buy_cost_reward:    -307952.4501	test/ep_length:           24.0000	test/episode_limit:        1.0000
test/generate_cost_reward:-40.4398	test/grid_purchase_cost: 307952.4501	test/mean_soc:             0.2567	test/return_mean:        -308.3680
test/return_std:          27.8797	test/soc_reserve_reward: -19.1199	test/soc_violation:       37.6507	test/total_power_loss:   14187.0381
test_battery_action_clip_mean:200.2542	test_battery_punishment_reward_mean:-1001.2711	test_battle_won_mean:      1.0000	test_bess_cost_reward_mean:-182.6789
test_buy_cost_reward_mean:-307952.4501	test_ep_length_mean:      24.0000	test_episode_limit_mean:   1.0000	test_generate_cost_reward_mean:-40.4398
test_grid_purchase_cost_mean:307952.4501	test_mean_soc_mean:        0.2567	test_return_mean:        -308.3680	test_return_std:          27.8797
test_soc_reserve_reward_mean:-19.1199	test_soc_violation_mean:  37.6507	test_total_power_loss_mean:14187.0381	total_power_loss_mean:   14212.2952
train/battery_action_clip:233.5258	train/battery_punishment_reward:-1167.6290	train/battle_won:          1.0000	train/bess_cost_reward:  -171.0992
train/buy_cost_reward:   -308706.3010	train/ep_length:          24.0000	train/episode:           2378.0000	train/episode_limit:       1.0000
train/generate_cost_reward:-41.2677	train/grid_purchase_cost:308706.3010	train/mean_soc:            0.2871	train/return_mean:       -309.1734
train/return_std:         34.3678	train/soc_reserve_reward:-18.1222	train/soc_violation:      44.2709	train/t_env:             104112.0000
train/total_power_loss:  14212.2952	
[INFO 21:50:27] root Recent Stats | t_env:     105744 | Episode:     2411
battery_action_clip_mean:243.0559	battery_punishment_reward_mean:-1215.2793	battle_won_mean:           1.0000	bess_cost_reward_mean:   -170.1760
buffer/episodes:         4360.0000	buy_cost_reward_mean:    -309855.4398	ep_length_mean:           24.0000	episode_limit_mean:        1.0000
eval/best_reward:        -305.1214	eval/best_win_rate:        1.0000	eval/ea_reward:          -307.1394	eval/ea_win_rate:          1.0000
eval/rl_reward:          -312.6639	eval/rl_win_rate:          1.0000	generate_cost_reward_mean:-41.6088	grid_purchase_cost_mean: 309855.4398
mean_soc_mean:             0.2909	return_mean:             -310.3382	return_std:               35.9156	soc_reserve_reward_mean: -18.0661
soc_violation_mean:       46.0818	test/battery_action_clip:200.2542	test/battery_punishment_reward:-1001.2711	test/battle_won:           1.0000
test/bess_cost_reward:   -182.6789	test/buy_cost_reward:    -307952.4501	test/ep_length:           24.0000	test/episode_limit:        1.0000
test/generate_cost_reward:-40.4398	test/grid_purchase_cost: 307952.4501	test/mean_soc:             0.2567	test/return_mean:        -308.3680
test/return_std:          27.8797	test/soc_reserve_reward: -19.1199	test/soc_violation:       37.6507	test/total_power_loss:   14187.0381
test_battery_action_clip_mean:200.2542	test_battery_punishment_reward_mean:-1001.2711	test_battle_won_mean:      1.0000	test_bess_cost_reward_mean:-182.6789
test_buy_cost_reward_mean:-307952.4501	test_ep_length_mean:      24.0000	test_episode_limit_mean:   1.0000	test_generate_cost_reward_mean:-40.4398
test_grid_purchase_cost_mean:307952.4501	test_mean_soc_mean:        0.2567	test_return_mean:        -308.3680	test_return_std:          27.8797
test_soc_reserve_reward_mean:-19.1199	test_soc_violation_mean:  37.6507	test_total_power_loss_mean:14187.0381	total_power_loss_mean:   14260.3462
train/battery_action_clip:243.0559	train/battery_punishment_reward:-1215.2793	train/battle_won:          1.0000	train/bess_cost_reward:  -170.1760
train/buy_cost_reward:   -309855.4398	train/ep_length:          24.0000	train/episode:           2389.0000	train/episode_limit:       1.0000
train/generate_cost_reward:-41.6088	train/grid_purchase_cost:309855.4398	train/mean_soc:            0.2909	train/return_mean:       -310.3382
train/return_std:         35.9156	train/soc_reserve_reward:-18.0661	train/soc_violation:      46.0818	train/t_env:             104640.0000
train/total_power_loss:  14260.3462	
[INFO 21:50:33] root t_env: 106080 / 300000
[INFO 21:50:33] root Estimated time left: 1 hours, 3 minutes, 5 seconds. Time passed: 33 minutes, 51 seconds
[INFO 21:50:39] root Recent Stats | t_env:     106248 | Episode:     2422
battery_action_clip_mean:236.0575	battery_punishment_reward_mean:-1180.2873	battle_won_mean:           1.0000	bess_cost_reward_mean:   -163.7832
buffer/episodes:         4382.0000	buy_cost_reward_mean:    -312872.9990	ep_length_mean:           24.0000	episode_limit_mean:        1.0000
eval/best_reward:        -305.5883	eval/best_win_rate:        1.0000	eval/ea_reward:          -307.6064	eval/ea_win_rate:          1.0000
eval/rl_reward:          -311.3710	eval/rl_win_rate:          1.0000	generate_cost_reward_mean:-41.0453	grid_purchase_cost_mean: 312872.9990
mean_soc_mean:             0.3143	return_mean:             -313.3415	return_std:               34.3868	soc_reserve_reward_mean: -17.2485
soc_violation_mean:       44.7571	test/battery_action_clip:189.8825	test/battery_punishment_reward:-949.4127	test/battle_won:           1.0000
test/bess_cost_reward:   -169.9148	test/buy_cost_reward:    -307966.7983	test/ep_length:           24.0000	test/episode_limit:        1.0000
test/generate_cost_reward:-52.1710	test/grid_purchase_cost: 307966.7983	test/mean_soc:             0.3020	test/return_mean:        -308.3645
test/return_std:          28.2764	test/soc_reserve_reward: -17.2585	test/soc_violation:       35.6777	test/total_power_loss:   14190.6930
test_battery_action_clip_mean:189.8825	test_battery_punishment_reward_mean:-949.4127	test_battle_won_mean:      1.0000	test_bess_cost_reward_mean:-169.9148
test_buy_cost_reward_mean:-307966.7983	test_ep_length_mean:      24.0000	test_episode_limit_mean:   1.0000	test_generate_cost_reward_mean:-52.1710
test_grid_purchase_cost_mean:307966.7983	test_mean_soc_mean:        0.3020	test_return_mean:        -308.3645	test_return_std:          28.2764
test_soc_reserve_reward_mean:-17.2585	test_soc_violation_mean:  35.6777	test_total_power_loss_mean:14190.6930	total_power_loss_mean:   14391.1232
train/battery_action_clip:236.0575	train/battery_punishment_reward:-1180.2873	train/battle_won:          1.0000	train/bess_cost_reward:  -163.7832
train/buy_cost_reward:   -312872.9990	train/ep_length:          24.0000	train/episode:           2400.0000	train/episode_limit:       1.0000
train/generate_cost_reward:-41.0453	train/grid_purchase_cost:312872.9990	train/mean_soc:            0.3143	train/return_mean:       -313.3415
train/return_std:         34.3868	train/soc_reserve_reward:-17.2485	train/soc_violation:      44.7571	train/t_env:             105168.0000
train/total_power_loss:  14391.1232	
[INFO 21:50:48] root Recent Stats | t_env:     106752 | Episode:     2433
battery_action_clip_mean:219.6162	battery_punishment_reward_mean:-1098.0809	battle_won_mean:           1.0000	bess_cost_reward_mean:   -158.6530
buffer/episodes:         4404.0000	buy_cost_reward_mean:    -312635.6054	ep_length_mean:           24.0000	episode_limit_mean:        1.0000
eval/best_reward:        -305.5883	eval/best_win_rate:        1.0000	eval/ea_reward:          -307.6064	eval/ea_win_rate:          1.0000
eval/rl_reward:          -311.3710	eval/rl_win_rate:          1.0000	generate_cost_reward_mean:-39.1144	grid_purchase_cost_mean: 312635.6054
mean_soc_mean:             0.3322	return_mean:             -313.0741	return_std:               34.1578	soc_reserve_reward_mean: -16.5312
soc_violation_mean:       41.6422	test/battery_action_clip:189.8825	test/battery_punishment_reward:-949.4127	test/battle_won:           1.0000
test/bess_cost_reward:   -169.9148	test/buy_cost_reward:    -307966.7983	test/ep_length:           24.0000	test/episode_limit:        1.0000
test/generate_cost_reward:-52.1710	test/grid_purchase_cost: 307966.7983	test/mean_soc:             0.3020	test/return_mean:        -308.3645
test/return_std:          28.2764	test/soc_reserve_reward: -17.2585	test/soc_violation:       35.6777	test/total_power_loss:   14190.6930
test_battery_action_clip_mean:189.8825	test_battery_punishment_reward_mean:-949.4127	test_battle_won_mean:      1.0000	test_bess_cost_reward_mean:-169.9148
test_buy_cost_reward_mean:-307966.7983	test_ep_length_mean:      24.0000	test_episode_limit_mean:   1.0000	test_generate_cost_reward_mean:-52.1710
test_grid_purchase_cost_mean:307966.7983	test_mean_soc_mean:        0.3020	test_return_mean:        -308.3645	test_return_std:          28.2764
test_soc_reserve_reward_mean:-17.2585	test_soc_violation_mean:  35.6777	test_total_power_loss_mean:14190.6930	total_power_loss_mean:   14381.1740
train/battery_action_clip:219.6162	train/battery_punishment_reward:-1098.0809	train/battle_won:          1.0000	train/bess_cost_reward:  -158.6530
train/buy_cost_reward:   -312635.6054	train/ep_length:          24.0000	train/episode:           2411.0000	train/episode_limit:       1.0000
train/generate_cost_reward:-39.1144	train/grid_purchase_cost:312635.6054	train/mean_soc:            0.3322	train/return_mean:       -313.0741
train/return_std:         34.1578	train/soc_reserve_reward:-16.5312	train/soc_violation:      41.6422	train/t_env:             105696.0000
train/total_power_loss:  14381.1740	
[INFO 21:50:58] root Recent Stats | t_env:     107256 | Episode:     2444
battery_action_clip_mean:216.3899	battery_punishment_reward_mean:-1081.9494	battle_won_mean:           1.0000	bess_cost_reward_mean:   -159.4185
buffer/episodes:         4426.0000	buy_cost_reward_mean:    -308007.6149	ep_length_mean:           24.0000	episode_limit_mean:        1.0000
eval/best_reward:        -305.5883	eval/best_win_rate:        1.0000	eval/ea_reward:          -307.6064	eval/ea_win_rate:          1.0000
eval/rl_reward:          -311.3710	eval/rl_win_rate:          1.0000	generate_cost_reward_mean:-38.7836	grid_purchase_cost_mean: 308007.6149
mean_soc_mean:             0.3290	return_mean:             -308.4409	return_std:               34.4251	soc_reserve_reward_mean: -16.6380
soc_violation_mean:       41.0412	test/battery_action_clip:189.8825	test/battery_punishment_reward:-949.4127	test/battle_won:           1.0000
test/bess_cost_reward:   -169.9148	test/buy_cost_reward:    -307966.7983	test/ep_length:           24.0000	test/episode_limit:        1.0000
test/generate_cost_reward:-52.1710	test/grid_purchase_cost: 307966.7983	test/mean_soc:             0.3020	test/return_mean:        -308.3645
test/return_std:          28.2764	test/soc_reserve_reward: -17.2585	test/soc_violation:       35.6777	test/total_power_loss:   14190.6930
test_battery_action_clip_mean:189.8825	test_battery_punishment_reward_mean:-949.4127	test_battle_won_mean:      1.0000	test_bess_cost_reward_mean:-169.9148
test_buy_cost_reward_mean:-307966.7983	test_ep_length_mean:      24.0000	test_episode_limit_mean:   1.0000	test_generate_cost_reward_mean:-52.1710
test_grid_purchase_cost_mean:307966.7983	test_mean_soc_mean:        0.3020	test_return_mean:        -308.3645	test_return_std:          28.2764
test_soc_reserve_reward_mean:-17.2585	test_soc_violation_mean:  35.6777	test_total_power_loss_mean:14190.6930	total_power_loss_mean:   14185.9034
train/battery_action_clip:216.3899	train/battery_punishment_reward:-1081.9494	train/battle_won:          1.0000	train/bess_cost_reward:  -159.4185
train/buy_cost_reward:   -308007.6149	train/ep_length:          24.0000	train/episode:           2422.0000	train/episode_limit:       1.0000
train/generate_cost_reward:-38.7836	train/grid_purchase_cost:308007.6149	train/mean_soc:            0.3290	train/return_mean:       -308.4409
train/return_std:         34.4251	train/soc_reserve_reward:-16.6380	train/soc_violation:      41.0412	train/t_env:             106224.0000
train/total_power_loss:  14185.9034	
[INFO 21:51:07] root Recent Stats | t_env:     107760 | Episode:     2455
battery_action_clip_mean:204.5244	battery_punishment_reward_mean:-1022.6219	battle_won_mean:           1.0000	bess_cost_reward_mean:   -157.5059
buffer/episodes:         4448.0000	buy_cost_reward_mean:    -306116.1955	ep_length_mean:           24.0000	episode_limit_mean:        1.0000
eval/best_reward:        -305.5883	eval/best_win_rate:        1.0000	eval/ea_reward:          -307.6064	eval/ea_win_rate:          1.0000
eval/rl_reward:          -311.3710	eval/rl_win_rate:          1.0000	generate_cost_reward_mean:-38.8491	grid_purchase_cost_mean: 306116.1955
mean_soc_mean:             0.3345	return_mean:             -306.5290	return_std:               34.5037	soc_reserve_reward_mean: -16.4510
soc_violation_mean:       38.8215	test/battery_action_clip:189.8825	test/battery_punishment_reward:-949.4127	test/battle_won:           1.0000
test/bess_cost_reward:   -169.9148	test/buy_cost_reward:    -307966.7983	test/ep_length:           24.0000	test/episode_limit:        1.0000
test/generate_cost_reward:-52.1710	test/grid_purchase_cost: 307966.7983	test/mean_soc:             0.3020	test/return_mean:        -308.3645
test/return_std:          28.2764	test/soc_reserve_reward: -17.2585	test/soc_violation:       35.6777	test/total_power_loss:   14190.6930
test_battery_action_clip_mean:189.8825	test_battery_punishment_reward_mean:-949.4127	test_battle_won_mean:      1.0000	test_bess_cost_reward_mean:-169.9148
test_buy_cost_reward_mean:-307966.7983	test_ep_length_mean:      24.0000	test_episode_limit_mean:   1.0000	test_generate_cost_reward_mean:-52.1710
test_grid_purchase_cost_mean:307966.7983	test_mean_soc_mean:        0.3020	test_return_mean:        -308.3645	test_return_std:          28.2764
test_soc_reserve_reward_mean:-17.2585	test_soc_violation_mean:  35.6777	test_total_power_loss_mean:14190.6930	total_power_loss_mean:   14113.8321
train/battery_action_clip:204.5244	train/battery_punishment_reward:-1022.6219	train/battle_won:          1.0000	train/bess_cost_reward:  -157.5059
train/buy_cost_reward:   -306116.1955	train/ep_length:          24.0000	train/episode:           2433.0000	train/episode_limit:       1.0000
train/generate_cost_reward:-38.8491	train/grid_purchase_cost:306116.1955	train/mean_soc:            0.3345	train/return_mean:       -306.5290
train/return_std:         34.5037	train/soc_reserve_reward:-16.4510	train/soc_violation:      38.8215	train/t_env:             106752.0000
train/total_power_loss:  14113.8321	
[INFO 21:51:16] root t_env: 108144 / 300000
[INFO 21:51:16] root Estimated time left: 1 hours, 7 minutes, 16 seconds. Time passed: 34 minutes, 35 seconds
[INFO 21:51:22] root Recent Stats | t_env:     108384 | Episode:     2466
battery_action_clip_mean:200.2518	battery_punishment_reward_mean:-1001.2591	battle_won_mean:           1.0000	bess_cost_reward_mean:   -173.6696
buffer/episodes:         4470.0000	buy_cost_reward_mean:    -308281.6101	ep_length_mean:           24.0000	episode_limit_mean:        1.0000
eval/best_reward:        -304.9805	eval/best_win_rate:        1.0000	eval/ea_reward:          -307.3957	eval/ea_win_rate:          1.0000
eval/rl_reward:          -310.7632	eval/rl_win_rate:          1.0000	generate_cost_reward_mean:-40.4052	grid_purchase_cost_mean: 308281.6101
mean_soc_mean:             0.2757	return_mean:             -308.6940	return_std:               34.9978	soc_reserve_reward_mean: -18.6228
soc_violation_mean:       38.0120	test/battery_action_clip:188.6616	test/battery_punishment_reward:-943.3082	test/battle_won:           1.0000
test/bess_cost_reward:   -181.6314	test/buy_cost_reward:    -307246.9268	test/ep_length:           24.0000	test/episode_limit:        1.0000
test/generate_cost_reward:-48.1923	test/grid_purchase_cost: 307246.9268	test/mean_soc:             0.2456	test/return_mean:        -307.6458
test/return_std:          28.9477	test/soc_reserve_reward: -19.6902	test/soc_violation:       35.8191	test/total_power_loss:   14157.8039
test_battery_action_clip_mean:188.6616	test_battery_punishment_reward_mean:-943.3082	test_battle_won_mean:      1.0000	test_bess_cost_reward_mean:-181.6314
test_buy_cost_reward_mean:-307246.9268	test_ep_length_mean:      24.0000	test_episode_limit_mean:   1.0000	test_generate_cost_reward_mean:-48.1923
test_grid_purchase_cost_mean:307246.9268	test_mean_soc_mean:        0.2456	test_return_mean:        -307.6458	test_return_std:          28.9477
test_soc_reserve_reward_mean:-19.6902	test_soc_violation_mean:  35.8191	test_total_power_loss_mean:14157.8039	total_power_loss_mean:   14194.5513
train/battery_action_clip:200.2518	train/battery_punishment_reward:-1001.2591	train/battle_won:          1.0000	train/bess_cost_reward:  -173.6696
train/buy_cost_reward:   -308281.6101	train/ep_length:          24.0000	train/episode:           2444.0000	train/episode_limit:       1.0000
train/generate_cost_reward:-40.4052	train/grid_purchase_cost:308281.6101	train/mean_soc:            0.2757	train/return_mean:       -308.6940
train/return_std:         34.9978	train/soc_reserve_reward:-18.6228	train/soc_violation:      38.0120	train/t_env:             107280.0000
train/total_power_loss:  14194.5513	
[INFO 21:51:32] root Recent Stats | t_env:     108888 | Episode:     2477
battery_action_clip_mean:204.3082	battery_punishment_reward_mean:-1021.5411	battle_won_mean:           1.0000	bess_cost_reward_mean:   -179.2193
buffer/episodes:         4492.0000	buy_cost_reward_mean:    -307700.9681	ep_length_mean:           24.0000	episode_limit_mean:        1.0000
eval/best_reward:        -304.9805	eval/best_win_rate:        1.0000	eval/ea_reward:          -307.3957	eval/ea_win_rate:          1.0000
eval/rl_reward:          -310.7632	eval/rl_win_rate:          1.0000	generate_cost_reward_mean:-41.8711	grid_purchase_cost_mean: 307700.9681
mean_soc_mean:             0.2558	return_mean:             -308.1228	return_std:               37.1315	soc_reserve_reward_mean: -19.4208
soc_violation_mean:       38.7841	test/battery_action_clip:188.6616	test/battery_punishment_reward:-943.3082	test/battle_won:           1.0000
test/bess_cost_reward:   -181.6314	test/buy_cost_reward:    -307246.9268	test/ep_length:           24.0000	test/episode_limit:        1.0000
test/generate_cost_reward:-48.1923	test/grid_purchase_cost: 307246.9268	test/mean_soc:             0.2456	test/return_mean:        -307.6458
test/return_std:          28.9477	test/soc_reserve_reward: -19.6902	test/soc_violation:       35.8191	test/total_power_loss:   14157.8039
test_battery_action_clip_mean:188.6616	test_battery_punishment_reward_mean:-943.3082	test_battle_won_mean:      1.0000	test_bess_cost_reward_mean:-181.6314
test_buy_cost_reward_mean:-307246.9268	test_ep_length_mean:      24.0000	test_episode_limit_mean:   1.0000	test_generate_cost_reward_mean:-48.1923
test_grid_purchase_cost_mean:307246.9268	test_mean_soc_mean:        0.2456	test_return_mean:        -307.6458	test_return_std:          28.9477
test_soc_reserve_reward_mean:-19.6902	test_soc_violation_mean:  35.8191	test_total_power_loss_mean:14157.8039	total_power_loss_mean:   14177.3217
train/battery_action_clip:204.3082	train/battery_punishment_reward:-1021.5411	train/battle_won:          1.0000	train/bess_cost_reward:  -179.2193
train/buy_cost_reward:   -307700.9681	train/ep_length:          24.0000	train/episode:           2455.0000	train/episode_limit:       1.0000
train/generate_cost_reward:-41.8711	train/grid_purchase_cost:307700.9681	train/mean_soc:            0.2558	train/return_mean:       -308.1228
train/return_std:         37.1315	train/soc_reserve_reward:-19.4208	train/soc_violation:      38.7841	train/t_env:             107808.0000
train/total_power_loss:  14177.3217	
[INFO 21:51:42] root Recent Stats | t_env:     109392 | Episode:     2488
battery_action_clip_mean:195.5900	battery_punishment_reward_mean:-977.9500	battle_won_mean:           1.0000	bess_cost_reward_mean:   -179.3549
buffer/episodes:         4514.0000	buy_cost_reward_mean:    -310201.2291	ep_length_mean:           24.0000	episode_limit_mean:        1.0000
eval/best_reward:        -304.9805	eval/best_win_rate:        1.0000	eval/ea_reward:          -307.3957	eval/ea_win_rate:          1.0000
eval/rl_reward:          -310.7632	eval/rl_win_rate:          1.0000	generate_cost_reward_mean:-41.7557	grid_purchase_cost_mean: 310201.2291
mean_soc_mean:             0.2545	return_mean:             -310.6085	return_std:               35.1633	soc_reserve_reward_mean: -19.3885
soc_violation_mean:       37.1391	test/battery_action_clip:188.6616	test/battery_punishment_reward:-943.3082	test/battle_won:           1.0000
test/bess_cost_reward:   -181.6314	test/buy_cost_reward:    -307246.9268	test/ep_length:           24.0000	test/episode_limit:        1.0000
test/generate_cost_reward:-48.1923	test/grid_purchase_cost: 307246.9268	test/mean_soc:             0.2456	test/return_mean:        -307.6458
test/return_std:          28.9477	test/soc_reserve_reward: -19.6902	test/soc_violation:       35.8191	test/total_power_loss:   14157.8039
test_battery_action_clip_mean:188.6616	test_battery_punishment_reward_mean:-943.3082	test_battle_won_mean:      1.0000	test_bess_cost_reward_mean:-181.6314
test_buy_cost_reward_mean:-307246.9268	test_ep_length_mean:      24.0000	test_episode_limit_mean:   1.0000	test_generate_cost_reward_mean:-48.1923
test_grid_purchase_cost_mean:307246.9268	test_mean_soc_mean:        0.2456	test_return_mean:        -307.6458	test_return_std:          28.9477
test_soc_reserve_reward_mean:-19.6902	test_soc_violation_mean:  35.8191	test_total_power_loss_mean:14157.8039	total_power_loss_mean:   14281.2897
train/battery_action_clip:195.5900	train/battery_punishment_reward:-977.9500	train/battle_won:          1.0000	train/bess_cost_reward:  -179.3549
train/buy_cost_reward:   -310201.2291	train/ep_length:          24.0000	train/episode:           2466.0000	train/episode_limit:       1.0000
train/generate_cost_reward:-41.7557	train/grid_purchase_cost:310201.2291	train/mean_soc:            0.2545	train/return_mean:       -310.6085
train/return_std:         35.1633	train/soc_reserve_reward:-19.3885	train/soc_violation:      37.1391	train/t_env:             108336.0000
train/total_power_loss:  14281.2897	
[INFO 21:51:52] root Recent Stats | t_env:     109896 | Episode:     2499
battery_action_clip_mean:208.6529	battery_punishment_reward_mean:-1043.2644	battle_won_mean:           1.0000	bess_cost_reward_mean:   -177.7356
buffer/episodes:         4536.0000	buy_cost_reward_mean:    -313787.2279	ep_length_mean:           24.0000	episode_limit_mean:        1.0000
eval/best_reward:        -304.9805	eval/best_win_rate:        1.0000	eval/ea_reward:          -307.3957	eval/ea_win_rate:          1.0000
eval/rl_reward:          -310.7632	eval/rl_win_rate:          1.0000	generate_cost_reward_mean:-40.3593	grid_purchase_cost_mean: 313787.2279
mean_soc_mean:             0.2607	return_mean:             -314.2151	return_std:               36.5289	soc_reserve_reward_mean: -19.1571
soc_violation_mean:       39.6134	test/battery_action_clip:188.6616	test/battery_punishment_reward:-943.3082	test/battle_won:           1.0000
test/bess_cost_reward:   -181.6314	test/buy_cost_reward:    -307246.9268	test/ep_length:           24.0000	test/episode_limit:        1.0000
test/generate_cost_reward:-48.1923	test/grid_purchase_cost: 307246.9268	test/mean_soc:             0.2456	test/return_mean:        -307.6458
test/return_std:          28.9477	test/soc_reserve_reward: -19.6902	test/soc_violation:       35.8191	test/total_power_loss:   14157.8039
test_battery_action_clip_mean:188.6616	test_battery_punishment_reward_mean:-943.3082	test_battle_won_mean:      1.0000	test_bess_cost_reward_mean:-181.6314
test_buy_cost_reward_mean:-307246.9268	test_ep_length_mean:      24.0000	test_episode_limit_mean:   1.0000	test_generate_cost_reward_mean:-48.1923
test_grid_purchase_cost_mean:307246.9268	test_mean_soc_mean:        0.2456	test_return_mean:        -307.6458	test_return_std:          28.9477
test_soc_reserve_reward_mean:-19.6902	test_soc_violation_mean:  35.8191	test_total_power_loss_mean:14157.8039	total_power_loss_mean:   14429.7662
train/battery_action_clip:208.6529	train/battery_punishment_reward:-1043.2644	train/battle_won:          1.0000	train/bess_cost_reward:  -177.7356
train/buy_cost_reward:   -313787.2279	train/ep_length:          24.0000	train/episode:           2477.0000	train/episode_limit:       1.0000
train/generate_cost_reward:-40.3593	train/grid_purchase_cost:313787.2279	train/mean_soc:            0.2607	train/return_mean:       -314.2151
train/return_std:         36.5289	train/soc_reserve_reward:-19.1571	train/soc_violation:      39.6134	train/t_env:             108864.0000
train/total_power_loss:  14429.7662	
[INFO 21:51:57] root t_env: 110160 / 300000
[INFO 21:51:57] root Estimated time left: 1 hours, 4 minutes, 14 seconds. Time passed: 35 minutes, 16 seconds
[INFO 21:52:03] root Recent Stats | t_env:     110400 | Episode:     2510
battery_action_clip_mean:219.6268	battery_punishment_reward_mean:-1098.1340	battle_won_mean:           1.0000	bess_cost_reward_mean:   -172.7405
buffer/episodes:         4558.0000	buy_cost_reward_mean:    -314524.5092	ep_length_mean:           24.0000	episode_limit_mean:        1.0000
eval/best_reward:        -305.6339	eval/best_win_rate:        1.0000	eval/ea_reward:          -308.0556	eval/ea_win_rate:          1.0000
eval/rl_reward:          -310.1454	eval/rl_win_rate:          1.0000	generate_cost_reward_mean:-41.4539	grid_purchase_cost_mean: 314524.5092
mean_soc_mean:             0.2795	return_mean:             -314.9692	return_std:               33.4445	soc_reserve_reward_mean: -18.4629
soc_violation_mean:       41.6810	test/battery_action_clip:233.0344	test/battery_punishment_reward:-1165.1720	test/battle_won:           1.0000
test/bess_cost_reward:   -189.3916	test/buy_cost_reward:    -310914.1814	test/ep_length:           24.0000	test/episode_limit:        1.0000
test/generate_cost_reward:-50.1108	test/grid_purchase_cost: 310914.1814	test/mean_soc:             0.2231	test/return_mean:        -311.3906
test/return_std:          30.7675	test/soc_reserve_reward: -20.6130	test/soc_violation:       44.1314	test/total_power_loss:   14298.8077
test_battery_action_clip_mean:233.0344	test_battery_punishment_reward_mean:-1165.1720	test_battle_won_mean:      1.0000	test_bess_cost_reward_mean:-189.3916
test_buy_cost_reward_mean:-310914.1814	test_ep_length_mean:      24.0000	test_episode_limit_mean:   1.0000	test_generate_cost_reward_mean:-50.1108
test_grid_purchase_cost_mean:310914.1814	test_mean_soc_mean:        0.2231	test_return_mean:        -311.3906	test_return_std:          30.7675
test_soc_reserve_reward_mean:-20.6130	test_soc_violation_mean:  44.1314	test_total_power_loss_mean:14298.8077	total_power_loss_mean:   14458.9913
train/battery_action_clip:219.6268	train/battery_punishment_reward:-1098.1340	train/battle_won:          1.0000	train/bess_cost_reward:  -172.7405
train/buy_cost_reward:   -314524.5092	train/ep_length:          24.0000	train/episode:           2488.0000	train/episode_limit:       1.0000
train/generate_cost_reward:-41.4539	train/grid_purchase_cost:314524.5092	train/mean_soc:            0.2795	train/return_mean:       -314.9692
train/return_std:         33.4445	train/soc_reserve_reward:-18.4629	train/soc_violation:      41.6810	train/t_env:             109392.0000
train/total_power_loss:  14458.9913	
[INFO 21:52:12] root Saving models to results\models\facmac_smac__2026-06-15_21-16-36\110784
[INFO 21:52:18] root Recent Stats | t_env:     111024 | Episode:     2521
battery_action_clip_mean:229.3928	battery_punishment_reward_mean:-1146.9638	battle_won_mean:           1.0000	bess_cost_reward_mean:   -168.8991
buffer/episodes:         4580.0000	buy_cost_reward_mean:    -311909.8097	ep_length_mean:           24.0000	episode_limit_mean:        1.0000
eval/best_reward:        -305.6339	eval/best_win_rate:        1.0000	eval/ea_reward:          -308.0556	eval/ea_win_rate:          1.0000
eval/rl_reward:          -310.1454	eval/rl_win_rate:          1.0000	generate_cost_reward_mean:-41.0426	grid_purchase_cost_mean: 311909.8097
mean_soc_mean:             0.2934	return_mean:             -312.3692	return_std:               33.8034	soc_reserve_reward_mean: -17.9357
soc_violation_mean:       43.5328	test/battery_action_clip:233.0344	test/battery_punishment_reward:-1165.1720	test/battle_won:           1.0000
test/bess_cost_reward:   -189.3916	test/buy_cost_reward:    -310914.1814	test/ep_length:           24.0000	test/episode_limit:        1.0000
test/generate_cost_reward:-50.1108	test/grid_purchase_cost: 310914.1814	test/mean_soc:             0.2231	test/return_mean:        -311.3906
test/return_std:          30.7675	test/soc_reserve_reward: -20.6130	test/soc_violation:       44.1314	test/total_power_loss:   14298.8077
test_battery_action_clip_mean:233.0344	test_battery_punishment_reward_mean:-1165.1720	test_battle_won_mean:      1.0000	test_bess_cost_reward_mean:-189.3916
test_buy_cost_reward_mean:-310914.1814	test_ep_length_mean:      24.0000	test_episode_limit_mean:   1.0000	test_generate_cost_reward_mean:-50.1108
test_grid_purchase_cost_mean:310914.1814	test_mean_soc_mean:        0.2231	test_return_mean:        -311.3906	test_return_std:          30.7675
test_soc_reserve_reward_mean:-20.6130	test_soc_violation_mean:  44.1314	test_total_power_loss_mean:14298.8077	total_power_loss_mean:   14349.0724
train/battery_action_clip:229.3928	train/battery_punishment_reward:-1146.9638	train/battle_won:          1.0000	train/bess_cost_reward:  -168.8991
train/buy_cost_reward:   -311909.8097	train/ep_length:          24.0000	train/episode:           2499.0000	train/episode_limit:       1.0000
train/generate_cost_reward:-41.0426	train/grid_purchase_cost:311909.8097	train/mean_soc:            0.2934	train/return_mean:       -312.3692
train/return_std:         33.8034	train/soc_reserve_reward:-17.9357	train/soc_violation:      43.5328	train/t_env:             109920.0000
train/total_power_loss:  14349.0724	
[INFO 21:52:26] root Recent Stats | t_env:     111528 | Episode:     2532
battery_action_clip_mean:235.4021	battery_punishment_reward_mean:-1177.0107	battle_won_mean:           1.0000	bess_cost_reward_mean:   -168.8713
buffer/episodes:         4602.0000	buy_cost_reward_mean:    -312009.6582	ep_length_mean:           24.0000	episode_limit_mean:        1.0000
eval/best_reward:        -305.6339	eval/best_win_rate:        1.0000	eval/ea_reward:          -308.0556	eval/ea_win_rate:          1.0000
eval/rl_reward:          -310.1454	eval/rl_win_rate:          1.0000	generate_cost_reward_mean:-40.9995	grid_purchase_cost_mean: 312009.6582
mean_soc_mean:             0.2935	return_mean:             -312.4790	return_std:               31.8274	soc_reserve_reward_mean: -17.9446
soc_violation_mean:       44.6747	test/battery_action_clip:233.0344	test/battery_punishment_reward:-1165.1720	test/battle_won:           1.0000
test/bess_cost_reward:   -189.3916	test/buy_cost_reward:    -310914.1814	test/ep_length:           24.0000	test/episode_limit:        1.0000
test/generate_cost_reward:-50.1108	test/grid_purchase_cost: 310914.1814	test/mean_soc:             0.2231	test/return_mean:        -311.3906
test/return_std:          30.7675	test/soc_reserve_reward: -20.6130	test/soc_violation:       44.1314	test/total_power_loss:   14298.8077
test_battery_action_clip_mean:233.0344	test_battery_punishment_reward_mean:-1165.1720	test_battle_won_mean:      1.0000	test_bess_cost_reward_mean:-189.3916
test_buy_cost_reward_mean:-310914.1814	test_ep_length_mean:      24.0000	test_episode_limit_mean:   1.0000	test_generate_cost_reward_mean:-50.1108
test_grid_purchase_cost_mean:310914.1814	test_mean_soc_mean:        0.2231	test_return_mean:        -311.3906	test_return_std:          30.7675
test_soc_reserve_reward_mean:-20.6130	test_soc_violation_mean:  44.1314	test_total_power_loss_mean:14298.8077	total_power_loss_mean:   14341.2347
train/battery_action_clip:235.4021	train/battery_punishment_reward:-1177.0107	train/battle_won:          1.0000	train/bess_cost_reward:  -168.8713
train/buy_cost_reward:   -312009.6582	train/ep_length:          24.0000	train/episode:           2510.0000	train/episode_limit:       1.0000
train/generate_cost_reward:-40.9995	train/grid_purchase_cost:312009.6582	train/mean_soc:            0.2935	train/return_mean:       -312.4790
train/return_std:         31.8274	train/soc_reserve_reward:-17.9446	train/soc_violation:      44.6747	train/t_env:             110448.0000
train/total_power_loss:  14341.2347	
[INFO 21:52:36] root Recent Stats | t_env:     112032 | Episode:     2543
battery_action_clip_mean:244.7853	battery_punishment_reward_mean:-1223.9267	battle_won_mean:           1.0000	bess_cost_reward_mean:   -172.3395
buffer/episodes:         4624.0000	buy_cost_reward_mean:    -311746.9530	ep_length_mean:           24.0000	episode_limit_mean:        1.0000
eval/best_reward:        -305.6339	eval/best_win_rate:        1.0000	eval/ea_reward:          -308.0556	eval/ea_win_rate:          1.0000
eval/rl_reward:          -310.1454	eval/rl_win_rate:          1.0000	generate_cost_reward_mean:-40.5591	grid_purchase_cost_mean: 311746.9530
mean_soc_mean:             0.2814	return_mean:             -312.2331	return_std:               31.7499	soc_reserve_reward_mean: -18.4903
soc_violation_mean:       46.4559	test/battery_action_clip:233.0344	test/battery_punishment_reward:-1165.1720	test/battle_won:           1.0000
test/bess_cost_reward:   -189.3916	test/buy_cost_reward:    -310914.1814	test/ep_length:           24.0000	test/episode_limit:        1.0000
test/generate_cost_reward:-50.1108	test/grid_purchase_cost: 310914.1814	test/mean_soc:             0.2231	test/return_mean:        -311.3906
test/return_std:          30.7675	test/soc_reserve_reward: -20.6130	test/soc_violation:       44.1314	test/total_power_loss:   14298.8077
test_battery_action_clip_mean:233.0344	test_battery_punishment_reward_mean:-1165.1720	test_battle_won_mean:      1.0000	test_bess_cost_reward_mean:-189.3916
test_buy_cost_reward_mean:-310914.1814	test_ep_length_mean:      24.0000	test_episode_limit_mean:   1.0000	test_generate_cost_reward_mean:-50.1108
test_grid_purchase_cost_mean:310914.1814	test_mean_soc_mean:        0.2231	test_return_mean:        -311.3906	test_return_std:          30.7675
test_soc_reserve_reward_mean:-20.6130	test_soc_violation_mean:  44.1314	test_total_power_loss_mean:14298.8077	total_power_loss_mean:   14323.8989
train/battery_action_clip:244.7853	train/battery_punishment_reward:-1223.9267	train/battle_won:          1.0000	train/bess_cost_reward:  -172.3395
train/buy_cost_reward:   -311746.9530	train/ep_length:          24.0000	train/episode:           2521.0000	train/episode_limit:       1.0000
train/generate_cost_reward:-40.5591	train/grid_purchase_cost:311746.9530	train/mean_soc:            0.2814	train/return_mean:       -312.2331
train/return_std:         31.7499	train/soc_reserve_reward:-18.4903	train/soc_violation:      46.4559	train/t_env:             110976.0000
train/total_power_loss:  14323.8989	
[INFO 21:52:41] root t_env: 112224 / 300000
[INFO 21:52:41] root Estimated time left: 1 hours, 6 minutes, 43 seconds. Time passed: 36 minutes, 0 seconds
[INFO 21:52:48] root Recent Stats | t_env:     112536 | Episode:     2554
battery_action_clip_mean:230.3702	battery_punishment_reward_mean:-1151.8508	battle_won_mean:           1.0000	bess_cost_reward_mean:   -174.4700
buffer/episodes:         4646.0000	buy_cost_reward_mean:    -304726.9728	ep_length_mean:           24.0000	episode_limit_mean:        1.0000
eval/best_reward:        -306.8481	eval/best_win_rate:        1.0000	eval/ea_reward:          -309.2697	eval/ea_win_rate:          1.0000
eval/rl_reward:          -309.0738	eval/rl_win_rate:          1.0000	generate_cost_reward_mean:-41.9802	grid_purchase_cost_mean: 304726.9728
mean_soc_mean:             0.2729	return_mean:             -305.1904	return_std:               29.0696	soc_reserve_reward_mean: -18.7384
soc_violation_mean:       43.7254	test/battery_action_clip:208.5331	test/battery_punishment_reward:-1042.6654	test/battle_won:           1.0000
test/bess_cost_reward:   -185.8118	test/buy_cost_reward:    -310573.6274	test/ep_length:           24.0000	test/episode_limit:        1.0000
test/generate_cost_reward:-55.6530	test/grid_purchase_cost: 310573.6274	test/mean_soc:             0.2337	test/return_mean:        -311.0097
test/return_std:          31.9832	test/soc_reserve_reward: -19.5781	test/soc_violation:       39.4789	test/total_power_loss:   14284.4422
test_battery_action_clip_mean:208.5331	test_battery_punishment_reward_mean:-1042.6654	test_battle_won_mean:      1.0000	test_bess_cost_reward_mean:-185.8118
test_buy_cost_reward_mean:-310573.6274	test_ep_length_mean:      24.0000	test_episode_limit_mean:   1.0000	test_generate_cost_reward_mean:-55.6530
test_grid_purchase_cost_mean:310573.6274	test_mean_soc_mean:        0.2337	test_return_mean:        -311.0097	test_return_std:          31.9832
test_soc_reserve_reward_mean:-19.5781	test_soc_violation_mean:  39.4789	test_total_power_loss_mean:14284.4422	total_power_loss_mean:   14029.9097
train/battery_action_clip:230.3702	train/battery_punishment_reward:-1151.8508	train/battle_won:          1.0000	train/bess_cost_reward:  -174.4700
train/buy_cost_reward:   -304726.9728	train/ep_length:          24.0000	train/episode:           2532.0000	train/episode_limit:       1.0000
train/generate_cost_reward:-41.9802	train/grid_purchase_cost:304726.9728	train/mean_soc:            0.2729	train/return_mean:       -305.1904
train/return_std:         29.0696	train/soc_reserve_reward:-18.7384	train/soc_violation:      43.7254	train/t_env:             111504.0000
train/total_power_loss:  14029.9097	
[INFO 21:52:58] root Recent Stats | t_env:     113040 | Episode:     2565
battery_action_clip_mean:220.7115	battery_punishment_reward_mean:-1103.5574	battle_won_mean:           1.0000	bess_cost_reward_mean:   -177.5066
buffer/episodes:         4668.0000	buy_cost_reward_mean:    -306186.2897	ep_length_mean:           24.0000	episode_limit_mean:        1.0000
eval/best_reward:        -306.8481	eval/best_win_rate:        1.0000	eval/ea_reward:          -309.2697	eval/ea_win_rate:          1.0000
eval/rl_reward:          -309.0738	eval/rl_win_rate:          1.0000	generate_cost_reward_mean:-39.5959	grid_purchase_cost_mean: 306186.2897
mean_soc_mean:             0.2612	return_mean:             -306.6339	return_std:               29.9002	soc_reserve_reward_mean: -19.1319
soc_violation_mean:       41.9040	test/battery_action_clip:208.5331	test/battery_punishment_reward:-1042.6654	test/battle_won:           1.0000
test/bess_cost_reward:   -185.8118	test/buy_cost_reward:    -310573.6274	test/ep_length:           24.0000	test/episode_limit:        1.0000
test/generate_cost_reward:-55.6530	test/grid_purchase_cost: 310573.6274	test/mean_soc:             0.2337	test/return_mean:        -311.0097
test/return_std:          31.9832	test/soc_reserve_reward: -19.5781	test/soc_violation:       39.4789	test/total_power_loss:   14284.4422
test_battery_action_clip_mean:208.5331	test_battery_punishment_reward_mean:-1042.6654	test_battle_won_mean:      1.0000	test_bess_cost_reward_mean:-185.8118
test_buy_cost_reward_mean:-310573.6274	test_ep_length_mean:      24.0000	test_episode_limit_mean:   1.0000	test_generate_cost_reward_mean:-55.6530
test_grid_purchase_cost_mean:310573.6274	test_mean_soc_mean:        0.2337	test_return_mean:        -311.0097	test_return_std:          31.9832
test_soc_reserve_reward_mean:-19.5781	test_soc_violation_mean:  39.4789	test_total_power_loss_mean:14284.4422	total_power_loss_mean:   14094.4713
train/battery_action_clip:220.7115	train/battery_punishment_reward:-1103.5574	train/battle_won:          1.0000	train/bess_cost_reward:  -177.5066
train/buy_cost_reward:   -306186.2897	train/ep_length:          24.0000	train/episode:           2543.0000	train/episode_limit:       1.0000
train/generate_cost_reward:-39.5959	train/grid_purchase_cost:306186.2897	train/mean_soc:            0.2612	train/return_mean:       -306.6339
train/return_std:         29.9002	train/soc_reserve_reward:-19.1319	train/soc_violation:      41.9040	train/t_env:             112032.0000
train/total_power_loss:  14094.4713	
[INFO 21:53:13] root Recent Stats | t_env:     113664 | Episode:     2576
battery_action_clip_mean:212.9082	battery_punishment_reward_mean:-1064.5412	battle_won_mean:           1.0000	bess_cost_reward_mean:   -177.7030
buffer/episodes:         4690.0000	buy_cost_reward_mean:    -305735.8150	ep_length_mean:           24.0000	episode_limit_mean:        1.0000
eval/best_reward:        -306.8481	eval/best_win_rate:        1.0000	eval/ea_reward:          -309.2697	eval/ea_win_rate:          1.0000
eval/rl_reward:          -309.0738	eval/rl_win_rate:          1.0000	generate_cost_reward_mean:-39.6202	grid_purchase_cost_mean: 305735.8150
mean_soc_mean:             0.2605	return_mean:             -306.1705	return_std:               32.3431	soc_reserve_reward_mean: -19.1498
soc_violation_mean:       40.4234	test/battery_action_clip:208.5331	test/battery_punishment_reward:-1042.6654	test/battle_won:           1.0000
test/bess_cost_reward:   -185.8118	test/buy_cost_reward:    -310573.6274	test/ep_length:           24.0000	test/episode_limit:        1.0000
test/generate_cost_reward:-55.6530	test/grid_purchase_cost: 310573.6274	test/mean_soc:             0.2337	test/return_mean:        -311.0097
test/return_std:          31.9832	test/soc_reserve_reward: -19.5781	test/soc_violation:       39.4789	test/total_power_loss:   14284.4422
test_battery_action_clip_mean:208.5331	test_battery_punishment_reward_mean:-1042.6654	test_battle_won_mean:      1.0000	test_bess_cost_reward_mean:-185.8118
test_buy_cost_reward_mean:-310573.6274	test_ep_length_mean:      24.0000	test_episode_limit_mean:   1.0000	test_generate_cost_reward_mean:-55.6530
test_grid_purchase_cost_mean:310573.6274	test_mean_soc_mean:        0.2337	test_return_mean:        -311.0097	test_return_std:          31.9832
test_soc_reserve_reward_mean:-19.5781	test_soc_violation_mean:  39.4789	test_total_power_loss_mean:14284.4422	total_power_loss_mean:   14064.4528
train/battery_action_clip:212.9082	train/battery_punishment_reward:-1064.5412	train/battle_won:          1.0000	train/bess_cost_reward:  -177.7030
train/buy_cost_reward:   -305735.8150	train/ep_length:          24.0000	train/episode:           2554.0000	train/episode_limit:       1.0000
train/generate_cost_reward:-39.6202	train/grid_purchase_cost:305735.8150	train/mean_soc:            0.2605	train/return_mean:       -306.1705
train/return_std:         32.3431	train/soc_reserve_reward:-19.1498	train/soc_violation:      40.4234	train/t_env:             112560.0000
train/total_power_loss:  14064.4528	
[INFO 21:53:23] root Recent Stats | t_env:     114168 | Episode:     2587
battery_action_clip_mean:209.1189	battery_punishment_reward_mean:-1045.5945	battle_won_mean:           1.0000	bess_cost_reward_mean:   -179.1990
buffer/episodes:         4712.0000	buy_cost_reward_mean:    -302642.9150	ep_length_mean:           24.0000	episode_limit_mean:        1.0000
eval/best_reward:        -306.8481	eval/best_win_rate:        1.0000	eval/ea_reward:          -309.2697	eval/ea_win_rate:          1.0000
eval/rl_reward:          -309.0738	eval/rl_win_rate:          1.0000	generate_cost_reward_mean:-37.2121	grid_purchase_cost_mean: 302642.9150
mean_soc_mean:             0.2550	return_mean:             -303.0710	return_std:               32.5098	soc_reserve_reward_mean: -19.3505
soc_violation_mean:       39.7032	test/battery_action_clip:208.5331	test/battery_punishment_reward:-1042.6654	test/battle_won:           1.0000
test/bess_cost_reward:   -185.8118	test/buy_cost_reward:    -310573.6274	test/ep_length:           24.0000	test/episode_limit:        1.0000
test/generate_cost_reward:-55.6530	test/grid_purchase_cost: 310573.6274	test/mean_soc:             0.2337	test/return_mean:        -311.0097
test/return_std:          31.9832	test/soc_reserve_reward: -19.5781	test/soc_violation:       39.4789	test/total_power_loss:   14284.4422
test_battery_action_clip_mean:208.5331	test_battery_punishment_reward_mean:-1042.6654	test_battle_won_mean:      1.0000	test_bess_cost_reward_mean:-185.8118
test_buy_cost_reward_mean:-310573.6274	test_ep_length_mean:      24.0000	test_episode_limit_mean:   1.0000	test_generate_cost_reward_mean:-55.6530
test_grid_purchase_cost_mean:310573.6274	test_mean_soc_mean:        0.2337	test_return_mean:        -311.0097	test_return_std:          31.9832
test_soc_reserve_reward_mean:-19.5781	test_soc_violation_mean:  39.4789	test_total_power_loss_mean:14284.4422	total_power_loss_mean:   13933.0639
train/battery_action_clip:209.1189	train/battery_punishment_reward:-1045.5945	train/battle_won:          1.0000	train/bess_cost_reward:  -179.1990
train/buy_cost_reward:   -302642.9150	train/ep_length:          24.0000	train/episode:           2565.0000	train/episode_limit:       1.0000
train/generate_cost_reward:-37.2121	train/grid_purchase_cost:302642.9150	train/mean_soc:            0.2550	train/return_mean:       -303.0710
train/return_std:         32.5098	train/soc_reserve_reward:-19.3505	train/soc_violation:      39.7032	train/t_env:             113088.0000
train/total_power_loss:  13933.0639	
[INFO 21:53:23] root t_env: 114240 / 300000
[INFO 21:53:23] root Estimated time left: 1 hours, 4 minutes, 23 seconds. Time passed: 36 minutes, 42 seconds
[INFO 21:53:35] root Recent Stats | t_env:     114672 | Episode:     2598
battery_action_clip_mean:202.3989	battery_punishment_reward_mean:-1011.9943	battle_won_mean:           1.0000	bess_cost_reward_mean:   -176.5619
buffer/episodes:         4734.0000	buy_cost_reward_mean:    -304040.5687	ep_length_mean:           24.0000	episode_limit_mean:        1.0000
eval/best_reward:        -305.4812	eval/best_win_rate:        1.0000	eval/ea_reward:          -306.7324	eval/ea_win_rate:          1.0000
eval/rl_reward:          -310.7866	eval/rl_win_rate:          1.0000	generate_cost_reward_mean:-38.4253	grid_purchase_cost_mean: 304040.5687
mean_soc_mean:             0.2644	return_mean:             -304.4569	return_std:               33.2317	soc_reserve_reward_mean: -18.9404
soc_violation_mean:       38.4271	test/battery_action_clip:220.7456	test/battery_punishment_reward:-1103.7280	test/battle_won:           1.0000
test/bess_cost_reward:   -190.7827	test/buy_cost_reward:    -308432.3490	test/ep_length:           24.0000	test/episode_limit:        1.0000
test/generate_cost_reward:-50.7121	test/grid_purchase_cost: 308432.3490	test/mean_soc:             0.2110	test/return_mean:        -308.8890
test/return_std:          32.2132	test/soc_reserve_reward: -20.5189	test/soc_violation:       41.9213	test/total_power_loss:   14202.9278
test_battery_action_clip_mean:220.7456	test_battery_punishment_reward_mean:-1103.7280	test_battle_won_mean:      1.0000	test_bess_cost_reward_mean:-190.7827
test_buy_cost_reward_mean:-308432.3490	test_ep_length_mean:      24.0000	test_episode_limit_mean:   1.0000	test_generate_cost_reward_mean:-50.7121
test_grid_purchase_cost_mean:308432.3490	test_mean_soc_mean:        0.2110	test_return_mean:        -308.8890	test_return_std:          32.2132
test_soc_reserve_reward_mean:-20.5189	test_soc_violation_mean:  41.9213	test_total_power_loss_mean:14202.9278	total_power_loss_mean:   13989.8470
train/battery_action_clip:202.3989	train/battery_punishment_reward:-1011.9943	train/battle_won:          1.0000	train/bess_cost_reward:  -176.5619
train/buy_cost_reward:   -304040.5687	train/ep_length:          24.0000	train/episode:           2576.0000	train/episode_limit:       1.0000
train/generate_cost_reward:-38.4253	train/grid_purchase_cost:304040.5687	train/mean_soc:            0.2644	train/return_mean:       -304.4569
train/return_std:         33.2317	train/soc_reserve_reward:-18.9404	train/soc_violation:      38.4271	train/t_env:             113616.0000
train/total_power_loss:  13989.8470	
[INFO 21:53:45] root Recent Stats | t_env:     115176 | Episode:     2609
battery_action_clip_mean:206.5306	battery_punishment_reward_mean:-1032.6528	battle_won_mean:           1.0000	bess_cost_reward_mean:   -176.1220
buffer/episodes:         4756.0000	buy_cost_reward_mean:    -305975.9263	ep_length_mean:           24.0000	episode_limit_mean:        1.0000
eval/best_reward:        -305.4812	eval/best_win_rate:        1.0000	eval/ea_reward:          -306.7324	eval/ea_win_rate:          1.0000
eval/rl_reward:          -310.7866	eval/rl_win_rate:          1.0000	generate_cost_reward_mean:-37.3161	grid_purchase_cost_mean: 305975.9263
mean_soc_mean:             0.2666	return_mean:             -306.3986	return_std:               34.7731	soc_reserve_reward_mean: -18.9171
soc_violation_mean:       39.2093	test/battery_action_clip:220.7456	test/battery_punishment_reward:-1103.7280	test/battle_won:           1.0000
test/bess_cost_reward:   -190.7827	test/buy_cost_reward:    -308432.3490	test/ep_length:           24.0000	test/episode_limit:        1.0000
test/generate_cost_reward:-50.7121	test/grid_purchase_cost: 308432.3490	test/mean_soc:             0.2110	test/return_mean:        -308.8890
test/return_std:          32.2132	test/soc_reserve_reward: -20.5189	test/soc_violation:       41.9213	test/total_power_loss:   14202.9278
test_battery_action_clip_mean:220.7456	test_battery_punishment_reward_mean:-1103.7280	test_battle_won_mean:      1.0000	test_bess_cost_reward_mean:-190.7827
test_buy_cost_reward_mean:-308432.3490	test_ep_length_mean:      24.0000	test_episode_limit_mean:   1.0000	test_generate_cost_reward_mean:-50.7121
test_grid_purchase_cost_mean:308432.3490	test_mean_soc_mean:        0.2110	test_return_mean:        -308.8890	test_return_std:          32.2132
test_soc_reserve_reward_mean:-20.5189	test_soc_violation_mean:  41.9213	test_total_power_loss_mean:14202.9278	total_power_loss_mean:   14073.5369
train/battery_action_clip:206.5306	train/battery_punishment_reward:-1032.6528	train/battle_won:          1.0000	train/bess_cost_reward:  -176.1220
train/buy_cost_reward:   -305975.9263	train/ep_length:          24.0000	train/episode:           2587.0000	train/episode_limit:       1.0000
train/generate_cost_reward:-37.3161	train/grid_purchase_cost:305975.9263	train/mean_soc:            0.2666	train/return_mean:       -306.3986
train/return_std:         34.7731	train/soc_reserve_reward:-18.9171	train/soc_violation:      39.2093	train/t_env:             114144.0000
train/total_power_loss:  14073.5369	
EA evolution end.
Sync from RL --> Nevo
EA evolution start ...
EA evolution end.
Sync from RL --> Nevo
EA evolution start ...
EA evolution end.
Sync from RL --> Nevo
EA evolution start ...
EA evolution end.
Sync from RL --> Nevo
EA evolution start ...
EA evolution end.
Sync from RL --> Nevo
EA evolution start ...
EA evolution end.
RL eval  -314.0467448914501 1.0
EA eval  -310.84406036860804 1.0
Sync from RL --> Nevo
EA evolution start ...
EA evolution end.
Sync from RL --> Nevo
EA evolution start ...
EA evolution end.
Sync from RL --> Nevo
EA evolution start ...
EA evolution end.
Sync from RL --> Nevo
EA evolution start ...
EA evolution end.
Sync from RL --> Nevo
EA evolution start ...
EA evolution end.
Sync from RL --> Nevo
EA evolution start ...
EA evolution end.
Sync from RL --> Nevo
EA evolution start ...
EA evolution end.
Sync from RL --> Nevo
EA evolution start ...
EA evolution end.
Sync from RL --> Nevo
RL eval  -309.0514258011699 1.0
EA eval  -305.0089920457864 1.0
EA evolution start ...
EA evolution end.
Sync from RL --> Nevo
EA evolution start ...
EA evolution end.
Sync from RL --> Nevo
EA evolution start ...
EA evolution end.
Sync from RL --> Nevo
EA evolution start ...
EA evolution end.
Sync from RL --> Nevo
EA evolution start ...
EA evolution end.
Sync from RL --> Nevo
EA evolution start ...
EA evolution end.
Sync from RL --> Nevo
EA evolution start ...
EA evolution end.
Sync from RL --> Nevo
EA evolution start ...
EA evolution end.
Sync from RL --> Nevo
EA evolution start ...
EA evolution end.
RL eval  -307.5000257715816 1.0
EA eval  -313.8119726755442 1.0
Sync from RL --> Nevo
EA evolution start ...
EA evolution end.
Sync from RL --> Nevo
EA evolution start ...
EA evolution end.
Sync from RL --> Nevo
EA evolution start ...
EA evolution end.
Sync from RL --> Nevo
EA evolution start ...
EA evolution end.
Sync from RL --> Nevo
EA evolution start ...
EA evolution end.
Sync from RL --> Nevo
EA evolution start ...
EA evolution end.
Sync from RL --> Nevo
EA evolution start ...
EA evolution end.
Sync from RL --> Nevo
EA evolution start ...
EA evolution end.
Sync from RL --> Nevo
RL eval  -313.17048989666887 1.0
EA eval  -306.7530494351831 1.0
EA evolution start ...
EA evolution end.
Sync from RL --> Nevo
EA evolution start ...
EA evolution end.
Sync from RL --> Nevo
EA evolution start ...
EA evolution end.
Sync from RL --> Nevo
EA evolution start ...
EA evolution end.
Sync from RL --> Nevo
EA evolution start ...
EA evolution end.
Sync from RL --> Nevo
EA evolution start ...
EA evolution end.
Sync from RL --> Nevo
EA evolution start ...
EA evolution end.
Sync from RL --> Nevo
EA evolution start ...
EA evolution end.
Sync from RL --> Nevo
EA evolution start ...
EA evolution end.
RL eval  -316.87529495739676 1.0
EA eval  -313.312565023791 1.0
Sync from RL --> Nevo
EA evolution start ...
EA evolution end.
Sync from RL --> Nevo
EA evolution start ...
EA evolution end.
Sync from RL --> Nevo
EA evolution start ...
EA evolution end.
Sync from RL --> Nevo
EA evolution start ...
EA evolution end.
Sync from RL --> Nevo
EA evolution start ...
EA evolution end.
Sync from RL --> Nevo
EA evolution start ...
EA evolution end.
Sync from RL --> Nevo
EA evolution start ...
EA evolution end.
Sync from RL --> Nevo
EA evolution start ...
EA evolution end.
Sync from RL --> Nevo
RL eval  -305.0242009681595 1.0
EA eval  -303.6851689599297 1.0
EA evolution start ...
EA evolution end.
Sync from RL --> Nevo
EA evolution start ...
EA evolution end.
Sync from RL --> Nevo
EA evolution start ...
EA evolution end.
Sync from RL --> Nevo
EA evolution start ...
EA evolution end.
Sync from RL --> Nevo
EA evolution start ...
EA evolution end.
Sync from RL --> Nevo
EA evolution start ...
EA evolution end.
Sync from RL --> Nevo
EA evolution start ...
EA evolution end.
Sync from RL --> Nevo
EA evolution start ...
EA evolution end.
Sync from RL --> Nevo
EA evolution start ...
EA evolution end.
RL eval  -313.420690716145 1.0
EA eval  -311.15214984994293 1.0
Sync from RL --> Nevo
EA evolution start ...
EA evolution end.
Sync from RL --> Nevo
EA evolution start ...
EA evolution end.
Sync from RL --> Nevo
EA evolution start ...
EA evolution end.
Sync from RL --> Nevo
EA evolution start ...
EA evolution end.
Sync from RL --> Nevo
EA evolution start ...
EA evolution end.
Sync from RL --> Nevo
EA evolution start ...
EA evolution end.
Sync from RL --> Nevo
EA evolution start ...
EA evolution end.
Sync from RL --> Nevo
EA evolution start ...
EA evolution end.
Sync from RL --> Nevo
RL eval  -312.3250281723133 1.0
EA eval  -307.65883842552154 1.0
EA evolution start ...
EA evolution end.
Sync from RL --> Nevo
EA evolution start ...
EA evolution end.
Sync from RL --> Nevo
EA evolution start ...
EA evolution end.
Sync from RL --> Nevo
EA evolution start ...
EA evolution end.
Sync from RL --> Nevo
EA evolution start ...
EA evolution end.
Sync from RL --> Nevo
EA evolution start ...
EA evolution end.
Sync from RL --> Nevo
EA evolution start ...
EA evolution end.
Sync from RL --> Nevo
EA evolution start ...
EA evolution end.
Sync from RL --> Nevo
EA evolution start ...
EA evolution end.
RL eval  -306.5657858685992 1.0
EA eval  -299.0114806292212 1.0
Sync from RL --> Nevo
EA evolution start ...
EA evolution end.
Sync from RL --> Nevo
EA evolution start ...
EA evolution end.
Sync from RL --> Nevo
EA evolution start ...
EA evolution end.
Sync from RL --> Nevo
EA evolution start ...
EA evolution end.
Sync from RL --> Nevo
EA evolution start ...
EA evolution end.
Sync from RL --> Nevo
EA evolution start ...
EA evolution end.
Sync from RL --> Nevo
EA evolution start ...
EA evolution end.
Sync from RL --> Nevo
EA evolution start ...
EA evolution end.
Sync from RL --> Nevo
RL eval  -311.572046832692 1.0
EA eval  -302.8126211601626 1.0
EA evolution start ...
EA evolution end.
Sync from RL --> Nevo
EA evolution start ...
EA evolution end.
Sync from RL --> Nevo
EA evolution start ...
EA evolution end.
Sync from RL --> Nevo
EA evolution start ...
EA evolution end.
Sync from RL --> Nevo
EA evolution start ...
EA evolution end.
Sync from RL --> Nevo
EA evolution start ...
EA evolution end.
Sync from RL --> Nevo
EA evolution start ...
EA evolution end.
Sync from RL --> Nevo
EA evolution start ...
EA evolution end.
Sync from RL --> Nevo
EA evolution start ...
EA evolution end.
RL eval  -302.13241715175417 1.0
EA eval  -315.15040774252395 1.0
Sync from RL --> Nevo
EA evolution start ...
EA evolution end.
Sync from RL --> Nevo
EA evolution start ...
EA evolution end.
Sync from RL --> Nevo
EA evolution start ...
EA evolution end.
Sync from RL --> Nevo
EA evolution start ...
EA evolution end.
Sync from RL --> Nevo
EA evolution start ...
EA evolution end.
Sync from RL --> Nevo
EA evolution start ...
EA evolution end.
Sync from RL --> Nevo
EA evolution start ...
EA evolution end.
Sync from RL --> Nevo
EA evolution start ...
EA evolution end.
Sync from RL --> Nevo
RL eval  -303.832119904195 1.0
EA eval  -305.7829290206392 1.0
EA evolution start ...
EA evolution end.
Sync from RL --> Nevo
EA evolution start ...
EA evolution end.
Sync from RL --> Nevo
EA evolution start ...
EA evolution end.
Sync from RL --> Nevo
EA evolution start ...
EA evolution end.
Sync from RL --> Nevo
EA evolution start ...
EA evolution end.
Sync from RL --> Nevo
EA evolution start ...
EA evolution end.
Sync from RL --> Nevo
EA evolution start ...
EA evolution end.
Sync from RL --> Nevo
EA evolution start ...
EA evolution end.
Sync from RL --> Nevo
EA evolution start ...
EA evolution end.
RL eval  -306.5791601374197 1.0
EA eval  -307.3725110879542 1.0
Sync from RL --> Nevo
EA evolution start ...
EA evolution end.
Sync from RL --> Nevo
EA evolution start ...
EA evolution end.
Sync from RL --> Nevo
EA evolution start ...
EA evolution end.
Sync from RL --> Nevo
EA evolution start ...
[INFO 21:53:56] root Recent Stats | t_env:     115680 | Episode:     2620
battery_action_clip_mean:208.1772	battery_punishment_reward_mean:-1040.8861	battle_won_mean:           1.0000	bess_cost_reward_mean:   -176.4558
buffer/episodes:         4778.0000	buy_cost_reward_mean:    -302391.5729	ep_length_mean:           24.0000	episode_limit_mean:        1.0000
eval/best_reward:        -305.4812	eval/best_win_rate:        1.0000	eval/ea_reward:          -306.7324	eval/ea_win_rate:          1.0000
eval/rl_reward:          -310.7866	eval/rl_win_rate:          1.0000	generate_cost_reward_mean:-37.2309	grid_purchase_cost_mean: 302391.5729
mean_soc_mean:             0.2655	return_mean:             -302.8171	return_std:               35.5346	soc_reserve_reward_mean: -18.9957
soc_violation_mean:       39.5241	test/battery_action_clip:220.7456	test/battery_punishment_reward:-1103.7280	test/battle_won:           1.0000
test/bess_cost_reward:   -190.7827	test/buy_cost_reward:    -308432.3490	test/ep_length:           24.0000	test/episode_limit:        1.0000
test/generate_cost_reward:-50.7121	test/grid_purchase_cost: 308432.3490	test/mean_soc:             0.2110	test/return_mean:        -308.8890
test/return_std:          32.2132	test/soc_reserve_reward: -20.5189	test/soc_violation:       41.9213	test/total_power_loss:   14202.9278
test_battery_action_clip_mean:220.7456	test_battery_punishment_reward_mean:-1103.7280	test_battle_won_mean:      1.0000	test_bess_cost_reward_mean:-190.7827
test_buy_cost_reward_mean:-308432.3490	test_ep_length_mean:      24.0000	test_episode_limit_mean:   1.0000	test_generate_cost_reward_mean:-50.7121
test_grid_purchase_cost_mean:308432.3490	test_mean_soc_mean:        0.2110	test_return_mean:        -308.8890	test_return_std:          32.2132
test_soc_reserve_reward_mean:-20.5189	test_soc_violation_mean:  41.9213	test_total_power_loss_mean:14202.9278	total_power_loss_mean:   13927.6081
train/battery_action_clip:208.1772	train/battery_punishment_reward:-1040.8861	train/battle_won:          1.0000	train/bess_cost_reward:  -176.4558
train/buy_cost_reward:   -302391.5729	train/ep_length:          24.0000	train/episode:           2598.0000	train/episode_limit:       1.0000
train/generate_cost_reward:-37.2309	train/grid_purchase_cost:302391.5729	train/mean_soc:            0.2655	train/return_mean:       -302.8171
train/return_std:         35.5346	train/soc_reserve_reward:-18.9957	train/soc_violation:      39.5241	train/t_env:             114672.0000
train/total_power_loss:  13927.6081	
[INFO 21:54:12] root t_env: 116304 / 300000
[INFO 21:54:12] root Estimated time left: 1 hours, 12 minutes, 25 seconds. Time passed: 37 minutes, 30 seconds
[INFO 21:54:13] root Recent Stats | t_env:     116304 | Episode:     2631
battery_action_clip_mean:221.0552	battery_punishment_reward_mean:-1105.2761	battle_won_mean:           1.0000	bess_cost_reward_mean:   -178.8196
buffer/episodes:         4800.0000	buy_cost_reward_mean:    -304598.2340	ep_length_mean:           24.0000	episode_limit_mean:        1.0000
eval/best_reward:        -306.1499	eval/best_win_rate:        1.0000	eval/ea_reward:          -307.4012	eval/ea_win_rate:          1.0000
eval/rl_reward:          -310.0277	eval/rl_win_rate:          1.0000	generate_cost_reward_mean:-39.3895	grid_purchase_cost_mean: 304598.2340
mean_soc_mean:             0.2570	return_mean:             -305.0469	return_std:               34.3265	soc_reserve_reward_mean: -19.3251
soc_violation_mean:       41.9688	test/battery_action_clip:286.9152	test/battery_punishment_reward:-1434.5759	test/battle_won:           1.0000
test/bess_cost_reward:   -194.3640	test/buy_cost_reward:    -306931.6464	test/ep_length:           24.0000	test/episode_limit:        1.0000
test/generate_cost_reward:-41.1695	test/grid_purchase_cost: 306931.6464	test/mean_soc:             0.2003	test/return_mean:        -307.4966
test/return_std:          31.1557	test/soc_reserve_reward: -21.5537	test/soc_violation:       54.4908	test/total_power_loss:   14133.9483
test_battery_action_clip_mean:286.9152	test_battery_punishment_reward_mean:-1434.5759	test_battle_won_mean:      1.0000	test_bess_cost_reward_mean:-194.3640
test_buy_cost_reward_mean:-306931.6464	test_ep_length_mean:      24.0000	test_episode_limit_mean:   1.0000	test_generate_cost_reward_mean:-41.1695
test_grid_purchase_cost_mean:306931.6464	test_mean_soc_mean:        0.2003	test_return_mean:        -307.4966	test_return_std:          31.1557
test_soc_reserve_reward_mean:-21.5537	test_soc_violation_mean:  54.4908	test_total_power_loss_mean:14133.9483	total_power_loss_mean:   14035.2697
train/battery_action_clip:221.0552	train/battery_punishment_reward:-1105.2761	train/battle_won:          1.0000	train/bess_cost_reward:  -178.8196
train/buy_cost_reward:   -304598.2340	train/ep_length:          24.0000	train/episode:           2609.0000	train/episode_limit:       1.0000
train/generate_cost_reward:-39.3895	train/grid_purchase_cost:304598.2340	train/mean_soc:            0.2570	train/return_mean:       -305.0469
train/return_std:         34.3265	train/soc_reserve_reward:-19.3251	train/soc_violation:      41.9688	train/t_env:             115200.0000
train/total_power_loss:  14035.2697	
[INFO 21:54:24] root Recent Stats | t_env:     116808 | Episode:     2642
battery_action_clip_mean:226.1974	battery_punishment_reward_mean:-1130.9872	battle_won_mean:           1.0000	bess_cost_reward_mean:   -179.9321
buffer/episodes:         4822.0000	buy_cost_reward_mean:    -310651.0014	ep_length_mean:           24.0000	episode_limit_mean:        1.0000
eval/best_reward:        -306.1499	eval/best_win_rate:        1.0000	eval/ea_reward:          -307.4012	eval/ea_win_rate:          1.0000
eval/rl_reward:          -310.0277	eval/rl_win_rate:          1.0000	generate_cost_reward_mean:-41.0530	grid_purchase_cost_mean: 310651.0014
mean_soc_mean:             0.2530	return_mean:             -311.1092	return_std:               35.1305	soc_reserve_reward_mean: -19.4686
soc_violation_mean:       42.9454	test/battery_action_clip:286.9152	test/battery_punishment_reward:-1434.5759	test/battle_won:           1.0000
test/bess_cost_reward:   -194.3640	test/buy_cost_reward:    -306931.6464	test/ep_length:           24.0000	test/episode_limit:        1.0000
test/generate_cost_reward:-41.1695	test/grid_purchase_cost: 306931.6464	test/mean_soc:             0.2003	test/return_mean:        -307.4966
test/return_std:          31.1557	test/soc_reserve_reward: -21.5537	test/soc_violation:       54.4908	test/total_power_loss:   14133.9483
test_battery_action_clip_mean:286.9152	test_battery_punishment_reward_mean:-1434.5759	test_battle_won_mean:      1.0000	test_bess_cost_reward_mean:-194.3640
test_buy_cost_reward_mean:-306931.6464	test_ep_length_mean:      24.0000	test_episode_limit_mean:   1.0000	test_generate_cost_reward_mean:-41.1695
test_grid_purchase_cost_mean:306931.6464	test_mean_soc_mean:        0.2003	test_return_mean:        -307.4966	test_return_std:          31.1557
test_soc_reserve_reward_mean:-21.5537	test_soc_violation_mean:  54.4908	test_total_power_loss_mean:14133.9483	total_power_loss_mean:   14300.8754
train/battery_action_clip:226.1974	train/battery_punishment_reward:-1130.9872	train/battle_won:          1.0000	train/bess_cost_reward:  -179.9321
train/buy_cost_reward:   -310651.0014	train/ep_length:          24.0000	train/episode:           2620.0000	train/episode_limit:       1.0000
train/generate_cost_reward:-41.0530	train/grid_purchase_cost:310651.0014	train/mean_soc:            0.2530	train/return_mean:       -311.1092
train/return_std:         35.1305	train/soc_reserve_reward:-19.4686	train/soc_violation:      42.9454	train/t_env:             115728.0000
train/total_power_loss:  14300.8754	
[INFO 21:54:33] root Recent Stats | t_env:     117312 | Episode:     2653
battery_action_clip_mean:240.9407	battery_punishment_reward_mean:-1204.7033	battle_won_mean:           1.0000	bess_cost_reward_mean:   -177.4421
buffer/episodes:         4844.0000	buy_cost_reward_mean:    -311688.6188	ep_length_mean:           24.0000	episode_limit_mean:        1.0000
eval/best_reward:        -306.1499	eval/best_win_rate:        1.0000	eval/ea_reward:          -307.4012	eval/ea_win_rate:          1.0000
eval/rl_reward:          -310.0277	eval/rl_win_rate:          1.0000	generate_cost_reward_mean:-40.0234	grid_purchase_cost_mean: 311688.6188
mean_soc_mean:             0.2624	return_mean:             -312.1701	return_std:               35.7783	soc_reserve_reward_mean: -19.2220
soc_violation_mean:       45.7452	test/battery_action_clip:286.9152	test/battery_punishment_reward:-1434.5759	test/battle_won:           1.0000
test/bess_cost_reward:   -194.3640	test/buy_cost_reward:    -306931.6464	test/ep_length:           24.0000	test/episode_limit:        1.0000
test/generate_cost_reward:-41.1695	test/grid_purchase_cost: 306931.6464	test/mean_soc:             0.2003	test/return_mean:        -307.4966
test/return_std:          31.1557	test/soc_reserve_reward: -21.5537	test/soc_violation:       54.4908	test/total_power_loss:   14133.9483
test_battery_action_clip_mean:286.9152	test_battery_punishment_reward_mean:-1434.5759	test_battle_won_mean:      1.0000	test_bess_cost_reward_mean:-194.3640
test_buy_cost_reward_mean:-306931.6464	test_ep_length_mean:      24.0000	test_episode_limit_mean:   1.0000	test_generate_cost_reward_mean:-41.1695
test_grid_purchase_cost_mean:306931.6464	test_mean_soc_mean:        0.2003	test_return_mean:        -307.4966	test_return_std:          31.1557
test_soc_reserve_reward_mean:-21.5537	test_soc_violation_mean:  54.4908	test_total_power_loss_mean:14133.9483	total_power_loss_mean:   14355.1957
train/battery_action_clip:240.9407	train/battery_punishment_reward:-1204.7033	train/battle_won:          1.0000	train/bess_cost_reward:  -177.4421
train/buy_cost_reward:   -311688.6188	train/ep_length:          24.0000	train/episode:           2631.0000	train/episode_limit:       1.0000
train/generate_cost_reward:-40.0234	train/grid_purchase_cost:311688.6188	train/mean_soc:            0.2624	train/return_mean:       -312.1701
train/return_std:         35.7783	train/soc_reserve_reward:-19.2220	train/soc_violation:      45.7452	train/t_env:             116256.0000
train/total_power_loss:  14355.1957	
[INFO 21:54:44] root Recent Stats | t_env:     117816 | Episode:     2664
battery_action_clip_mean:243.4797	battery_punishment_reward_mean:-1217.3984	battle_won_mean:           1.0000	bess_cost_reward_mean:   -175.9893
buffer/episodes:         4866.0000	buy_cost_reward_mean:    -314792.1161	ep_length_mean:           24.0000	episode_limit_mean:        1.0000
eval/best_reward:        -306.1499	eval/best_win_rate:        1.0000	eval/ea_reward:          -307.4012	eval/ea_win_rate:          1.0000
eval/rl_reward:          -310.0277	eval/rl_win_rate:          1.0000	generate_cost_reward_mean:-40.4268	grid_purchase_cost_mean: 314792.1161
mean_soc_mean:             0.2678	return_mean:             -315.2775	return_std:               34.0451	soc_reserve_reward_mean: -19.0667
soc_violation_mean:       46.2288	test/battery_action_clip:286.9152	test/battery_punishment_reward:-1434.5759	test/battle_won:           1.0000
test/bess_cost_reward:   -194.3640	test/buy_cost_reward:    -306931.6464	test/ep_length:           24.0000	test/episode_limit:        1.0000
test/generate_cost_reward:-41.1695	test/grid_purchase_cost: 306931.6464	test/mean_soc:             0.2003	test/return_mean:        -307.4966
test/return_std:          31.1557	test/soc_reserve_reward: -21.5537	test/soc_violation:       54.4908	test/total_power_loss:   14133.9483
test_battery_action_clip_mean:286.9152	test_battery_punishment_reward_mean:-1434.5759	test_battle_won_mean:      1.0000	test_bess_cost_reward_mean:-194.3640
test_buy_cost_reward_mean:-306931.6464	test_ep_length_mean:      24.0000	test_episode_limit_mean:   1.0000	test_generate_cost_reward_mean:-41.1695
test_grid_purchase_cost_mean:306931.6464	test_mean_soc_mean:        0.2003	test_return_mean:        -307.4966	test_return_std:          31.1557
test_soc_reserve_reward_mean:-21.5537	test_soc_violation_mean:  54.4908	test_total_power_loss_mean:14133.9483	total_power_loss_mean:   14480.2363
train/battery_action_clip:243.4797	train/battery_punishment_reward:-1217.3984	train/battle_won:          1.0000	train/bess_cost_reward:  -175.9893
train/buy_cost_reward:   -314792.1161	train/ep_length:          24.0000	train/episode:           2642.0000	train/episode_limit:       1.0000
train/generate_cost_reward:-40.4268	train/grid_purchase_cost:314792.1161	train/mean_soc:            0.2678	train/return_mean:       -315.2775
train/return_std:         34.0451	train/soc_reserve_reward:-19.0667	train/soc_violation:      46.2288	train/t_env:             116784.0000
train/total_power_loss:  14480.2363	
[INFO 21:54:54] root t_env: 118320 / 300000
[INFO 21:54:54] root Estimated time left: 1 hours, 3 minutes, 36 seconds. Time passed: 38 minutes, 13 seconds
[INFO 21:54:56] root Recent Stats | t_env:     118320 | Episode:     2675
battery_action_clip_mean:240.4793	battery_punishment_reward_mean:-1202.3966	battle_won_mean:           1.0000	bess_cost_reward_mean:   -173.1574
buffer/episodes:         4888.0000	buy_cost_reward_mean:    -316814.7824	ep_length_mean:           24.0000	episode_limit_mean:        1.0000
eval/best_reward:        -308.2693	eval/best_win_rate:        1.0000	eval/ea_reward:          -308.9203	eval/ea_win_rate:          1.0000
eval/rl_reward:          -312.1471	eval/rl_win_rate:          1.0000	generate_cost_reward_mean:-41.0913	grid_purchase_cost_mean: 316814.7824
mean_soc_mean:             0.2777	return_mean:             -317.2943	return_std:               34.7589	soc_reserve_reward_mean: -18.6169
soc_violation_mean:       45.6587	test/battery_action_clip:221.2841	test/battery_punishment_reward:-1106.4207	test/battle_won:           1.0000
test/bess_cost_reward:   -165.5966	test/buy_cost_reward:    -316039.5152	test/ep_length:           24.0000	test/episode_limit:        1.0000
test/generate_cost_reward:-37.1806	test/grid_purchase_cost: 316039.5152	test/mean_soc:             0.3035	test/return_mean:        -316.4827
test/return_std:          31.3523	test/soc_reserve_reward: -17.4017	test/soc_violation:       42.0232	test/total_power_loss:   14520.1484
test_battery_action_clip_mean:221.2841	test_battery_punishment_reward_mean:-1106.4207	test_battle_won_mean:      1.0000	test_bess_cost_reward_mean:-165.5966
test_buy_cost_reward_mean:-316039.5152	test_ep_length_mean:      24.0000	test_episode_limit_mean:   1.0000	test_generate_cost_reward_mean:-37.1806
test_grid_purchase_cost_mean:316039.5152	test_mean_soc_mean:        0.3035	test_return_mean:        -316.4827	test_return_std:          31.3523
test_soc_reserve_reward_mean:-17.4017	test_soc_violation_mean:  42.0232	test_total_power_loss_mean:14520.1484	total_power_loss_mean:   14565.3658
train/battery_action_clip:240.4793	train/battery_punishment_reward:-1202.3966	train/battle_won:          1.0000	train/bess_cost_reward:  -173.1574
train/buy_cost_reward:   -316814.7824	train/ep_length:          24.0000	train/episode:           2653.0000	train/episode_limit:       1.0000
train/generate_cost_reward:-41.0913	train/grid_purchase_cost:316814.7824	train/mean_soc:            0.2777	train/return_mean:       -317.2943
train/return_std:         34.7589	train/soc_reserve_reward:-18.6169	train/soc_violation:      45.6587	train/t_env:             117312.0000
train/total_power_loss:  14565.3658	
[INFO 21:55:11] root Recent Stats | t_env:     118944 | Episode:     2686
battery_action_clip_mean:220.4241	battery_punishment_reward_mean:-1102.1204	battle_won_mean:           1.0000	bess_cost_reward_mean:   -169.9028
buffer/episodes:         4910.0000	buy_cost_reward_mean:    -315362.3169	ep_length_mean:           24.0000	episode_limit_mean:        1.0000
eval/best_reward:        -308.2693	eval/best_win_rate:        1.0000	eval/ea_reward:          -308.9203	eval/ea_win_rate:          1.0000
eval/rl_reward:          -312.1471	eval/rl_win_rate:          1.0000	generate_cost_reward_mean:-40.1819	grid_purchase_cost_mean: 315362.3169
mean_soc_mean:             0.2891	return_mean:             -315.8068	return_std:               33.6343	soc_reserve_reward_mean: -18.1206
soc_violation_mean:       41.8523	test/battery_action_clip:221.2841	test/battery_punishment_reward:-1106.4207	test/battle_won:           1.0000
test/bess_cost_reward:   -165.5966	test/buy_cost_reward:    -316039.5152	test/ep_length:           24.0000	test/episode_limit:        1.0000
test/generate_cost_reward:-37.1806	test/grid_purchase_cost: 316039.5152	test/mean_soc:             0.3035	test/return_mean:        -316.4827
test/return_std:          31.3523	test/soc_reserve_reward: -17.4017	test/soc_violation:       42.0232	test/total_power_loss:   14520.1484
test_battery_action_clip_mean:221.2841	test_battery_punishment_reward_mean:-1106.4207	test_battle_won_mean:      1.0000	test_bess_cost_reward_mean:-165.5966
test_buy_cost_reward_mean:-316039.5152	test_ep_length_mean:      24.0000	test_episode_limit_mean:   1.0000	test_generate_cost_reward_mean:-37.1806
test_grid_purchase_cost_mean:316039.5152	test_mean_soc_mean:        0.3035	test_return_mean:        -316.4827	test_return_std:          31.3523
test_soc_reserve_reward_mean:-17.4017	test_soc_violation_mean:  42.0232	test_total_power_loss_mean:14520.1484	total_power_loss_mean:   14490.1747
train/battery_action_clip:220.4241	train/battery_punishment_reward:-1102.1204	train/battle_won:          1.0000	train/bess_cost_reward:  -169.9028
train/buy_cost_reward:   -315362.3169	train/ep_length:          24.0000	train/episode:           2664.0000	train/episode_limit:       1.0000
train/generate_cost_reward:-40.1819	train/grid_purchase_cost:315362.3169	train/mean_soc:            0.2891	train/return_mean:       -315.8068
train/return_std:         33.6343	train/soc_reserve_reward:-18.1206	train/soc_violation:      41.8523	train/t_env:             117840.0000
train/total_power_loss:  14490.1747	
[INFO 21:55:22] root Recent Stats | t_env:     119448 | Episode:     2697
battery_action_clip_mean:216.1491	battery_punishment_reward_mean:-1080.7455	battle_won_mean:           1.0000	bess_cost_reward_mean:   -165.4221
buffer/episodes:         4932.0000	buy_cost_reward_mean:    -313642.4492	ep_length_mean:           24.0000	episode_limit_mean:        1.0000
eval/best_reward:        -308.2693	eval/best_win_rate:        1.0000	eval/ea_reward:          -308.9203	eval/ea_win_rate:          1.0000
eval/rl_reward:          -312.1471	eval/rl_win_rate:          1.0000	generate_cost_reward_mean:-40.4118	grid_purchase_cost_mean: 313642.4492
mean_soc_mean:             0.3051	return_mean:             -314.0782	return_std:               31.6749	soc_reserve_reward_mean: -17.4615
soc_violation_mean:       41.0383	test/battery_action_clip:221.2841	test/battery_punishment_reward:-1106.4207	test/battle_won:           1.0000
test/bess_cost_reward:   -165.5966	test/buy_cost_reward:    -316039.5152	test/ep_length:           24.0000	test/episode_limit:        1.0000
test/generate_cost_reward:-37.1806	test/grid_purchase_cost: 316039.5152	test/mean_soc:             0.3035	test/return_mean:        -316.4827
test/return_std:          31.3523	test/soc_reserve_reward: -17.4017	test/soc_violation:       42.0232	test/total_power_loss:   14520.1484
test_battery_action_clip_mean:221.2841	test_battery_punishment_reward_mean:-1106.4207	test_battle_won_mean:      1.0000	test_bess_cost_reward_mean:-165.5966
test_buy_cost_reward_mean:-316039.5152	test_ep_length_mean:      24.0000	test_episode_limit_mean:   1.0000	test_generate_cost_reward_mean:-37.1806
test_grid_purchase_cost_mean:316039.5152	test_mean_soc_mean:        0.3035	test_return_mean:        -316.4827	test_return_std:          31.3523
test_soc_reserve_reward_mean:-17.4017	test_soc_violation_mean:  42.0232	test_total_power_loss_mean:14520.1484	total_power_loss_mean:   14412.9198
train/battery_action_clip:216.1491	train/battery_punishment_reward:-1080.7455	train/battle_won:          1.0000	train/bess_cost_reward:  -165.4221
train/buy_cost_reward:   -313642.4492	train/ep_length:          24.0000	train/episode:           2675.0000	train/episode_limit:       1.0000
train/generate_cost_reward:-40.4118	train/grid_purchase_cost:313642.4492	train/mean_soc:            0.3051	train/return_mean:       -314.0782
train/return_std:         31.6749	train/soc_reserve_reward:-17.4615	train/soc_violation:      41.0383	train/t_env:             118368.0000
train/total_power_loss:  14412.9198	
[INFO 21:55:31] root Recent Stats | t_env:     119952 | Episode:     2708
battery_action_clip_mean:215.3429	battery_punishment_reward_mean:-1076.7145	battle_won_mean:           1.0000	bess_cost_reward_mean:   -167.1386
buffer/episodes:         4954.0000	buy_cost_reward_mean:    -312238.7455	ep_length_mean:           24.0000	episode_limit_mean:        1.0000
eval/best_reward:        -308.2693	eval/best_win_rate:        1.0000	eval/ea_reward:          -308.9203	eval/ea_win_rate:          1.0000
eval/rl_reward:          -312.1471	eval/rl_win_rate:          1.0000	generate_cost_reward_mean:-41.5474	grid_purchase_cost_mean: 312238.7455
mean_soc_mean:             0.2993	return_mean:             -312.6742	return_std:               32.7102	soc_reserve_reward_mean: -17.6462
soc_violation_mean:       40.8702	test/battery_action_clip:221.2841	test/battery_punishment_reward:-1106.4207	test/battle_won:           1.0000
test/bess_cost_reward:   -165.5966	test/buy_cost_reward:    -316039.5152	test/ep_length:           24.0000	test/episode_limit:        1.0000
test/generate_cost_reward:-37.1806	test/grid_purchase_cost: 316039.5152	test/mean_soc:             0.3035	test/return_mean:        -316.4827
test/return_std:          31.3523	test/soc_reserve_reward: -17.4017	test/soc_violation:       42.0232	test/total_power_loss:   14520.1484
test_battery_action_clip_mean:221.2841	test_battery_punishment_reward_mean:-1106.4207	test_battle_won_mean:      1.0000	test_bess_cost_reward_mean:-165.5966
test_buy_cost_reward_mean:-316039.5152	test_ep_length_mean:      24.0000	test_episode_limit_mean:   1.0000	test_generate_cost_reward_mean:-37.1806
test_grid_purchase_cost_mean:316039.5152	test_mean_soc_mean:        0.3035	test_return_mean:        -316.4827	test_return_std:          31.3523
test_soc_reserve_reward_mean:-17.4017	test_soc_violation_mean:  42.0232	test_total_power_loss_mean:14520.1484	total_power_loss_mean:   14355.9959
train/battery_action_clip:215.3429	train/battery_punishment_reward:-1076.7145	train/battle_won:          1.0000	train/bess_cost_reward:  -167.1386
train/buy_cost_reward:   -312238.7455	train/ep_length:          24.0000	train/episode:           2686.0000	train/episode_limit:       1.0000
train/generate_cost_reward:-41.5474	train/grid_purchase_cost:312238.7455	train/mean_soc:            0.2993	train/return_mean:       -312.6742
train/return_std:         32.7102	train/soc_reserve_reward:-17.6462	train/soc_violation:      40.8702	train/t_env:             118896.0000
train/total_power_loss:  14355.9959	
[INFO 21:55:36] root Updated all target networks (soft update tau=0.002)
[INFO 21:55:36] root Updated all target networks (soft update tau=0.002)
[INFO 21:55:37] root Updated all target networks (soft update tau=0.002)
[INFO 21:55:38] root Updated all target networks (soft update tau=0.002)
[INFO 21:55:38] root Updated all target networks (soft update tau=0.002)
[INFO 21:55:39] root Updated all target networks (soft update tau=0.002)
[INFO 21:55:40] root Updated all target networks (soft update tau=0.002)
[INFO 21:55:40] root Updated all target networks (soft update tau=0.002)
[INFO 21:55:41] root Updated all target networks (soft update tau=0.002)
[INFO 21:55:42] root Updated all target networks (soft update tau=0.002)
[INFO 21:55:47] root Updated all target networks (soft update tau=0.002)
[INFO 21:55:48] root Updated all target networks (soft update tau=0.002)
[INFO 21:55:48] root Updated all target networks (soft update tau=0.002)
[INFO 21:55:49] root Updated all target networks (soft update tau=0.002)
[INFO 21:55:50] root Updated all target networks (soft update tau=0.002)
[INFO 21:55:50] root Updated all target networks (soft update tau=0.002)
[INFO 21:55:50] root t_env: 120384 / 300000
[INFO 21:55:50] root Estimated time left: 1 hours, 21 minutes, 25 seconds. Time passed: 39 minutes, 9 seconds
[INFO 21:55:53] root Updated all target networks (soft update tau=0.002)
[INFO 21:55:53] root Updated all target networks (soft update tau=0.002)
[INFO 21:55:54] root Updated all target networks (soft update tau=0.002)
[INFO 21:55:54] root Recent Stats | t_env:     120456 | Episode:     2719
agent_grad_norm:         299.8398	battery_action_clip_mean:221.5332	battery_punishment_reward_mean:-1107.6661	battle_won_mean:           1.0000
bess_cost_reward_mean:   -170.4590	buffer/episodes:         4976.0000	buy_cost_reward_mean:    -313019.3889	critic_grad_norm:        182218576.0000
critic_loss:             7949664.0000	ep_length_mean:           24.0000	episode_limit_mean:        1.0000	eval/best_reward:        -306.5278
eval/best_win_rate:        1.0000	eval/ea_reward:          -307.1722	eval/ea_win_rate:          1.0000	eval/rl_reward:          -311.2738
eval/rl_win_rate:          1.0000	generate_cost_reward_mean:-40.4797	grad/agent_norm:         299.8398	grad/critic_norm:        182218576.0000
grid_purchase_cost_mean: 313019.3889	loss/critic_loss:        7949664.0000	loss/policy_loss:        -6914.4619	mean_soc_mean:             0.2873
pg_loss:                 -6914.4619	return_mean:             -313.4660	return_std:               32.8174	soc_reserve_reward_mean: -18.0541
soc_violation_mean:       42.0401	target_mean:             7288.7448	test/battery_action_clip:199.3028	test/battery_punishment_reward:-996.5140
test/battle_won:           1.0000	test/bess_cost_reward:   -153.7180	test/buy_cost_reward:    -313221.0529	test/ep_length:           24.0000
test/episode_limit:        1.0000	test/generate_cost_reward:-27.4912	test/grid_purchase_cost: 313221.0529	test/mean_soc:             0.3460
test/return_mean:        -313.6195	test/return_std:          33.2242	test/soc_reserve_reward: -15.7383	test/soc_violation:       37.8471
test/total_power_loss:   14412.8709	test_battery_action_clip_mean:199.3028	test_battery_punishment_reward_mean:-996.5140	test_battle_won_mean:      1.0000
test_bess_cost_reward_mean:-153.7180	test_buy_cost_reward_mean:-313221.0529	test_ep_length_mean:      24.0000	test_episode_limit_mean:   1.0000
test_generate_cost_reward_mean:-27.4912	test_grid_purchase_cost_mean:313221.0529	test_mean_soc_mean:        0.3460	test_return_mean:        -313.6195
test_return_std:          33.2242	test_soc_reserve_reward_mean:-15.7383	test_soc_violation_mean:  37.8471	test_total_power_loss_mean:14412.8709
total_power_loss_mean:   14387.8882	train/battery_action_clip:221.5332	train/battery_punishment_reward:-1107.6661	train/battle_won:          1.0000
train/bess_cost_reward:  -170.4590	train/buy_cost_reward:   -313019.3889	train/ep_length:          24.0000	train/episode:           2697.0000
train/episode_limit:       1.0000	train/generate_cost_reward:-40.4797	train/grid_purchase_cost:313019.3889	train/mean_soc:            0.2873
train/return_mean:       -313.4660	train/return_std:         32.8174	train/soc_reserve_reward:-18.0541	train/soc_violation:      42.0401
train/t_env:             119424.0000	train/total_power_loss:  14387.8882	value/target_mean:       7288.7448	
[INFO 21:55:54] root Updated all target networks (soft update tau=0.002)
[INFO 21:56:00] root Updated all target networks (soft update tau=0.002)
[INFO 21:56:00] root Updated all target networks (soft update tau=0.002)
[INFO 21:56:01] root Updated all target networks (soft update tau=0.002)
[INFO 21:56:01] root Updated all target networks (soft update tau=0.002)
[INFO 21:56:02] root Updated all target networks (soft update tau=0.002)
[INFO 21:56:02] root Updated all target networks (soft update tau=0.002)
[INFO 21:56:03] root Updated all target networks (soft update tau=0.002)
[INFO 21:56:04] root Updated all target networks (soft update tau=0.002)
[INFO 21:56:04] root Updated all target networks (soft update tau=0.002)
[INFO 21:56:05] root Updated all target networks (soft update tau=0.002)
[INFO 21:56:09] root Updated all target networks (soft update tau=0.002)
[INFO 21:56:10] root Updated all target networks (soft update tau=0.002)
[INFO 21:56:10] root Updated all target networks (soft update tau=0.002)
[INFO 21:56:11] root Updated all target networks (soft update tau=0.002)
[INFO 21:56:11] root Updated all target networks (soft update tau=0.002)
[INFO 21:56:12] root Updated all target networks (soft update tau=0.002)
[INFO 21:56:12] root Saving models to results\models\facmac_smac__2026-06-15_21-16-36\120864
[INFO 21:56:12] root Updated all target networks (soft update tau=0.002)
[INFO 21:56:13] root Updated all target networks (soft update tau=0.002)
[INFO 21:56:14] root Updated all target networks (soft update tau=0.002)
[INFO 21:56:14] root Updated all target networks (soft update tau=0.002)
[INFO 21:56:14] root Recent Stats | t_env:     120960 | Episode:     2730
agent_grad_norm:         175.6840	battery_action_clip_mean:230.8762	battery_punishment_reward_mean:-1154.3810	battle_won_mean:           1.0000
bess_cost_reward_mean:   -172.4859	buffer/episodes:         4998.0000	buy_cost_reward_mean:    -312101.6749	critic_grad_norm:        126493236.0000
critic_loss:             7195444.7500	ep_length_mean:           24.0000	episode_limit_mean:        1.0000	eval/best_reward:        -306.5278
eval/best_win_rate:        1.0000	eval/ea_reward:          -307.1722	eval/ea_win_rate:          1.0000	eval/rl_reward:          -311.2738
eval/rl_win_rate:          1.0000	generate_cost_reward_mean:-39.8410	grad/agent_norm:         175.6840	grad/critic_norm:        126493236.0000
grid_purchase_cost_mean: 312101.6749	loss/critic_loss:        7195444.7500	loss/policy_loss:        -6973.2532	mean_soc_mean:             0.2805
pg_loss:                 -6973.2532	return_mean:             -312.5644	return_std:               32.6776	soc_reserve_reward_mean: -18.3697
soc_violation_mean:       43.8093	target_mean:             7274.1045	test/battery_action_clip:199.3028	test/battery_punishment_reward:-996.5140
test/battle_won:           1.0000	test/bess_cost_reward:   -153.7180	test/buy_cost_reward:    -313221.0529	test/ep_length:           24.0000
test/episode_limit:        1.0000	test/generate_cost_reward:-27.4912	test/grid_purchase_cost: 313221.0529	test/mean_soc:             0.3460
test/return_mean:        -313.6195	test/return_std:          33.2242	test/soc_reserve_reward: -15.7383	test/soc_violation:       37.8471
test/total_power_loss:   14412.8709	test_battery_action_clip_mean:199.3028	test_battery_punishment_reward_mean:-996.5140	test_battle_won_mean:      1.0000
test_bess_cost_reward_mean:-153.7180	test_buy_cost_reward_mean:-313221.0529	test_ep_length_mean:      24.0000	test_episode_limit_mean:   1.0000
test_generate_cost_reward_mean:-27.4912	test_grid_purchase_cost_mean:313221.0529	test_mean_soc_mean:        0.3460	test_return_mean:        -313.6195
test_return_std:          33.2242	test_soc_reserve_reward_mean:-15.7383	test_soc_violation_mean:  37.8471	test_total_power_loss_mean:14412.8709
total_power_loss_mean:   14353.0248	train/battery_action_clip:230.8762	train/battery_punishment_reward:-1154.3810	train/battle_won:          1.0000
train/bess_cost_reward:  -172.4859	train/buy_cost_reward:   -312101.6749	train/ep_length:          24.0000	train/episode:           2708.0000
train/episode_limit:       1.0000	train/generate_cost_reward:-39.8410	train/grid_purchase_cost:312101.6749	train/mean_soc:            0.2805
train/return_mean:       -312.5644	train/return_std:         32.6776	train/soc_reserve_reward:-18.3697	train/soc_violation:      43.8093
train/t_env:             119952.0000	train/total_power_loss:  14353.0248	value/target_mean:       7274.1045	
[INFO 21:56:19] root Updated all target networks (soft update tau=0.002)
[INFO 21:56:20] root Updated all target networks (soft update tau=0.002)
[INFO 21:56:20] root Updated all target networks (soft update tau=0.002)
[INFO 21:56:21] root Updated all target networks (soft update tau=0.002)
[INFO 21:56:21] root Updated all target networks (soft update tau=0.002)
[INFO 21:56:22] root Updated all target networks (soft update tau=0.002)
[INFO 21:56:23] root Updated all target networks (soft update tau=0.002)
[INFO 21:56:23] root Updated all target networks (soft update tau=0.002)
[INFO 21:56:24] root Updated all target networks (soft update tau=0.002)
[INFO 21:56:24] root Updated all target networks (soft update tau=0.002)
[INFO 21:56:29] root Updated all target networks (soft update tau=0.002)
[INFO 21:56:30] root Updated all target networks (soft update tau=0.002)
[INFO 21:56:30] root Updated all target networks (soft update tau=0.002)
[INFO 21:56:31] root Updated all target networks (soft update tau=0.002)
[INFO 21:56:31] root Updated all target networks (soft update tau=0.002)
[INFO 21:56:32] root Updated all target networks (soft update tau=0.002)
[INFO 21:56:33] root Updated all target networks (soft update tau=0.002)
[INFO 21:56:33] root Updated all target networks (soft update tau=0.002)
[INFO 21:56:34] root Updated all target networks (soft update tau=0.002)
[INFO 21:56:34] root Updated all target networks (soft update tau=0.002)
[INFO 21:56:40] root Updated all target networks (soft update tau=0.002)
[INFO 21:56:40] root Updated all target networks (soft update tau=0.002)
[INFO 21:56:41] root Updated all target networks (soft update tau=0.002)
[INFO 21:56:41] root Updated all target networks (soft update tau=0.002)
[INFO 21:56:42] root Updated all target networks (soft update tau=0.002)
[INFO 21:56:42] root Updated all target networks (soft update tau=0.002)
[INFO 21:56:42] root Recent Stats | t_env:     121584 | Episode:     2741
agent_grad_norm:         146.3905	battery_action_clip_mean:269.3581	battery_punishment_reward_mean:-1346.7906	battle_won_mean:           1.0000
bess_cost_reward_mean:   -176.2066	buffer/episodes:         5020.0000	buy_cost_reward_mean:    -312514.6836	critic_grad_norm:        92656964.0000
critic_loss:             6491894.0000	ep_length_mean:           24.0000	episode_limit_mean:        1.0000	eval/best_reward:        -306.5278
eval/best_win_rate:        1.0000	eval/ea_reward:          -307.1722	eval/ea_win_rate:          1.0000	eval/rl_reward:          -311.2738
eval/rl_win_rate:          1.0000	generate_cost_reward_mean:-33.6077	grad/agent_norm:         146.3905	grad/critic_norm:        92656964.0000
grid_purchase_cost_mean: 312514.6836	loss/critic_loss:        6491894.0000	loss/policy_loss:        -7034.4580	mean_soc_mean:             0.2671
pg_loss:                 -7034.4580	return_mean:             -313.0407	return_std:               35.5407	soc_reserve_reward_mean: -18.9215
soc_violation_mean:       51.1213	target_mean:             7277.5749	test/battery_action_clip:199.3028	test/battery_punishment_reward:-996.5140
test/battle_won:           1.0000	test/bess_cost_reward:   -153.7180	test/buy_cost_reward:    -313221.0529	test/ep_length:           24.0000
test/episode_limit:        1.0000	test/generate_cost_reward:-27.4912	test/grid_purchase_cost: 313221.0529	test/mean_soc:             0.3460
test/return_mean:        -313.6195	test/return_std:          33.2242	test/soc_reserve_reward: -15.7383	test/soc_violation:       37.8471
test/total_power_loss:   14412.8709	test_battery_action_clip_mean:199.3028	test_battery_punishment_reward_mean:-996.5140	test_battle_won_mean:      1.0000
test_bess_cost_reward_mean:-153.7180	test_buy_cost_reward_mean:-313221.0529	test_ep_length_mean:      24.0000	test_episode_limit_mean:   1.0000
test_generate_cost_reward_mean:-27.4912	test_grid_purchase_cost_mean:313221.0529	test_mean_soc_mean:        0.3460	test_return_mean:        -313.6195
test_return_std:          33.2242	test_soc_reserve_reward_mean:-15.7383	test_soc_violation_mean:  37.8471	test_total_power_loss_mean:14412.8709
total_power_loss_mean:   14384.3621	train/battery_action_clip:269.3581	train/battery_punishment_reward:-1346.7906	train/battle_won:          1.0000
train/bess_cost_reward:  -176.2066	train/buy_cost_reward:   -312514.6836	train/ep_length:          24.0000	train/episode:           2719.0000
train/episode_limit:       1.0000	train/generate_cost_reward:-33.6077	train/grid_purchase_cost:312514.6836	train/mean_soc:            0.2671
train/return_mean:       -313.0407	train/return_std:         35.5407	train/soc_reserve_reward:-18.9215	train/soc_violation:      51.1213
train/t_env:             120480.0000	train/total_power_loss:  14384.3621	value/target_mean:       7277.5749	
[INFO 21:56:43] root Updated all target networks (soft update tau=0.002)
[INFO 21:56:43] root Updated all target networks (soft update tau=0.002)
[INFO 21:56:44] root Updated all target networks (soft update tau=0.002)
[INFO 21:56:45] root Updated all target networks (soft update tau=0.002)
[INFO 21:56:50] root Updated all target networks (soft update tau=0.002)
[INFO 21:56:51] root Updated all target networks (soft update tau=0.002)
[INFO 21:56:51] root Updated all target networks (soft update tau=0.002)
[INFO 21:56:52] root Updated all target networks (soft update tau=0.002)
[INFO 21:56:52] root Updated all target networks (soft update tau=0.002)
[INFO 21:56:53] root Updated all target networks (soft update tau=0.002)
[INFO 21:56:54] root Updated all target networks (soft update tau=0.002)
[INFO 21:56:54] root Updated all target networks (soft update tau=0.002)
[INFO 21:56:55] root Updated all target networks (soft update tau=0.002)
[INFO 21:56:55] root Updated all target networks (soft update tau=0.002)
[INFO 21:57:01] root Updated all target networks (soft update tau=0.002)
[INFO 21:57:01] root Updated all target networks (soft update tau=0.002)
[INFO 21:57:02] root Updated all target networks (soft update tau=0.002)
[INFO 21:57:02] root Updated all target networks (soft update tau=0.002)
[INFO 21:57:03] root Updated all target networks (soft update tau=0.002)
[INFO 21:57:03] root Updated all target networks (soft update tau=0.002)
[INFO 21:57:04] root Updated all target networks (soft update tau=0.002)
[INFO 21:57:04] root Recent Stats | t_env:     122088 | Episode:     2752
agent_grad_norm:         416.3858	battery_action_clip_mean:273.4849	battery_punishment_reward_mean:-1367.4243	battle_won_mean:           1.0000
bess_cost_reward_mean:   -177.9618	buffer/episodes:         5042.0000	buy_cost_reward_mean:    -311617.3929	critic_grad_norm:        91070405.0000
critic_loss:             5979657.2500	ep_length_mean:           24.0000	episode_limit_mean:        1.0000	eval/best_reward:        -306.5278
eval/best_win_rate:        1.0000	eval/ea_reward:          -307.1722	eval/ea_win_rate:          1.0000	eval/rl_reward:          -311.2738
eval/rl_win_rate:          1.0000	generate_cost_reward_mean:-34.3391	grad/agent_norm:         416.3858	grad/critic_norm:        91070405.0000
grid_purchase_cost_mean: 311617.3929	loss/critic_loss:        5979657.2500	loss/policy_loss:        -7182.4875	mean_soc_mean:             0.2599
pg_loss:                 -7182.4875	return_mean:             -312.1512	return_std:               33.9384	soc_reserve_reward_mean: -19.1117
soc_violation_mean:       51.9212	target_mean:             7294.7783	test/battery_action_clip:199.3028	test/battery_punishment_reward:-996.5140
test/battle_won:           1.0000	test/bess_cost_reward:   -153.7180	test/buy_cost_reward:    -313221.0529	test/ep_length:           24.0000
test/episode_limit:        1.0000	test/generate_cost_reward:-27.4912	test/grid_purchase_cost: 313221.0529	test/mean_soc:             0.3460
test/return_mean:        -313.6195	test/return_std:          33.2242	test/soc_reserve_reward: -15.7383	test/soc_violation:       37.8471
test/total_power_loss:   14412.8709	test_battery_action_clip_mean:199.3028	test_battery_punishment_reward_mean:-996.5140	test_battle_won_mean:      1.0000
test_bess_cost_reward_mean:-153.7180	test_buy_cost_reward_mean:-313221.0529	test_ep_length_mean:      24.0000	test_episode_limit_mean:   1.0000
test_generate_cost_reward_mean:-27.4912	test_grid_purchase_cost_mean:313221.0529	test_mean_soc_mean:        0.3460	test_return_mean:        -313.6195
test_return_std:          33.2242	test_soc_reserve_reward_mean:-15.7383	test_soc_violation_mean:  37.8471	test_total_power_loss_mean:14412.8709
total_power_loss_mean:   14348.7333	train/battery_action_clip:273.4849	train/battery_punishment_reward:-1367.4243	train/battle_won:          1.0000
train/bess_cost_reward:  -177.9618	train/buy_cost_reward:   -311617.3929	train/ep_length:          24.0000	train/episode:           2730.0000
train/episode_limit:       1.0000	train/generate_cost_reward:-34.3391	train/grid_purchase_cost:311617.3929	train/mean_soc:            0.2599
train/return_mean:       -312.1512	train/return_std:         33.9384	train/soc_reserve_reward:-19.1117	train/soc_violation:      51.9212
train/t_env:             121008.0000	train/total_power_loss:  14348.7333	value/target_mean:       7294.7783	
[INFO 21:57:04] root Updated all target networks (soft update tau=0.002)
[INFO 21:57:05] root Updated all target networks (soft update tau=0.002)
[INFO 21:57:06] root Updated all target networks (soft update tau=0.002)
[INFO 21:57:11] root Updated all target networks (soft update tau=0.002)
[INFO 21:57:11] root Updated all target networks (soft update tau=0.002)
[INFO 21:57:12] root Updated all target networks (soft update tau=0.002)
[INFO 21:57:13] root Updated all target networks (soft update tau=0.002)
[INFO 21:57:13] root Updated all target networks (soft update tau=0.002)
[INFO 21:57:14] root Updated all target networks (soft update tau=0.002)
[INFO 21:57:14] root Updated all target networks (soft update tau=0.002)
[INFO 21:57:15] root Updated all target networks (soft update tau=0.002)
[INFO 21:57:15] root Updated all target networks (soft update tau=0.002)
[INFO 21:57:16] root Updated all target networks (soft update tau=0.002)
[INFO 21:57:16] root t_env: 122400 / 300000
[INFO 21:57:16] root Estimated time left: 2 hours, 5 minutes, 58 seconds. Time passed: 40 minutes, 35 seconds
[INFO 21:57:22] root Updated all target networks (soft update tau=0.002)
[INFO 21:57:23] root Updated all target networks (soft update tau=0.002)
[INFO 21:57:24] root Updated all target networks (soft update tau=0.002)
[INFO 21:57:24] root Updated all target networks (soft update tau=0.002)
[INFO 21:57:25] root Updated all target networks (soft update tau=0.002)
[INFO 21:57:25] root Updated all target networks (soft update tau=0.002)
[INFO 21:57:26] root Updated all target networks (soft update tau=0.002)
[INFO 21:57:26] root Updated all target networks (soft update tau=0.002)
[INFO 21:57:26] root Recent Stats | t_env:     122592 | Episode:     2763
agent_grad_norm:         405.1462	battery_action_clip_mean:287.0493	battery_punishment_reward_mean:-1435.2467	battle_won_mean:           1.0000
bess_cost_reward_mean:   -177.7216	buffer/episodes:         5064.0000	buy_cost_reward_mean:    -308006.4941	critic_grad_norm:        125696429.6000
critic_loss:             5682014.5000	ep_length_mean:           24.0000	episode_limit_mean:        1.0000	eval/best_reward:        -305.1237
eval/best_win_rate:        1.0000	eval/ea_reward:          -305.7682	eval/ea_win_rate:          1.0000	eval/rl_reward:          -309.5581
eval/rl_win_rate:          1.0000	generate_cost_reward_mean:-39.6523	grad/agent_norm:         405.1462	grad/critic_norm:        125696429.6000
grid_purchase_cost_mean: 308006.4941	loss/critic_loss:        5682014.5000	loss/policy_loss:        -7333.7848	mean_soc_mean:             0.2606
pg_loss:                 -7333.7848	return_mean:             -308.5648	return_std:               35.3650	soc_reserve_reward_mean: -19.0921
soc_violation_mean:       54.5026	target_mean:             7329.7794	test/battery_action_clip:285.7914	test/battery_punishment_reward:-1428.9571
test/battle_won:           1.0000	test/bess_cost_reward:   -182.4780	test/buy_cost_reward:    -305966.7285	test/ep_length:           24.0000
test/episode_limit:        1.0000	test/generate_cost_reward:-50.0379	test/grid_purchase_cost: 305966.7285	test/mean_soc:             0.2428
test/return_mean:        -306.5285	test/return_std:          34.1365	test/soc_reserve_reward: -19.8908	test/soc_violation:       54.2778
test/total_power_loss:   14097.3330	test_battery_action_clip_mean:285.7914	test_battery_punishment_reward_mean:-1428.9571	test_battle_won_mean:      1.0000
test_bess_cost_reward_mean:-182.4780	test_buy_cost_reward_mean:-305966.7285	test_ep_length_mean:      24.0000	test_episode_limit_mean:   1.0000
test_generate_cost_reward_mean:-50.0379	test_grid_purchase_cost_mean:305966.7285	test_mean_soc_mean:        0.2428	test_return_mean:        -306.5285
test_return_std:          34.1365	test_soc_reserve_reward_mean:-19.8908	test_soc_violation_mean:  54.2778	test_total_power_loss_mean:14097.3330
total_power_loss_mean:   14204.4942	train/battery_action_clip:287.0493	train/battery_punishment_reward:-1435.2467	train/battle_won:          1.0000
train/bess_cost_reward:  -177.7216	train/buy_cost_reward:   -308006.4941	train/ep_length:          24.0000	train/episode:           2741.0000
train/episode_limit:       1.0000	train/generate_cost_reward:-39.6523	train/grid_purchase_cost:308006.4941	train/mean_soc:            0.2606
train/return_mean:       -308.5648	train/return_std:         35.3650	train/soc_reserve_reward:-19.0921	train/soc_violation:      54.5026
train/t_env:             121536.0000	train/total_power_loss:  14204.4942	value/target_mean:       7329.7794	
[INFO 21:57:27] root Updated all target networks (soft update tau=0.002)
[INFO 21:57:28] root Updated all target networks (soft update tau=0.002)
[INFO 21:57:33] root Updated all target networks (soft update tau=0.002)
[INFO 21:57:33] root Updated all target networks (soft update tau=0.002)
[INFO 21:57:34] root Updated all target networks (soft update tau=0.002)
[INFO 21:57:35] root Updated all target networks (soft update tau=0.002)
[INFO 21:57:35] root Updated all target networks (soft update tau=0.002)
[INFO 21:57:36] root Updated all target networks (soft update tau=0.002)
[INFO 21:57:36] root Updated all target networks (soft update tau=0.002)
[INFO 21:57:37] root Updated all target networks (soft update tau=0.002)
[INFO 21:57:37] root Updated all target networks (soft update tau=0.002)
[INFO 21:57:38] root Updated all target networks (soft update tau=0.002)
[INFO 21:57:43] root Updated all target networks (soft update tau=0.002)
[INFO 21:57:44] root Updated all target networks (soft update tau=0.002)
[INFO 21:57:44] root Updated all target networks (soft update tau=0.002)
[INFO 21:57:45] root Updated all target networks (soft update tau=0.002)
[INFO 21:57:45] root Updated all target networks (soft update tau=0.002)
[INFO 21:57:46] root Updated all target networks (soft update tau=0.002)
[INFO 21:57:46] root Updated all target networks (soft update tau=0.002)
[INFO 21:57:47] root Updated all target networks (soft update tau=0.002)
[INFO 21:57:47] root Updated all target networks (soft update tau=0.002)
[INFO 21:57:48] root Recent Stats | t_env:     123096 | Episode:     2774
agent_grad_norm:         355.5089	battery_action_clip_mean:297.3248	battery_punishment_reward_mean:-1486.6242	battle_won_mean:           1.0000
bess_cost_reward_mean:   -183.1447	buffer/episodes:         5086.0000	buy_cost_reward_mean:    -306351.8875	critic_grad_norm:        120072068.0000
critic_loss:             4986924.0000	ep_length_mean:           24.0000	episode_limit_mean:        1.0000	eval/best_reward:        -305.1237
eval/best_win_rate:        1.0000	eval/ea_reward:          -305.7682	eval/ea_win_rate:          1.0000	eval/rl_reward:          -309.5581
eval/rl_win_rate:          1.0000	generate_cost_reward_mean:-45.9610	grad/agent_norm:         355.5089	grad/critic_norm:        120072068.0000
grid_purchase_cost_mean: 306351.8875	loss/critic_loss:        4986924.0000	loss/policy_loss:        -7527.7969	mean_soc_mean:             0.2406
pg_loss:                 -7527.7969	return_mean:             -306.9316	return_std:               33.3949	soc_reserve_reward_mean: -19.8397
soc_violation_mean:       56.4614	target_mean:             7387.6016	test/battery_action_clip:285.7914	test/battery_punishment_reward:-1428.9571
test/battle_won:           1.0000	test/bess_cost_reward:   -182.4780	test/buy_cost_reward:    -305966.7285	test/ep_length:           24.0000
test/episode_limit:        1.0000	test/generate_cost_reward:-50.0379	test/grid_purchase_cost: 305966.7285	test/mean_soc:             0.2428
test/return_mean:        -306.5285	test/return_std:          34.1365	test/soc_reserve_reward: -19.8908	test/soc_violation:       54.2778
test/total_power_loss:   14097.3330	test_battery_action_clip_mean:285.7914	test_battery_punishment_reward_mean:-1428.9571	test_battle_won_mean:      1.0000
test_bess_cost_reward_mean:-182.4780	test_buy_cost_reward_mean:-305966.7285	test_ep_length_mean:      24.0000	test_episode_limit_mean:   1.0000
test_generate_cost_reward_mean:-50.0379	test_grid_purchase_cost_mean:305966.7285	test_mean_soc_mean:        0.2428	test_return_mean:        -306.5285
test_return_std:          34.1365	test_soc_reserve_reward_mean:-19.8908	test_soc_violation_mean:  54.2778	test_total_power_loss_mean:14097.3330
total_power_loss_mean:   14130.3142	train/battery_action_clip:297.3248	train/battery_punishment_reward:-1486.6242	train/battle_won:          1.0000
train/bess_cost_reward:  -183.1447	train/buy_cost_reward:   -306351.8875	train/ep_length:          24.0000	train/episode:           2752.0000
train/episode_limit:       1.0000	train/generate_cost_reward:-45.9610	train/grid_purchase_cost:306351.8875	train/mean_soc:            0.2406
train/return_mean:       -306.9316	train/return_std:         33.3949	train/soc_reserve_reward:-19.8397	train/soc_violation:      56.4614
train/t_env:             122064.0000	train/total_power_loss:  14130.3142	value/target_mean:       7387.6016	
[INFO 21:57:48] root Updated all target networks (soft update tau=0.002)
[INFO 21:57:52] root Updated all target networks (soft update tau=0.002)
[INFO 21:57:53] root Updated all target networks (soft update tau=0.002)
[INFO 21:57:53] root Updated all target networks (soft update tau=0.002)
[INFO 21:57:54] root Updated all target networks (soft update tau=0.002)
[INFO 21:57:54] root Updated all target networks (soft update tau=0.002)
[INFO 21:57:55] root Updated all target networks (soft update tau=0.002)
[INFO 21:57:55] root Updated all target networks (soft update tau=0.002)
[INFO 21:57:56] root Updated all target networks (soft update tau=0.002)
[INFO 21:57:56] root Updated all target networks (soft update tau=0.002)
[INFO 21:57:57] root Updated all target networks (soft update tau=0.002)
[INFO 21:58:02] root Updated all target networks (soft update tau=0.002)
[INFO 21:58:03] root Updated all target networks (soft update tau=0.002)
[INFO 21:58:03] root Updated all target networks (soft update tau=0.002)
[INFO 21:58:04] root Updated all target networks (soft update tau=0.002)
[INFO 21:58:05] root Updated all target networks (soft update tau=0.002)
[INFO 21:58:05] root Updated all target networks (soft update tau=0.002)
[INFO 21:58:06] root Updated all target networks (soft update tau=0.002)
[INFO 21:58:06] root Updated all target networks (soft update tau=0.002)
[INFO 21:58:07] root Updated all target networks (soft update tau=0.002)
[INFO 21:58:07] root Updated all target networks (soft update tau=0.002)
[INFO 21:58:07] root Recent Stats | t_env:     123600 | Episode:     2785
agent_grad_norm:         347.7321	battery_action_clip_mean:313.5184	battery_punishment_reward_mean:-1567.5919	battle_won_mean:           1.0000
bess_cost_reward_mean:   -175.1721	buffer/episodes:         5108.0000	buy_cost_reward_mean:    -305074.8291	critic_grad_norm:        113071655.2000
critic_loss:             4593493.4000	ep_length_mean:           24.0000	episode_limit_mean:        1.0000	eval/best_reward:        -305.1237
eval/best_win_rate:        1.0000	eval/ea_reward:          -305.7682	eval/ea_win_rate:          1.0000	eval/rl_reward:          -309.5581
eval/rl_win_rate:          1.0000	generate_cost_reward_mean:-55.1609	grad/agent_norm:         347.7321	grad/critic_norm:        113071655.2000
grid_purchase_cost_mean: 305074.8291	loss/critic_loss:        4593493.4000	loss/policy_loss:        -7755.2850	mean_soc_mean:             0.2704
pg_loss:                 -7755.2850	return_mean:             -305.6819	return_std:               33.1117	soc_reserve_reward_mean: -18.8868
soc_violation_mean:       59.5337	target_mean:             7482.1672	test/battery_action_clip:285.7914	test/battery_punishment_reward:-1428.9571
test/battle_won:           1.0000	test/bess_cost_reward:   -182.4780	test/buy_cost_reward:    -305966.7285	test/ep_length:           24.0000
test/episode_limit:        1.0000	test/generate_cost_reward:-50.0379	test/grid_purchase_cost: 305966.7285	test/mean_soc:             0.2428
test/return_mean:        -306.5285	test/return_std:          34.1365	test/soc_reserve_reward: -19.8908	test/soc_violation:       54.2778
test/total_power_loss:   14097.3330	test_battery_action_clip_mean:285.7914	test_battery_punishment_reward_mean:-1428.9571	test_battle_won_mean:      1.0000
test_bess_cost_reward_mean:-182.4780	test_buy_cost_reward_mean:-305966.7285	test_ep_length_mean:      24.0000	test_episode_limit_mean:   1.0000
test_generate_cost_reward_mean:-50.0379	test_grid_purchase_cost_mean:305966.7285	test_mean_soc_mean:        0.2428	test_return_mean:        -306.5285
test_return_std:          34.1365	test_soc_reserve_reward_mean:-19.8908	test_soc_violation_mean:  54.2778	test_total_power_loss_mean:14097.3330
total_power_loss_mean:   14076.0499	train/battery_action_clip:313.5184	train/battery_punishment_reward:-1567.5919	train/battle_won:          1.0000
train/bess_cost_reward:  -175.1721	train/buy_cost_reward:   -305074.8291	train/ep_length:          24.0000	train/episode:           2763.0000
train/episode_limit:       1.0000	train/generate_cost_reward:-55.1609	train/grid_purchase_cost:305074.8291	train/mean_soc:            0.2704
train/return_mean:       -305.6819	train/return_std:         33.1117	train/soc_reserve_reward:-18.8868	train/soc_violation:      59.5337
train/t_env:             122592.0000	train/total_power_loss:  14076.0499	value/target_mean:       7482.1672	
[INFO 21:58:13] root Updated all target networks (soft update tau=0.002)
[INFO 21:58:14] root Updated all target networks (soft update tau=0.002)
[INFO 21:58:14] root Updated all target networks (soft update tau=0.002)
[INFO 21:58:15] root Updated all target networks (soft update tau=0.002)
[INFO 21:58:15] root Updated all target networks (soft update tau=0.002)
[INFO 21:58:16] root Updated all target networks (soft update tau=0.002)
[INFO 21:58:17] root Updated all target networks (soft update tau=0.002)
[INFO 21:58:17] root Updated all target networks (soft update tau=0.002)
[INFO 21:58:18] root Updated all target networks (soft update tau=0.002)
[INFO 21:58:18] root Updated all target networks (soft update tau=0.002)
[INFO 21:58:24] root Updated all target networks (soft update tau=0.002)
[INFO 21:58:24] root Updated all target networks (soft update tau=0.002)
[INFO 21:58:25] root Updated all target networks (soft update tau=0.002)
[INFO 21:58:25] root Updated all target networks (soft update tau=0.002)
[INFO 21:58:26] root Updated all target networks (soft update tau=0.002)
[INFO 21:58:26] root Updated all target networks (soft update tau=0.002)
[INFO 21:58:27] root Updated all target networks (soft update tau=0.002)
[INFO 21:58:28] root Updated all target networks (soft update tau=0.002)
[INFO 21:58:28] root Updated all target networks (soft update tau=0.002)
[INFO 21:58:29] root Updated all target networks (soft update tau=0.002)
[INFO 21:58:34] root Updated all target networks (soft update tau=0.002)
[INFO 21:58:35] root Updated all target networks (soft update tau=0.002)
[INFO 21:58:35] root Updated all target networks (soft update tau=0.002)
[INFO 21:58:36] root Updated all target networks (soft update tau=0.002)
[INFO 21:58:37] root Updated all target networks (soft update tau=0.002)
[INFO 21:58:37] root Updated all target networks (soft update tau=0.002)
[INFO 21:58:37] root Recent Stats | t_env:     124224 | Episode:     2796
agent_grad_norm:         331.0211	battery_action_clip_mean:315.7798	battery_punishment_reward_mean:-1578.8991	battle_won_mean:           1.0000
bess_cost_reward_mean:   -174.5721	buffer/episodes:         5130.0000	buy_cost_reward_mean:    -305308.2788	critic_grad_norm:        123793764.8000
critic_loss:             4482758.6000	ep_length_mean:           24.0000	episode_limit_mean:        1.0000	eval/best_reward:        -305.1237
eval/best_win_rate:        1.0000	eval/ea_reward:          -305.7682	eval/ea_win_rate:          1.0000	eval/rl_reward:          -309.5581
eval/rl_win_rate:          1.0000	generate_cost_reward_mean:-63.8496	grad/agent_norm:         331.0211	grad/critic_norm:        123793764.8000
grid_purchase_cost_mean: 305308.2788	loss/critic_loss:        4482758.6000	loss/policy_loss:        -7955.5644	mean_soc_mean:             0.2725
pg_loss:                 -7955.5644	return_mean:             -305.9221	return_std:               32.0117	soc_reserve_reward_mean: -18.7721
soc_violation_mean:       59.9626	target_mean:             7596.8327	test/battery_action_clip:285.7914	test/battery_punishment_reward:-1428.9571
test/battle_won:           1.0000	test/bess_cost_reward:   -182.4780	test/buy_cost_reward:    -305966.7285	test/ep_length:           24.0000
test/episode_limit:        1.0000	test/generate_cost_reward:-50.0379	test/grid_purchase_cost: 305966.7285	test/mean_soc:             0.2428
test/return_mean:        -306.5285	test/return_std:          34.1365	test/soc_reserve_reward: -19.8908	test/soc_violation:       54.2778
test/total_power_loss:   14097.3330	test_battery_action_clip_mean:285.7914	test_battery_punishment_reward_mean:-1428.9571	test_battle_won_mean:      1.0000
test_bess_cost_reward_mean:-182.4780	test_buy_cost_reward_mean:-305966.7285	test_ep_length_mean:      24.0000	test_episode_limit_mean:   1.0000
test_generate_cost_reward_mean:-50.0379	test_grid_purchase_cost_mean:305966.7285	test_mean_soc_mean:        0.2428	test_return_mean:        -306.5285
test_return_std:          34.1365	test_soc_reserve_reward_mean:-19.8908	test_soc_violation_mean:  54.2778	test_total_power_loss_mean:14097.3330
total_power_loss_mean:   14079.7868	train/battery_action_clip:315.7798	train/battery_punishment_reward:-1578.8991	train/battle_won:          1.0000
train/bess_cost_reward:  -174.5721	train/buy_cost_reward:   -305308.2788	train/ep_length:          24.0000	train/episode:           2774.0000
train/episode_limit:       1.0000	train/generate_cost_reward:-63.8496	train/grid_purchase_cost:305308.2788	train/mean_soc:            0.2725
train/return_mean:       -305.9221	train/return_std:         32.0117	train/soc_reserve_reward:-18.7721	train/soc_violation:      59.9626
train/t_env:             123120.0000	train/total_power_loss:  14079.7868	value/target_mean:       7596.8327	
[INFO 21:58:38] root Updated all target networks (soft update tau=0.002)
[INFO 21:58:38] root Updated all target networks (soft update tau=0.002)
[INFO 21:58:39] root Updated all target networks (soft update tau=0.002)
[INFO 21:58:39] root Updated all target networks (soft update tau=0.002)
[INFO 21:58:44] root Updated all target networks (soft update tau=0.002)
[INFO 21:58:45] root Updated all target networks (soft update tau=0.002)
[INFO 21:58:45] root Updated all target networks (soft update tau=0.002)
[INFO 21:58:46] root Updated all target networks (soft update tau=0.002)
[INFO 21:58:46] root Updated all target networks (soft update tau=0.002)
[INFO 21:58:47] root Updated all target networks (soft update tau=0.002)
[INFO 21:58:47] root t_env: 124464 / 300000
[INFO 21:58:47] root Estimated time left: 2 hours, 8 minutes, 42 seconds. Time passed: 42 minutes, 6 seconds
[INFO 21:58:49] root Updated all target networks (soft update tau=0.002)
[INFO 21:58:50] root Updated all target networks (soft update tau=0.002)
[INFO 21:58:50] root Updated all target networks (soft update tau=0.002)
[INFO 21:58:51] root Updated all target networks (soft update tau=0.002)
[INFO 21:58:56] root Updated all target networks (soft update tau=0.002)
[INFO 21:58:56] root Updated all target networks (soft update tau=0.002)
[INFO 21:58:57] root Updated all target networks (soft update tau=0.002)
[INFO 21:58:57] root Updated all target networks (soft update tau=0.002)
[INFO 21:58:58] root Updated all target networks (soft update tau=0.002)
[INFO 21:58:58] root Updated all target networks (soft update tau=0.002)
[INFO 21:58:59] root Updated all target networks (soft update tau=0.002)
[INFO 21:58:59] root Recent Stats | t_env:     124728 | Episode:     2807
agent_grad_norm:          86.1352	battery_action_clip_mean:326.9126	battery_punishment_reward_mean:-1634.5628	battle_won_mean:           1.0000
bess_cost_reward_mean:   -172.9045	buffer/episodes:         5152.0000	buy_cost_reward_mean:    -307032.8130	critic_grad_norm:        189302864.0000
critic_loss:             4531561.7000	ep_length_mean:           24.0000	episode_limit_mean:        1.0000	eval/best_reward:        -306.3950
eval/best_win_rate:        1.0000	eval/ea_reward:          -308.6536	eval/ea_win_rate:          1.0000	eval/rl_reward:          -307.7497
eval/rl_win_rate:          1.0000	generate_cost_reward_mean:-68.9595	grad/agent_norm:          86.1352	grad/critic_norm:        189302864.0000
grid_purchase_cost_mean: 307032.8130	loss/critic_loss:        4531561.7000	loss/policy_loss:        -8070.9669	mean_soc_mean:             0.2789
pg_loss:                 -8070.9669	return_mean:             -307.6664	return_std:               31.8542	soc_reserve_reward_mean: -18.6355
soc_violation_mean:       62.0751	target_mean:             7724.3285	test/battery_action_clip:332.5346	test/battery_punishment_reward:-1662.6728
test/battle_won:           1.0000	test/bess_cost_reward:   -189.1649	test/buy_cost_reward:    -307934.6318	test/ep_length:           24.0000
test/episode_limit:        1.0000	test/generate_cost_reward:-59.8401	test/grid_purchase_cost: 307934.6318	test/mean_soc:             0.2196
test/return_mean:        -308.5804	test/return_std:          30.8182	test/soc_reserve_reward: -20.7347	test/soc_violation:       63.1436
test/total_power_loss:   14182.9271	test_battery_action_clip_mean:332.5346	test_battery_punishment_reward_mean:-1662.6728	test_battle_won_mean:      1.0000
test_bess_cost_reward_mean:-189.1649	test_buy_cost_reward_mean:-307934.6318	test_ep_length_mean:      24.0000	test_episode_limit_mean:   1.0000
test_generate_cost_reward_mean:-59.8401	test_grid_purchase_cost_mean:307934.6318	test_mean_soc_mean:        0.2196	test_return_mean:        -308.5804
test_return_std:          30.8182	test_soc_reserve_reward_mean:-20.7347	test_soc_violation_mean:  63.1436	test_total_power_loss_mean:14182.9271
total_power_loss_mean:   14142.8382	train/battery_action_clip:326.9126	train/battery_punishment_reward:-1634.5628	train/battle_won:          1.0000
train/bess_cost_reward:  -172.9045	train/buy_cost_reward:   -307032.8130	train/ep_length:          24.0000	train/episode:           2785.0000
train/episode_limit:       1.0000	train/generate_cost_reward:-68.9595	train/grid_purchase_cost:307032.8130	train/mean_soc:            0.2789
train/return_mean:       -307.6664	train/return_std:         31.8542	train/soc_reserve_reward:-18.6355	train/soc_violation:      62.0751
train/t_env:             123648.0000	train/total_power_loss:  14142.8382	value/target_mean:       7724.3285	
[INFO 21:59:00] root Updated all target networks (soft update tau=0.002)
[INFO 21:59:00] root Updated all target networks (soft update tau=0.002)
[INFO 21:59:01] root Updated all target networks (soft update tau=0.002)
[INFO 21:59:07] root Updated all target networks (soft update tau=0.002)
[INFO 21:59:07] root Updated all target networks (soft update tau=0.002)
[INFO 21:59:08] root Updated all target networks (soft update tau=0.002)
[INFO 21:59:08] root Updated all target networks (soft update tau=0.002)
[INFO 21:59:09] root Updated all target networks (soft update tau=0.002)
[INFO 21:59:09] root Updated all target networks (soft update tau=0.002)
[INFO 21:59:10] root Updated all target networks (soft update tau=0.002)
[INFO 21:59:10] root Updated all target networks (soft update tau=0.002)
[INFO 21:59:11] root Updated all target networks (soft update tau=0.002)
[INFO 21:59:12] root Updated all target networks (soft update tau=0.002)
[INFO 21:59:17] root Updated all target networks (soft update tau=0.002)
[INFO 21:59:17] root Updated all target networks (soft update tau=0.002)
[INFO 21:59:18] root Updated all target networks (soft update tau=0.002)
[INFO 21:59:19] root Updated all target networks (soft update tau=0.002)
[INFO 21:59:19] root Updated all target networks (soft update tau=0.002)
[INFO 21:59:20] root Updated all target networks (soft update tau=0.002)
[INFO 21:59:20] root Updated all target networks (soft update tau=0.002)
[INFO 21:59:21] root Updated all target networks (soft update tau=0.002)
[INFO 21:59:21] root Recent Stats | t_env:     125232 | Episode:     2818
agent_grad_norm:          14.3541	battery_action_clip_mean:331.2110	battery_punishment_reward_mean:-1656.0550	battle_won_mean:           1.0000
bess_cost_reward_mean:   -173.8437	buffer/episodes:         5174.0000	buy_cost_reward_mean:    -302348.9378	critic_grad_norm:        154566152.0000
critic_loss:             4560882.9000	ep_length_mean:           24.0000	episode_limit_mean:        1.0000	eval/best_reward:        -306.3950
eval/best_win_rate:        1.0000	eval/ea_reward:          -308.6536	eval/ea_win_rate:          1.0000	eval/rl_reward:          -307.7497
eval/rl_win_rate:          1.0000	generate_cost_reward_mean:-71.3853	grad/agent_norm:          14.3541	grad/critic_norm:        154566152.0000
grid_purchase_cost_mean: 302348.9378	loss/critic_loss:        4560882.9000	loss/policy_loss:        -8130.6776	mean_soc_mean:             0.2758
pg_loss:                 -8130.6776	return_mean:             -302.9909	return_std:               31.5896	soc_reserve_reward_mean: -18.7628
soc_violation_mean:       62.8858	target_mean:             7850.3164	test/battery_action_clip:332.5346	test/battery_punishment_reward:-1662.6728
test/battle_won:           1.0000	test/bess_cost_reward:   -189.1649	test/buy_cost_reward:    -307934.6318	test/ep_length:           24.0000
test/episode_limit:        1.0000	test/generate_cost_reward:-59.8401	test/grid_purchase_cost: 307934.6318	test/mean_soc:             0.2196
test/return_mean:        -308.5804	test/return_std:          30.8182	test/soc_reserve_reward: -20.7347	test/soc_violation:       63.1436
test/total_power_loss:   14182.9271	test_battery_action_clip_mean:332.5346	test_battery_punishment_reward_mean:-1662.6728	test_battle_won_mean:      1.0000
test_bess_cost_reward_mean:-189.1649	test_buy_cost_reward_mean:-307934.6318	test_ep_length_mean:      24.0000	test_episode_limit_mean:   1.0000
test_generate_cost_reward_mean:-59.8401	test_grid_purchase_cost_mean:307934.6318	test_mean_soc_mean:        0.2196	test_return_mean:        -308.5804
test_return_std:          30.8182	test_soc_reserve_reward_mean:-20.7347	test_soc_violation_mean:  63.1436	test_total_power_loss_mean:14182.9271
total_power_loss_mean:   13948.4665	train/battery_action_clip:331.2110	train/battery_punishment_reward:-1656.0550	train/battle_won:          1.0000
train/bess_cost_reward:  -173.8437	train/buy_cost_reward:   -302348.9378	train/ep_length:          24.0000	train/episode:           2796.0000
train/episode_limit:       1.0000	train/generate_cost_reward:-71.3853	train/grid_purchase_cost:302348.9378	train/mean_soc:            0.2758
train/return_mean:       -302.9909	train/return_std:         31.5896	train/soc_reserve_reward:-18.7628	train/soc_violation:      62.8858
train/t_env:             124176.0000	train/total_power_loss:  13948.4665	value/target_mean:       7850.3164	
[INFO 21:59:21] root Updated all target networks (soft update tau=0.002)
[INFO 21:59:22] root Updated all target networks (soft update tau=0.002)
[INFO 21:59:27] root Updated all target networks (soft update tau=0.002)
[INFO 21:59:28] root Updated all target networks (soft update tau=0.002)
[INFO 21:59:28] root Updated all target networks (soft update tau=0.002)
[INFO 21:59:29] root Updated all target networks (soft update tau=0.002)
[INFO 21:59:29] root Updated all target networks (soft update tau=0.002)
[INFO 21:59:30] root Updated all target networks (soft update tau=0.002)
[INFO 21:59:31] root Updated all target networks (soft update tau=0.002)
[INFO 21:59:31] root Updated all target networks (soft update tau=0.002)
[INFO 21:59:32] root Updated all target networks (soft update tau=0.002)
[INFO 21:59:32] root Updated all target networks (soft update tau=0.002)
[INFO 21:59:38] root Updated all target networks (soft update tau=0.002)
[INFO 21:59:38] root Updated all target networks (soft update tau=0.002)
[INFO 21:59:39] root Updated all target networks (soft update tau=0.002)
[INFO 21:59:40] root Updated all target networks (soft update tau=0.002)
[INFO 21:59:40] root Updated all target networks (soft update tau=0.002)
[INFO 21:59:41] root Updated all target networks (soft update tau=0.002)
[INFO 21:59:41] root Updated all target networks (soft update tau=0.002)
[INFO 21:59:42] root Updated all target networks (soft update tau=0.002)
[INFO 21:59:42] root Updated all target networks (soft update tau=0.002)
[INFO 21:59:42] root Recent Stats | t_env:     125736 | Episode:     2829
agent_grad_norm:           4.2258	battery_action_clip_mean:334.1928	battery_punishment_reward_mean:-1670.9642	battle_won_mean:           1.0000
bess_cost_reward_mean:   -172.4608	buffer/episodes:         5196.0000	buy_cost_reward_mean:    -305830.3091	critic_grad_norm:        291431636.8000
critic_loss:             4683165.3000	ep_length_mean:           24.0000	episode_limit_mean:        1.0000	eval/best_reward:        -306.3950
eval/best_win_rate:        1.0000	eval/ea_reward:          -308.6536	eval/ea_win_rate:          1.0000	eval/rl_reward:          -307.7497
eval/rl_win_rate:          1.0000	generate_cost_reward_mean:-73.0127	grad/agent_norm:           4.2258	grad/critic_norm:        291431636.8000
grid_purchase_cost_mean: 305830.3091	loss/critic_loss:        4683165.3000	loss/policy_loss:        -8288.7353	mean_soc_mean:             0.2812
pg_loss:                 -8288.7353	return_mean:             -306.4773	return_std:               33.5103	soc_reserve_reward_mean: -18.5444
soc_violation_mean:       63.4438	target_mean:             7978.9444	test/battery_action_clip:332.5346	test/battery_punishment_reward:-1662.6728
test/battle_won:           1.0000	test/bess_cost_reward:   -189.1649	test/buy_cost_reward:    -307934.6318	test/ep_length:           24.0000
test/episode_limit:        1.0000	test/generate_cost_reward:-59.8401	test/grid_purchase_cost: 307934.6318	test/mean_soc:             0.2196
test/return_mean:        -308.5804	test/return_std:          30.8182	test/soc_reserve_reward: -20.7347	test/soc_violation:       63.1436
test/total_power_loss:   14182.9271	test_battery_action_clip_mean:332.5346	test_battery_punishment_reward_mean:-1662.6728	test_battle_won_mean:      1.0000
test_bess_cost_reward_mean:-189.1649	test_buy_cost_reward_mean:-307934.6318	test_ep_length_mean:      24.0000	test_episode_limit_mean:   1.0000
test_generate_cost_reward_mean:-59.8401	test_grid_purchase_cost_mean:307934.6318	test_mean_soc_mean:        0.2196	test_return_mean:        -308.5804
test_return_std:          30.8182	test_soc_reserve_reward_mean:-20.7347	test_soc_violation_mean:  63.1436	test_total_power_loss_mean:14182.9271
total_power_loss_mean:   14094.3103	train/battery_action_clip:334.1928	train/battery_punishment_reward:-1670.9642	train/battle_won:          1.0000
train/bess_cost_reward:  -172.4608	train/buy_cost_reward:   -305830.3091	train/ep_length:          24.0000	train/episode:           2807.0000
train/episode_limit:       1.0000	train/generate_cost_reward:-73.0127	train/grid_purchase_cost:305830.3091	train/mean_soc:            0.2812
train/return_mean:       -306.4773	train/return_std:         33.5103	train/soc_reserve_reward:-18.5444	train/soc_violation:      63.4438
train/t_env:             124704.0000	train/total_power_loss:  14094.3103	value/target_mean:       7978.9444	
[INFO 21:59:43] root Updated all target networks (soft update tau=0.002)
[INFO 21:59:48] root Updated all target networks (soft update tau=0.002)
[INFO 21:59:49] root Updated all target networks (soft update tau=0.002)
[INFO 21:59:49] root Updated all target networks (soft update tau=0.002)
[INFO 21:59:50] root Updated all target networks (soft update tau=0.002)
[INFO 21:59:50] root Updated all target networks (soft update tau=0.002)
[INFO 21:59:51] root Updated all target networks (soft update tau=0.002)
[INFO 21:59:51] root Updated all target networks (soft update tau=0.002)
[INFO 21:59:52] root Updated all target networks (soft update tau=0.002)
[INFO 21:59:52] root Updated all target networks (soft update tau=0.002)
[INFO 21:59:53] root Updated all target networks (soft update tau=0.002)
[INFO 21:59:58] root Updated all target networks (soft update tau=0.002)
[INFO 21:59:59] root Updated all target networks (soft update tau=0.002)
[INFO 21:59:59] root Updated all target networks (soft update tau=0.002)
[INFO 22:00:00] root Updated all target networks (soft update tau=0.002)
[INFO 22:00:00] root Updated all target networks (soft update tau=0.002)
[INFO 22:00:01] root Updated all target networks (soft update tau=0.002)
[INFO 22:00:02] root Updated all target networks (soft update tau=0.002)
[INFO 22:00:02] root Updated all target networks (soft update tau=0.002)
[INFO 22:00:03] root Updated all target networks (soft update tau=0.002)
[INFO 22:00:03] root Updated all target networks (soft update tau=0.002)
[INFO 22:00:03] root Recent Stats | t_env:     126240 | Episode:     2840
agent_grad_norm:           1.8480	battery_action_clip_mean:331.3089	battery_punishment_reward_mean:-1656.5445	battle_won_mean:           1.0000
bess_cost_reward_mean:   -184.2594	buffer/episodes:         5218.0000	buy_cost_reward_mean:    -309290.4286	critic_grad_norm:        306214236.8000
critic_loss:             4740359.1000	ep_length_mean:           24.0000	episode_limit_mean:        1.0000	eval/best_reward:        -306.3950
eval/best_win_rate:        1.0000	eval/ea_reward:          -308.6536	eval/ea_win_rate:          1.0000	eval/rl_reward:          -307.7497
eval/rl_win_rate:          1.0000	generate_cost_reward_mean:-72.1205	grad/agent_norm:           1.8480	grad/critic_norm:        306214236.8000
grid_purchase_cost_mean: 309290.4286	loss/critic_loss:        4740359.1000	loss/policy_loss:        -8338.2070	mean_soc_mean:             0.2379
pg_loss:                 -8338.2070	return_mean:             -309.9368	return_std:               32.0834	soc_reserve_reward_mean: -20.1038
soc_violation_mean:       62.9015	target_mean:             8105.8264	test/battery_action_clip:332.5346	test/battery_punishment_reward:-1662.6728
test/battle_won:           1.0000	test/bess_cost_reward:   -189.1649	test/buy_cost_reward:    -307934.6318	test/ep_length:           24.0000
test/episode_limit:        1.0000	test/generate_cost_reward:-59.8401	test/grid_purchase_cost: 307934.6318	test/mean_soc:             0.2196
test/return_mean:        -308.5804	test/return_std:          30.8182	test/soc_reserve_reward: -20.7347	test/soc_violation:       63.1436
test/total_power_loss:   14182.9271	test_battery_action_clip_mean:332.5346	test_battery_punishment_reward_mean:-1662.6728	test_battle_won_mean:      1.0000
test_bess_cost_reward_mean:-189.1649	test_buy_cost_reward_mean:-307934.6318	test_ep_length_mean:      24.0000	test_episode_limit_mean:   1.0000
test_generate_cost_reward_mean:-59.8401	test_grid_purchase_cost_mean:307934.6318	test_mean_soc_mean:        0.2196	test_return_mean:        -308.5804
test_return_std:          30.8182	test_soc_reserve_reward_mean:-20.7347	test_soc_violation_mean:  63.1436	test_total_power_loss_mean:14182.9271
total_power_loss_mean:   14241.7801	train/battery_action_clip:331.3089	train/battery_punishment_reward:-1656.5445	train/battle_won:          1.0000
train/bess_cost_reward:  -184.2594	train/buy_cost_reward:   -309290.4286	train/ep_length:          24.0000	train/episode:           2818.0000
train/episode_limit:       1.0000	train/generate_cost_reward:-72.1205	train/grid_purchase_cost:309290.4286	train/mean_soc:            0.2379
train/return_mean:       -309.9368	train/return_std:         32.0834	train/soc_reserve_reward:-20.1038	train/soc_violation:      62.9015
train/t_env:             125232.0000	train/total_power_loss:  14241.7801	value/target_mean:       8105.8264	
[INFO 22:00:09] root Updated all target networks (soft update tau=0.002)
[INFO 22:00:10] root Updated all target networks (soft update tau=0.002)
[INFO 22:00:10] root Updated all target networks (soft update tau=0.002)
[INFO 22:00:11] root Updated all target networks (soft update tau=0.002)
[INFO 22:00:11] root Updated all target networks (soft update tau=0.002)
[INFO 22:00:12] root Updated all target networks (soft update tau=0.002)
[INFO 22:00:13] root Updated all target networks (soft update tau=0.002)
[INFO 22:00:13] root Updated all target networks (soft update tau=0.002)
[INFO 22:00:14] root Updated all target networks (soft update tau=0.002)
[INFO 22:00:14] root Updated all target networks (soft update tau=0.002)
[INFO 22:00:14] root t_env: 126480 / 300000
[INFO 22:00:14] root Estimated time left: 2 hours, 5 minutes, 31 seconds. Time passed: 43 minutes, 33 seconds
[INFO 22:00:22] root Updated all target networks (soft update tau=0.002)
[INFO 22:00:22] root Updated all target networks (soft update tau=0.002)
[INFO 22:00:23] root Updated all target networks (soft update tau=0.002)
[INFO 22:00:23] root Updated all target networks (soft update tau=0.002)
[INFO 22:00:24] root Updated all target networks (soft update tau=0.002)
[INFO 22:00:25] root Updated all target networks (soft update tau=0.002)
[INFO 22:00:25] root Updated all target networks (soft update tau=0.002)
[INFO 22:00:26] root Updated all target networks (soft update tau=0.002)
[INFO 22:00:26] root Updated all target networks (soft update tau=0.002)
[INFO 22:00:27] root Updated all target networks (soft update tau=0.002)
[INFO 22:00:32] root Updated all target networks (soft update tau=0.002)
[INFO 22:00:33] root Updated all target networks (soft update tau=0.002)
[INFO 22:00:33] root Updated all target networks (soft update tau=0.002)
[INFO 22:00:34] root Updated all target networks (soft update tau=0.002)
[INFO 22:00:35] root Updated all target networks (soft update tau=0.002)
[INFO 22:00:35] root Updated all target networks (soft update tau=0.002)
[INFO 22:00:35] root Recent Stats | t_env:     126864 | Episode:     2851
agent_grad_norm:           1.1729	battery_action_clip_mean:326.5650	battery_punishment_reward_mean:-1632.8249	battle_won_mean:           1.0000
bess_cost_reward_mean:   -182.6217	buffer/episodes:         5240.0000	buy_cost_reward_mean:    -308346.4169	critic_grad_norm:        388228465.6000
critic_loss:             4816802.5000	ep_length_mean:           24.0000	episode_limit_mean:        1.0000	eval/best_reward:        -307.0439
eval/best_win_rate:        1.0000	eval/ea_reward:          -309.3025	eval/ea_win_rate:          1.0000	eval/rl_reward:          -309.1019
eval/rl_win_rate:          1.0000	generate_cost_reward_mean:-72.2630	grad/agent_norm:           1.1729	grad/critic_norm:        388228465.6000
grid_purchase_cost_mean: 308346.4169	loss/critic_loss:        4816802.5000	loss/policy_loss:        -8384.3631	mean_soc_mean:             0.2441
pg_loss:                 -8384.3631	return_mean:             -308.9843	return_std:               32.7345	soc_reserve_reward_mean: -19.9030
soc_violation_mean:       61.9991	target_mean:             8230.3499	test/battery_action_clip:294.7734	test/battery_punishment_reward:-1473.8669
test/battle_won:           1.0000	test/bess_cost_reward:   -170.9390	test/buy_cost_reward:    -310615.9937	test/ep_length:           24.0000
test/episode_limit:        1.0000	test/generate_cost_reward:-68.4818	test/grid_purchase_cost: 310615.9937	test/mean_soc:             0.2879
test/return_mean:        -311.1950	test/return_std:          28.2808	test/soc_reserve_reward: -18.0075	test/soc_violation:       55.9238
test/total_power_loss:   14293.8025	test_battery_action_clip_mean:294.7734	test_battery_punishment_reward_mean:-1473.8669	test_battle_won_mean:      1.0000
test_bess_cost_reward_mean:-170.9390	test_buy_cost_reward_mean:-310615.9937	test_ep_length_mean:      24.0000	test_episode_limit_mean:   1.0000
test_generate_cost_reward_mean:-68.4818	test_grid_purchase_cost_mean:310615.9937	test_mean_soc_mean:        0.2879	test_return_mean:        -311.1950
test_return_std:          28.2808	test_soc_reserve_reward_mean:-18.0075	test_soc_violation_mean:  55.9238	test_total_power_loss_mean:14293.8025
total_power_loss_mean:   14204.6727	train/battery_action_clip:326.5650	train/battery_punishment_reward:-1632.8249	train/battle_won:          1.0000
train/bess_cost_reward:  -182.6217	train/buy_cost_reward:   -308346.4169	train/ep_length:          24.0000	train/episode:           2829.0000
train/episode_limit:       1.0000	train/generate_cost_reward:-72.2630	train/grid_purchase_cost:308346.4169	train/mean_soc:            0.2441
train/return_mean:       -308.9843	train/return_std:         32.7345	train/soc_reserve_reward:-19.9030	train/soc_violation:      61.9991
train/t_env:             125760.0000	train/total_power_loss:  14204.6727	value/target_mean:       8230.3499	
[INFO 22:00:36] root Updated all target networks (soft update tau=0.002)
[INFO 22:00:36] root Updated all target networks (soft update tau=0.002)
[INFO 22:00:37] root Updated all target networks (soft update tau=0.002)
[INFO 22:00:37] root Updated all target networks (soft update tau=0.002)
[INFO 22:00:43] root Updated all target networks (soft update tau=0.002)
[INFO 22:00:43] root Updated all target networks (soft update tau=0.002)
[INFO 22:00:44] root Updated all target networks (soft update tau=0.002)
[INFO 22:00:44] root Updated all target networks (soft update tau=0.002)
[INFO 22:00:45] root Updated all target networks (soft update tau=0.002)
[INFO 22:00:45] root Updated all target networks (soft update tau=0.002)
[INFO 22:00:46] root Updated all target networks (soft update tau=0.002)
[INFO 22:00:47] root Updated all target networks (soft update tau=0.002)
[INFO 22:00:47] root Updated all target networks (soft update tau=0.002)
[INFO 22:00:48] root Updated all target networks (soft update tau=0.002)
[INFO 22:00:53] root Updated all target networks (soft update tau=0.002)
[INFO 22:00:54] root Updated all target networks (soft update tau=0.002)
[INFO 22:00:55] root Updated all target networks (soft update tau=0.002)
[INFO 22:00:55] root Updated all target networks (soft update tau=0.002)
[INFO 22:00:56] root Updated all target networks (soft update tau=0.002)
[INFO 22:00:56] root Updated all target networks (soft update tau=0.002)
[INFO 22:00:57] root Updated all target networks (soft update tau=0.002)
[INFO 22:00:57] root Recent Stats | t_env:     127368 | Episode:     2862
agent_grad_norm:           0.9093	battery_action_clip_mean:319.5878	battery_punishment_reward_mean:-1597.9392	battle_won_mean:           1.0000
bess_cost_reward_mean:   -180.8109	buffer/episodes:         5262.0000	buy_cost_reward_mean:    -307868.8328	critic_grad_norm:        342405665.6000
critic_loss:             4849476.1000	ep_length_mean:           24.0000	episode_limit_mean:        1.0000	eval/best_reward:        -307.0439
eval/best_win_rate:        1.0000	eval/ea_reward:          -309.3025	eval/ea_win_rate:          1.0000	eval/rl_reward:          -309.1019
eval/rl_win_rate:          1.0000	generate_cost_reward_mean:-74.0050	grad/agent_norm:           0.9093	grad/critic_norm:        342405665.6000
grid_purchase_cost_mean: 307868.8328	loss/critic_loss:        4849476.1000	loss/policy_loss:        -8500.1684	mean_soc_mean:             0.2512
pg_loss:                 -8500.1684	return_mean:             -308.4950	return_std:               32.9246	soc_reserve_reward_mean: -19.5817
soc_violation_mean:       60.6600	target_mean:             8354.9263	test/battery_action_clip:294.7734	test/battery_punishment_reward:-1473.8669
test/battle_won:           1.0000	test/bess_cost_reward:   -170.9390	test/buy_cost_reward:    -310615.9937	test/ep_length:           24.0000
test/episode_limit:        1.0000	test/generate_cost_reward:-68.4818	test/grid_purchase_cost: 310615.9937	test/mean_soc:             0.2879
test/return_mean:        -311.1950	test/return_std:          28.2808	test/soc_reserve_reward: -18.0075	test/soc_violation:       55.9238
test/total_power_loss:   14293.8025	test_battery_action_clip_mean:294.7734	test_battery_punishment_reward_mean:-1473.8669	test_battle_won_mean:      1.0000
test_bess_cost_reward_mean:-170.9390	test_buy_cost_reward_mean:-310615.9937	test_ep_length_mean:      24.0000	test_episode_limit_mean:   1.0000
test_generate_cost_reward_mean:-68.4818	test_grid_purchase_cost_mean:310615.9937	test_mean_soc_mean:        0.2879	test_return_mean:        -311.1950
test_return_std:          28.2808	test_soc_reserve_reward_mean:-18.0075	test_soc_violation_mean:  55.9238	test_total_power_loss_mean:14293.8025
total_power_loss_mean:   14186.0894	train/battery_action_clip:319.5878	train/battery_punishment_reward:-1597.9392	train/battle_won:          1.0000
train/bess_cost_reward:  -180.8109	train/buy_cost_reward:   -307868.8328	train/ep_length:          24.0000	train/episode:           2840.0000
train/episode_limit:       1.0000	train/generate_cost_reward:-74.0050	train/grid_purchase_cost:307868.8328	train/mean_soc:            0.2512
train/return_mean:       -308.4950	train/return_std:         32.9246	train/soc_reserve_reward:-19.5817	train/soc_violation:      60.6600
train/t_env:             126288.0000	train/total_power_loss:  14186.0894	value/target_mean:       8354.9263	
