Gym has been unmaintained since 2022 and does not support NumPy 2.0 amongst other critical functionality.
Please upgrade to Gymnasium, the maintained drop-in replacement of Gym, or contact the authors of your software and request that they upgrade.
Users of this version of Gym should be able to simply replace 'import gym' with 'import gymnasium as gym' in the vast majority of cases.
See the migration guide at https://gymnasium.farama.org/introduction/migration_guide/ for additional information.
[INFO 20:25:46] root Experiment Parameters:
[INFO 20:25:46] root 

{   'EA': 1,
    'EA_alpha': 1.0,
    'EA_freq': 5,
    'N_type': 1,
    'Org_alpha': 1.0,
    'SAME': 0,
    'act_noise': 0.05,
    'action_range': None,
    'action_selector': 'gaussian',
    'agent': 'rnn',
    'agent_output_type': 'continuous',
    'agent_return_logits': False,
    'batch_size': 256,
    'batch_size_run': 1,
    'buffer_algo': None,
    'buffer_chunk_size': None,
    'buffer_cpu_only': True,
    'buffer_device': None,
    'buffer_mode': 'transitions',
    'buffer_size': 500000,
    'buffer_warmup': 5000,
    'checkpoint_path': '',
    'continuous_actions': False,
    'critic_lr': 0.0001,
    'critic_spectral': 'ynn',
    'critic_train_reps': 1,
    'debug': False,
    'discretize_actions': False,
    'double_q': True,
    'elite_fraction': 0.2,
    'env': 'microgrid',
    'env_args': {   'action_bins': 7,
                    'battery_punishment_weight': 20.0,
                    'bess_cost_weight': 1.0,
                    'buy_cost_weight': 1.0,
                    'data': [   {   'agent_name': 'agent1',
                                    'battery_cap': 5.0,
                                    'battery_punishment_param': 1.0,
                                    'bessa': 0.01,
                                    'bessb': 0.1,
                                    'bessc': 0.05,
                                    'costa': 0.02,
                                    'costb': 0.5,
                                    'costc': 0.1,
                                    'dg_max': 2.0,
                                    'env_param': 0.05,
                                    'high_action': [   1.0,
                                                       1.0],
                                    'high_state': [   5.0,
                                                      5.0,
                                                      0.8],
                                    'low_action': [   0.0,
                                                      -1.0],
                                    'low_state': [   0.0,
                                                     0.0,
                                                     0.2],
                                    'raw_ch': 0.95,
                                    'raw_dis': 0.95,
                                    'split_ratio': 0.25},
                                {   'agent_name': 'agent2',
                                    'battery_cap': 5.0,
                                    'battery_punishment_param': 1.0,
                                    'bessa': 0.01,
                                    'bessb': 0.1,
                                    'bessc': 0.05,
                                    'costa': 0.02,
                                    'costb': 0.5,
                                    'costc': 0.1,
                                    'dg_max': 2.0,
                                    'env_param': 0.05,
                                    'high_action': [   1.0,
                                                       1.0],
                                    'high_state': [   5.0,
                                                      5.0,
                                                      0.8],
                                    'low_action': [   0.0,
                                                      -1.0],
                                    'low_state': [   0.0,
                                                     0.0,
                                                     0.2],
                                    'raw_ch': 0.95,
                                    'raw_dis': 0.95,
                                    'split_ratio': 0.25},
                                {   'agent_name': 'agent3',
                                    'battery_cap': 5.0,
                                    'battery_punishment_param': 1.0,
                                    'bessa': 0.01,
                                    'bessb': 0.1,
                                    'bessc': 0.05,
                                    'costa': 0.02,
                                    'costb': 0.5,
                                    'costc': 0.1,
                                    'dg_max': 2.0,
                                    'env_param': 0.05,
                                    'high_action': [   1.0,
                                                       1.0],
                                    'high_state': [   5.0,
                                                      5.0,
                                                      0.8],
                                    'low_action': [   0.0,
                                                      -1.0],
                                    'low_state': [   0.0,
                                                     0.0,
                                                     0.2],
                                    'raw_ch': 0.95,
                                    'raw_dis': 0.95,
                                    'split_ratio': 0.25}],
                    'env_reward_weight': 1.0,
                    'generate_cost_weight': 1.0,
                    'log_trajectories': False,
                    'log_trajectories_mode': 'test',
                    'result_dir': './results',
                    'reward_aggregate': 'mean',
                    'reward_scale': 0.001,
                    'run_id': 'direct',
                    'seed': 0,
                    'soc_reserve_target': 0.35,
                    'soc_reserve_weight': 0.0,
                    'state_last_action': False},
    'epsilon_anneal_time': 100000,
    'epsilon_decay_mode': None,
    'epsilon_finish': 0.05,
    'epsilon_start': 0.5,
    'evaluate': False,
    'exploration_mode': 'gaussian',
    'final_ou_noise_scale': 0.0,
    'frac': 1.0,
    'gamma': 0.99,
    'gated': False,
    'grad_norm_clip': 5,
    'hyper_initialization_nonzeros': 0,
    'hypernet_embed': 64,
    'hypernet_layers': 2,
    'label': 'default_label',
    'learn_interval': 1,
    'learner': 'facmac_learner',
    'learner_log_interval': 500,
    'load_step': 0,
    'local_results_path': 'results',
    'log_interval': 500,
    'lr': 0.0003,
    'mac': 'cqmix_mac',
    'mask_before_softmax': True,
    'mixer': 'graph',
    'mixing_embed_dim': 64,
    'mutation_prob': 0.9,
    'n_runners': None,
    'n_train': 1,
    'name': 'facmac_smac',
    'obs_agent_id': True,
    'obs_last_action': True,
    'optim_alpha': 0.99,
    'optim_eps': 1e-05,
    'optimizer': 'adam',
    'ou_noise_scale': 0.3,
    'ou_sigma': 0.2,
    'ou_stop_episode': 100,
    'ou_theta': 0.15,
    'plot_loss_network': False,
    'policy_spectral': 'nnnn',
    'pop_size': 5,
    'pr_dim': 64,
    'prob_reset_and_sup': 0.05,
    'q_embed_dim': 1,
    'q_nstep': 0.99,
    'recurrent_critic': False,
    'repeat_id': 1,
    'rl_to_ea_synch_period': 1,
    'rnn_hidden_dim': 64,
    'run_mode': None,
    'runner': 'episode',
    'runner_log_interval': 500,
    'runner_scope': 'episodic',
    'save_model': True,
    'save_model_interval': 10000,
    'save_replay': False,
    'seed': 0,
    'skip_connections': False,
    'spectral_regularization': False,
    'start_steps': 5000,
    'start_timesteps': 10000,
    'state_alpha': 0.1,
    't_max': 300000,
    'target_update_interval': 200,
    'target_update_mode': 'soft',
    'target_update_tau': 0.002,
    'td_lambda': 0.8,
    'test_greedy': True,
    'test_interval': 2000,
    'test_nepisode': 32,
    'testing_on': True,
    'use_buffer_compression': False,
    'use_cuda': False,
    'use_tensorboard': True,
    'verbose': True,
    'weight_decay': True,
    'weight_decay_factor': 0.0001}

[INFO 20:25:46] root Beginning training for 300000 timesteps
C:\Users\xyx\Desktop\GDE-main\src\components\episode_buffer.py:108: UserWarning: Creating a tensor from a list of numpy.ndarrays is extremely slow. Please consider converting the list to a single numpy.ndarray with numpy.array() before converting to a tensor. (Triggered internally at  ..\torch\csrc\utils\tensor_new.cpp:210.)
  v = th.tensor(v, dtype=dtype, device=self.device)
C:\Users\xyx\AppData\Local\Programs\Python\Python310\lib\site-packages\torch\nn\functional.py:1933: UserWarning: nn.functional.tanh is deprecated. Use torch.tanh instead.
  warnings.warn("nn.functional.tanh is deprecated. Use torch.tanh instead.")
C:\Users\xyx\Desktop\GDE-main\src\components\episode_buffer.py:108: UserWarning: To copy construct from a tensor, it is recommended to use sourceTensor.clone().detach() or sourceTensor.clone().detach().requires_grad_(True), rather than torch.tensor(sourceTensor).
  v = th.tensor(v, dtype=dtype, device=self.device)
[INFO 20:25:46] root t_env: 24 / 300000
[INFO 20:25:46] root Estimated time left: 6 seconds. Time passed: 0 seconds
[INFO 20:25:48] root Saving models to results\models\facmac_smac__2026-06-15_20-25-46\24
[INFO 20:25:49] root Recent Stats | t_env:        504 | Episode:       21
battery_punishment_reward_mean:-1100.4226	battle_won_mean:           1.0000	bess_cost_reward_mean:   -115.1445	buffer/episodes:          21.0000
buy_cost_reward_mean:    -307254.4292	ep_length_mean:           24.0000	episode_limit_mean:        1.0000	eval/best_reward:        -308.1751
eval/best_win_rate:        1.0000	eval/ea_reward:          -309.0845	eval/ea_win_rate:          1.0000	eval/rl_reward:          -308.1751
eval/rl_win_rate:          1.0000	generate_cost_reward_mean:-42.1564	grid_purchase_cost_mean: 307254.4292	mean_soc_mean:             0.5047
return_mean:             -307.6748	return_std:                0.0000	soc_reserve_reward_mean:   0.0000	soc_violation_mean:       18.3670
test/battery_punishment_reward:-2262.4427	test/battle_won:           1.0000	test/bess_cost_reward:   -142.7981	test/buy_cost_reward:    -312381.1784
test/ep_length:           24.0000	test/episode_limit:        1.0000	test/generate_cost_reward:-43.7068	test/grid_purchase_cost: 312381.1784
test/mean_soc:             0.3859	test/return_mean:        -313.1987	test/return_std:          29.8840	test/soc_reserve_reward:   0.0000
test/soc_violation:       33.4355	test/total_power_loss:   14359.6976	test_battery_punishment_reward_mean:-2262.4427	test_battle_won_mean:      1.0000
test_bess_cost_reward_mean:-142.7981	test_buy_cost_reward_mean:-312381.1784	test_ep_length_mean:      24.0000	test_episode_limit_mean:   1.0000
test_generate_cost_reward_mean:-43.7068	test_grid_purchase_cost_mean:312381.1784	test_mean_soc_mean:        0.3859	test_return_mean:        -313.1987
test_return_std:          29.8840	test_soc_reserve_reward_mean:  0.0000	test_soc_violation_mean:  33.4355	test_total_power_loss_mean:14359.6976
total_power_loss_mean:   14191.4774	train/battery_punishment_reward:-1100.4226	train/battle_won:          1.0000	train/bess_cost_reward:  -115.1445
train/buy_cost_reward:   -307254.4292	train/ep_length:          24.0000	train/episode:            21.0000	train/episode_limit:       1.0000
train/generate_cost_reward:-42.1564	train/grid_purchase_cost:307254.4292	train/mean_soc:            0.5047	train/return_mean:       -307.6748
train/return_std:          0.0000	train/soc_reserve_reward:  0.0000	train/soc_violation:      18.3670	train/t_env:             504.0000
train/total_power_loss:  14191.4774	
[INFO 20:25:49] root Recent Stats | t_env:       1008 | Episode:       42
battery_punishment_reward_mean:-1114.5269	battle_won_mean:           1.0000	bess_cost_reward_mean:   -115.1338	buffer/episodes:          31.5000
buy_cost_reward_mean:    -304874.1931	ep_length_mean:           24.0000	episode_limit_mean:        1.0000	eval/best_reward:        -308.1751
eval/best_win_rate:        1.0000	eval/ea_reward:          -309.0845	eval/ea_win_rate:          1.0000	eval/rl_reward:          -308.1751
eval/rl_win_rate:          1.0000	generate_cost_reward_mean:-43.6888	grid_purchase_cost_mean: 304874.1931	mean_soc_mean:             0.5048
return_mean:             -305.2998	return_std:               17.4720	soc_reserve_reward_mean:   0.0000	soc_violation_mean:       18.3970
test/battery_punishment_reward:-2262.4427	test/battle_won:           1.0000	test/bess_cost_reward:   -142.7981	test/buy_cost_reward:    -312381.1784
test/ep_length:           24.0000	test/episode_limit:        1.0000	test/generate_cost_reward:-43.7068	test/grid_purchase_cost: 312381.1784
test/mean_soc:             0.3859	test/return_mean:        -313.1987	test/return_std:          29.8840	test/soc_reserve_reward:   0.0000
test/soc_violation:       33.4355	test/total_power_loss:   14359.6976	test_battery_punishment_reward_mean:-2262.4427	test_battle_won_mean:      1.0000
test_bess_cost_reward_mean:-142.7981	test_buy_cost_reward_mean:-312381.1784	test_ep_length_mean:      24.0000	test_episode_limit_mean:   1.0000
test_generate_cost_reward_mean:-43.7068	test_grid_purchase_cost_mean:312381.1784	test_mean_soc_mean:        0.3859	test_return_mean:        -313.1987
test_return_std:          29.8840	test_soc_reserve_reward_mean:  0.0000	test_soc_violation_mean:  33.4355	test_total_power_loss_mean:14359.6976
total_power_loss_mean:   14071.2832	train/battery_punishment_reward:-1114.5269	train/battle_won:          1.0000	train/bess_cost_reward:  -115.1338
train/buy_cost_reward:   -304874.1931	train/ep_length:          24.0000	train/episode:            31.5000	train/episode_limit:       1.0000
train/generate_cost_reward:-43.6888	train/grid_purchase_cost:304874.1931	train/mean_soc:            0.5048	train/return_mean:       -305.2998
train/return_std:         17.4720	train/soc_reserve_reward:  0.0000	train/soc_violation:      18.3970	train/t_env:             756.0000
train/total_power_loss:  14071.2832	
[INFO 20:25:50] root Recent Stats | t_env:       1512 | Episode:       63
battery_punishment_reward_mean:-1110.9089	battle_won_mean:           1.0000	bess_cost_reward_mean:   -114.2442	buffer/episodes:          42.0000
buy_cost_reward_mean:    -304761.1300	ep_length_mean:           24.0000	episode_limit_mean:        1.0000	eval/best_reward:        -308.1751
eval/best_win_rate:        1.0000	eval/ea_reward:          -309.0845	eval/ea_win_rate:          1.0000	eval/rl_reward:          -308.1751
eval/rl_win_rate:          1.0000	generate_cost_reward_mean:-44.1182	grid_purchase_cost_mean: 304761.1300	mean_soc_mean:             0.5079
return_mean:             -305.1854	return_std:               23.8767	soc_reserve_reward_mean:   0.0000	soc_violation_mean:       18.2748
test/battery_punishment_reward:-2262.4427	test/battle_won:           1.0000	test/bess_cost_reward:   -142.7981	test/buy_cost_reward:    -312381.1784
test/ep_length:           24.0000	test/episode_limit:        1.0000	test/generate_cost_reward:-43.7068	test/grid_purchase_cost: 312381.1784
test/mean_soc:             0.3859	test/return_mean:        -313.1987	test/return_std:          29.8840	test/soc_reserve_reward:   0.0000
test/soc_violation:       33.4355	test/total_power_loss:   14359.6976	test_battery_punishment_reward_mean:-2262.4427	test_battle_won_mean:      1.0000
test_bess_cost_reward_mean:-142.7981	test_buy_cost_reward_mean:-312381.1784	test_ep_length_mean:      24.0000	test_episode_limit_mean:   1.0000
test_generate_cost_reward_mean:-43.7068	test_grid_purchase_cost_mean:312381.1784	test_mean_soc_mean:        0.3859	test_return_mean:        -313.1987
test_return_std:          29.8840	test_soc_reserve_reward_mean:  0.0000	test_soc_violation_mean:  33.4355	test_total_power_loss_mean:14359.6976
total_power_loss_mean:   14058.2051	train/battery_punishment_reward:-1110.9089	train/battle_won:          1.0000	train/bess_cost_reward:  -114.2442
train/buy_cost_reward:   -304761.1300	train/ep_length:          24.0000	train/episode:            42.0000	train/episode_limit:       1.0000
train/generate_cost_reward:-44.1182	train/grid_purchase_cost:304761.1300	train/mean_soc:            0.5079	train/return_mean:       -305.1854
train/return_std:         23.8767	train/soc_reserve_reward:  0.0000	train/soc_violation:      18.2748	train/t_env:             1008.0000
train/total_power_loss:  14058.2051	
[INFO 20:25:50] root Recent Stats | t_env:       2016 | Episode:       84
battery_punishment_reward_mean:-1115.3838	battle_won_mean:           1.0000	bess_cost_reward_mean:   -114.7812	buffer/episodes:          52.5000
buy_cost_reward_mean:    -304692.5720	ep_length_mean:           24.0000	episode_limit_mean:        1.0000	eval/best_reward:        -308.1751
eval/best_win_rate:        1.0000	eval/ea_reward:          -309.0845	eval/ea_win_rate:          1.0000	eval/rl_reward:          -308.1751
eval/rl_win_rate:          1.0000	generate_cost_reward_mean:-44.3737	grid_purchase_cost_mean: 304692.5720	mean_soc_mean:             0.5054
return_mean:             -305.1186	return_std:               26.3534	soc_reserve_reward_mean:   0.0000	soc_violation_mean:       18.3190
test/battery_punishment_reward:-2262.4427	test/battle_won:           1.0000	test/bess_cost_reward:   -142.7981	test/buy_cost_reward:    -312381.1784
test/ep_length:           24.0000	test/episode_limit:        1.0000	test/generate_cost_reward:-43.7068	test/grid_purchase_cost: 312381.1784
test/mean_soc:             0.3859	test/return_mean:        -313.1987	test/return_std:          29.8840	test/soc_reserve_reward:   0.0000
test/soc_violation:       33.4355	test/total_power_loss:   14359.6976	test_battery_punishment_reward_mean:-2262.4427	test_battle_won_mean:      1.0000
test_bess_cost_reward_mean:-142.7981	test_buy_cost_reward_mean:-312381.1784	test_ep_length_mean:      24.0000	test_episode_limit_mean:   1.0000
test_generate_cost_reward_mean:-43.7068	test_grid_purchase_cost_mean:312381.1784	test_mean_soc_mean:        0.3859	test_return_mean:        -313.1987
test_return_std:          29.8840	test_soc_reserve_reward_mean:  0.0000	test_soc_violation_mean:  33.4355	test_total_power_loss_mean:14359.6976
total_power_loss_mean:   14054.3260	train/battery_punishment_reward:-1115.3838	train/battle_won:          1.0000	train/bess_cost_reward:  -114.7812
train/buy_cost_reward:   -304692.5720	train/ep_length:          24.0000	train/episode:            52.5000	train/episode_limit:       1.0000
train/generate_cost_reward:-44.3737	train/grid_purchase_cost:304692.5720	train/mean_soc:            0.5054	train/return_mean:       -305.1186
train/return_std:         26.3534	train/soc_reserve_reward:  0.0000	train/soc_violation:      18.3190	train/t_env:             1260.0000
train/total_power_loss:  14054.3260	
[INFO 20:25:50] root t_env: 2040 / 300000
[INFO 20:25:50] root Estimated time left: 9 minutes, 21 seconds. Time passed: 3 seconds
[INFO 20:25:52] root Recent Stats | t_env:       2520 | Episode:      105
battery_punishment_reward_mean:-1121.7917	battle_won_mean:           1.0000	bess_cost_reward_mean:   -115.2485	buffer/episodes:          63.0000
buy_cost_reward_mean:    -306874.1337	ep_length_mean:           24.0000	episode_limit_mean:        1.0000	eval/best_reward:        -308.2081
eval/best_win_rate:        1.0000	eval/ea_reward:          -309.0034	eval/ea_win_rate:          1.0000	eval/rl_reward:          -308.2081
eval/rl_win_rate:          1.0000	generate_cost_reward_mean:-44.5448	grid_purchase_cost_mean: 306874.1337	mean_soc_mean:             0.5041
return_mean:             -307.3025	return_std:               27.8588	soc_reserve_reward_mean:   0.0000	soc_violation_mean:       18.3912
test/battery_punishment_reward:-2040.3150	test/battle_won:           1.0000	test/bess_cost_reward:   -132.5579	test/buy_cost_reward:    -308895.7135
test/ep_length:           24.0000	test/episode_limit:        1.0000	test/generate_cost_reward:-44.7362	test/grid_purchase_cost: 308895.7135
test/mean_soc:             0.4227	test/return_mean:        -309.6361	test/return_std:          28.6011	test/soc_reserve_reward:   0.0000
test/soc_violation:       30.9966	test/total_power_loss:   14225.7448	test_battery_punishment_reward_mean:-2040.3150	test_battle_won_mean:      1.0000
test_bess_cost_reward_mean:-132.5579	test_buy_cost_reward_mean:-308895.7135	test_ep_length_mean:      24.0000	test_episode_limit_mean:   1.0000
test_generate_cost_reward_mean:-44.7362	test_grid_purchase_cost_mean:308895.7135	test_mean_soc_mean:        0.4227	test_return_mean:        -309.6361
test_return_std:          28.6011	test_soc_reserve_reward_mean:  0.0000	test_soc_violation_mean:  30.9966	test_total_power_loss_mean:14225.7448
total_power_loss_mean:   14142.9404	train/battery_punishment_reward:-1121.7917	train/battle_won:          1.0000	train/bess_cost_reward:  -115.2485
train/buy_cost_reward:   -306874.1337	train/ep_length:          24.0000	train/episode:            63.0000	train/episode_limit:       1.0000
train/generate_cost_reward:-44.5448	train/grid_purchase_cost:306874.1337	train/mean_soc:            0.5041	train/return_mean:       -307.3025
train/return_std:         27.8588	train/soc_reserve_reward:  0.0000	train/soc_violation:      18.3912	train/t_env:             1512.0000
train/total_power_loss:  14142.9404	
[INFO 20:25:53] root Recent Stats | t_env:       3024 | Episode:      126
battery_punishment_reward_mean:-1146.7958	battle_won_mean:           1.0000	bess_cost_reward_mean:   -115.4247	buffer/episodes:          84.0000
buy_cost_reward_mean:    -308165.2398	ep_length_mean:           24.0000	episode_limit_mean:        1.0000	eval/best_reward:        -308.2081
eval/best_win_rate:        1.0000	eval/ea_reward:          -309.0034	eval/ea_win_rate:          1.0000	eval/rl_reward:          -308.2081
eval/rl_win_rate:          1.0000	generate_cost_reward_mean:-45.0750	grid_purchase_cost_mean: 308165.2398	mean_soc_mean:             0.5031
return_mean:             -308.6022	return_std:               34.2480	soc_reserve_reward_mean:   0.0000	soc_violation_mean:       18.6622
test/battery_punishment_reward:-2040.3150	test/battle_won:           1.0000	test/bess_cost_reward:   -132.5579	test/buy_cost_reward:    -308895.7135
test/ep_length:           24.0000	test/episode_limit:        1.0000	test/generate_cost_reward:-44.7362	test/grid_purchase_cost: 308895.7135
test/mean_soc:             0.4227	test/return_mean:        -309.6361	test/return_std:          28.6011	test/soc_reserve_reward:   0.0000
test/soc_violation:       30.9966	test/total_power_loss:   14225.7448	test_battery_punishment_reward_mean:-2040.3150	test_battle_won_mean:      1.0000
test_bess_cost_reward_mean:-132.5579	test_buy_cost_reward_mean:-308895.7135	test_ep_length_mean:      24.0000	test_episode_limit_mean:   1.0000
test_generate_cost_reward_mean:-44.7362	test_grid_purchase_cost_mean:308895.7135	test_mean_soc_mean:        0.4227	test_return_mean:        -309.6361
test_return_std:          28.6011	test_soc_reserve_reward_mean:  0.0000	test_soc_violation_mean:  30.9966	test_total_power_loss_mean:14225.7448
total_power_loss_mean:   14192.0423	train/battery_punishment_reward:-1146.7958	train/battle_won:          1.0000	train/bess_cost_reward:  -115.4247
train/buy_cost_reward:   -308165.2398	train/ep_length:          24.0000	train/episode:            84.0000	train/episode_limit:       1.0000
train/generate_cost_reward:-45.0750	train/grid_purchase_cost:308165.2398	train/mean_soc:            0.5031	train/return_mean:       -308.6022
train/return_std:         34.2480	train/soc_reserve_reward:  0.0000	train/soc_violation:      18.6622	train/t_env:             2016.0000
train/total_power_loss:  14192.0423	
[INFO 20:25:53] root Recent Stats | t_env:       3528 | Episode:      147
battery_punishment_reward_mean:-1164.0137	battle_won_mean:           1.0000	bess_cost_reward_mean:   -115.8699	buffer/episodes:         105.0000
buy_cost_reward_mean:    -307145.5690	ep_length_mean:           24.0000	episode_limit_mean:        1.0000	eval/best_reward:        -308.2081
eval/best_win_rate:        1.0000	eval/ea_reward:          -309.0034	eval/ea_win_rate:          1.0000	eval/rl_reward:          -308.2081
eval/rl_win_rate:          1.0000	generate_cost_reward_mean:-44.9021	grid_purchase_cost_mean: 307145.5690	mean_soc_mean:             0.5012
return_mean:             -307.5884	return_std:               35.4427	soc_reserve_reward_mean:   0.0000	soc_violation_mean:       18.8645
test/battery_punishment_reward:-2040.3150	test/battle_won:           1.0000	test/bess_cost_reward:   -132.5579	test/buy_cost_reward:    -308895.7135
test/ep_length:           24.0000	test/episode_limit:        1.0000	test/generate_cost_reward:-44.7362	test/grid_purchase_cost: 308895.7135
test/mean_soc:             0.4227	test/return_mean:        -309.6361	test/return_std:          28.6011	test/soc_reserve_reward:   0.0000
test/soc_violation:       30.9966	test/total_power_loss:   14225.7448	test_battery_punishment_reward_mean:-2040.3150	test_battle_won_mean:      1.0000
test_bess_cost_reward_mean:-132.5579	test_buy_cost_reward_mean:-308895.7135	test_ep_length_mean:      24.0000	test_episode_limit_mean:   1.0000
test_generate_cost_reward_mean:-44.7362	test_grid_purchase_cost_mean:308895.7135	test_mean_soc_mean:        0.4227	test_return_mean:        -309.6361
test_return_std:          28.6011	test_soc_reserve_reward_mean:  0.0000	test_soc_violation_mean:  30.9966	test_total_power_loss_mean:14225.7448
total_power_loss_mean:   14149.9406	train/battery_punishment_reward:-1164.0137	train/battle_won:          1.0000	train/bess_cost_reward:  -115.8699
train/buy_cost_reward:   -307145.5690	train/ep_length:          24.0000	train/episode:           105.0000	train/episode_limit:       1.0000
train/generate_cost_reward:-44.9021	train/grid_purchase_cost:307145.5690	train/mean_soc:            0.5012	train/return_mean:       -307.5884
train/return_std:         35.4427	train/soc_reserve_reward:  0.0000	train/soc_violation:      18.8645	train/t_env:             2520.0000
train/total_power_loss:  14149.9406	
[INFO 20:25:54] root Recent Stats | t_env:       4032 | Episode:      168
battery_punishment_reward_mean:-1177.7817	battle_won_mean:           1.0000	bess_cost_reward_mean:   -116.5185	buffer/episodes:         126.0000
buy_cost_reward_mean:    -306610.6491	ep_length_mean:           24.0000	episode_limit_mean:        1.0000	eval/best_reward:        -308.2081
eval/best_win_rate:        1.0000	eval/ea_reward:          -309.0034	eval/ea_win_rate:          1.0000	eval/rl_reward:          -308.2081
eval/rl_win_rate:          1.0000	generate_cost_reward_mean:-45.0238	grid_purchase_cost_mean: 306610.6491	mean_soc_mean:             0.4989
return_mean:             -307.0583	return_std:               35.1348	soc_reserve_reward_mean:   0.0000	soc_violation_mean:       19.0505
test/battery_punishment_reward:-2040.3150	test/battle_won:           1.0000	test/bess_cost_reward:   -132.5579	test/buy_cost_reward:    -308895.7135
test/ep_length:           24.0000	test/episode_limit:        1.0000	test/generate_cost_reward:-44.7362	test/grid_purchase_cost: 308895.7135
test/mean_soc:             0.4227	test/return_mean:        -309.6361	test/return_std:          28.6011	test/soc_reserve_reward:   0.0000
test/soc_violation:       30.9966	test/total_power_loss:   14225.7448	test_battery_punishment_reward_mean:-2040.3150	test_battle_won_mean:      1.0000
test_bess_cost_reward_mean:-132.5579	test_buy_cost_reward_mean:-308895.7135	test_ep_length_mean:      24.0000	test_episode_limit_mean:   1.0000
test_generate_cost_reward_mean:-44.7362	test_grid_purchase_cost_mean:308895.7135	test_mean_soc_mean:        0.4227	test_return_mean:        -309.6361
test_return_std:          28.6011	test_soc_reserve_reward_mean:  0.0000	test_soc_violation_mean:  30.9966	test_total_power_loss_mean:14225.7448
total_power_loss_mean:   14137.8879	train/battery_punishment_reward:-1177.7817	train/battle_won:          1.0000	train/bess_cost_reward:  -116.5185
train/buy_cost_reward:   -306610.6491	train/ep_length:          24.0000	train/episode:           126.0000	train/episode_limit:       1.0000
train/generate_cost_reward:-45.0238	train/grid_purchase_cost:306610.6491	train/mean_soc:            0.4989	train/return_mean:       -307.0583
train/return_std:         35.1348	train/soc_reserve_reward:  0.0000	train/soc_violation:      19.0505	train/t_env:             3024.0000
train/total_power_loss:  14137.8879	
[INFO 20:25:54] root t_env: 4056 / 300000
[INFO 20:25:54] root Estimated time left: 8 minutes, 31 seconds. Time passed: 7 seconds
[INFO 20:25:56] root Recent Stats | t_env:       4536 | Episode:      189
battery_punishment_reward_mean:-1194.0027	battle_won_mean:           1.0000	bess_cost_reward_mean:   -116.1562	buffer/episodes:         147.0000
buy_cost_reward_mean:    -307808.7708	ep_length_mean:           24.0000	episode_limit_mean:        1.0000	eval/best_reward:        -309.2564
eval/best_win_rate:        1.0000	eval/ea_reward:          -309.7866	eval/ea_win_rate:          1.0000	eval/rl_reward:          -309.3231
eval/rl_win_rate:          1.0000	generate_cost_reward_mean:-44.8010	grid_purchase_cost_mean: 307808.7708	mean_soc_mean:             0.5003
return_mean:             -308.2616	return_std:               34.5168	soc_reserve_reward_mean:   0.0000	soc_violation_mean:       19.2054
test/battery_punishment_reward:-2040.4084	test/battle_won:           1.0000	test/bess_cost_reward:   -132.6470	test/buy_cost_reward:    -310246.7117
test/ep_length:           24.0000	test/episode_limit:        1.0000	test/generate_cost_reward:-44.7307	test/grid_purchase_cost: 310246.7117
test/mean_soc:             0.4223	test/return_mean:        -310.9872	test/return_std:          31.0513	test/soc_reserve_reward:   0.0000
test/soc_violation:       30.9939	test/total_power_loss:   14296.8411	test_battery_punishment_reward_mean:-2040.4084	test_battle_won_mean:      1.0000
test_bess_cost_reward_mean:-132.6470	test_buy_cost_reward_mean:-310246.7117	test_ep_length_mean:      24.0000	test_episode_limit_mean:   1.0000
test_generate_cost_reward_mean:-44.7307	test_grid_purchase_cost_mean:310246.7117	test_mean_soc_mean:        0.4223	test_return_mean:        -310.9872
test_return_std:          31.0513	test_soc_reserve_reward_mean:  0.0000	test_soc_violation_mean:  30.9939	test_total_power_loss_mean:14296.8411
total_power_loss_mean:   14193.4624	train/battery_punishment_reward:-1194.0027	train/battle_won:          1.0000	train/bess_cost_reward:  -116.1562
train/buy_cost_reward:   -307808.7708	train/ep_length:          24.0000	train/episode:           147.0000	train/episode_limit:       1.0000
train/generate_cost_reward:-44.8010	train/grid_purchase_cost:307808.7708	train/mean_soc:            0.5003	train/return_mean:       -308.2616
train/return_std:         34.5168	train/soc_reserve_reward:  0.0000	train/soc_violation:      19.2054	train/t_env:             3528.0000
train/total_power_loss:  14193.4624	
[INFO 20:25:56] root Recent Stats | t_env:       5040 | Episode:      210
battery_punishment_reward_mean:-1192.9915	battle_won_mean:           1.0000	bess_cost_reward_mean:   -116.4025	buffer/episodes:         168.0000
buy_cost_reward_mean:    -305818.9595	ep_length_mean:           24.0000	episode_limit_mean:        1.0000	eval/best_reward:        -309.2564
eval/best_win_rate:        1.0000	eval/ea_reward:          -309.7866	eval/ea_win_rate:          1.0000	eval/rl_reward:          -309.3231
eval/rl_win_rate:          1.0000	generate_cost_reward_mean:-44.7087	grid_purchase_cost_mean: 305818.9595	mean_soc_mean:             0.4989
return_mean:             -306.2715	return_std:               34.6027	soc_reserve_reward_mean:   0.0000	soc_violation_mean:       19.1817
test/battery_punishment_reward:-2040.4084	test/battle_won:           1.0000	test/bess_cost_reward:   -132.6470	test/buy_cost_reward:    -310246.7117
test/ep_length:           24.0000	test/episode_limit:        1.0000	test/generate_cost_reward:-44.7307	test/grid_purchase_cost: 310246.7117
test/mean_soc:             0.4223	test/return_mean:        -310.9872	test/return_std:          31.0513	test/soc_reserve_reward:   0.0000
test/soc_violation:       30.9939	test/total_power_loss:   14296.8411	test_battery_punishment_reward_mean:-2040.4084	test_battle_won_mean:      1.0000
test_bess_cost_reward_mean:-132.6470	test_buy_cost_reward_mean:-310246.7117	test_ep_length_mean:      24.0000	test_episode_limit_mean:   1.0000
test_generate_cost_reward_mean:-44.7307	test_grid_purchase_cost_mean:310246.7117	test_mean_soc_mean:        0.4223	test_return_mean:        -310.9872
test_return_std:          31.0513	test_soc_reserve_reward_mean:  0.0000	test_soc_violation_mean:  30.9939	test_total_power_loss_mean:14296.8411
total_power_loss_mean:   14113.7436	train/battery_punishment_reward:-1192.9915	train/battle_won:          1.0000	train/bess_cost_reward:  -116.4025
train/buy_cost_reward:   -305818.9595	train/ep_length:          24.0000	train/episode:           168.0000	train/episode_limit:       1.0000
train/generate_cost_reward:-44.7087	train/grid_purchase_cost:305818.9595	train/mean_soc:            0.4989	train/return_mean:       -306.2715
train/return_std:         34.6027	train/soc_reserve_reward:  0.0000	train/soc_violation:      19.1817	train/t_env:             4032.0000
train/total_power_loss:  14113.7436	
[INFO 20:25:57] root Recent Stats | t_env:       5544 | Episode:      231
battery_punishment_reward_mean:-1222.6033	battle_won_mean:           1.0000	bess_cost_reward_mean:   -118.8271	buffer/episodes:         189.0000
buy_cost_reward_mean:    -306356.0027	ep_length_mean:           24.0000	episode_limit_mean:        1.0000	eval/best_reward:        -309.2564
eval/best_win_rate:        1.0000	eval/ea_reward:          -309.7866	eval/ea_win_rate:          1.0000	eval/rl_reward:          -309.3231
eval/rl_win_rate:          1.0000	generate_cost_reward_mean:-44.7505	grid_purchase_cost_mean: 306356.0027	mean_soc_mean:             0.4896
return_mean:             -306.8193	return_std:               34.9375	soc_reserve_reward_mean:   0.0000	soc_violation_mean:       19.4787
test/battery_punishment_reward:-2040.4084	test/battle_won:           1.0000	test/bess_cost_reward:   -132.6470	test/buy_cost_reward:    -310246.7117
test/ep_length:           24.0000	test/episode_limit:        1.0000	test/generate_cost_reward:-44.7307	test/grid_purchase_cost: 310246.7117
test/mean_soc:             0.4223	test/return_mean:        -310.9872	test/return_std:          31.0513	test/soc_reserve_reward:   0.0000
test/soc_violation:       30.9939	test/total_power_loss:   14296.8411	test_battery_punishment_reward_mean:-2040.4084	test_battle_won_mean:      1.0000
test_bess_cost_reward_mean:-132.6470	test_buy_cost_reward_mean:-310246.7117	test_ep_length_mean:      24.0000	test_episode_limit_mean:   1.0000
test_generate_cost_reward_mean:-44.7307	test_grid_purchase_cost_mean:310246.7117	test_mean_soc_mean:        0.4223	test_return_mean:        -310.9872
test_return_std:          31.0513	test_soc_reserve_reward_mean:  0.0000	test_soc_violation_mean:  30.9939	test_total_power_loss_mean:14296.8411
total_power_loss_mean:   14132.3961	train/battery_punishment_reward:-1222.6033	train/battle_won:          1.0000	train/bess_cost_reward:  -118.8271
train/buy_cost_reward:   -306356.0027	train/ep_length:          24.0000	train/episode:           189.0000	train/episode_limit:       1.0000
train/generate_cost_reward:-44.7505	train/grid_purchase_cost:306356.0027	train/mean_soc:            0.4896	train/return_mean:       -306.8193
train/return_std:         34.9375	train/soc_reserve_reward:  0.0000	train/soc_violation:      19.4787	train/t_env:             4536.0000
train/total_power_loss:  14132.3961	
[INFO 20:25:57] root Recent Stats | t_env:       6048 | Episode:      252
battery_punishment_reward_mean:-1651.3161	battle_won_mean:           1.0000	bess_cost_reward_mean:   -134.2299	buffer/episodes:         210.0000
buy_cost_reward_mean:    -308625.9293	ep_length_mean:           24.0000	episode_limit_mean:        1.0000	eval/best_reward:        -309.2564
eval/best_win_rate:        1.0000	eval/ea_reward:          -309.7866	eval/ea_win_rate:          1.0000	eval/rl_reward:          -309.3231
eval/rl_win_rate:          1.0000	generate_cost_reward_mean:-43.5668	grid_purchase_cost_mean: 308625.9293	mean_soc_mean:             0.4305
return_mean:             -309.2368	return_std:               34.0854	soc_reserve_reward_mean:   0.0000	soc_violation_mean:       24.6808
test/battery_punishment_reward:-2040.4084	test/battle_won:           1.0000	test/bess_cost_reward:   -132.6470	test/buy_cost_reward:    -310246.7117
test/ep_length:           24.0000	test/episode_limit:        1.0000	test/generate_cost_reward:-44.7307	test/grid_purchase_cost: 310246.7117
test/mean_soc:             0.4223	test/return_mean:        -310.9872	test/return_std:          31.0513	test/soc_reserve_reward:   0.0000
test/soc_violation:       30.9939	test/total_power_loss:   14296.8411	test_battery_punishment_reward_mean:-2040.4084	test_battle_won_mean:      1.0000
test_bess_cost_reward_mean:-132.6470	test_buy_cost_reward_mean:-310246.7117	test_ep_length_mean:      24.0000	test_episode_limit_mean:   1.0000
test_generate_cost_reward_mean:-44.7307	test_grid_purchase_cost_mean:310246.7117	test_mean_soc_mean:        0.4223	test_return_mean:        -310.9872
test_return_std:          31.0513	test_soc_reserve_reward_mean:  0.0000	test_soc_violation_mean:  30.9939	test_total_power_loss_mean:14296.8411
total_power_loss_mean:   14230.6301	train/battery_punishment_reward:-1651.3161	train/battle_won:          1.0000	train/bess_cost_reward:  -134.2299
train/buy_cost_reward:   -308625.9293	train/ep_length:          24.0000	train/episode:           210.0000	train/episode_limit:       1.0000
train/generate_cost_reward:-43.5668	train/grid_purchase_cost:308625.9293	train/mean_soc:            0.4305	train/return_mean:       -309.2368
train/return_std:         34.0854	train/soc_reserve_reward:  0.0000	train/soc_violation:      24.6808	train/t_env:             5040.0000
train/total_power_loss:  14230.6301	
[INFO 20:25:57] root t_env: 6072 / 300000
[INFO 20:25:57] root Estimated time left: 8 minutes, 22 seconds. Time passed: 10 seconds
[INFO 20:25:59] root Recent Stats | t_env:       6552 | Episode:      273
battery_punishment_reward_mean:-2089.0614	battle_won_mean:           1.0000	bess_cost_reward_mean:   -150.0010	buffer/episodes:         231.0000
buy_cost_reward_mean:    -310256.3818	ep_length_mean:           24.0000	episode_limit_mean:        1.0000	eval/best_reward:        -306.6905
eval/best_win_rate:        1.0000	eval/ea_reward:          -307.0882	eval/ea_win_rate:          1.0000	eval/rl_reward:          -309.2664
eval/rl_win_rate:          1.0000	generate_cost_reward_mean:-42.1644	grid_purchase_cost_mean: 310256.3818	mean_soc_mean:             0.3700
return_mean:             -311.0179	return_std:               32.0693	soc_reserve_reward_mean:   0.0000	soc_violation_mean:       29.9703
test/battery_punishment_reward:-2040.2324	test/battle_won:           1.0000	test/bess_cost_reward:   -132.4264	test/buy_cost_reward:    -309418.5035
test/ep_length:           24.0000	test/episode_limit:        1.0000	test/generate_cost_reward:-44.7503	test/grid_purchase_cost: 309418.5035
test/mean_soc:             0.4233	test/return_mean:        -310.1588	test/return_std:          29.2912	test/soc_reserve_reward:   0.0000
test/soc_violation:       31.0123	test/total_power_loss:   14241.4810	test_battery_punishment_reward_mean:-2040.2324	test_battle_won_mean:      1.0000
test_bess_cost_reward_mean:-132.4264	test_buy_cost_reward_mean:-309418.5035	test_ep_length_mean:      24.0000	test_episode_limit_mean:   1.0000
test_generate_cost_reward_mean:-44.7503	test_grid_purchase_cost_mean:309418.5035	test_mean_soc_mean:        0.4233	test_return_mean:        -310.1588
test_return_std:          29.2912	test_soc_reserve_reward_mean:  0.0000	test_soc_violation_mean:  31.0123	test_total_power_loss_mean:14241.4810
total_power_loss_mean:   14292.0627	train/battery_punishment_reward:-2089.0614	train/battle_won:          1.0000	train/bess_cost_reward:  -150.0010
train/buy_cost_reward:   -310256.3818	train/ep_length:          24.0000	train/episode:           231.0000	train/episode_limit:       1.0000
train/generate_cost_reward:-42.1644	train/grid_purchase_cost:310256.3818	train/mean_soc:            0.3700	train/return_mean:       -311.0179
train/return_std:         32.0693	train/soc_reserve_reward:  0.0000	train/soc_violation:      29.9703	train/t_env:             5544.0000
train/total_power_loss:  14292.0627	
[INFO 20:26:00] root Recent Stats | t_env:       7056 | Episode:      294
battery_punishment_reward_mean:-2524.3754	battle_won_mean:           1.0000	bess_cost_reward_mean:   -165.9754	buffer/episodes:         252.0000
buy_cost_reward_mean:    -311801.7682	ep_length_mean:           24.0000	episode_limit_mean:        1.0000	eval/best_reward:        -306.6905
eval/best_win_rate:        1.0000	eval/ea_reward:          -307.0882	eval/ea_win_rate:          1.0000	eval/rl_reward:          -309.2664
eval/rl_win_rate:          1.0000	generate_cost_reward_mean:-41.0770	grid_purchase_cost_mean: 311801.7682	mean_soc_mean:             0.3090
return_mean:             -312.7133	return_std:               32.8829	soc_reserve_reward_mean:   0.0000	soc_violation_mean:       35.2563
test/battery_punishment_reward:-2040.2324	test/battle_won:           1.0000	test/bess_cost_reward:   -132.4264	test/buy_cost_reward:    -309418.5035
test/ep_length:           24.0000	test/episode_limit:        1.0000	test/generate_cost_reward:-44.7503	test/grid_purchase_cost: 309418.5035
test/mean_soc:             0.4233	test/return_mean:        -310.1588	test/return_std:          29.2912	test/soc_reserve_reward:   0.0000
test/soc_violation:       31.0123	test/total_power_loss:   14241.4810	test_battery_punishment_reward_mean:-2040.2324	test_battle_won_mean:      1.0000
test_bess_cost_reward_mean:-132.4264	test_buy_cost_reward_mean:-309418.5035	test_ep_length_mean:      24.0000	test_episode_limit_mean:   1.0000
test_generate_cost_reward_mean:-44.7503	test_grid_purchase_cost_mean:309418.5035	test_mean_soc_mean:        0.4233	test_return_mean:        -310.1588
test_return_std:          29.2912	test_soc_reserve_reward_mean:  0.0000	test_soc_violation_mean:  31.0123	test_total_power_loss_mean:14241.4810
total_power_loss_mean:   14357.7823	train/battery_punishment_reward:-2524.3754	train/battle_won:          1.0000	train/bess_cost_reward:  -165.9754
train/buy_cost_reward:   -311801.7682	train/ep_length:          24.0000	train/episode:           252.0000	train/episode_limit:       1.0000
train/generate_cost_reward:-41.0770	train/grid_purchase_cost:311801.7682	train/mean_soc:            0.3090	train/return_mean:       -312.7133
train/return_std:         32.8829	train/soc_reserve_reward:  0.0000	train/soc_violation:      35.2563	train/t_env:             6048.0000
train/total_power_loss:  14357.7823	
[INFO 20:26:00] root Recent Stats | t_env:       7560 | Episode:      315
battery_punishment_reward_mean:-2969.5309	battle_won_mean:           1.0000	bess_cost_reward_mean:   -181.1941	buffer/episodes:         273.0000
buy_cost_reward_mean:    -312141.4226	ep_length_mean:           24.0000	episode_limit_mean:        1.0000	eval/best_reward:        -306.6905
eval/best_win_rate:        1.0000	eval/ea_reward:          -307.0882	eval/ea_win_rate:          1.0000	eval/rl_reward:          -309.2664
eval/rl_win_rate:          1.0000	generate_cost_reward_mean:-39.8564	grid_purchase_cost_mean: 312141.4226	mean_soc_mean:             0.2506
return_mean:             -313.2060	return_std:               33.8449	soc_reserve_reward_mean:   0.0000	soc_violation_mean:       40.6484
test/battery_punishment_reward:-2040.2324	test/battle_won:           1.0000	test/bess_cost_reward:   -132.4264	test/buy_cost_reward:    -309418.5035
test/ep_length:           24.0000	test/episode_limit:        1.0000	test/generate_cost_reward:-44.7503	test/grid_purchase_cost: 309418.5035
test/mean_soc:             0.4233	test/return_mean:        -310.1588	test/return_std:          29.2912	test/soc_reserve_reward:   0.0000
test/soc_violation:       31.0123	test/total_power_loss:   14241.4810	test_battery_punishment_reward_mean:-2040.2324	test_battle_won_mean:      1.0000
test_bess_cost_reward_mean:-132.4264	test_buy_cost_reward_mean:-309418.5035	test_ep_length_mean:      24.0000	test_episode_limit_mean:   1.0000
test_generate_cost_reward_mean:-44.7503	test_grid_purchase_cost_mean:309418.5035	test_mean_soc_mean:        0.4233	test_return_mean:        -310.1588
test_return_std:          29.2912	test_soc_reserve_reward_mean:  0.0000	test_soc_violation_mean:  31.0123	test_total_power_loss_mean:14241.4810
total_power_loss_mean:   14369.9313	train/battery_punishment_reward:-2969.5309	train/battle_won:          1.0000	train/bess_cost_reward:  -181.1941
train/buy_cost_reward:   -312141.4226	train/ep_length:          24.0000	train/episode:           273.0000	train/episode_limit:       1.0000
train/generate_cost_reward:-39.8564	train/grid_purchase_cost:312141.4226	train/mean_soc:            0.2506	train/return_mean:       -313.2060
train/return_std:         33.8449	train/soc_reserve_reward:  0.0000	train/soc_violation:      40.6484	train/t_env:             6552.0000
train/total_power_loss:  14369.9313	
[INFO 20:26:00] root Recent Stats | t_env:       8064 | Episode:      336
battery_punishment_reward_mean:-3371.4604	battle_won_mean:           1.0000	bess_cost_reward_mean:   -194.4603	buffer/episodes:         294.0000
buy_cost_reward_mean:    -310897.6965	ep_length_mean:           24.0000	episode_limit_mean:        1.0000	eval/best_reward:        -306.6905
eval/best_win_rate:        1.0000	eval/ea_reward:          -307.0882	eval/ea_win_rate:          1.0000	eval/rl_reward:          -309.2664
eval/rl_win_rate:          1.0000	generate_cost_reward_mean:-38.5670	grid_purchase_cost_mean: 310897.6965	mean_soc_mean:             0.2000
return_mean:             -312.1002	return_std:               32.1565	soc_reserve_reward_mean:   0.0000	soc_violation_mean:       45.5365
test/battery_punishment_reward:-2040.2324	test/battle_won:           1.0000	test/bess_cost_reward:   -132.4264	test/buy_cost_reward:    -309418.5035
test/ep_length:           24.0000	test/episode_limit:        1.0000	test/generate_cost_reward:-44.7503	test/grid_purchase_cost: 309418.5035
test/mean_soc:             0.4233	test/return_mean:        -310.1588	test/return_std:          29.2912	test/soc_reserve_reward:   0.0000
test/soc_violation:       31.0123	test/total_power_loss:   14241.4810	test_battery_punishment_reward_mean:-2040.2324	test_battle_won_mean:      1.0000
test_bess_cost_reward_mean:-132.4264	test_buy_cost_reward_mean:-309418.5035	test_ep_length_mean:      24.0000	test_episode_limit_mean:   1.0000
test_generate_cost_reward_mean:-44.7503	test_grid_purchase_cost_mean:309418.5035	test_mean_soc_mean:        0.4233	test_return_mean:        -310.1588
test_return_std:          29.2912	test_soc_reserve_reward_mean:  0.0000	test_soc_violation_mean:  31.0123	test_total_power_loss_mean:14241.4810
total_power_loss_mean:   14312.9472	train/battery_punishment_reward:-3371.4604	train/battle_won:          1.0000	train/bess_cost_reward:  -194.4603
train/buy_cost_reward:   -310897.6965	train/ep_length:          24.0000	train/episode:           294.0000	train/episode_limit:       1.0000
train/generate_cost_reward:-38.5670	train/grid_purchase_cost:310897.6965	train/mean_soc:            0.2000	train/return_mean:       -312.1002
train/return_std:         32.1565	train/soc_reserve_reward:  0.0000	train/soc_violation:      45.5365	train/t_env:             7056.0000
train/total_power_loss:  14312.9472	
[INFO 20:26:01] root t_env: 8088 / 300000
[INFO 20:26:01] root Estimated time left: 8 minutes, 4 seconds. Time passed: 14 seconds
[INFO 20:26:03] root Recent Stats | t_env:       8568 | Episode:      357
battery_punishment_reward_mean:-3374.6110	battle_won_mean:           1.0000	bess_cost_reward_mean:   -194.4821	buffer/episodes:         315.0000
buy_cost_reward_mean:    -310774.6788	ep_length_mean:           24.0000	episode_limit_mean:        1.0000	eval/best_reward:        -307.0058
eval/best_win_rate:        1.0000	eval/ea_reward:          -307.3240	eval/ea_win_rate:          1.0000	eval/rl_reward:          -309.5669
eval/rl_win_rate:          1.0000	generate_cost_reward_mean:-38.6095	grid_purchase_cost_mean: 310774.6788	mean_soc_mean:             0.2000
return_mean:             -311.9783	return_std:               34.0394	soc_reserve_reward_mean:   0.0000	soc_violation_mean:       45.5616
test/battery_punishment_reward:-2040.3701	test/battle_won:           1.0000	test/bess_cost_reward:   -132.2401	test/buy_cost_reward:    -308648.6707
test/ep_length:           24.0000	test/episode_limit:        1.0000	test/generate_cost_reward:-44.7544	test/grid_purchase_cost: 308648.6707
test/mean_soc:             0.4241	test/return_mean:        -309.3890	test/return_std:          29.1831	test/soc_reserve_reward:   0.0000
test/soc_violation:       31.0277	test/total_power_loss:   14200.2692	test_battery_punishment_reward_mean:-2040.3701	test_battle_won_mean:      1.0000
test_bess_cost_reward_mean:-132.2401	test_buy_cost_reward_mean:-308648.6707	test_ep_length_mean:      24.0000	test_episode_limit_mean:   1.0000
test_generate_cost_reward_mean:-44.7544	test_grid_purchase_cost_mean:308648.6707	test_mean_soc_mean:        0.4241	test_return_mean:        -309.3890
test_return_std:          29.1831	test_soc_reserve_reward_mean:  0.0000	test_soc_violation_mean:  31.0277	test_total_power_loss_mean:14200.2692
total_power_loss_mean:   14307.0744	train/battery_punishment_reward:-3374.6110	train/battle_won:          1.0000	train/bess_cost_reward:  -194.4821
train/buy_cost_reward:   -310774.6788	train/ep_length:          24.0000	train/episode:           315.0000	train/episode_limit:       1.0000
train/generate_cost_reward:-38.6095	train/grid_purchase_cost:310774.6788	train/mean_soc:            0.2000	train/return_mean:       -311.9783
train/return_std:         34.0394	train/soc_reserve_reward:  0.0000	train/soc_violation:      45.5616	train/t_env:             7560.0000
train/total_power_loss:  14307.0744	
[INFO 20:26:03] root Recent Stats | t_env:       9072 | Episode:      378
battery_punishment_reward_mean:-3376.2954	battle_won_mean:           1.0000	bess_cost_reward_mean:   -194.4345	buffer/episodes:         336.0000
buy_cost_reward_mean:    -310238.4515	ep_length_mean:           24.0000	episode_limit_mean:        1.0000	eval/best_reward:        -307.0058
eval/best_win_rate:        1.0000	eval/ea_reward:          -307.3240	eval/ea_win_rate:          1.0000	eval/rl_reward:          -309.5669
eval/rl_win_rate:          1.0000	generate_cost_reward_mean:-38.6303	grid_purchase_cost_mean: 310238.4515	mean_soc_mean:             0.2000
return_mean:             -311.4426	return_std:               35.2928	soc_reserve_reward_mean:   0.0000	soc_violation_mean:       45.5959
test/battery_punishment_reward:-2040.3701	test/battle_won:           1.0000	test/bess_cost_reward:   -132.2401	test/buy_cost_reward:    -308648.6707
test/ep_length:           24.0000	test/episode_limit:        1.0000	test/generate_cost_reward:-44.7544	test/grid_purchase_cost: 308648.6707
test/mean_soc:             0.4241	test/return_mean:        -309.3890	test/return_std:          29.1831	test/soc_reserve_reward:   0.0000
test/soc_violation:       31.0277	test/total_power_loss:   14200.2692	test_battery_punishment_reward_mean:-2040.3701	test_battle_won_mean:      1.0000
test_bess_cost_reward_mean:-132.2401	test_buy_cost_reward_mean:-308648.6707	test_ep_length_mean:      24.0000	test_episode_limit_mean:   1.0000
test_generate_cost_reward_mean:-44.7544	test_grid_purchase_cost_mean:308648.6707	test_mean_soc_mean:        0.4241	test_return_mean:        -309.3890
test_return_std:          29.1831	test_soc_reserve_reward_mean:  0.0000	test_soc_violation_mean:  31.0277	test_total_power_loss_mean:14200.2692
total_power_loss_mean:   14271.3505	train/battery_punishment_reward:-3376.2954	train/battle_won:          1.0000	train/bess_cost_reward:  -194.4345
train/buy_cost_reward:   -310238.4515	train/ep_length:          24.0000	train/episode:           336.0000	train/episode_limit:       1.0000
train/generate_cost_reward:-38.6303	train/grid_purchase_cost:310238.4515	train/mean_soc:            0.2000	train/return_mean:       -311.4426
train/return_std:         35.2928	train/soc_reserve_reward:  0.0000	train/soc_violation:      45.5959	train/t_env:             8064.0000
train/total_power_loss:  14271.3505	
[INFO 20:26:03] root Recent Stats | t_env:       9576 | Episode:      399
battery_punishment_reward_mean:-3373.7397	battle_won_mean:           1.0000	bess_cost_reward_mean:   -194.4285	buffer/episodes:         357.0000
buy_cost_reward_mean:    -309493.8727	ep_length_mean:           24.0000	episode_limit_mean:        1.0000	eval/best_reward:        -307.0058
eval/best_win_rate:        1.0000	eval/ea_reward:          -307.3240	eval/ea_win_rate:          1.0000	eval/rl_reward:          -309.5669
eval/rl_win_rate:          1.0000	generate_cost_reward_mean:-38.6315	grid_purchase_cost_mean: 309493.8727	mean_soc_mean:             0.2000
return_mean:             -310.6972	return_std:               34.5559	soc_reserve_reward_mean:   0.0000	soc_violation_mean:       45.5798
test/battery_punishment_reward:-2040.3701	test/battle_won:           1.0000	test/bess_cost_reward:   -132.2401	test/buy_cost_reward:    -308648.6707
test/ep_length:           24.0000	test/episode_limit:        1.0000	test/generate_cost_reward:-44.7544	test/grid_purchase_cost: 308648.6707
test/mean_soc:             0.4241	test/return_mean:        -309.3890	test/return_std:          29.1831	test/soc_reserve_reward:   0.0000
test/soc_violation:       31.0277	test/total_power_loss:   14200.2692	test_battery_punishment_reward_mean:-2040.3701	test_battle_won_mean:      1.0000
test_bess_cost_reward_mean:-132.2401	test_buy_cost_reward_mean:-308648.6707	test_ep_length_mean:      24.0000	test_episode_limit_mean:   1.0000
test_generate_cost_reward_mean:-44.7544	test_grid_purchase_cost_mean:308648.6707	test_mean_soc_mean:        0.4241	test_return_mean:        -309.3890
test_return_std:          29.1831	test_soc_reserve_reward_mean:  0.0000	test_soc_violation_mean:  31.0277	test_total_power_loss_mean:14200.2692
total_power_loss_mean:   14229.6354	train/battery_punishment_reward:-3373.7397	train/battle_won:          1.0000	train/bess_cost_reward:  -194.4285
train/buy_cost_reward:   -309493.8727	train/ep_length:          24.0000	train/episode:           357.0000	train/episode_limit:       1.0000
train/generate_cost_reward:-38.6315	train/grid_purchase_cost:309493.8727	train/mean_soc:            0.2000	train/return_mean:       -310.6972
train/return_std:         34.5559	train/soc_reserve_reward:  0.0000	train/soc_violation:      45.5798	train/t_env:             8568.0000
train/total_power_loss:  14229.6354	
[INFO 20:26:04] root Saving models to results\models\facmac_smac__2026-06-15_20-25-46\10032
[INFO 20:26:04] root Recent Stats | t_env:      10080 | Episode:      420
battery_punishment_reward_mean:-3374.0756	battle_won_mean:           1.0000	bess_cost_reward_mean:   -194.4387	buffer/episodes:         378.0000
buy_cost_reward_mean:    -309280.7101	ep_length_mean:           24.0000	episode_limit_mean:        1.0000	eval/best_reward:        -307.0058
eval/best_win_rate:        1.0000	eval/ea_reward:          -307.3240	eval/ea_win_rate:          1.0000	eval/rl_reward:          -309.5669
eval/rl_win_rate:          1.0000	generate_cost_reward_mean:-38.5765	grid_purchase_cost_mean: 309280.7101	mean_soc_mean:             0.2000
return_mean:             -310.4841	return_std:               35.0396	soc_reserve_reward_mean:   0.0000	soc_violation_mean:       45.5791
test/battery_punishment_reward:-2040.3701	test/battle_won:           1.0000	test/bess_cost_reward:   -132.2401	test/buy_cost_reward:    -308648.6707
test/ep_length:           24.0000	test/episode_limit:        1.0000	test/generate_cost_reward:-44.7544	test/grid_purchase_cost: 308648.6707
test/mean_soc:             0.4241	test/return_mean:        -309.3890	test/return_std:          29.1831	test/soc_reserve_reward:   0.0000
test/soc_violation:       31.0277	test/total_power_loss:   14200.2692	test_battery_punishment_reward_mean:-2040.3701	test_battle_won_mean:      1.0000
test_bess_cost_reward_mean:-132.2401	test_buy_cost_reward_mean:-308648.6707	test_ep_length_mean:      24.0000	test_episode_limit_mean:   1.0000
test_generate_cost_reward_mean:-44.7544	test_grid_purchase_cost_mean:308648.6707	test_mean_soc_mean:        0.4241	test_return_mean:        -309.3890
test_return_std:          29.1831	test_soc_reserve_reward_mean:  0.0000	test_soc_violation_mean:  31.0277	test_total_power_loss_mean:14200.2692
total_power_loss_mean:   14228.3564	train/battery_punishment_reward:-3374.0756	train/battle_won:          1.0000	train/bess_cost_reward:  -194.4387
train/buy_cost_reward:   -309280.7101	train/ep_length:          24.0000	train/episode:           378.0000	train/episode_limit:       1.0000
train/generate_cost_reward:-38.5765	train/grid_purchase_cost:309280.7101	train/mean_soc:            0.2000	train/return_mean:       -310.4841
train/return_std:         35.0396	train/soc_reserve_reward:  0.0000	train/soc_violation:      45.5791	train/t_env:             9072.0000
train/total_power_loss:  14228.3564	
[INFO 20:26:08] root t_env: 10224 / 300000
[INFO 20:26:08] root Estimated time left: 16 minutes, 12 seconds. Time passed: 21 seconds
[INFO 20:26:20] root Recent Stats | t_env:      10704 | Episode:      431
battery_punishment_reward_mean:-3154.6007	battle_won_mean:           1.0000	bess_cost_reward_mean:   -184.8275	buffer/episodes:         400.0000
buy_cost_reward_mean:    -309825.6083	ep_length_mean:           24.0000	episode_limit_mean:        1.0000	eval/best_reward:        -306.9410
eval/best_win_rate:        1.0000	eval/ea_reward:          -307.0772	eval/ea_win_rate:          1.0000	eval/rl_reward:          -310.1091
eval/rl_win_rate:          1.0000	generate_cost_reward_mean:-38.9404	grid_purchase_cost_mean: 309825.6083	mean_soc_mean:             0.2344
return_mean:             -310.9528	return_std:               34.9185	soc_reserve_reward_mean:   0.0000	soc_violation_mean:       43.0380
test/battery_punishment_reward:-2935.5857	test/battle_won:           1.0000	test/bess_cost_reward:   -158.2492	test/buy_cost_reward:    -310172.0783
test/ep_length:           24.0000	test/episode_limit:        1.0000	test/generate_cost_reward:-45.6608	test/grid_purchase_cost: 310172.0783
test/mean_soc:             0.3318	test/return_mean:        -311.2198	test/return_std:          29.4035	test/soc_reserve_reward:   0.0000
test/soc_violation:       40.2989	test/total_power_loss:   14269.2389	test_battery_punishment_reward_mean:-2935.5857	test_battle_won_mean:      1.0000
test_bess_cost_reward_mean:-158.2492	test_buy_cost_reward_mean:-310172.0783	test_ep_length_mean:      24.0000	test_episode_limit_mean:   1.0000
test_generate_cost_reward_mean:-45.6608	test_grid_purchase_cost_mean:310172.0783	test_mean_soc_mean:        0.3318	test_return_mean:        -311.2198
test_return_std:          29.4035	test_soc_reserve_reward_mean:  0.0000	test_soc_violation_mean:  40.2989	test_total_power_loss_mean:14269.2389
total_power_loss_mean:   14260.9012	train/battery_punishment_reward:-3154.6007	train/battle_won:          1.0000	train/bess_cost_reward:  -184.8275
train/buy_cost_reward:   -309825.6083	train/ep_length:          24.0000	train/episode:           397.0000	train/episode_limit:       1.0000
train/generate_cost_reward:-38.9404	train/grid_purchase_cost:309825.6083	train/mean_soc:            0.2344	train/return_mean:       -310.9528
train/return_std:         34.9185	train/soc_reserve_reward:  0.0000	train/soc_violation:      43.0380	train/t_env:             9600.0000
train/total_power_loss:  14260.9012	
[INFO 20:26:27] root Recent Stats | t_env:      11208 | Episode:      442
battery_punishment_reward_mean:-2956.0666	battle_won_mean:           1.0000	bess_cost_reward_mean:   -181.9638	buffer/episodes:         422.0000
buy_cost_reward_mean:    -310317.7106	ep_length_mean:           24.0000	episode_limit_mean:        1.0000	eval/best_reward:        -306.9410
eval/best_win_rate:        1.0000	eval/ea_reward:          -307.0772	eval/ea_win_rate:          1.0000	eval/rl_reward:          -310.1091
eval/rl_win_rate:          1.0000	generate_cost_reward_mean:-39.1061	grid_purchase_cost_mean: 310317.7106	mean_soc_mean:             0.2448
return_mean:             -311.3778	return_std:               35.9019	soc_reserve_reward_mean:   0.0000	soc_violation_mean:       40.9636
test/battery_punishment_reward:-2935.5857	test/battle_won:           1.0000	test/bess_cost_reward:   -158.2492	test/buy_cost_reward:    -310172.0783
test/ep_length:           24.0000	test/episode_limit:        1.0000	test/generate_cost_reward:-45.6608	test/grid_purchase_cost: 310172.0783
test/mean_soc:             0.3318	test/return_mean:        -311.2198	test/return_std:          29.4035	test/soc_reserve_reward:   0.0000
test/soc_violation:       40.2989	test/total_power_loss:   14269.2389	test_battery_punishment_reward_mean:-2935.5857	test_battle_won_mean:      1.0000
test_bess_cost_reward_mean:-158.2492	test_buy_cost_reward_mean:-310172.0783	test_ep_length_mean:      24.0000	test_episode_limit_mean:   1.0000
test_generate_cost_reward_mean:-45.6608	test_grid_purchase_cost_mean:310172.0783	test_mean_soc_mean:        0.3318	test_return_mean:        -311.2198
test_return_std:          29.4035	test_soc_reserve_reward_mean:  0.0000	test_soc_violation_mean:  40.2989	test_total_power_loss_mean:14269.2389
total_power_loss_mean:   14288.0617	train/battery_punishment_reward:-2956.0666	train/battle_won:          1.0000	train/bess_cost_reward:  -181.9638
train/buy_cost_reward:   -310317.7106	train/ep_length:          24.0000	train/episode:           414.0000	train/episode_limit:       1.0000
train/generate_cost_reward:-39.1061	train/grid_purchase_cost:310317.7106	train/mean_soc:            0.2448	train/return_mean:       -311.3778
train/return_std:         35.9019	train/soc_reserve_reward:  0.0000	train/soc_violation:      40.9636	train/t_env:             10128.0000
train/total_power_loss:  14288.0617	
[INFO 20:26:36] root Recent Stats | t_env:      11712 | Episode:      453
battery_punishment_reward_mean:-2941.5426	battle_won_mean:           1.0000	bess_cost_reward_mean:   -178.3581	buffer/episodes:         444.0000
buy_cost_reward_mean:    -310296.4752	ep_length_mean:           24.0000	episode_limit_mean:        1.0000	eval/best_reward:        -306.9410
eval/best_win_rate:        1.0000	eval/ea_reward:          -307.0772	eval/ea_win_rate:          1.0000	eval/rl_reward:          -310.1091
eval/rl_win_rate:          1.0000	generate_cost_reward_mean:-39.7829	grid_purchase_cost_mean: 310296.4752	mean_soc_mean:             0.2580
return_mean:             -311.3507	return_std:               35.1079	soc_reserve_reward_mean:   0.0000	soc_violation_mean:       40.6623
test/battery_punishment_reward:-2935.5857	test/battle_won:           1.0000	test/bess_cost_reward:   -158.2492	test/buy_cost_reward:    -310172.0783
test/ep_length:           24.0000	test/episode_limit:        1.0000	test/generate_cost_reward:-45.6608	test/grid_purchase_cost: 310172.0783
test/mean_soc:             0.3318	test/return_mean:        -311.2198	test/return_std:          29.4035	test/soc_reserve_reward:   0.0000
test/soc_violation:       40.2989	test/total_power_loss:   14269.2389	test_battery_punishment_reward_mean:-2935.5857	test_battle_won_mean:      1.0000
test_bess_cost_reward_mean:-158.2492	test_buy_cost_reward_mean:-310172.0783	test_ep_length_mean:      24.0000	test_episode_limit_mean:   1.0000
test_generate_cost_reward_mean:-45.6608	test_grid_purchase_cost_mean:310172.0783	test_mean_soc_mean:        0.3318	test_return_mean:        -311.2198
test_return_std:          29.4035	test_soc_reserve_reward_mean:  0.0000	test_soc_violation_mean:  40.2989	test_total_power_loss_mean:14269.2389
total_power_loss_mean:   14292.4097	train/battery_punishment_reward:-2941.5426	train/battle_won:          1.0000	train/bess_cost_reward:  -178.3581
train/buy_cost_reward:   -310296.4752	train/ep_length:          24.0000	train/episode:           429.0000	train/episode_limit:       1.0000
train/generate_cost_reward:-39.7829	train/grid_purchase_cost:310296.4752	train/mean_soc:            0.2580	train/return_mean:       -311.3507
train/return_std:         35.1079	train/soc_reserve_reward:  0.0000	train/soc_violation:      40.6623	train/t_env:             10656.0000
train/total_power_loss:  14292.4097	
[INFO 20:26:45] root Recent Stats | t_env:      12216 | Episode:      464
battery_punishment_reward_mean:-2810.0109	battle_won_mean:           1.0000	bess_cost_reward_mean:   -176.4262	buffer/episodes:         466.0000
buy_cost_reward_mean:    -312130.4943	ep_length_mean:           24.0000	episode_limit_mean:        1.0000	eval/best_reward:        -306.9410
eval/best_win_rate:        1.0000	eval/ea_reward:          -307.0772	eval/ea_win_rate:          1.0000	eval/rl_reward:          -310.1091
eval/rl_win_rate:          1.0000	generate_cost_reward_mean:-41.2097	grid_purchase_cost_mean: 312130.4943	mean_soc_mean:             0.2650
return_mean:             -313.1408	return_std:               33.1344	soc_reserve_reward_mean:   0.0000	soc_violation_mean:       39.2883
test/battery_punishment_reward:-2935.5857	test/battle_won:           1.0000	test/bess_cost_reward:   -158.2492	test/buy_cost_reward:    -310172.0783
test/ep_length:           24.0000	test/episode_limit:        1.0000	test/generate_cost_reward:-45.6608	test/grid_purchase_cost: 310172.0783
test/mean_soc:             0.3318	test/return_mean:        -311.2198	test/return_std:          29.4035	test/soc_reserve_reward:   0.0000
test/soc_violation:       40.2989	test/total_power_loss:   14269.2389	test_battery_punishment_reward_mean:-2935.5857	test_battle_won_mean:      1.0000
test_bess_cost_reward_mean:-158.2492	test_buy_cost_reward_mean:-310172.0783	test_ep_length_mean:      24.0000	test_episode_limit_mean:   1.0000
test_generate_cost_reward_mean:-45.6608	test_grid_purchase_cost_mean:310172.0783	test_mean_soc_mean:        0.3318	test_return_mean:        -311.2198
test_return_std:          29.4035	test_soc_reserve_reward_mean:  0.0000	test_soc_violation_mean:  40.2989	test_total_power_loss_mean:14269.2389
total_power_loss_mean:   14352.2573	train/battery_punishment_reward:-2810.0109	train/battle_won:          1.0000	train/bess_cost_reward:  -176.4262
train/buy_cost_reward:   -312130.4943	train/ep_length:          24.0000	train/episode:           442.0000	train/episode_limit:       1.0000
train/generate_cost_reward:-41.2097	train/grid_purchase_cost:312130.4943	train/mean_soc:            0.2650	train/return_mean:       -313.1408
train/return_std:         33.1344	train/soc_reserve_reward:  0.0000	train/soc_violation:      39.2883	train/t_env:             11184.0000
train/total_power_loss:  14352.2573	
[INFO 20:26:45] root t_env: 12240 / 300000
[INFO 20:26:45] root Estimated time left: 1 hours, 29 minutes, 48 seconds. Time passed: 59 seconds
[INFO 20:26:57] root Recent Stats | t_env:      12720 | Episode:      475
battery_punishment_reward_mean:-2681.7863	battle_won_mean:           1.0000	bess_cost_reward_mean:   -172.4594	buffer/episodes:         488.0000
buy_cost_reward_mean:    -310868.1195	ep_length_mean:           24.0000	episode_limit_mean:        1.0000	eval/best_reward:        -305.2070
eval/best_win_rate:        1.0000	eval/ea_reward:          -305.2070	eval/ea_win_rate:          1.0000	eval/rl_reward:          -311.3502
eval/rl_win_rate:          1.0000	generate_cost_reward_mean:-42.2236	grid_purchase_cost_mean: 310868.1195	mean_soc_mean:             0.2791
return_mean:             -311.8347	return_std:               31.8884	soc_reserve_reward_mean:   0.0000	soc_violation_mean:       37.6728
test/battery_punishment_reward:-2939.4907	test/battle_won:           1.0000	test/bess_cost_reward:   -187.9948	test/buy_cost_reward:    -306700.8488
test/ep_length:           24.0000	test/episode_limit:        1.0000	test/generate_cost_reward:-37.4539	test/grid_purchase_cost: 306700.8488
test/mean_soc:             0.2237	test/return_mean:        -307.7568	test/return_std:          27.7342	test/soc_reserve_reward:   0.0000
test/soc_violation:       40.1022	test/total_power_loss:   14135.6565	test_battery_punishment_reward_mean:-2939.4907	test_battle_won_mean:      1.0000
test_bess_cost_reward_mean:-187.9948	test_buy_cost_reward_mean:-306700.8488	test_ep_length_mean:      24.0000	test_episode_limit_mean:   1.0000
test_generate_cost_reward_mean:-37.4539	test_grid_purchase_cost_mean:306700.8488	test_mean_soc_mean:        0.2237	test_return_mean:        -307.7568
test_return_std:          27.7342	test_soc_reserve_reward_mean:  0.0000	test_soc_violation_mean:  40.1022	test_total_power_loss_mean:14135.6565
total_power_loss_mean:   14296.7074	train/battery_punishment_reward:-2681.7863	train/battle_won:          1.0000	train/bess_cost_reward:  -172.4594
train/buy_cost_reward:   -310868.1195	train/ep_length:          24.0000	train/episode:           453.0000	train/episode_limit:       1.0000
train/generate_cost_reward:-42.2236	train/grid_purchase_cost:310868.1195	train/mean_soc:            0.2791	train/return_mean:       -311.8347
train/return_std:         31.8884	train/soc_reserve_reward:  0.0000	train/soc_violation:      37.6728	train/t_env:             11712.0000
train/total_power_loss:  14296.7074	
[INFO 20:27:11] root Recent Stats | t_env:      13344 | Episode:      486
battery_punishment_reward_mean:-2882.6820	battle_won_mean:           1.0000	bess_cost_reward_mean:   -174.5340	buffer/episodes:         510.0000
buy_cost_reward_mean:    -312731.0297	ep_length_mean:           24.0000	episode_limit_mean:        1.0000	eval/best_reward:        -305.2070
eval/best_win_rate:        1.0000	eval/ea_reward:          -305.2070	eval/ea_win_rate:          1.0000	eval/rl_reward:          -311.3502
eval/rl_win_rate:          1.0000	generate_cost_reward_mean:-42.2781	grid_purchase_cost_mean: 312731.0297	mean_soc_mean:             0.2723
return_mean:             -313.7653	return_std:               33.8343	soc_reserve_reward_mean:   0.0000	soc_violation_mean:       39.8410
test/battery_punishment_reward:-2939.4907	test/battle_won:           1.0000	test/bess_cost_reward:   -187.9948	test/buy_cost_reward:    -306700.8488
test/ep_length:           24.0000	test/episode_limit:        1.0000	test/generate_cost_reward:-37.4539	test/grid_purchase_cost: 306700.8488
test/mean_soc:             0.2237	test/return_mean:        -307.7568	test/return_std:          27.7342	test/soc_reserve_reward:   0.0000
test/soc_violation:       40.1022	test/total_power_loss:   14135.6565	test_battery_punishment_reward_mean:-2939.4907	test_battle_won_mean:      1.0000
test_bess_cost_reward_mean:-187.9948	test_buy_cost_reward_mean:-306700.8488	test_ep_length_mean:      24.0000	test_episode_limit_mean:   1.0000
test_generate_cost_reward_mean:-37.4539	test_grid_purchase_cost_mean:306700.8488	test_mean_soc_mean:        0.2237	test_return_mean:        -307.7568
test_return_std:          27.7342	test_soc_reserve_reward_mean:  0.0000	test_soc_violation_mean:  40.1022	test_total_power_loss_mean:14135.6565
total_power_loss_mean:   14374.0923	train/battery_punishment_reward:-2882.6820	train/battle_won:          1.0000	train/bess_cost_reward:  -174.5340
train/buy_cost_reward:   -312731.0297	train/ep_length:          24.0000	train/episode:           464.0000	train/episode_limit:       1.0000
train/generate_cost_reward:-42.2781	train/grid_purchase_cost:312731.0297	train/mean_soc:            0.2723	train/return_mean:       -313.7653
train/return_std:         33.8343	train/soc_reserve_reward:  0.0000	train/soc_violation:      39.8410	train/t_env:             12240.0000
train/total_power_loss:  14374.0923	
[INFO 20:27:20] root Recent Stats | t_env:      13848 | Episode:      497
battery_punishment_reward_mean:-3155.4632	battle_won_mean:           1.0000	bess_cost_reward_mean:   -166.6199	buffer/episodes:         532.0000
buy_cost_reward_mean:    -311098.7349	ep_length_mean:           24.0000	episode_limit_mean:        1.0000	eval/best_reward:        -305.2070
eval/best_win_rate:        1.0000	eval/ea_reward:          -305.2070	eval/ea_win_rate:          1.0000	eval/rl_reward:          -311.3502
eval/rl_win_rate:          1.0000	generate_cost_reward_mean:-44.1448	grid_purchase_cost_mean: 311098.7349	mean_soc_mean:             0.3013
return_mean:             -312.2220	return_std:               31.8888	soc_reserve_reward_mean:   0.0000	soc_violation_mean:       42.5687
test/battery_punishment_reward:-2939.4907	test/battle_won:           1.0000	test/bess_cost_reward:   -187.9948	test/buy_cost_reward:    -306700.8488
test/ep_length:           24.0000	test/episode_limit:        1.0000	test/generate_cost_reward:-37.4539	test/grid_purchase_cost: 306700.8488
test/mean_soc:             0.2237	test/return_mean:        -307.7568	test/return_std:          27.7342	test/soc_reserve_reward:   0.0000
test/soc_violation:       40.1022	test/total_power_loss:   14135.6565	test_battery_punishment_reward_mean:-2939.4907	test_battle_won_mean:      1.0000
test_bess_cost_reward_mean:-187.9948	test_buy_cost_reward_mean:-306700.8488	test_ep_length_mean:      24.0000	test_episode_limit_mean:   1.0000
test_generate_cost_reward_mean:-37.4539	test_grid_purchase_cost_mean:306700.8488	test_mean_soc_mean:        0.2237	test_return_mean:        -307.7568
test_return_std:          27.7342	test_soc_reserve_reward_mean:  0.0000	test_soc_violation_mean:  40.1022	test_total_power_loss_mean:14135.6565
total_power_loss_mean:   14311.3510	train/battery_punishment_reward:-3155.4632	train/battle_won:          1.0000	train/bess_cost_reward:  -166.6199
train/buy_cost_reward:   -311098.7349	train/ep_length:          24.0000	train/episode:           475.0000	train/episode_limit:       1.0000
train/generate_cost_reward:-44.1448	train/grid_purchase_cost:311098.7349	train/mean_soc:            0.3013	train/return_mean:       -312.2220
train/return_std:         31.8888	train/soc_reserve_reward:  0.0000	train/soc_violation:      42.5687	train/t_env:             12768.0000
train/total_power_loss:  14311.3510	
[INFO 20:27:30] root t_env: 14304 / 300000
[INFO 20:27:30] root Estimated time left: 1 hours, 43 minutes, 35 seconds. Time passed: 1 minutes, 43 seconds
[INFO 20:27:32] root Recent Stats | t_env:      14352 | Episode:      508
battery_punishment_reward_mean:-3241.4943	battle_won_mean:           1.0000	bess_cost_reward_mean:   -167.1798	buffer/episodes:         554.0000
buy_cost_reward_mean:    -309703.2265	ep_length_mean:           24.0000	episode_limit_mean:        1.0000	eval/best_reward:        -304.6809
eval/best_win_rate:        1.0000	eval/ea_reward:          -305.6300	eval/ea_win_rate:          1.0000	eval/rl_reward:          -310.7841
eval/rl_win_rate:          1.0000	generate_cost_reward_mean:-45.5581	grid_purchase_cost_mean: 309703.2265	mean_soc_mean:             0.2994
return_mean:             -310.8559	return_std:               33.2500	soc_reserve_reward_mean:   0.0000	soc_violation_mean:       43.5111
test/battery_punishment_reward:-2035.7193	test/battle_won:           1.0000	test/bess_cost_reward:   -192.9767	test/buy_cost_reward:    -307964.5237
test/ep_length:           24.0000	test/episode_limit:        1.0000	test/generate_cost_reward:-33.8194	test/grid_purchase_cost: 307964.5237
test/mean_soc:             0.2044	test/return_mean:        -308.7196	test/return_std:          26.5821	test/soc_reserve_reward:   0.0000
test/soc_violation:       30.4961	test/total_power_loss:   14198.6002	test_battery_punishment_reward_mean:-2035.7193	test_battle_won_mean:      1.0000
test_bess_cost_reward_mean:-192.9767	test_buy_cost_reward_mean:-307964.5237	test_ep_length_mean:      24.0000	test_episode_limit_mean:   1.0000
test_generate_cost_reward_mean:-33.8194	test_grid_purchase_cost_mean:307964.5237	test_mean_soc_mean:        0.2044	test_return_mean:        -308.7196
test_return_std:          26.5821	test_soc_reserve_reward_mean:  0.0000	test_soc_violation_mean:  30.4961	test_total_power_loss_mean:14198.6002
total_power_loss_mean:   14241.2392	train/battery_punishment_reward:-3241.4943	train/battle_won:          1.0000	train/bess_cost_reward:  -167.1798
train/buy_cost_reward:   -309703.2265	train/ep_length:          24.0000	train/episode:           486.0000	train/episode_limit:       1.0000
train/generate_cost_reward:-45.5581	train/grid_purchase_cost:309703.2265	train/mean_soc:            0.2994	train/return_mean:       -310.8559
train/return_std:         33.2500	train/soc_reserve_reward:  0.0000	train/soc_violation:      43.5111	train/t_env:             13296.0000
train/total_power_loss:  14241.2392	
[INFO 20:27:41] root Recent Stats | t_env:      14856 | Episode:      519
battery_punishment_reward_mean:-3337.7447	battle_won_mean:           1.0000	bess_cost_reward_mean:   -163.9083	buffer/episodes:         576.0000
buy_cost_reward_mean:    -306094.7254	ep_length_mean:           24.0000	episode_limit_mean:        1.0000	eval/best_reward:        -304.6809
eval/best_win_rate:        1.0000	eval/ea_reward:          -305.6300	eval/ea_win_rate:          1.0000	eval/rl_reward:          -310.7841
eval/rl_win_rate:          1.0000	generate_cost_reward_mean:-44.4599	grid_purchase_cost_mean: 306094.7254	mean_soc_mean:             0.3114
return_mean:             -307.2779	return_std:               33.0433	soc_reserve_reward_mean:   0.0000	soc_violation_mean:       44.3928
test/battery_punishment_reward:-2035.7193	test/battle_won:           1.0000	test/bess_cost_reward:   -192.9767	test/buy_cost_reward:    -307964.5237
test/ep_length:           24.0000	test/episode_limit:        1.0000	test/generate_cost_reward:-33.8194	test/grid_purchase_cost: 307964.5237
test/mean_soc:             0.2044	test/return_mean:        -308.7196	test/return_std:          26.5821	test/soc_reserve_reward:   0.0000
test/soc_violation:       30.4961	test/total_power_loss:   14198.6002	test_battery_punishment_reward_mean:-2035.7193	test_battle_won_mean:      1.0000
test_bess_cost_reward_mean:-192.9767	test_buy_cost_reward_mean:-307964.5237	test_ep_length_mean:      24.0000	test_episode_limit_mean:   1.0000
test_generate_cost_reward_mean:-33.8194	test_grid_purchase_cost_mean:307964.5237	test_mean_soc_mean:        0.2044	test_return_mean:        -308.7196
test_return_std:          26.5821	test_soc_reserve_reward_mean:  0.0000	test_soc_violation_mean:  30.4961	test_total_power_loss_mean:14198.6002
total_power_loss_mean:   14100.0969	train/battery_punishment_reward:-3337.7447	train/battle_won:          1.0000	train/bess_cost_reward:  -163.9083
train/buy_cost_reward:   -306094.7254	train/ep_length:          24.0000	train/episode:           497.0000	train/episode_limit:       1.0000
train/generate_cost_reward:-44.4599	train/grid_purchase_cost:306094.7254	train/mean_soc:            0.3114	train/return_mean:       -307.2779
train/return_std:         33.0433	train/soc_reserve_reward:  0.0000	train/soc_violation:      44.3928	train/t_env:             13824.0000
train/total_power_loss:  14100.0969	
[INFO 20:27:52] root Recent Stats | t_env:      15360 | Episode:      530
battery_punishment_reward_mean:-3490.5669	battle_won_mean:           1.0000	bess_cost_reward_mean:   -166.3500	buffer/episodes:         598.0000
buy_cost_reward_mean:    -309031.0261	ep_length_mean:           24.0000	episode_limit_mean:        1.0000	eval/best_reward:        -304.6809
eval/best_win_rate:        1.0000	eval/ea_reward:          -305.6300	eval/ea_win_rate:          1.0000	eval/rl_reward:          -310.7841
eval/rl_win_rate:          1.0000	generate_cost_reward_mean:-43.8522	grid_purchase_cost_mean: 309031.0261	mean_soc_mean:             0.3029
return_mean:             -310.2658	return_std:               32.4136	soc_reserve_reward_mean:   0.0000	soc_violation_mean:       46.2313
test/battery_punishment_reward:-2035.7193	test/battle_won:           1.0000	test/bess_cost_reward:   -192.9767	test/buy_cost_reward:    -307964.5237
test/ep_length:           24.0000	test/episode_limit:        1.0000	test/generate_cost_reward:-33.8194	test/grid_purchase_cost: 307964.5237
test/mean_soc:             0.2044	test/return_mean:        -308.7196	test/return_std:          26.5821	test/soc_reserve_reward:   0.0000
test/soc_violation:       30.4961	test/total_power_loss:   14198.6002	test_battery_punishment_reward_mean:-2035.7193	test_battle_won_mean:      1.0000
test_bess_cost_reward_mean:-192.9767	test_buy_cost_reward_mean:-307964.5237	test_ep_length_mean:      24.0000	test_episode_limit_mean:   1.0000
test_generate_cost_reward_mean:-33.8194	test_grid_purchase_cost_mean:307964.5237	test_mean_soc_mean:        0.2044	test_return_mean:        -308.7196
test_return_std:          26.5821	test_soc_reserve_reward_mean:  0.0000	test_soc_violation_mean:  30.4961	test_total_power_loss_mean:14198.6002
total_power_loss_mean:   14216.5940	train/battery_punishment_reward:-3490.5669	train/battle_won:          1.0000	train/bess_cost_reward:  -166.3500
train/buy_cost_reward:   -309031.0261	train/ep_length:          24.0000	train/episode:           508.0000	train/episode_limit:       1.0000
train/generate_cost_reward:-43.8522	train/grid_purchase_cost:309031.0261	train/mean_soc:            0.3029	train/return_mean:       -310.2658
train/return_std:         32.4136	train/soc_reserve_reward:  0.0000	train/soc_violation:      46.2313	train/t_env:             14352.0000
train/total_power_loss:  14216.5940	
[INFO 20:28:05] root Recent Stats | t_env:      15984 | Episode:      541
battery_punishment_reward_mean:-3458.2074	battle_won_mean:           1.0000	bess_cost_reward_mean:   -169.4812	buffer/episodes:         620.0000
buy_cost_reward_mean:    -305892.3298	ep_length_mean:           24.0000	episode_limit_mean:        1.0000	eval/best_reward:        -304.6809
eval/best_win_rate:        1.0000	eval/ea_reward:          -305.6300	eval/ea_win_rate:          1.0000	eval/rl_reward:          -310.7841
eval/rl_win_rate:          1.0000	generate_cost_reward_mean:-44.9447	grid_purchase_cost_mean: 305892.3298	mean_soc_mean:             0.2925
return_mean:             -307.1177	return_std:               29.8730	soc_reserve_reward_mean:   0.0000	soc_violation_mean:       45.9400
test/battery_punishment_reward:-2035.7193	test/battle_won:           1.0000	test/bess_cost_reward:   -192.9767	test/buy_cost_reward:    -307964.5237
test/ep_length:           24.0000	test/episode_limit:        1.0000	test/generate_cost_reward:-33.8194	test/grid_purchase_cost: 307964.5237
test/mean_soc:             0.2044	test/return_mean:        -308.7196	test/return_std:          26.5821	test/soc_reserve_reward:   0.0000
test/soc_violation:       30.4961	test/total_power_loss:   14198.6002	test_battery_punishment_reward_mean:-2035.7193	test_battle_won_mean:      1.0000
test_bess_cost_reward_mean:-192.9767	test_buy_cost_reward_mean:-307964.5237	test_ep_length_mean:      24.0000	test_episode_limit_mean:   1.0000
test_generate_cost_reward_mean:-33.8194	test_grid_purchase_cost_mean:307964.5237	test_mean_soc_mean:        0.2044	test_return_mean:        -308.7196
test_return_std:          26.5821	test_soc_reserve_reward_mean:  0.0000	test_soc_violation_mean:  30.4961	test_total_power_loss_mean:14198.6002
total_power_loss_mean:   14085.6083	train/battery_punishment_reward:-3458.2074	train/battle_won:          1.0000	train/bess_cost_reward:  -169.4812
train/buy_cost_reward:   -305892.3298	train/ep_length:          24.0000	train/episode:           519.0000	train/episode_limit:       1.0000
train/generate_cost_reward:-44.9447	train/grid_purchase_cost:305892.3298	train/mean_soc:            0.2925	train/return_mean:       -307.1177
train/return_std:         29.8730	train/soc_reserve_reward:  0.0000	train/soc_violation:      45.9400	train/t_env:             14880.0000
train/total_power_loss:  14085.6083	
[INFO 20:28:08] root t_env: 16320 / 300000
[INFO 20:28:08] root Estimated time left: 1 hours, 29 minutes, 4 seconds. Time passed: 2 minutes, 21 seconds
[INFO 20:28:14] root Recent Stats | t_env:      16488 | Episode:      552
battery_punishment_reward_mean:-3413.2049	battle_won_mean:           1.0000	bess_cost_reward_mean:   -169.9390	buffer/episodes:         642.0000
buy_cost_reward_mean:    -308095.6912	ep_length_mean:           24.0000	episode_limit_mean:        1.0000	eval/best_reward:        -306.4729
eval/best_win_rate:        1.0000	eval/ea_reward:          -307.4220	eval/ea_win_rate:          1.0000	eval/rl_reward:          -313.1063
eval/rl_win_rate:          1.0000	generate_cost_reward_mean:-43.0909	grid_purchase_cost_mean: 308095.6912	mean_soc_mean:             0.2913
return_mean:             -309.3056	return_std:               30.1962	soc_reserve_reward_mean:   0.0000	soc_violation_mean:       45.4565
test/battery_punishment_reward:-3152.1750	test/battle_won:           1.0000	test/bess_cost_reward:   -194.2845	test/buy_cost_reward:    -311980.8409
test/ep_length:           24.0000	test/episode_limit:        1.0000	test/generate_cost_reward:-48.2143	test/grid_purchase_cost: 311980.8409
test/mean_soc:             0.2005	test/return_mean:        -313.1137	test/return_std:          29.3877	test/soc_reserve_reward:   0.0000
test/soc_violation:       42.3060	test/total_power_loss:   14356.7433	test_battery_punishment_reward_mean:-3152.1750	test_battle_won_mean:      1.0000
test_bess_cost_reward_mean:-194.2845	test_buy_cost_reward_mean:-311980.8409	test_ep_length_mean:      24.0000	test_episode_limit_mean:   1.0000
test_generate_cost_reward_mean:-48.2143	test_grid_purchase_cost_mean:311980.8409	test_mean_soc_mean:        0.2005	test_return_mean:        -313.1137
test_return_std:          29.3877	test_soc_reserve_reward_mean:  0.0000	test_soc_violation_mean:  42.3060	test_total_power_loss_mean:14356.7433
total_power_loss_mean:   14174.4106	train/battery_punishment_reward:-3413.2049	train/battle_won:          1.0000	train/bess_cost_reward:  -169.9390
train/buy_cost_reward:   -308095.6912	train/ep_length:          24.0000	train/episode:           530.0000	train/episode_limit:       1.0000
train/generate_cost_reward:-43.0909	train/grid_purchase_cost:308095.6912	train/mean_soc:            0.2913	train/return_mean:       -309.3056
train/return_std:         30.1962	train/soc_reserve_reward:  0.0000	train/soc_violation:      45.4565	train/t_env:             15408.0000
train/total_power_loss:  14174.4106	
[INFO 20:28:23] root Recent Stats | t_env:      16992 | Episode:      563
battery_punishment_reward_mean:-3339.9094	battle_won_mean:           1.0000	bess_cost_reward_mean:   -166.1782	buffer/episodes:         664.0000
buy_cost_reward_mean:    -308480.8306	ep_length_mean:           24.0000	episode_limit_mean:        1.0000	eval/best_reward:        -306.4729
eval/best_win_rate:        1.0000	eval/ea_reward:          -307.4220	eval/ea_win_rate:          1.0000	eval/rl_reward:          -313.1063
eval/rl_win_rate:          1.0000	generate_cost_reward_mean:-39.5919	grid_purchase_cost_mean: 308480.8306	mean_soc_mean:             0.3051
return_mean:             -309.6638	return_std:               30.7748	soc_reserve_reward_mean:   0.0000	soc_violation_mean:       44.6276
test/battery_punishment_reward:-3152.1750	test/battle_won:           1.0000	test/bess_cost_reward:   -194.2845	test/buy_cost_reward:    -311980.8409
test/ep_length:           24.0000	test/episode_limit:        1.0000	test/generate_cost_reward:-48.2143	test/grid_purchase_cost: 311980.8409
test/mean_soc:             0.2005	test/return_mean:        -313.1137	test/return_std:          29.3877	test/soc_reserve_reward:   0.0000
test/soc_violation:       42.3060	test/total_power_loss:   14356.7433	test_battery_punishment_reward_mean:-3152.1750	test_battle_won_mean:      1.0000
test_bess_cost_reward_mean:-194.2845	test_buy_cost_reward_mean:-311980.8409	test_ep_length_mean:      24.0000	test_episode_limit_mean:   1.0000
test_generate_cost_reward_mean:-48.2143	test_grid_purchase_cost_mean:311980.8409	test_mean_soc_mean:        0.2005	test_return_mean:        -313.1137
test_return_std:          29.3877	test_soc_reserve_reward_mean:  0.0000	test_soc_violation_mean:  42.3060	test_total_power_loss_mean:14356.7433
total_power_loss_mean:   14198.2060	train/battery_punishment_reward:-3339.9094	train/battle_won:          1.0000	train/bess_cost_reward:  -166.1782
train/buy_cost_reward:   -308480.8306	train/ep_length:          24.0000	train/episode:           541.0000	train/episode_limit:       1.0000
train/generate_cost_reward:-39.5919	train/grid_purchase_cost:308480.8306	train/mean_soc:            0.3051	train/return_mean:       -309.6638
train/return_std:         30.7748	train/soc_reserve_reward:  0.0000	train/soc_violation:      44.6276	train/t_env:             15936.0000
train/total_power_loss:  14198.2060	
[INFO 20:28:34] root Recent Stats | t_env:      17496 | Episode:      574
battery_punishment_reward_mean:-3417.8633	battle_won_mean:           1.0000	bess_cost_reward_mean:   -165.3560	buffer/episodes:         686.0000
buy_cost_reward_mean:    -308984.4934	ep_length_mean:           24.0000	episode_limit_mean:        1.0000	eval/best_reward:        -306.4729
eval/best_win_rate:        1.0000	eval/ea_reward:          -307.4220	eval/ea_win_rate:          1.0000	eval/rl_reward:          -313.1063
eval/rl_win_rate:          1.0000	generate_cost_reward_mean:-39.2682	grid_purchase_cost_mean: 308984.4934	mean_soc_mean:             0.3081
return_mean:             -310.1930	return_std:               32.8091	soc_reserve_reward_mean:   0.0000	soc_violation_mean:       45.4258
test/battery_punishment_reward:-3152.1750	test/battle_won:           1.0000	test/bess_cost_reward:   -194.2845	test/buy_cost_reward:    -311980.8409
test/ep_length:           24.0000	test/episode_limit:        1.0000	test/generate_cost_reward:-48.2143	test/grid_purchase_cost: 311980.8409
test/mean_soc:             0.2005	test/return_mean:        -313.1137	test/return_std:          29.3877	test/soc_reserve_reward:   0.0000
test/soc_violation:       42.3060	test/total_power_loss:   14356.7433	test_battery_punishment_reward_mean:-3152.1750	test_battle_won_mean:      1.0000
test_bess_cost_reward_mean:-194.2845	test_buy_cost_reward_mean:-311980.8409	test_ep_length_mean:      24.0000	test_episode_limit_mean:   1.0000
test_generate_cost_reward_mean:-48.2143	test_grid_purchase_cost_mean:311980.8409	test_mean_soc_mean:        0.2005	test_return_mean:        -313.1137
test_return_std:          29.3877	test_soc_reserve_reward_mean:  0.0000	test_soc_violation_mean:  42.3060	test_total_power_loss_mean:14356.7433
total_power_loss_mean:   14216.2632	train/battery_punishment_reward:-3417.8633	train/battle_won:          1.0000	train/bess_cost_reward:  -165.3560
train/buy_cost_reward:   -308984.4934	train/ep_length:          24.0000	train/episode:           552.0000	train/episode_limit:       1.0000
train/generate_cost_reward:-39.2682	train/grid_purchase_cost:308984.4934	train/mean_soc:            0.3081	train/return_mean:       -310.1930
train/return_std:         32.8091	train/soc_reserve_reward:  0.0000	train/soc_violation:      45.4258	train/t_env:             16464.0000
train/total_power_loss:  14216.2632	
[INFO 20:28:41] root Recent Stats | t_env:      18000 | Episode:      585
battery_punishment_reward_mean:-3554.8080	battle_won_mean:           1.0000	bess_cost_reward_mean:   -168.3284	buffer/episodes:         708.0000
buy_cost_reward_mean:    -306117.8324	ep_length_mean:           24.0000	episode_limit_mean:        1.0000	eval/best_reward:        -306.4729
eval/best_win_rate:        1.0000	eval/ea_reward:          -307.4220	eval/ea_win_rate:          1.0000	eval/rl_reward:          -313.1063
eval/rl_win_rate:          1.0000	generate_cost_reward_mean:-38.8580	grid_purchase_cost_mean: 306117.8324	mean_soc_mean:             0.2973
return_mean:             -307.3728	return_std:               34.1042	soc_reserve_reward_mean:   0.0000	soc_violation_mean:       46.8004
test/battery_punishment_reward:-3152.1750	test/battle_won:           1.0000	test/bess_cost_reward:   -194.2845	test/buy_cost_reward:    -311980.8409
test/ep_length:           24.0000	test/episode_limit:        1.0000	test/generate_cost_reward:-48.2143	test/grid_purchase_cost: 311980.8409
test/mean_soc:             0.2005	test/return_mean:        -313.1137	test/return_std:          29.3877	test/soc_reserve_reward:   0.0000
test/soc_violation:       42.3060	test/total_power_loss:   14356.7433	test_battery_punishment_reward_mean:-3152.1750	test_battle_won_mean:      1.0000
test_bess_cost_reward_mean:-194.2845	test_buy_cost_reward_mean:-311980.8409	test_ep_length_mean:      24.0000	test_episode_limit_mean:   1.0000
test_generate_cost_reward_mean:-48.2143	test_grid_purchase_cost_mean:311980.8409	test_mean_soc_mean:        0.2005	test_return_mean:        -313.1137
test_return_std:          29.3877	test_soc_reserve_reward_mean:  0.0000	test_soc_violation_mean:  42.3060	test_total_power_loss_mean:14356.7433
total_power_loss_mean:   14093.3996	train/battery_punishment_reward:-3554.8080	train/battle_won:          1.0000	train/bess_cost_reward:  -168.3284
train/buy_cost_reward:   -306117.8324	train/ep_length:          24.0000	train/episode:           563.0000	train/episode_limit:       1.0000
train/generate_cost_reward:-38.8580	train/grid_purchase_cost:306117.8324	train/mean_soc:            0.2973	train/return_mean:       -307.3728
train/return_std:         34.1042	train/soc_reserve_reward:  0.0000	train/soc_violation:      46.8004	train/t_env:             16992.0000
train/total_power_loss:  14093.3996	
[INFO 20:28:50] root t_env: 18384 / 300000
[INFO 20:28:50] root Estimated time left: 1 hours, 34 minutes, 27 seconds. Time passed: 3 minutes, 3 seconds
[INFO 20:28:56] root Recent Stats | t_env:      18624 | Episode:      596
battery_punishment_reward_mean:-3615.4077	battle_won_mean:           1.0000	bess_cost_reward_mean:   -164.5382	buffer/episodes:         730.0000
buy_cost_reward_mean:    -306096.5834	ep_length_mean:           24.0000	episode_limit_mean:        1.0000	eval/best_reward:        -305.9055
eval/best_win_rate:        1.0000	eval/ea_reward:          -306.8546	eval/ea_win_rate:          1.0000	eval/rl_reward:          -313.4308
eval/rl_win_rate:          1.0000	generate_cost_reward_mean:-37.3428	grid_purchase_cost_mean: 306096.5834	mean_soc_mean:             0.3099
return_mean:             -307.3700	return_std:               34.1760	soc_reserve_reward_mean:   0.0000	soc_violation_mean:       47.5060
test/battery_punishment_reward:-3341.3418	test/battle_won:           1.0000	test/bess_cost_reward:   -161.9743	test/buy_cost_reward:    -308529.9066
test/ep_length:           24.0000	test/episode_limit:        1.0000	test/generate_cost_reward:-57.1079	test/grid_purchase_cost: 308529.9066
test/mean_soc:             0.3184	test/return_mean:        -309.7183	test/return_std:          31.5358	test/soc_reserve_reward:   0.0000
test/soc_violation:       45.0294	test/total_power_loss:   14207.2894	test_battery_punishment_reward_mean:-3341.3418	test_battle_won_mean:      1.0000
test_bess_cost_reward_mean:-161.9743	test_buy_cost_reward_mean:-308529.9066	test_ep_length_mean:      24.0000	test_episode_limit_mean:   1.0000
test_generate_cost_reward_mean:-57.1079	test_grid_purchase_cost_mean:308529.9066	test_mean_soc_mean:        0.3184	test_return_mean:        -309.7183
test_return_std:          31.5358	test_soc_reserve_reward_mean:  0.0000	test_soc_violation_mean:  45.0294	test_total_power_loss_mean:14207.2894
total_power_loss_mean:   14083.5473	train/battery_punishment_reward:-3615.4077	train/battle_won:          1.0000	train/bess_cost_reward:  -164.5382
train/buy_cost_reward:   -306096.5834	train/ep_length:          24.0000	train/episode:           574.0000	train/episode_limit:       1.0000
train/generate_cost_reward:-37.3428	train/grid_purchase_cost:306096.5834	train/mean_soc:            0.3099	train/return_mean:       -307.3700
train/return_std:         34.1760	train/soc_reserve_reward:  0.0000	train/soc_violation:      47.5060	train/t_env:             17520.0000
train/total_power_loss:  14083.5473	
[INFO 20:29:06] root Recent Stats | t_env:      19128 | Episode:      607
battery_punishment_reward_mean:-3455.9130	battle_won_mean:           1.0000	bess_cost_reward_mean:   -167.5855	buffer/episodes:         752.0000
buy_cost_reward_mean:    -307484.6771	ep_length_mean:           24.0000	episode_limit_mean:        1.0000	eval/best_reward:        -305.9055
eval/best_win_rate:        1.0000	eval/ea_reward:          -306.8546	eval/ea_win_rate:          1.0000	eval/rl_reward:          -313.4308
eval/rl_win_rate:          1.0000	generate_cost_reward_mean:-38.7674	grid_purchase_cost_mean: 307484.6771	mean_soc_mean:             0.2980
return_mean:             -308.7064	return_std:               36.3654	soc_reserve_reward_mean:   0.0000	soc_violation_mean:       45.9192
test/battery_punishment_reward:-3341.3418	test/battle_won:           1.0000	test/bess_cost_reward:   -161.9743	test/buy_cost_reward:    -308529.9066
test/ep_length:           24.0000	test/episode_limit:        1.0000	test/generate_cost_reward:-57.1079	test/grid_purchase_cost: 308529.9066
test/mean_soc:             0.3184	test/return_mean:        -309.7183	test/return_std:          31.5358	test/soc_reserve_reward:   0.0000
test/soc_violation:       45.0294	test/total_power_loss:   14207.2894	test_battery_punishment_reward_mean:-3341.3418	test_battle_won_mean:      1.0000
test_bess_cost_reward_mean:-161.9743	test_buy_cost_reward_mean:-308529.9066	test_ep_length_mean:      24.0000	test_episode_limit_mean:   1.0000
test_generate_cost_reward_mean:-57.1079	test_grid_purchase_cost_mean:308529.9066	test_mean_soc_mean:        0.3184	test_return_mean:        -309.7183
test_return_std:          31.5358	test_soc_reserve_reward_mean:  0.0000	test_soc_violation_mean:  45.0294	test_total_power_loss_mean:14207.2894
total_power_loss_mean:   14139.7059	train/battery_punishment_reward:-3455.9130	train/battle_won:          1.0000	train/bess_cost_reward:  -167.5855
train/buy_cost_reward:   -307484.6771	train/ep_length:          24.0000	train/episode:           585.0000	train/episode_limit:       1.0000
train/generate_cost_reward:-38.7674	train/grid_purchase_cost:307484.6771	train/mean_soc:            0.2980	train/return_mean:       -308.7064
train/return_std:         36.3654	train/soc_reserve_reward:  0.0000	train/soc_violation:      45.9192	train/t_env:             18048.0000
train/total_power_loss:  14139.7059	
[INFO 20:29:17] root Recent Stats | t_env:      19632 | Episode:      618
battery_punishment_reward_mean:-3488.2584	battle_won_mean:           1.0000	bess_cost_reward_mean:   -166.6455	buffer/episodes:         774.0000
buy_cost_reward_mean:    -306511.8626	ep_length_mean:           24.0000	episode_limit_mean:        1.0000	eval/best_reward:        -305.9055
eval/best_win_rate:        1.0000	eval/ea_reward:          -306.8546	eval/ea_win_rate:          1.0000	eval/rl_reward:          -313.4308
eval/rl_win_rate:          1.0000	generate_cost_reward_mean:-42.0260	grid_purchase_cost_mean: 306511.8626	mean_soc_mean:             0.3014
return_mean:             -307.7453	return_std:               36.2822	soc_reserve_reward_mean:   0.0000	soc_violation_mean:       46.3745
test/battery_punishment_reward:-3341.3418	test/battle_won:           1.0000	test/bess_cost_reward:   -161.9743	test/buy_cost_reward:    -308529.9066
test/ep_length:           24.0000	test/episode_limit:        1.0000	test/generate_cost_reward:-57.1079	test/grid_purchase_cost: 308529.9066
test/mean_soc:             0.3184	test/return_mean:        -309.7183	test/return_std:          31.5358	test/soc_reserve_reward:   0.0000
test/soc_violation:       45.0294	test/total_power_loss:   14207.2894	test_battery_punishment_reward_mean:-3341.3418	test_battle_won_mean:      1.0000
test_bess_cost_reward_mean:-161.9743	test_buy_cost_reward_mean:-308529.9066	test_ep_length_mean:      24.0000	test_episode_limit_mean:   1.0000
test_generate_cost_reward_mean:-57.1079	test_grid_purchase_cost_mean:308529.9066	test_mean_soc_mean:        0.3184	test_return_mean:        -309.7183
test_return_std:          31.5358	test_soc_reserve_reward_mean:  0.0000	test_soc_violation_mean:  45.0294	test_total_power_loss_mean:14207.2894
total_power_loss_mean:   14109.0137	train/battery_punishment_reward:-3488.2584	train/battle_won:          1.0000	train/bess_cost_reward:  -166.6455
train/buy_cost_reward:   -306511.8626	train/ep_length:          24.0000	train/episode:           596.0000	train/episode_limit:       1.0000
train/generate_cost_reward:-42.0260	train/grid_purchase_cost:306511.8626	train/mean_soc:            0.3014	train/return_mean:       -307.7453
train/return_std:         36.2822	train/soc_reserve_reward:  0.0000	train/soc_violation:      46.3745	train/t_env:             18576.0000
train/total_power_loss:  14109.0137	
[INFO 20:29:26] root Saving models to results\models\facmac_smac__2026-06-15_20-25-46\20064
[INFO 20:29:26] root Recent Stats | t_env:      20136 | Episode:      629
battery_punishment_reward_mean:-3553.1468	battle_won_mean:           1.0000	bess_cost_reward_mean:   -166.1457	buffer/episodes:         796.0000
buy_cost_reward_mean:    -308221.1473	ep_length_mean:           24.0000	episode_limit_mean:        1.0000	eval/best_reward:        -305.9055
eval/best_win_rate:        1.0000	eval/ea_reward:          -306.8546	eval/ea_win_rate:          1.0000	eval/rl_reward:          -313.4308
eval/rl_win_rate:          1.0000	generate_cost_reward_mean:-42.6221	grid_purchase_cost_mean: 308221.1473	mean_soc_mean:             0.3036
return_mean:             -309.4762	return_std:               33.8312	soc_reserve_reward_mean:   0.0000	soc_violation_mean:       47.0713
test/battery_punishment_reward:-3341.3418	test/battle_won:           1.0000	test/bess_cost_reward:   -161.9743	test/buy_cost_reward:    -308529.9066
test/ep_length:           24.0000	test/episode_limit:        1.0000	test/generate_cost_reward:-57.1079	test/grid_purchase_cost: 308529.9066
test/mean_soc:             0.3184	test/return_mean:        -309.7183	test/return_std:          31.5358	test/soc_reserve_reward:   0.0000
test/soc_violation:       45.0294	test/total_power_loss:   14207.2894	test_battery_punishment_reward_mean:-3341.3418	test_battle_won_mean:      1.0000
test_bess_cost_reward_mean:-161.9743	test_buy_cost_reward_mean:-308529.9066	test_ep_length_mean:      24.0000	test_episode_limit_mean:   1.0000
test_generate_cost_reward_mean:-57.1079	test_grid_purchase_cost_mean:308529.9066	test_mean_soc_mean:        0.3184	test_return_mean:        -309.7183
test_return_std:          31.5358	test_soc_reserve_reward_mean:  0.0000	test_soc_violation_mean:  45.0294	test_total_power_loss_mean:14207.2894
total_power_loss_mean:   14173.9861	train/battery_punishment_reward:-3553.1468	train/battle_won:          1.0000	train/bess_cost_reward:  -166.1457
train/buy_cost_reward:   -308221.1473	train/ep_length:          24.0000	train/episode:           607.0000	train/episode_limit:       1.0000
train/generate_cost_reward:-42.6221	train/grid_purchase_cost:308221.1473	train/mean_soc:            0.3036	train/return_mean:       -309.4762
train/return_std:         33.8312	train/soc_reserve_reward:  0.0000	train/soc_violation:      47.0713	train/t_env:             19104.0000
train/total_power_loss:  14173.9861	
[INFO 20:29:32] root t_env: 20400 / 300000
[INFO 20:29:32] root Estimated time left: 1 hours, 36 minutes, 18 seconds. Time passed: 3 minutes, 45 seconds
[INFO 20:29:37] root Recent Stats | t_env:      20640 | Episode:      640
battery_punishment_reward_mean:-3306.0420	battle_won_mean:           1.0000	bess_cost_reward_mean:   -157.7893	buffer/episodes:         818.0000
buy_cost_reward_mean:    -309486.0485	ep_length_mean:           24.0000	episode_limit_mean:        1.0000	eval/best_reward:        -307.9793
eval/best_win_rate:        1.0000	eval/ea_reward:          -308.9283	eval/ea_win_rate:          1.0000	eval/rl_reward:          -314.9437
eval/rl_win_rate:          1.0000	generate_cost_reward_mean:-43.3951	grid_purchase_cost_mean: 309486.0485	mean_soc_mean:             0.3338
return_mean:             -310.6563	return_std:               34.0623	soc_reserve_reward_mean:   0.0000	soc_violation_mean:       44.4231
test/battery_punishment_reward:-2887.0245	test/battle_won:           1.0000	test/bess_cost_reward:   -162.0104	test/buy_cost_reward:    -312393.0122
test/ep_length:           24.0000	test/episode_limit:        1.0000	test/generate_cost_reward:-47.8227	test/grid_purchase_cost: 312393.0122
test/mean_soc:             0.3184	test/return_mean:        -313.4266	test/return_std:          30.0041	test/soc_reserve_reward:   0.0000
test/soc_violation:       40.6706	test/total_power_loss:   14366.3670	test_battery_punishment_reward_mean:-2887.0245	test_battle_won_mean:      1.0000
test_bess_cost_reward_mean:-162.0104	test_buy_cost_reward_mean:-312393.0122	test_ep_length_mean:      24.0000	test_episode_limit_mean:   1.0000
test_generate_cost_reward_mean:-47.8227	test_grid_purchase_cost_mean:312393.0122	test_mean_soc_mean:        0.3184	test_return_mean:        -313.4266
test_return_std:          30.0041	test_soc_reserve_reward_mean:  0.0000	test_soc_violation_mean:  40.6706	test_total_power_loss_mean:14366.3670
total_power_loss_mean:   14238.3444	train/battery_punishment_reward:-3306.0420	train/battle_won:          1.0000	train/bess_cost_reward:  -157.7893
train/buy_cost_reward:   -309486.0485	train/ep_length:          24.0000	train/episode:           618.0000	train/episode_limit:       1.0000
train/generate_cost_reward:-43.3951	train/grid_purchase_cost:309486.0485	train/mean_soc:            0.3338	train/return_mean:       -310.6563
train/return_std:         34.0623	train/soc_reserve_reward:  0.0000	train/soc_violation:      44.4231	train/t_env:             19632.0000
train/total_power_loss:  14238.3444	
[INFO 20:29:51] root Recent Stats | t_env:      21264 | Episode:      651
battery_punishment_reward_mean:-3169.1077	battle_won_mean:           1.0000	bess_cost_reward_mean:   -162.8844	buffer/episodes:         840.0000
buy_cost_reward_mean:    -311609.5877	ep_length_mean:           24.0000	episode_limit_mean:        1.0000	eval/best_reward:        -307.9793
eval/best_win_rate:        1.0000	eval/ea_reward:          -308.9283	eval/ea_win_rate:          1.0000	eval/rl_reward:          -314.9437
eval/rl_win_rate:          1.0000	generate_cost_reward_mean:-42.6628	grid_purchase_cost_mean: 311609.5877	mean_soc_mean:             0.3154
return_mean:             -312.7356	return_std:               32.0710	soc_reserve_reward_mean:   0.0000	soc_violation_mean:       42.9051
test/battery_punishment_reward:-2887.0245	test/battle_won:           1.0000	test/bess_cost_reward:   -162.0104	test/buy_cost_reward:    -312393.0122
test/ep_length:           24.0000	test/episode_limit:        1.0000	test/generate_cost_reward:-47.8227	test/grid_purchase_cost: 312393.0122
test/mean_soc:             0.3184	test/return_mean:        -313.4266	test/return_std:          30.0041	test/soc_reserve_reward:   0.0000
test/soc_violation:       40.6706	test/total_power_loss:   14366.3670	test_battery_punishment_reward_mean:-2887.0245	test_battle_won_mean:      1.0000
test_bess_cost_reward_mean:-162.0104	test_buy_cost_reward_mean:-312393.0122	test_ep_length_mean:      24.0000	test_episode_limit_mean:   1.0000
test_generate_cost_reward_mean:-47.8227	test_grid_purchase_cost_mean:312393.0122	test_mean_soc_mean:        0.3184	test_return_mean:        -313.4266
test_return_std:          30.0041	test_soc_reserve_reward_mean:  0.0000	test_soc_violation_mean:  40.6706	test_total_power_loss_mean:14366.3670
total_power_loss_mean:   14347.9863	train/battery_punishment_reward:-3169.1077	train/battle_won:          1.0000	train/bess_cost_reward:  -162.8844
train/buy_cost_reward:   -311609.5877	train/ep_length:          24.0000	train/episode:           629.0000	train/episode_limit:       1.0000
train/generate_cost_reward:-42.6628	train/grid_purchase_cost:311609.5877	train/mean_soc:            0.3154	train/return_mean:       -312.7356
train/return_std:         32.0710	train/soc_reserve_reward:  0.0000	train/soc_violation:      42.9051	train/t_env:             20160.0000
train/total_power_loss:  14347.9863	
[INFO 20:30:01] root Recent Stats | t_env:      21768 | Episode:      662
battery_punishment_reward_mean:-3165.3481	battle_won_mean:           1.0000	bess_cost_reward_mean:   -160.6480	buffer/episodes:         862.0000
buy_cost_reward_mean:    -311323.8132	ep_length_mean:           24.0000	episode_limit_mean:        1.0000	eval/best_reward:        -307.9793
eval/best_win_rate:        1.0000	eval/ea_reward:          -308.9283	eval/ea_win_rate:          1.0000	eval/rl_reward:          -314.9437
eval/rl_win_rate:          1.0000	generate_cost_reward_mean:-42.0864	grid_purchase_cost_mean: 311323.8132	mean_soc_mean:             0.3238
return_mean:             -312.4476	return_std:               32.8361	soc_reserve_reward_mean:   0.0000	soc_violation_mean:       42.8185
test/battery_punishment_reward:-2887.0245	test/battle_won:           1.0000	test/bess_cost_reward:   -162.0104	test/buy_cost_reward:    -312393.0122
test/ep_length:           24.0000	test/episode_limit:        1.0000	test/generate_cost_reward:-47.8227	test/grid_purchase_cost: 312393.0122
test/mean_soc:             0.3184	test/return_mean:        -313.4266	test/return_std:          30.0041	test/soc_reserve_reward:   0.0000
test/soc_violation:       40.6706	test/total_power_loss:   14366.3670	test_battery_punishment_reward_mean:-2887.0245	test_battle_won_mean:      1.0000
test_bess_cost_reward_mean:-162.0104	test_buy_cost_reward_mean:-312393.0122	test_ep_length_mean:      24.0000	test_episode_limit_mean:   1.0000
test_generate_cost_reward_mean:-47.8227	test_grid_purchase_cost_mean:312393.0122	test_mean_soc_mean:        0.3184	test_return_mean:        -313.4266
test_return_std:          30.0041	test_soc_reserve_reward_mean:  0.0000	test_soc_violation_mean:  40.6706	test_total_power_loss_mean:14366.3670
total_power_loss_mean:   14332.0224	train/battery_punishment_reward:-3165.3481	train/battle_won:          1.0000	train/bess_cost_reward:  -160.6480
train/buy_cost_reward:   -311323.8132	train/ep_length:          24.0000	train/episode:           640.0000	train/episode_limit:       1.0000
train/generate_cost_reward:-42.0864	train/grid_purchase_cost:311323.8132	train/mean_soc:            0.3238	train/return_mean:       -312.4476
train/return_std:         32.8361	train/soc_reserve_reward:  0.0000	train/soc_violation:      42.8185	train/t_env:             20688.0000
train/total_power_loss:  14332.0224	
[INFO 20:30:10] root Recent Stats | t_env:      22272 | Episode:      673
battery_punishment_reward_mean:-3043.4703	battle_won_mean:           1.0000	bess_cost_reward_mean:   -160.1094	buffer/episodes:         884.0000
buy_cost_reward_mean:    -311426.1072	ep_length_mean:           24.0000	episode_limit_mean:        1.0000	eval/best_reward:        -307.9793
eval/best_win_rate:        1.0000	eval/ea_reward:          -308.9283	eval/ea_win_rate:          1.0000	eval/rl_reward:          -314.9437
eval/rl_win_rate:          1.0000	generate_cost_reward_mean:-40.7015	grid_purchase_cost_mean: 311426.1072	mean_soc_mean:             0.3254
return_mean:             -312.5086	return_std:               34.9579	soc_reserve_reward_mean:   0.0000	soc_violation_mean:       41.5521
test/battery_punishment_reward:-2887.0245	test/battle_won:           1.0000	test/bess_cost_reward:   -162.0104	test/buy_cost_reward:    -312393.0122
test/ep_length:           24.0000	test/episode_limit:        1.0000	test/generate_cost_reward:-47.8227	test/grid_purchase_cost: 312393.0122
test/mean_soc:             0.3184	test/return_mean:        -313.4266	test/return_std:          30.0041	test/soc_reserve_reward:   0.0000
test/soc_violation:       40.6706	test/total_power_loss:   14366.3670	test_battery_punishment_reward_mean:-2887.0245	test_battle_won_mean:      1.0000
test_bess_cost_reward_mean:-162.0104	test_buy_cost_reward_mean:-312393.0122	test_ep_length_mean:      24.0000	test_episode_limit_mean:   1.0000
test_generate_cost_reward_mean:-47.8227	test_grid_purchase_cost_mean:312393.0122	test_mean_soc_mean:        0.3184	test_return_mean:        -313.4266
test_return_std:          30.0041	test_soc_reserve_reward_mean:  0.0000	test_soc_violation_mean:  40.6706	test_total_power_loss_mean:14366.3670
total_power_loss_mean:   14351.3471	train/battery_punishment_reward:-3043.4703	train/battle_won:          1.0000	train/bess_cost_reward:  -160.1094
train/buy_cost_reward:   -311426.1072	train/ep_length:          24.0000	train/episode:           651.0000	train/episode_limit:       1.0000
train/generate_cost_reward:-40.7015	train/grid_purchase_cost:311426.1072	train/mean_soc:            0.3254	train/return_mean:       -312.5086
train/return_std:         34.9579	train/soc_reserve_reward:  0.0000	train/soc_violation:      41.5521	train/t_env:             21216.0000
train/total_power_loss:  14351.3471	
[INFO 20:30:15] root t_env: 22464 / 300000
[INFO 20:30:15] root Estimated time left: 1 hours, 38 minutes, 15 seconds. Time passed: 4 minutes, 28 seconds
[INFO 20:30:22] root Recent Stats | t_env:      22776 | Episode:      684
battery_punishment_reward_mean:-3262.5719	battle_won_mean:           1.0000	bess_cost_reward_mean:   -164.0474	buffer/episodes:         906.0000
buy_cost_reward_mean:    -312845.6071	ep_length_mean:           24.0000	episode_limit_mean:        1.0000	eval/best_reward:        -310.9967
eval/best_win_rate:        1.0000	eval/ea_reward:          -311.9457	eval/ea_win_rate:          1.0000	eval/rl_reward:          -315.4160
eval/rl_win_rate:          1.0000	generate_cost_reward_mean:-38.8482	grid_purchase_cost_mean: 312845.6071	mean_soc_mean:             0.3121
return_mean:             -314.0018	return_std:               34.2618	soc_reserve_reward_mean:   0.0000	soc_violation_mean:       43.8863
test/battery_punishment_reward:-3838.5973	test/battle_won:           1.0000	test/bess_cost_reward:   -194.4976	test/buy_cost_reward:    -312092.8019
test/ep_length:           24.0000	test/episode_limit:        1.0000	test/generate_cost_reward:-32.2769	test/grid_purchase_cost: 312092.8019
test/mean_soc:             0.2000	test/return_mean:        -313.4487	test/return_std:          28.9681	test/soc_reserve_reward:   0.0000
test/soc_violation:       50.0010	test/total_power_loss:   14366.9495	test_battery_punishment_reward_mean:-3838.5973	test_battle_won_mean:      1.0000
test_bess_cost_reward_mean:-194.4976	test_buy_cost_reward_mean:-312092.8019	test_ep_length_mean:      24.0000	test_episode_limit_mean:   1.0000
test_generate_cost_reward_mean:-32.2769	test_grid_purchase_cost_mean:312092.8019	test_mean_soc_mean:        0.2000	test_return_mean:        -313.4487
test_return_std:          28.9681	test_soc_reserve_reward_mean:  0.0000	test_soc_violation_mean:  50.0010	test_total_power_loss_mean:14366.9495
total_power_loss_mean:   14401.0758	train/battery_punishment_reward:-3262.5719	train/battle_won:          1.0000	train/bess_cost_reward:  -164.0474
train/buy_cost_reward:   -312845.6071	train/ep_length:          24.0000	train/episode:           662.0000	train/episode_limit:       1.0000
train/generate_cost_reward:-38.8482	train/grid_purchase_cost:312845.6071	train/mean_soc:            0.3121	train/return_mean:       -314.0018
train/return_std:         34.2618	train/soc_reserve_reward:  0.0000	train/soc_violation:      43.8863	train/t_env:             21744.0000
train/total_power_loss:  14401.0758	
[INFO 20:30:32] root Recent Stats | t_env:      23280 | Episode:      695
battery_punishment_reward_mean:-3460.1454	battle_won_mean:           1.0000	bess_cost_reward_mean:   -158.9994	buffer/episodes:         928.0000
buy_cost_reward_mean:    -313086.7025	ep_length_mean:           24.0000	episode_limit_mean:        1.0000	eval/best_reward:        -310.9967
eval/best_win_rate:        1.0000	eval/ea_reward:          -311.9457	eval/ea_win_rate:          1.0000	eval/rl_reward:          -315.4160
eval/rl_win_rate:          1.0000	generate_cost_reward_mean:-38.3382	grid_purchase_cost_mean: 313086.7025	mean_soc_mean:             0.3314
return_mean:             -314.3069	return_std:               33.1400	soc_reserve_reward_mean:   0.0000	soc_violation_mean:       45.8481
test/battery_punishment_reward:-3838.5973	test/battle_won:           1.0000	test/bess_cost_reward:   -194.4976	test/buy_cost_reward:    -312092.8019
test/ep_length:           24.0000	test/episode_limit:        1.0000	test/generate_cost_reward:-32.2769	test/grid_purchase_cost: 312092.8019
test/mean_soc:             0.2000	test/return_mean:        -313.4487	test/return_std:          28.9681	test/soc_reserve_reward:   0.0000
test/soc_violation:       50.0010	test/total_power_loss:   14366.9495	test_battery_punishment_reward_mean:-3838.5973	test_battle_won_mean:      1.0000
test_bess_cost_reward_mean:-194.4976	test_buy_cost_reward_mean:-312092.8019	test_ep_length_mean:      24.0000	test_episode_limit_mean:   1.0000
test_generate_cost_reward_mean:-32.2769	test_grid_purchase_cost_mean:312092.8019	test_mean_soc_mean:        0.2000	test_return_mean:        -313.4487
test_return_std:          28.9681	test_soc_reserve_reward_mean:  0.0000	test_soc_violation_mean:  50.0010	test_total_power_loss_mean:14366.9495
total_power_loss_mean:   14407.9783	train/battery_punishment_reward:-3460.1454	train/battle_won:          1.0000	train/bess_cost_reward:  -158.9994
train/buy_cost_reward:   -313086.7025	train/ep_length:          24.0000	train/episode:           673.0000	train/episode_limit:       1.0000
train/generate_cost_reward:-38.3382	train/grid_purchase_cost:313086.7025	train/mean_soc:            0.3314	train/return_mean:       -314.3069
train/return_std:         33.1400	train/soc_reserve_reward:  0.0000	train/soc_violation:      45.8481	train/t_env:             22272.0000
train/total_power_loss:  14407.9783	
[INFO 20:30:44] root Recent Stats | t_env:      23904 | Episode:      706
battery_punishment_reward_mean:-3700.7830	battle_won_mean:           1.0000	bess_cost_reward_mean:   -160.5078	buffer/episodes:         950.0000
buy_cost_reward_mean:    -311446.7891	ep_length_mean:           24.0000	episode_limit_mean:        1.0000	eval/best_reward:        -310.9967
eval/best_win_rate:        1.0000	eval/ea_reward:          -311.9457	eval/ea_win_rate:          1.0000	eval/rl_reward:          -315.4160
eval/rl_win_rate:          1.0000	generate_cost_reward_mean:-38.8484	grid_purchase_cost_mean: 311446.7891	mean_soc_mean:             0.3267
return_mean:             -312.7478	return_std:               34.6247	soc_reserve_reward_mean:   0.0000	soc_violation_mean:       48.3502
test/battery_punishment_reward:-3838.5973	test/battle_won:           1.0000	test/bess_cost_reward:   -194.4976	test/buy_cost_reward:    -312092.8019
test/ep_length:           24.0000	test/episode_limit:        1.0000	test/generate_cost_reward:-32.2769	test/grid_purchase_cost: 312092.8019
test/mean_soc:             0.2000	test/return_mean:        -313.4487	test/return_std:          28.9681	test/soc_reserve_reward:   0.0000
test/soc_violation:       50.0010	test/total_power_loss:   14366.9495	test_battery_punishment_reward_mean:-3838.5973	test_battle_won_mean:      1.0000
test_bess_cost_reward_mean:-194.4976	test_buy_cost_reward_mean:-312092.8019	test_ep_length_mean:      24.0000	test_episode_limit_mean:   1.0000
test_generate_cost_reward_mean:-32.2769	test_grid_purchase_cost_mean:312092.8019	test_mean_soc_mean:        0.2000	test_return_mean:        -313.4487
test_return_std:          28.9681	test_soc_reserve_reward_mean:  0.0000	test_soc_violation_mean:  50.0010	test_total_power_loss_mean:14366.9495
total_power_loss_mean:   14340.4326	train/battery_punishment_reward:-3700.7830	train/battle_won:          1.0000	train/bess_cost_reward:  -160.5078
train/buy_cost_reward:   -311446.7891	train/ep_length:          24.0000	train/episode:           684.0000	train/episode_limit:       1.0000
train/generate_cost_reward:-38.8484	train/grid_purchase_cost:311446.7891	train/mean_soc:            0.3267	train/return_mean:       -312.7478
train/return_std:         34.6247	train/soc_reserve_reward:  0.0000	train/soc_violation:      48.3502	train/t_env:             22800.0000
train/total_power_loss:  14340.4326	
[INFO 20:30:54] root Recent Stats | t_env:      24408 | Episode:      717
battery_punishment_reward_mean:-3676.0643	battle_won_mean:           1.0000	bess_cost_reward_mean:   -170.1030	buffer/episodes:         972.0000
buy_cost_reward_mean:    -314352.9009	ep_length_mean:           24.0000	episode_limit_mean:        1.0000	eval/best_reward:        -310.9967
eval/best_win_rate:        1.0000	eval/ea_reward:          -311.9457	eval/ea_win_rate:          1.0000	eval/rl_reward:          -315.4160
eval/rl_win_rate:          1.0000	generate_cost_reward_mean:-36.6104	grid_purchase_cost_mean: 314352.9009	mean_soc_mean:             0.2912
return_mean:             -315.6481	return_std:               33.1245	soc_reserve_reward_mean:   0.0000	soc_violation_mean:       48.1046
test/battery_punishment_reward:-3838.5973	test/battle_won:           1.0000	test/bess_cost_reward:   -194.4976	test/buy_cost_reward:    -312092.8019
test/ep_length:           24.0000	test/episode_limit:        1.0000	test/generate_cost_reward:-32.2769	test/grid_purchase_cost: 312092.8019
test/mean_soc:             0.2000	test/return_mean:        -313.4487	test/return_std:          28.9681	test/soc_reserve_reward:   0.0000
test/soc_violation:       50.0010	test/total_power_loss:   14366.9495	test_battery_punishment_reward_mean:-3838.5973	test_battle_won_mean:      1.0000
test_bess_cost_reward_mean:-194.4976	test_buy_cost_reward_mean:-312092.8019	test_ep_length_mean:      24.0000	test_episode_limit_mean:   1.0000
test_generate_cost_reward_mean:-32.2769	test_grid_purchase_cost_mean:312092.8019	test_mean_soc_mean:        0.2000	test_return_mean:        -313.4487
test_return_std:          28.9681	test_soc_reserve_reward_mean:  0.0000	test_soc_violation_mean:  50.0010	test_total_power_loss_mean:14366.9495
total_power_loss_mean:   14452.7663	train/battery_punishment_reward:-3676.0643	train/battle_won:          1.0000	train/bess_cost_reward:  -170.1030
train/buy_cost_reward:   -314352.9009	train/ep_length:          24.0000	train/episode:           695.0000	train/episode_limit:       1.0000
train/generate_cost_reward:-36.6104	train/grid_purchase_cost:314352.9009	train/mean_soc:            0.2912	train/return_mean:       -315.6481
train/return_std:         33.1245	train/soc_reserve_reward:  0.0000	train/soc_violation:      48.1046	train/t_env:             23328.0000
train/total_power_loss:  14452.7663	
[INFO 20:30:54] root t_env: 24480 / 300000
[INFO 20:30:54] root Estimated time left: 1 hours, 29 minutes, 7 seconds. Time passed: 5 minutes, 8 seconds
[INFO 20:31:06] root Recent Stats | t_env:      24912 | Episode:      728
battery_punishment_reward_mean:-3568.9816	battle_won_mean:           1.0000	bess_cost_reward_mean:   -172.6811	buffer/episodes:         994.0000
buy_cost_reward_mean:    -314748.2929	ep_length_mean:           24.0000	episode_limit_mean:        1.0000	eval/best_reward:        -310.4823
eval/best_win_rate:        1.0000	eval/ea_reward:          -311.8017	eval/ea_win_rate:          1.0000	eval/rl_reward:          -314.9017
eval/rl_win_rate:          1.0000	generate_cost_reward_mean:-37.6037	grid_purchase_cost_mean: 314748.2929	mean_soc_mean:             0.2816
return_mean:             -316.0090	return_std:               32.9970	soc_reserve_reward_mean:   0.0000	soc_violation_mean:       47.0748
test/battery_punishment_reward:-3393.2813	test/battle_won:           1.0000	test/bess_cost_reward:   -194.3226	test/buy_cost_reward:    -310646.4563
test/ep_length:           24.0000	test/episode_limit:        1.0000	test/generate_cost_reward:-35.1972	test/grid_purchase_cost: 310646.4563
test/mean_soc:             0.2005	test/return_mean:        -311.8550	test/return_std:          29.4002	test/soc_reserve_reward:   0.0000
test/soc_violation:       45.6502	test/total_power_loss:   14296.9693	test_battery_punishment_reward_mean:-3393.2813	test_battle_won_mean:      1.0000
test_bess_cost_reward_mean:-194.3226	test_buy_cost_reward_mean:-310646.4563	test_ep_length_mean:      24.0000	test_episode_limit_mean:   1.0000
test_generate_cost_reward_mean:-35.1972	test_grid_purchase_cost_mean:310646.4563	test_mean_soc_mean:        0.2005	test_return_mean:        -311.8550
test_return_std:          29.4002	test_soc_reserve_reward_mean:  0.0000	test_soc_violation_mean:  45.6502	test_total_power_loss_mean:14296.9693
total_power_loss_mean:   14466.2335	train/battery_punishment_reward:-3568.9816	train/battle_won:          1.0000	train/bess_cost_reward:  -172.6811
train/buy_cost_reward:   -314748.2929	train/ep_length:          24.0000	train/episode:           706.0000	train/episode_limit:       1.0000
train/generate_cost_reward:-37.6037	train/grid_purchase_cost:314748.2929	train/mean_soc:            0.2816	train/return_mean:       -316.0090
train/return_std:         32.9970	train/soc_reserve_reward:  0.0000	train/soc_violation:      47.0748	train/t_env:             23856.0000
train/total_power_loss:  14466.2335	
[INFO 20:31:16] root Recent Stats | t_env:      25416 | Episode:      739
battery_punishment_reward_mean:-3279.4354	battle_won_mean:           1.0000	bess_cost_reward_mean:   -172.0692	buffer/episodes:         1016.0000
buy_cost_reward_mean:    -313747.6484	ep_length_mean:           24.0000	episode_limit_mean:        1.0000	eval/best_reward:        -310.4823
eval/best_win_rate:        1.0000	eval/ea_reward:          -311.8017	eval/ea_win_rate:          1.0000	eval/rl_reward:          -314.9017
eval/rl_win_rate:          1.0000	generate_cost_reward_mean:-39.3312	grid_purchase_cost_mean: 313747.6484	mean_soc_mean:             0.2827
return_mean:             -314.9123	return_std:               34.3814	soc_reserve_reward_mean:   0.0000	soc_violation_mean:       43.9773
test/battery_punishment_reward:-3393.2813	test/battle_won:           1.0000	test/bess_cost_reward:   -194.3226	test/buy_cost_reward:    -310646.4563
test/ep_length:           24.0000	test/episode_limit:        1.0000	test/generate_cost_reward:-35.1972	test/grid_purchase_cost: 310646.4563
test/mean_soc:             0.2005	test/return_mean:        -311.8550	test/return_std:          29.4002	test/soc_reserve_reward:   0.0000
test/soc_violation:       45.6502	test/total_power_loss:   14296.9693	test_battery_punishment_reward_mean:-3393.2813	test_battle_won_mean:      1.0000
test_bess_cost_reward_mean:-194.3226	test_buy_cost_reward_mean:-310646.4563	test_ep_length_mean:      24.0000	test_episode_limit_mean:   1.0000
test_generate_cost_reward_mean:-35.1972	test_grid_purchase_cost_mean:310646.4563	test_mean_soc_mean:        0.2005	test_return_mean:        -311.8550
test_return_std:          29.4002	test_soc_reserve_reward_mean:  0.0000	test_soc_violation_mean:  45.6502	test_total_power_loss_mean:14296.9693
total_power_loss_mean:   14433.5764	train/battery_punishment_reward:-3279.4354	train/battle_won:          1.0000	train/bess_cost_reward:  -172.0692
train/buy_cost_reward:   -313747.6484	train/ep_length:          24.0000	train/episode:           717.0000	train/episode_limit:       1.0000
train/generate_cost_reward:-39.3312	train/grid_purchase_cost:313747.6484	train/mean_soc:            0.2827	train/return_mean:       -314.9123
train/return_std:         34.3814	train/soc_reserve_reward:  0.0000	train/soc_violation:      43.9773	train/t_env:             24384.0000
train/total_power_loss:  14433.5764	
[INFO 20:31:26] root Recent Stats | t_env:      25920 | Episode:      750
battery_punishment_reward_mean:-3122.1535	battle_won_mean:           1.0000	bess_cost_reward_mean:   -172.0550	buffer/episodes:         1038.0000
buy_cost_reward_mean:    -314279.8527	ep_length_mean:           24.0000	episode_limit_mean:        1.0000	eval/best_reward:        -310.4823
eval/best_win_rate:        1.0000	eval/ea_reward:          -311.8017	eval/ea_win_rate:          1.0000	eval/rl_reward:          -314.9017
eval/rl_win_rate:          1.0000	generate_cost_reward_mean:-39.5921	grid_purchase_cost_mean: 314279.8527	mean_soc_mean:             0.2817
return_mean:             -315.3922	return_std:               36.2768	soc_reserve_reward_mean:   0.0000	soc_violation_mean:       42.2672
test/battery_punishment_reward:-3393.2813	test/battle_won:           1.0000	test/bess_cost_reward:   -194.3226	test/buy_cost_reward:    -310646.4563
test/ep_length:           24.0000	test/episode_limit:        1.0000	test/generate_cost_reward:-35.1972	test/grid_purchase_cost: 310646.4563
test/mean_soc:             0.2005	test/return_mean:        -311.8550	test/return_std:          29.4002	test/soc_reserve_reward:   0.0000
test/soc_violation:       45.6502	test/total_power_loss:   14296.9693	test_battery_punishment_reward_mean:-3393.2813	test_battle_won_mean:      1.0000
test_bess_cost_reward_mean:-194.3226	test_buy_cost_reward_mean:-310646.4563	test_ep_length_mean:      24.0000	test_episode_limit_mean:   1.0000
test_generate_cost_reward_mean:-35.1972	test_grid_purchase_cost_mean:310646.4563	test_mean_soc_mean:        0.2005	test_return_mean:        -311.8550
test_return_std:          29.4002	test_soc_reserve_reward_mean:  0.0000	test_soc_violation_mean:  45.6502	test_total_power_loss_mean:14296.9693
total_power_loss_mean:   14452.4098	train/battery_punishment_reward:-3122.1535	train/battle_won:          1.0000	train/bess_cost_reward:  -172.0550
train/buy_cost_reward:   -314279.8527	train/ep_length:          24.0000	train/episode:           728.0000	train/episode_limit:       1.0000
train/generate_cost_reward:-39.5921	train/grid_purchase_cost:314279.8527	train/mean_soc:            0.2817	train/return_mean:       -315.3922
train/return_std:         36.2768	train/soc_reserve_reward:  0.0000	train/soc_violation:      42.2672	train/t_env:             24912.0000
train/total_power_loss:  14452.4098	
[INFO 20:31:38] root t_env: 26544 / 300000
[INFO 20:31:38] root Estimated time left: 1 hours, 36 minutes, 9 seconds. Time passed: 5 minutes, 51 seconds
[INFO 20:31:40] root Recent Stats | t_env:      26544 | Episode:      761
battery_punishment_reward_mean:-3041.2123	battle_won_mean:           1.0000	bess_cost_reward_mean:   -170.3411	buffer/episodes:         1060.0000
buy_cost_reward_mean:    -314306.7113	ep_length_mean:           24.0000	episode_limit_mean:        1.0000	eval/best_reward:        -310.6375
eval/best_win_rate:        1.0000	eval/ea_reward:          -312.5023	eval/ea_win_rate:          1.0000	eval/rl_reward:          -312.5060
eval/rl_win_rate:          1.0000	generate_cost_reward_mean:-37.8951	grid_purchase_cost_mean: 314306.7113	mean_soc_mean:             0.2877
return_mean:             -315.3908	return_std:               35.6556	soc_reserve_reward_mean:   0.0000	soc_violation_mean:       41.3363
test/battery_punishment_reward:-2934.9054	test/battle_won:           1.0000	test/bess_cost_reward:   -186.6685	test/buy_cost_reward:    -311838.6912
test/ep_length:           24.0000	test/episode_limit:        1.0000	test/generate_cost_reward:-42.0867	test/grid_purchase_cost: 311838.6912
test/mean_soc:             0.2308	test/return_mean:        -312.8944	test/return_std:          30.5608	test/soc_reserve_reward:   0.0000
test/soc_violation:       40.8745	test/total_power_loss:   14324.0188	test_battery_punishment_reward_mean:-2934.9054	test_battle_won_mean:      1.0000
test_bess_cost_reward_mean:-186.6685	test_buy_cost_reward_mean:-311838.6912	test_ep_length_mean:      24.0000	test_episode_limit_mean:   1.0000
test_generate_cost_reward_mean:-42.0867	test_grid_purchase_cost_mean:311838.6912	test_mean_soc_mean:        0.2308	test_return_mean:        -312.8944
test_return_std:          30.5608	test_soc_reserve_reward_mean:  0.0000	test_soc_violation_mean:  40.8745	test_total_power_loss_mean:14324.0188
total_power_loss_mean:   14447.8720	train/battery_punishment_reward:-3041.2123	train/battle_won:          1.0000	train/bess_cost_reward:  -170.3411
train/buy_cost_reward:   -314306.7113	train/ep_length:          24.0000	train/episode:           739.0000	train/episode_limit:       1.0000
train/generate_cost_reward:-37.8951	train/grid_purchase_cost:314306.7113	train/mean_soc:            0.2877	train/return_mean:       -315.3908
train/return_std:         35.6556	train/soc_reserve_reward:  0.0000	train/soc_violation:      41.3363	train/t_env:             25440.0000
train/total_power_loss:  14447.8720	
[INFO 20:31:50] root Recent Stats | t_env:      27048 | Episode:      772
battery_punishment_reward_mean:-3083.8950	battle_won_mean:           1.0000	bess_cost_reward_mean:   -161.9693	buffer/episodes:         1082.0000
buy_cost_reward_mean:    -315121.1229	ep_length_mean:           24.0000	episode_limit_mean:        1.0000	eval/best_reward:        -310.6375
eval/best_win_rate:        1.0000	eval/ea_reward:          -312.5023	eval/ea_win_rate:          1.0000	eval/rl_reward:          -312.5060
eval/rl_win_rate:          1.0000	generate_cost_reward_mean:-39.0922	grid_purchase_cost_mean: 315121.1229	mean_soc_mean:             0.3192
return_mean:             -316.2171	return_std:               36.9706	soc_reserve_reward_mean:   0.0000	soc_violation_mean:       41.7319
test/battery_punishment_reward:-2934.9054	test/battle_won:           1.0000	test/bess_cost_reward:   -186.6685	test/buy_cost_reward:    -311838.6912
test/ep_length:           24.0000	test/episode_limit:        1.0000	test/generate_cost_reward:-42.0867	test/grid_purchase_cost: 311838.6912
test/mean_soc:             0.2308	test/return_mean:        -312.8944	test/return_std:          30.5608	test/soc_reserve_reward:   0.0000
test/soc_violation:       40.8745	test/total_power_loss:   14324.0188	test_battery_punishment_reward_mean:-2934.9054	test_battle_won_mean:      1.0000
test_bess_cost_reward_mean:-186.6685	test_buy_cost_reward_mean:-311838.6912	test_ep_length_mean:      24.0000	test_episode_limit_mean:   1.0000
test_generate_cost_reward_mean:-42.0867	test_grid_purchase_cost_mean:311838.6912	test_mean_soc_mean:        0.2308	test_return_mean:        -312.8944
test_return_std:          30.5608	test_soc_reserve_reward_mean:  0.0000	test_soc_violation_mean:  40.8745	test_total_power_loss_mean:14324.0188
total_power_loss_mean:   14489.4506	train/battery_punishment_reward:-3083.8950	train/battle_won:          1.0000	train/bess_cost_reward:  -161.9693
train/buy_cost_reward:   -315121.1229	train/ep_length:          24.0000	train/episode:           750.0000	train/episode_limit:       1.0000
train/generate_cost_reward:-39.0922	train/grid_purchase_cost:315121.1229	train/mean_soc:            0.3192	train/return_mean:       -316.2171
train/return_std:         36.9706	train/soc_reserve_reward:  0.0000	train/soc_violation:      41.7319	train/t_env:             25968.0000
train/total_power_loss:  14489.4506	
[INFO 20:31:59] root Recent Stats | t_env:      27552 | Episode:      783
battery_punishment_reward_mean:-3249.8056	battle_won_mean:           1.0000	bess_cost_reward_mean:   -161.8065	buffer/episodes:         1104.0000
buy_cost_reward_mean:    -310689.8100	ep_length_mean:           24.0000	episode_limit_mean:        1.0000	eval/best_reward:        -310.6375
eval/best_win_rate:        1.0000	eval/ea_reward:          -312.5023	eval/ea_win_rate:          1.0000	eval/rl_reward:          -312.5060
eval/rl_win_rate:          1.0000	generate_cost_reward_mean:-39.8252	grid_purchase_cost_mean: 310689.8100	mean_soc_mean:             0.3206
return_mean:             -311.8413	return_std:               36.7171	soc_reserve_reward_mean:   0.0000	soc_violation_mean:       43.2723
test/battery_punishment_reward:-2934.9054	test/battle_won:           1.0000	test/bess_cost_reward:   -186.6685	test/buy_cost_reward:    -311838.6912
test/ep_length:           24.0000	test/episode_limit:        1.0000	test/generate_cost_reward:-42.0867	test/grid_purchase_cost: 311838.6912
test/mean_soc:             0.2308	test/return_mean:        -312.8944	test/return_std:          30.5608	test/soc_reserve_reward:   0.0000
test/soc_violation:       40.8745	test/total_power_loss:   14324.0188	test_battery_punishment_reward_mean:-2934.9054	test_battle_won_mean:      1.0000
test_bess_cost_reward_mean:-186.6685	test_buy_cost_reward_mean:-311838.6912	test_ep_length_mean:      24.0000	test_episode_limit_mean:   1.0000
test_generate_cost_reward_mean:-42.0867	test_grid_purchase_cost_mean:311838.6912	test_mean_soc_mean:        0.2308	test_return_mean:        -312.8944
test_return_std:          30.5608	test_soc_reserve_reward_mean:  0.0000	test_soc_violation_mean:  40.8745	test_total_power_loss_mean:14324.0188
total_power_loss_mean:   14299.3244	train/battery_punishment_reward:-3249.8056	train/battle_won:          1.0000	train/bess_cost_reward:  -161.8065
train/buy_cost_reward:   -310689.8100	train/ep_length:          24.0000	train/episode:           761.0000	train/episode_limit:       1.0000
train/generate_cost_reward:-39.8252	train/grid_purchase_cost:310689.8100	train/mean_soc:            0.3206	train/return_mean:       -311.8413
train/return_std:         36.7171	train/soc_reserve_reward:  0.0000	train/soc_violation:      43.2723	train/t_env:             26496.0000
train/total_power_loss:  14299.3244	
[INFO 20:32:08] root Recent Stats | t_env:      28056 | Episode:      794
battery_punishment_reward_mean:-3601.7670	battle_won_mean:           1.0000	bess_cost_reward_mean:   -163.6641	buffer/episodes:         1126.0000
buy_cost_reward_mean:    -310323.1944	ep_length_mean:           24.0000	episode_limit_mean:        1.0000	eval/best_reward:        -310.6375
eval/best_win_rate:        1.0000	eval/ea_reward:          -312.5023	eval/ea_win_rate:          1.0000	eval/rl_reward:          -312.5060
eval/rl_win_rate:          1.0000	generate_cost_reward_mean:-41.8264	grid_purchase_cost_mean: 310323.1944	mean_soc_mean:             0.3143
return_mean:             -311.5934	return_std:               34.7955	soc_reserve_reward_mean:   0.0000	soc_violation_mean:       47.0052
test/battery_punishment_reward:-2934.9054	test/battle_won:           1.0000	test/bess_cost_reward:   -186.6685	test/buy_cost_reward:    -311838.6912
test/ep_length:           24.0000	test/episode_limit:        1.0000	test/generate_cost_reward:-42.0867	test/grid_purchase_cost: 311838.6912
test/mean_soc:             0.2308	test/return_mean:        -312.8944	test/return_std:          30.5608	test/soc_reserve_reward:   0.0000
test/soc_violation:       40.8745	test/total_power_loss:   14324.0188	test_battery_punishment_reward_mean:-2934.9054	test_battle_won_mean:      1.0000
test_bess_cost_reward_mean:-186.6685	test_buy_cost_reward_mean:-311838.6912	test_ep_length_mean:      24.0000	test_episode_limit_mean:   1.0000
test_generate_cost_reward_mean:-42.0867	test_grid_purchase_cost_mean:311838.6912	test_mean_soc_mean:        0.2308	test_return_mean:        -312.8944
test_return_std:          30.5608	test_soc_reserve_reward_mean:  0.0000	test_soc_violation_mean:  40.8745	test_total_power_loss_mean:14324.0188
total_power_loss_mean:   14278.1053	train/battery_punishment_reward:-3601.7670	train/battle_won:          1.0000	train/bess_cost_reward:  -163.6641
train/buy_cost_reward:   -310323.1944	train/ep_length:          24.0000	train/episode:           772.0000	train/episode_limit:       1.0000
train/generate_cost_reward:-41.8264	train/grid_purchase_cost:310323.1944	train/mean_soc:            0.3143	train/return_mean:       -311.5934
train/return_std:         34.7955	train/soc_reserve_reward:  0.0000	train/soc_violation:      47.0052	train/t_env:             27024.0000
train/total_power_loss:  14278.1053	
[INFO 20:32:18] root t_env: 28560 / 300000
[INFO 20:32:18] root Estimated time left: 1 hours, 29 minutes, 33 seconds. Time passed: 6 minutes, 31 seconds
[INFO 20:32:20] root Recent Stats | t_env:      28560 | Episode:      805
battery_punishment_reward_mean:-3737.0822	battle_won_mean:           1.0000	bess_cost_reward_mean:   -171.4584	buffer/episodes:         1148.0000
buy_cost_reward_mean:    -307933.1331	ep_length_mean:           24.0000	episode_limit_mean:        1.0000	eval/best_reward:        -311.8012
eval/best_win_rate:        1.0000	eval/ea_reward:          -314.3692	eval/ea_win_rate:          1.0000	eval/rl_reward:          -312.2774
eval/rl_win_rate:          1.0000	generate_cost_reward_mean:-42.6596	grid_purchase_cost_mean: 307933.1331	mean_soc_mean:             0.2859
return_mean:             -309.2513	return_std:               35.8101	soc_reserve_reward_mean:   0.0000	soc_violation_mean:       48.5752
test/battery_punishment_reward:-2723.5766	test/battle_won:           1.0000	test/bess_cost_reward:   -172.0178	test/buy_cost_reward:    -311049.0016
test/ep_length:           24.0000	test/episode_limit:        1.0000	test/generate_cost_reward:-40.4855	test/grid_purchase_cost: 311049.0016
test/mean_soc:             0.2819	test/return_mean:        -312.0288	test/return_std:          30.2807	test/soc_reserve_reward:   0.0000
test/soc_violation:       37.1390	test/total_power_loss:   14312.3061	test_battery_punishment_reward_mean:-2723.5766	test_battle_won_mean:      1.0000
test_bess_cost_reward_mean:-172.0178	test_buy_cost_reward_mean:-311049.0016	test_ep_length_mean:      24.0000	test_episode_limit_mean:   1.0000
test_generate_cost_reward_mean:-40.4855	test_grid_purchase_cost_mean:311049.0016	test_mean_soc_mean:        0.2819	test_return_mean:        -312.0288
test_return_std:          30.2807	test_soc_reserve_reward_mean:  0.0000	test_soc_violation_mean:  37.1390	test_total_power_loss_mean:14312.3061
total_power_loss_mean:   14176.8247	train/battery_punishment_reward:-3737.0822	train/battle_won:          1.0000	train/bess_cost_reward:  -171.4584
train/buy_cost_reward:   -307933.1331	train/ep_length:          24.0000	train/episode:           783.0000	train/episode_limit:       1.0000
train/generate_cost_reward:-42.6596	train/grid_purchase_cost:307933.1331	train/mean_soc:            0.2859	train/return_mean:       -309.2513
train/return_std:         35.8101	train/soc_reserve_reward:  0.0000	train/soc_violation:      48.5752	train/t_env:             27552.0000
train/total_power_loss:  14176.8247	
[INFO 20:32:33] root Recent Stats | t_env:      29184 | Episode:      816
battery_punishment_reward_mean:-3678.1960	battle_won_mean:           1.0000	bess_cost_reward_mean:   -171.5680	buffer/episodes:         1170.0000
buy_cost_reward_mean:    -308945.2899	ep_length_mean:           24.0000	episode_limit_mean:        1.0000	eval/best_reward:        -311.8012
eval/best_win_rate:        1.0000	eval/ea_reward:          -314.3692	eval/ea_win_rate:          1.0000	eval/rl_reward:          -312.2774
eval/rl_win_rate:          1.0000	generate_cost_reward_mean:-44.0224	grid_purchase_cost_mean: 308945.2899	mean_soc_mean:             0.2855
return_mean:             -310.2444	return_std:               36.2239	soc_reserve_reward_mean:   0.0000	soc_violation_mean:       47.9975
test/battery_punishment_reward:-2723.5766	test/battle_won:           1.0000	test/bess_cost_reward:   -172.0178	test/buy_cost_reward:    -311049.0016
test/ep_length:           24.0000	test/episode_limit:        1.0000	test/generate_cost_reward:-40.4855	test/grid_purchase_cost: 311049.0016
test/mean_soc:             0.2819	test/return_mean:        -312.0288	test/return_std:          30.2807	test/soc_reserve_reward:   0.0000
test/soc_violation:       37.1390	test/total_power_loss:   14312.3061	test_battery_punishment_reward_mean:-2723.5766	test_battle_won_mean:      1.0000
test_bess_cost_reward_mean:-172.0178	test_buy_cost_reward_mean:-311049.0016	test_ep_length_mean:      24.0000	test_episode_limit_mean:   1.0000
test_generate_cost_reward_mean:-40.4855	test_grid_purchase_cost_mean:311049.0016	test_mean_soc_mean:        0.2819	test_return_mean:        -312.0288
test_return_std:          30.2807	test_soc_reserve_reward_mean:  0.0000	test_soc_violation_mean:  37.1390	test_total_power_loss_mean:14312.3061
total_power_loss_mean:   14214.9476	train/battery_punishment_reward:-3678.1960	train/battle_won:          1.0000	train/bess_cost_reward:  -171.5680
train/buy_cost_reward:   -308945.2899	train/ep_length:          24.0000	train/episode:           794.0000	train/episode_limit:       1.0000
train/generate_cost_reward:-44.0224	train/grid_purchase_cost:308945.2899	train/mean_soc:            0.2855	train/return_mean:       -310.2444
train/return_std:         36.2239	train/soc_reserve_reward:  0.0000	train/soc_violation:      47.9975	train/t_env:             28080.0000
train/total_power_loss:  14214.9476	
[INFO 20:32:42] root Recent Stats | t_env:      29688 | Episode:      827
battery_punishment_reward_mean:-3484.3256	battle_won_mean:           1.0000	bess_cost_reward_mean:   -180.3163	buffer/episodes:         1192.0000
buy_cost_reward_mean:    -305936.7914	ep_length_mean:           24.0000	episode_limit_mean:        1.0000	eval/best_reward:        -311.8012
eval/best_win_rate:        1.0000	eval/ea_reward:          -314.3692	eval/ea_win_rate:          1.0000	eval/rl_reward:          -312.2774
eval/rl_win_rate:          1.0000	generate_cost_reward_mean:-42.8630	grid_purchase_cost_mean: 305936.7914	mean_soc_mean:             0.2527
return_mean:             -307.1738	return_std:               35.9431	soc_reserve_reward_mean:   0.0000	soc_violation_mean:       46.2121
test/battery_punishment_reward:-2723.5766	test/battle_won:           1.0000	test/bess_cost_reward:   -172.0178	test/buy_cost_reward:    -311049.0016
test/ep_length:           24.0000	test/episode_limit:        1.0000	test/generate_cost_reward:-40.4855	test/grid_purchase_cost: 311049.0016
test/mean_soc:             0.2819	test/return_mean:        -312.0288	test/return_std:          30.2807	test/soc_reserve_reward:   0.0000
test/soc_violation:       37.1390	test/total_power_loss:   14312.3061	test_battery_punishment_reward_mean:-2723.5766	test_battle_won_mean:      1.0000
test_bess_cost_reward_mean:-172.0178	test_buy_cost_reward_mean:-311049.0016	test_ep_length_mean:      24.0000	test_episode_limit_mean:   1.0000
test_generate_cost_reward_mean:-40.4855	test_grid_purchase_cost_mean:311049.0016	test_mean_soc_mean:        0.2819	test_return_mean:        -312.0288
test_return_std:          30.2807	test_soc_reserve_reward_mean:  0.0000	test_soc_violation_mean:  37.1390	test_total_power_loss_mean:14312.3061
total_power_loss_mean:   14087.4149	train/battery_punishment_reward:-3484.3256	train/battle_won:          1.0000	train/bess_cost_reward:  -180.3163
train/buy_cost_reward:   -305936.7914	train/ep_length:          24.0000	train/episode:           805.0000	train/episode_limit:       1.0000
train/generate_cost_reward:-42.8630	train/grid_purchase_cost:305936.7914	train/mean_soc:            0.2527	train/return_mean:       -307.1738
train/return_std:         35.9431	train/soc_reserve_reward:  0.0000	train/soc_violation:      46.2121	train/t_env:             28608.0000
train/total_power_loss:  14087.4149	
[INFO 20:32:51] root Saving models to results\models\facmac_smac__2026-06-15_20-25-46\30144
[INFO 20:32:51] root Recent Stats | t_env:      30192 | Episode:      838
battery_punishment_reward_mean:-3426.5113	battle_won_mean:           1.0000	bess_cost_reward_mean:   -180.3398	buffer/episodes:         1214.0000
buy_cost_reward_mean:    -308677.8781	ep_length_mean:           24.0000	episode_limit_mean:        1.0000	eval/best_reward:        -311.8012
eval/best_win_rate:        1.0000	eval/ea_reward:          -314.3692	eval/ea_win_rate:          1.0000	eval/rl_reward:          -312.2774
eval/rl_win_rate:          1.0000	generate_cost_reward_mean:-44.0176	grid_purchase_cost_mean: 308677.8781	mean_soc_mean:             0.2520
return_mean:             -309.8960	return_std:               38.4416	soc_reserve_reward_mean:   0.0000	soc_violation_mean:       45.8158
test/battery_punishment_reward:-2723.5766	test/battle_won:           1.0000	test/bess_cost_reward:   -172.0178	test/buy_cost_reward:    -311049.0016
test/ep_length:           24.0000	test/episode_limit:        1.0000	test/generate_cost_reward:-40.4855	test/grid_purchase_cost: 311049.0016
test/mean_soc:             0.2819	test/return_mean:        -312.0288	test/return_std:          30.2807	test/soc_reserve_reward:   0.0000
test/soc_violation:       37.1390	test/total_power_loss:   14312.3061	test_battery_punishment_reward_mean:-2723.5766	test_battle_won_mean:      1.0000
test_bess_cost_reward_mean:-172.0178	test_buy_cost_reward_mean:-311049.0016	test_ep_length_mean:      24.0000	test_episode_limit_mean:   1.0000
test_generate_cost_reward_mean:-40.4855	test_grid_purchase_cost_mean:311049.0016	test_mean_soc_mean:        0.2819	test_return_mean:        -312.0288
test_return_std:          30.2807	test_soc_reserve_reward_mean:  0.0000	test_soc_violation_mean:  37.1390	test_total_power_loss_mean:14312.3061
total_power_loss_mean:   14204.4006	train/battery_punishment_reward:-3426.5113	train/battle_won:          1.0000	train/bess_cost_reward:  -180.3398
train/buy_cost_reward:   -308677.8781	train/ep_length:          24.0000	train/episode:           816.0000	train/episode_limit:       1.0000
train/generate_cost_reward:-44.0176	train/grid_purchase_cost:308677.8781	train/mean_soc:            0.2520	train/return_mean:       -309.8960
train/return_std:         38.4416	train/soc_reserve_reward:  0.0000	train/soc_violation:      45.8158	train/t_env:             29136.0000
train/total_power_loss:  14204.4006	
[INFO 20:33:01] root t_env: 30624 / 300000
[INFO 20:33:01] root Estimated time left: 1 hours, 33 minutes, 32 seconds. Time passed: 7 minutes, 14 seconds
[INFO 20:33:03] root Recent Stats | t_env:      30696 | Episode:      849
battery_punishment_reward_mean:-3226.8876	battle_won_mean:           1.0000	bess_cost_reward_mean:   -177.4641	buffer/episodes:         1236.0000
buy_cost_reward_mean:    -308653.2515	ep_length_mean:           24.0000	episode_limit_mean:        1.0000	eval/best_reward:        -310.5005
eval/best_win_rate:        1.0000	eval/ea_reward:          -313.0685	eval/ea_win_rate:          1.0000	eval/rl_reward:          -313.2903
eval/rl_win_rate:          1.0000	generate_cost_reward_mean:-41.4970	grid_purchase_cost_mean: 308653.2515	mean_soc_mean:             0.2624
return_mean:             -309.8030	return_std:               39.4176	soc_reserve_reward_mean:   0.0000	soc_violation_mean:       43.7764
test/battery_punishment_reward:-2544.4058	test/battle_won:           1.0000	test/bess_cost_reward:   -179.6032	test/buy_cost_reward:    -312750.7613
test/ep_length:           24.0000	test/episode_limit:        1.0000	test/generate_cost_reward:-44.7516	test/grid_purchase_cost: 312750.7613
test/mean_soc:             0.2518	test/return_mean:        -313.6749	test/return_std:          30.6158	test/soc_reserve_reward:   0.0000
test/soc_violation:       35.6761	test/total_power_loss:   14365.1210	test_battery_punishment_reward_mean:-2544.4058	test_battle_won_mean:      1.0000
test_bess_cost_reward_mean:-179.6032	test_buy_cost_reward_mean:-312750.7613	test_ep_length_mean:      24.0000	test_episode_limit_mean:   1.0000
test_generate_cost_reward_mean:-44.7516	test_grid_purchase_cost_mean:312750.7613	test_mean_soc_mean:        0.2518	test_return_mean:        -313.6749
test_return_std:          30.6158	test_soc_reserve_reward_mean:  0.0000	test_soc_violation_mean:  35.6761	test_total_power_loss_mean:14365.1210
total_power_loss_mean:   14200.7588	train/battery_punishment_reward:-3226.8876	train/battle_won:          1.0000	train/bess_cost_reward:  -177.4641
train/buy_cost_reward:   -308653.2515	train/ep_length:          24.0000	train/episode:           827.0000	train/episode_limit:       1.0000
train/generate_cost_reward:-41.4970	train/grid_purchase_cost:308653.2515	train/mean_soc:            0.2624	train/return_mean:       -309.8030
train/return_std:         39.4176	train/soc_reserve_reward:  0.0000	train/soc_violation:      43.7764	train/t_env:             29664.0000
train/total_power_loss:  14200.7588	
[INFO 20:33:12] root Recent Stats | t_env:      31200 | Episode:      860
battery_punishment_reward_mean:-3018.4792	battle_won_mean:           1.0000	bess_cost_reward_mean:   -171.6512	buffer/episodes:         1258.0000
buy_cost_reward_mean:    -311553.5401	ep_length_mean:           24.0000	episode_limit_mean:        1.0000	eval/best_reward:        -310.5005
eval/best_win_rate:        1.0000	eval/ea_reward:          -313.0685	eval/ea_win_rate:          1.0000	eval/rl_reward:          -313.2903
eval/rl_win_rate:          1.0000	generate_cost_reward_mean:-40.6740	grid_purchase_cost_mean: 311553.5401	mean_soc_mean:             0.2835
return_mean:             -312.6315	return_std:               38.4725	soc_reserve_reward_mean:   0.0000	soc_violation_mean:       41.6773
test/battery_punishment_reward:-2544.4058	test/battle_won:           1.0000	test/bess_cost_reward:   -179.6032	test/buy_cost_reward:    -312750.7613
test/ep_length:           24.0000	test/episode_limit:        1.0000	test/generate_cost_reward:-44.7516	test/grid_purchase_cost: 312750.7613
test/mean_soc:             0.2518	test/return_mean:        -313.6749	test/return_std:          30.6158	test/soc_reserve_reward:   0.0000
test/soc_violation:       35.6761	test/total_power_loss:   14365.1210	test_battery_punishment_reward_mean:-2544.4058	test_battle_won_mean:      1.0000
test_bess_cost_reward_mean:-179.6032	test_buy_cost_reward_mean:-312750.7613	test_ep_length_mean:      24.0000	test_episode_limit_mean:   1.0000
test_generate_cost_reward_mean:-44.7516	test_grid_purchase_cost_mean:312750.7613	test_mean_soc_mean:        0.2518	test_return_mean:        -313.6749
test_return_std:          30.6158	test_soc_reserve_reward_mean:  0.0000	test_soc_violation_mean:  35.6761	test_total_power_loss_mean:14365.1210
total_power_loss_mean:   14319.0304	train/battery_punishment_reward:-3018.4792	train/battle_won:          1.0000	train/bess_cost_reward:  -171.6512
train/buy_cost_reward:   -311553.5401	train/ep_length:          24.0000	train/episode:           838.0000	train/episode_limit:       1.0000
train/generate_cost_reward:-40.6740	train/grid_purchase_cost:311553.5401	train/mean_soc:            0.2835	train/return_mean:       -312.6315
train/return_std:         38.4725	train/soc_reserve_reward:  0.0000	train/soc_violation:      41.6773	train/t_env:             30192.0000
train/total_power_loss:  14319.0304	
[INFO 20:33:25] root Recent Stats | t_env:      31824 | Episode:      871
battery_punishment_reward_mean:-2796.0071	battle_won_mean:           1.0000	bess_cost_reward_mean:   -169.5628	buffer/episodes:         1280.0000
buy_cost_reward_mean:    -312053.9310	ep_length_mean:           24.0000	episode_limit_mean:        1.0000	eval/best_reward:        -310.5005
eval/best_win_rate:        1.0000	eval/ea_reward:          -313.0685	eval/ea_win_rate:          1.0000	eval/rl_reward:          -313.2903
eval/rl_win_rate:          1.0000	generate_cost_reward_mean:-42.4816	grid_purchase_cost_mean: 312053.9310	mean_soc_mean:             0.2903
return_mean:             -313.0577	return_std:               39.6888	soc_reserve_reward_mean:   0.0000	soc_violation_mean:       39.3977
test/battery_punishment_reward:-2544.4058	test/battle_won:           1.0000	test/bess_cost_reward:   -179.6032	test/buy_cost_reward:    -312750.7613
test/ep_length:           24.0000	test/episode_limit:        1.0000	test/generate_cost_reward:-44.7516	test/grid_purchase_cost: 312750.7613
test/mean_soc:             0.2518	test/return_mean:        -313.6749	test/return_std:          30.6158	test/soc_reserve_reward:   0.0000
test/soc_violation:       35.6761	test/total_power_loss:   14365.1210	test_battery_punishment_reward_mean:-2544.4058	test_battle_won_mean:      1.0000
test_bess_cost_reward_mean:-179.6032	test_buy_cost_reward_mean:-312750.7613	test_ep_length_mean:      24.0000	test_episode_limit_mean:   1.0000
test_generate_cost_reward_mean:-44.7516	test_grid_purchase_cost_mean:312750.7613	test_mean_soc_mean:        0.2518	test_return_mean:        -313.6749
test_return_std:          30.6158	test_soc_reserve_reward_mean:  0.0000	test_soc_violation_mean:  35.6761	test_total_power_loss_mean:14365.1210
total_power_loss_mean:   14344.6434	train/battery_punishment_reward:-2796.0071	train/battle_won:          1.0000	train/bess_cost_reward:  -169.5628
train/buy_cost_reward:   -312053.9310	train/ep_length:          24.0000	train/episode:           849.0000	train/episode_limit:       1.0000
train/generate_cost_reward:-42.4816	train/grid_purchase_cost:312053.9310	train/mean_soc:            0.2903	train/return_mean:       -313.0577
train/return_std:         39.6888	train/soc_reserve_reward:  0.0000	train/soc_violation:      39.3977	train/t_env:             30720.0000
train/total_power_loss:  14344.6434	
[INFO 20:33:35] root Recent Stats | t_env:      32328 | Episode:      882
battery_punishment_reward_mean:-2570.6993	battle_won_mean:           1.0000	bess_cost_reward_mean:   -171.0733	buffer/episodes:         1302.0000
buy_cost_reward_mean:    -313607.0722	ep_length_mean:           24.0000	episode_limit_mean:        1.0000	eval/best_reward:        -310.5005
eval/best_win_rate:        1.0000	eval/ea_reward:          -313.0685	eval/ea_win_rate:          1.0000	eval/rl_reward:          -313.2903
eval/rl_win_rate:          1.0000	generate_cost_reward_mean:-41.1500	grid_purchase_cost_mean: 313607.0722	mean_soc_mean:             0.2846
return_mean:             -314.5358	return_std:               36.4801	soc_reserve_reward_mean:   0.0000	soc_violation_mean:       36.9463
test/battery_punishment_reward:-2544.4058	test/battle_won:           1.0000	test/bess_cost_reward:   -179.6032	test/buy_cost_reward:    -312750.7613
test/ep_length:           24.0000	test/episode_limit:        1.0000	test/generate_cost_reward:-44.7516	test/grid_purchase_cost: 312750.7613
test/mean_soc:             0.2518	test/return_mean:        -313.6749	test/return_std:          30.6158	test/soc_reserve_reward:   0.0000
test/soc_violation:       35.6761	test/total_power_loss:   14365.1210	test_battery_punishment_reward_mean:-2544.4058	test_battle_won_mean:      1.0000
test_bess_cost_reward_mean:-179.6032	test_buy_cost_reward_mean:-312750.7613	test_ep_length_mean:      24.0000	test_episode_limit_mean:   1.0000
test_generate_cost_reward_mean:-44.7516	test_grid_purchase_cost_mean:312750.7613	test_mean_soc_mean:        0.2518	test_return_mean:        -313.6749
test_return_std:          30.6158	test_soc_reserve_reward_mean:  0.0000	test_soc_violation_mean:  35.6761	test_total_power_loss_mean:14365.1210
total_power_loss_mean:   14411.5312	train/battery_punishment_reward:-2570.6993	train/battle_won:          1.0000	train/bess_cost_reward:  -171.0733
train/buy_cost_reward:   -313607.0722	train/ep_length:          24.0000	train/episode:           860.0000	train/episode_limit:       1.0000
train/generate_cost_reward:-41.1500	train/grid_purchase_cost:313607.0722	train/mean_soc:            0.2846	train/return_mean:       -314.5358
train/return_std:         36.4801	train/soc_reserve_reward:  0.0000	train/soc_violation:      36.9463	train/t_env:             31248.0000
train/total_power_loss:  14411.5312	
[INFO 20:33:41] root t_env: 32640 / 300000
[INFO 20:33:41] root Estimated time left: 1 hours, 27 minutes, 23 seconds. Time passed: 7 minutes, 54 seconds
[INFO 20:33:47] root Recent Stats | t_env:      32832 | Episode:      893
battery_punishment_reward_mean:-2433.9788	battle_won_mean:           1.0000	bess_cost_reward_mean:   -170.4882	buffer/episodes:         1324.0000
buy_cost_reward_mean:    -313265.8869	ep_length_mean:           24.0000	episode_limit_mean:        1.0000	eval/best_reward:        -308.2368
eval/best_win_rate:        1.0000	eval/ea_reward:          -310.8048	eval/ea_win_rate:          1.0000	eval/rl_reward:          -310.7519
eval/rl_win_rate:          1.0000	generate_cost_reward_mean:-41.5845	grid_purchase_cost_mean: 313265.8869	mean_soc_mean:             0.2864
return_mean:             -314.1490	return_std:               36.0822	soc_reserve_reward_mean:   0.0000	soc_violation_mean:       35.3600
test/battery_punishment_reward:-2552.8621	test/battle_won:           1.0000	test/bess_cost_reward:   -191.1735	test/buy_cost_reward:    -305131.6440
test/ep_length:           24.0000	test/episode_limit:        1.0000	test/generate_cost_reward:-44.1419	test/grid_purchase_cost: 305131.6440
test/mean_soc:             0.2104	test/return_mean:        -306.0622	test/return_std:          30.8095	test/soc_reserve_reward:   0.0000
test/soc_violation:       36.0892	test/total_power_loss:   14053.4162	test_battery_punishment_reward_mean:-2552.8621	test_battle_won_mean:      1.0000
test_bess_cost_reward_mean:-191.1735	test_buy_cost_reward_mean:-305131.6440	test_ep_length_mean:      24.0000	test_episode_limit_mean:   1.0000
test_generate_cost_reward_mean:-44.1419	test_grid_purchase_cost_mean:305131.6440	test_mean_soc_mean:        0.2104	test_return_mean:        -306.0622
test_return_std:          30.8095	test_soc_reserve_reward_mean:  0.0000	test_soc_violation_mean:  36.0892	test_total_power_loss_mean:14053.4162
total_power_loss_mean:   14405.9451	train/battery_punishment_reward:-2433.9788	train/battle_won:          1.0000	train/bess_cost_reward:  -170.4882
train/buy_cost_reward:   -313265.8869	train/ep_length:          24.0000	train/episode:           871.0000	train/episode_limit:       1.0000
train/generate_cost_reward:-41.5845	train/grid_purchase_cost:313265.8869	train/mean_soc:            0.2864	train/return_mean:       -314.1490
train/return_std:         36.0822	train/soc_reserve_reward:  0.0000	train/soc_violation:      35.3600	train/t_env:             31776.0000
train/total_power_loss:  14405.9451	
[INFO 20:33:56] root Recent Stats | t_env:      33336 | Episode:      904
battery_punishment_reward_mean:-2614.1527	battle_won_mean:           1.0000	bess_cost_reward_mean:   -169.4379	buffer/episodes:         1346.0000
buy_cost_reward_mean:    -310319.7833	ep_length_mean:           24.0000	episode_limit_mean:        1.0000	eval/best_reward:        -308.2368
eval/best_win_rate:        1.0000	eval/ea_reward:          -310.8048	eval/ea_win_rate:          1.0000	eval/rl_reward:          -310.7519
eval/rl_win_rate:          1.0000	generate_cost_reward_mean:-41.8527	grid_purchase_cost_mean: 310319.7833	mean_soc_mean:             0.2904
return_mean:             -311.2627	return_std:               36.5043	soc_reserve_reward_mean:   0.0000	soc_violation_mean:       37.1521
test/battery_punishment_reward:-2552.8621	test/battle_won:           1.0000	test/bess_cost_reward:   -191.1735	test/buy_cost_reward:    -305131.6440
test/ep_length:           24.0000	test/episode_limit:        1.0000	test/generate_cost_reward:-44.1419	test/grid_purchase_cost: 305131.6440
test/mean_soc:             0.2104	test/return_mean:        -306.0622	test/return_std:          30.8095	test/soc_reserve_reward:   0.0000
test/soc_violation:       36.0892	test/total_power_loss:   14053.4162	test_battery_punishment_reward_mean:-2552.8621	test_battle_won_mean:      1.0000
test_bess_cost_reward_mean:-191.1735	test_buy_cost_reward_mean:-305131.6440	test_ep_length_mean:      24.0000	test_episode_limit_mean:   1.0000
test_generate_cost_reward_mean:-44.1419	test_grid_purchase_cost_mean:305131.6440	test_mean_soc_mean:        0.2104	test_return_mean:        -306.0622
test_return_std:          30.8095	test_soc_reserve_reward_mean:  0.0000	test_soc_violation_mean:  36.0892	test_total_power_loss_mean:14053.4162
total_power_loss_mean:   14294.3886	train/battery_punishment_reward:-2614.1527	train/battle_won:          1.0000	train/bess_cost_reward:  -169.4379
train/buy_cost_reward:   -310319.7833	train/ep_length:          24.0000	train/episode:           882.0000	train/episode_limit:       1.0000
train/generate_cost_reward:-41.8527	train/grid_purchase_cost:310319.7833	train/mean_soc:            0.2904	train/return_mean:       -311.2627
train/return_std:         36.5043	train/soc_reserve_reward:  0.0000	train/soc_violation:      37.1521	train/t_env:             32304.0000
train/total_power_loss:  14294.3886	
[INFO 20:34:07] root Recent Stats | t_env:      33840 | Episode:      915
battery_punishment_reward_mean:-2732.9178	battle_won_mean:           1.0000	bess_cost_reward_mean:   -168.5392	buffer/episodes:         1368.0000
buy_cost_reward_mean:    -309477.4197	ep_length_mean:           24.0000	episode_limit_mean:        1.0000	eval/best_reward:        -308.2368
eval/best_win_rate:        1.0000	eval/ea_reward:          -310.8048	eval/ea_win_rate:          1.0000	eval/rl_reward:          -310.7519
eval/rl_win_rate:          1.0000	generate_cost_reward_mean:-38.8012	grid_purchase_cost_mean: 309477.4197	mean_soc_mean:             0.2936
return_mean:             -310.4585	return_std:               36.0315	soc_reserve_reward_mean:   0.0000	soc_violation_mean:       38.1616
test/battery_punishment_reward:-2552.8621	test/battle_won:           1.0000	test/bess_cost_reward:   -191.1735	test/buy_cost_reward:    -305131.6440
test/ep_length:           24.0000	test/episode_limit:        1.0000	test/generate_cost_reward:-44.1419	test/grid_purchase_cost: 305131.6440
test/mean_soc:             0.2104	test/return_mean:        -306.0622	test/return_std:          30.8095	test/soc_reserve_reward:   0.0000
test/soc_violation:       36.0892	test/total_power_loss:   14053.4162	test_battery_punishment_reward_mean:-2552.8621	test_battle_won_mean:      1.0000
test_bess_cost_reward_mean:-191.1735	test_buy_cost_reward_mean:-305131.6440	test_ep_length_mean:      24.0000	test_episode_limit_mean:   1.0000
test_generate_cost_reward_mean:-44.1419	test_grid_purchase_cost_mean:305131.6440	test_mean_soc_mean:        0.2104	test_return_mean:        -306.0622
test_return_std:          30.8095	test_soc_reserve_reward_mean:  0.0000	test_soc_violation_mean:  36.0892	test_total_power_loss_mean:14053.4162
total_power_loss_mean:   14254.1290	train/battery_punishment_reward:-2732.9178	train/battle_won:          1.0000	train/bess_cost_reward:  -168.5392
train/buy_cost_reward:   -309477.4197	train/ep_length:          24.0000	train/episode:           893.0000	train/episode_limit:       1.0000
train/generate_cost_reward:-38.8012	train/grid_purchase_cost:309477.4197	train/mean_soc:            0.2936	train/return_mean:       -310.4585
train/return_std:         36.0315	train/soc_reserve_reward:  0.0000	train/soc_violation:      38.1616	train/t_env:             32832.0000
train/total_power_loss:  14254.1290	
[INFO 20:34:20] root Recent Stats | t_env:      34464 | Episode:      926
battery_punishment_reward_mean:-2905.0147	battle_won_mean:           1.0000	bess_cost_reward_mean:   -171.2885	buffer/episodes:         1390.0000
buy_cost_reward_mean:    -308853.0876	ep_length_mean:           24.0000	episode_limit_mean:        1.0000	eval/best_reward:        -308.2368
eval/best_win_rate:        1.0000	eval/ea_reward:          -310.8048	eval/ea_win_rate:          1.0000	eval/rl_reward:          -310.7519
eval/rl_win_rate:          1.0000	generate_cost_reward_mean:-38.5048	grid_purchase_cost_mean: 308853.0876	mean_soc_mean:             0.2837
return_mean:             -309.8924	return_std:               36.5077	soc_reserve_reward_mean:   0.0000	soc_violation_mean:       39.9230
test/battery_punishment_reward:-2552.8621	test/battle_won:           1.0000	test/bess_cost_reward:   -191.1735	test/buy_cost_reward:    -305131.6440
test/ep_length:           24.0000	test/episode_limit:        1.0000	test/generate_cost_reward:-44.1419	test/grid_purchase_cost: 305131.6440
test/mean_soc:             0.2104	test/return_mean:        -306.0622	test/return_std:          30.8095	test/soc_reserve_reward:   0.0000
test/soc_violation:       36.0892	test/total_power_loss:   14053.4162	test_battery_punishment_reward_mean:-2552.8621	test_battle_won_mean:      1.0000
test_bess_cost_reward_mean:-191.1735	test_buy_cost_reward_mean:-305131.6440	test_ep_length_mean:      24.0000	test_episode_limit_mean:   1.0000
test_generate_cost_reward_mean:-44.1419	test_grid_purchase_cost_mean:305131.6440	test_mean_soc_mean:        0.2104	test_return_mean:        -306.0622
test_return_std:          30.8095	test_soc_reserve_reward_mean:  0.0000	test_soc_violation_mean:  36.0892	test_total_power_loss_mean:14053.4162
total_power_loss_mean:   14232.3704	train/battery_punishment_reward:-2905.0147	train/battle_won:          1.0000	train/bess_cost_reward:  -171.2885
train/buy_cost_reward:   -308853.0876	train/ep_length:          24.0000	train/episode:           904.0000	train/episode_limit:       1.0000
train/generate_cost_reward:-38.5048	train/grid_purchase_cost:308853.0876	train/mean_soc:            0.2837	train/return_mean:       -309.8924
train/return_std:         36.5077	train/soc_reserve_reward:  0.0000	train/soc_violation:      39.9230	train/t_env:             33360.0000
train/total_power_loss:  14232.3704	
[INFO 20:34:25] root t_env: 34704 / 300000
[INFO 20:34:25] root Estimated time left: 1 hours, 35 minutes, 32 seconds. Time passed: 8 minutes, 38 seconds
[INFO 20:34:31] root Recent Stats | t_env:      34968 | Episode:      937
battery_punishment_reward_mean:-2995.4710	battle_won_mean:           1.0000	bess_cost_reward_mean:   -171.2213	buffer/episodes:         1412.0000
buy_cost_reward_mean:    -308140.0911	ep_length_mean:           24.0000	episode_limit_mean:        1.0000	eval/best_reward:        -309.6887
eval/best_win_rate:        1.0000	eval/ea_reward:          -311.3067	eval/ea_win_rate:          1.0000	eval/rl_reward:          -312.2038
eval/rl_win_rate:          1.0000	generate_cost_reward_mean:-37.3419	grid_purchase_cost_mean: 308140.0911	mean_soc_mean:             0.2839
return_mean:             -309.2091	return_std:               37.1519	soc_reserve_reward_mean:   0.0000	soc_violation_mean:       40.8844
test/battery_punishment_reward:-3088.7525	test/battle_won:           1.0000	test/bess_cost_reward:   -160.6984	test/buy_cost_reward:    -309313.7682
test/ep_length:           24.0000	test/episode_limit:        1.0000	test/generate_cost_reward:-44.0397	test/grid_purchase_cost: 309313.7682
test/mean_soc:             0.3230	test/return_mean:        -310.4128	test/return_std:          31.1970	test/soc_reserve_reward:   0.0000
test/soc_violation:       41.2681	test/total_power_loss:   14233.3296	test_battery_punishment_reward_mean:-3088.7525	test_battle_won_mean:      1.0000
test_bess_cost_reward_mean:-160.6984	test_buy_cost_reward_mean:-309313.7682	test_ep_length_mean:      24.0000	test_episode_limit_mean:   1.0000
test_generate_cost_reward_mean:-44.0397	test_grid_purchase_cost_mean:309313.7682	test_mean_soc_mean:        0.3230	test_return_mean:        -310.4128
test_return_std:          31.1970	test_soc_reserve_reward_mean:  0.0000	test_soc_violation_mean:  41.2681	test_total_power_loss_mean:14233.3296
total_power_loss_mean:   14195.9064	train/battery_punishment_reward:-2995.4710	train/battle_won:          1.0000	train/bess_cost_reward:  -171.2213
train/buy_cost_reward:   -308140.0911	train/ep_length:          24.0000	train/episode:           915.0000	train/episode_limit:       1.0000
train/generate_cost_reward:-37.3419	train/grid_purchase_cost:308140.0911	train/mean_soc:            0.2839	train/return_mean:       -309.2091
train/return_std:         37.1519	train/soc_reserve_reward:  0.0000	train/soc_violation:      40.8844	train/t_env:             33888.0000
train/total_power_loss:  14195.9064	
[INFO 20:34:41] root Recent Stats | t_env:      35472 | Episode:      948
battery_punishment_reward_mean:-3214.1086	battle_won_mean:           1.0000	bess_cost_reward_mean:   -168.8276	buffer/episodes:         1434.0000
buy_cost_reward_mean:    -308959.3404	ep_length_mean:           24.0000	episode_limit_mean:        1.0000	eval/best_reward:        -309.6887
eval/best_win_rate:        1.0000	eval/ea_reward:          -311.3067	eval/ea_win_rate:          1.0000	eval/rl_reward:          -312.2038
eval/rl_win_rate:          1.0000	generate_cost_reward_mean:-37.4472	grid_purchase_cost_mean: 308959.3404	mean_soc_mean:             0.2933
return_mean:             -310.1004	return_std:               37.0939	soc_reserve_reward_mean:   0.0000	soc_violation_mean:       43.2385
test/battery_punishment_reward:-3088.7525	test/battle_won:           1.0000	test/bess_cost_reward:   -160.6984	test/buy_cost_reward:    -309313.7682
test/ep_length:           24.0000	test/episode_limit:        1.0000	test/generate_cost_reward:-44.0397	test/grid_purchase_cost: 309313.7682
test/mean_soc:             0.3230	test/return_mean:        -310.4128	test/return_std:          31.1970	test/soc_reserve_reward:   0.0000
test/soc_violation:       41.2681	test/total_power_loss:   14233.3296	test_battery_punishment_reward_mean:-3088.7525	test_battle_won_mean:      1.0000
test_bess_cost_reward_mean:-160.6984	test_buy_cost_reward_mean:-309313.7682	test_ep_length_mean:      24.0000	test_episode_limit_mean:   1.0000
test_generate_cost_reward_mean:-44.0397	test_grid_purchase_cost_mean:309313.7682	test_mean_soc_mean:        0.3230	test_return_mean:        -310.4128
test_return_std:          31.1970	test_soc_reserve_reward_mean:  0.0000	test_soc_violation_mean:  41.2681	test_total_power_loss_mean:14233.3296
total_power_loss_mean:   14223.7100	train/battery_punishment_reward:-3214.1086	train/battle_won:          1.0000	train/bess_cost_reward:  -168.8276
train/buy_cost_reward:   -308959.3404	train/ep_length:          24.0000	train/episode:           926.0000	train/episode_limit:       1.0000
train/generate_cost_reward:-37.4472	train/grid_purchase_cost:308959.3404	train/mean_soc:            0.2933	train/return_mean:       -310.1004
train/return_std:         37.0939	train/soc_reserve_reward:  0.0000	train/soc_violation:      43.2385	train/t_env:             34416.0000
train/total_power_loss:  14223.7100	
[INFO 20:34:50] root Recent Stats | t_env:      35976 | Episode:      959
battery_punishment_reward_mean:-3136.4633	battle_won_mean:           1.0000	bess_cost_reward_mean:   -165.7101	buffer/episodes:         1456.0000
buy_cost_reward_mean:    -309313.6835	ep_length_mean:           24.0000	episode_limit_mean:        1.0000	eval/best_reward:        -309.6887
eval/best_win_rate:        1.0000	eval/ea_reward:          -311.3067	eval/ea_win_rate:          1.0000	eval/rl_reward:          -312.2038
eval/rl_win_rate:          1.0000	generate_cost_reward_mean:-37.5170	grid_purchase_cost_mean: 309313.6835	mean_soc_mean:             0.3043
return_mean:             -310.4279	return_std:               37.1668	soc_reserve_reward_mean:   0.0000	soc_violation_mean:       42.4030
test/battery_punishment_reward:-3088.7525	test/battle_won:           1.0000	test/bess_cost_reward:   -160.6984	test/buy_cost_reward:    -309313.7682
test/ep_length:           24.0000	test/episode_limit:        1.0000	test/generate_cost_reward:-44.0397	test/grid_purchase_cost: 309313.7682
test/mean_soc:             0.3230	test/return_mean:        -310.4128	test/return_std:          31.1970	test/soc_reserve_reward:   0.0000
test/soc_violation:       41.2681	test/total_power_loss:   14233.3296	test_battery_punishment_reward_mean:-3088.7525	test_battle_won_mean:      1.0000
test_bess_cost_reward_mean:-160.6984	test_buy_cost_reward_mean:-309313.7682	test_ep_length_mean:      24.0000	test_episode_limit_mean:   1.0000
test_generate_cost_reward_mean:-44.0397	test_grid_purchase_cost_mean:309313.7682	test_mean_soc_mean:        0.3230	test_return_mean:        -310.4128
test_return_std:          31.1970	test_soc_reserve_reward_mean:  0.0000	test_soc_violation_mean:  41.2681	test_total_power_loss_mean:14233.3296
total_power_loss_mean:   14237.9419	train/battery_punishment_reward:-3136.4633	train/battle_won:          1.0000	train/bess_cost_reward:  -165.7101
train/buy_cost_reward:   -309313.6835	train/ep_length:          24.0000	train/episode:           937.0000	train/episode_limit:       1.0000
train/generate_cost_reward:-37.5170	train/grid_purchase_cost:309313.6835	train/mean_soc:            0.3043	train/return_mean:       -310.4279
train/return_std:         37.1668	train/soc_reserve_reward:  0.0000	train/soc_violation:      42.4030	train/t_env:             34944.0000
train/total_power_loss:  14237.9419	
[INFO 20:35:00] root Recent Stats | t_env:      36480 | Episode:      970
battery_punishment_reward_mean:-3066.6687	battle_won_mean:           1.0000	bess_cost_reward_mean:   -156.7671	buffer/episodes:         1478.0000
buy_cost_reward_mean:    -308723.5754	ep_length_mean:           24.0000	episode_limit_mean:        1.0000	eval/best_reward:        -309.6887
eval/best_win_rate:        1.0000	eval/ea_reward:          -311.3067	eval/ea_win_rate:          1.0000	eval/rl_reward:          -312.2038
eval/rl_win_rate:          1.0000	generate_cost_reward_mean:-39.6927	grid_purchase_cost_mean: 308723.5754	mean_soc_mean:             0.3368
return_mean:             -309.8123	return_std:               35.3348	soc_reserve_reward_mean:   0.0000	soc_violation_mean:       41.6940
test/battery_punishment_reward:-3088.7525	test/battle_won:           1.0000	test/bess_cost_reward:   -160.6984	test/buy_cost_reward:    -309313.7682
test/ep_length:           24.0000	test/episode_limit:        1.0000	test/generate_cost_reward:-44.0397	test/grid_purchase_cost: 309313.7682
test/mean_soc:             0.3230	test/return_mean:        -310.4128	test/return_std:          31.1970	test/soc_reserve_reward:   0.0000
test/soc_violation:       41.2681	test/total_power_loss:   14233.3296	test_battery_punishment_reward_mean:-3088.7525	test_battle_won_mean:      1.0000
test_bess_cost_reward_mean:-160.6984	test_buy_cost_reward_mean:-309313.7682	test_ep_length_mean:      24.0000	test_episode_limit_mean:   1.0000
test_generate_cost_reward_mean:-44.0397	test_grid_purchase_cost_mean:309313.7682	test_mean_soc_mean:        0.3230	test_return_mean:        -310.4128
test_return_std:          31.1970	test_soc_reserve_reward_mean:  0.0000	test_soc_violation_mean:  41.2681	test_total_power_loss_mean:14233.3296
total_power_loss_mean:   14215.9227	train/battery_punishment_reward:-3066.6687	train/battle_won:          1.0000	train/bess_cost_reward:  -156.7671
train/buy_cost_reward:   -308723.5754	train/ep_length:          24.0000	train/episode:           948.0000	train/episode_limit:       1.0000
train/generate_cost_reward:-39.6927	train/grid_purchase_cost:308723.5754	train/mean_soc:            0.3368	train/return_mean:       -309.8123
train/return_std:         35.3348	train/soc_reserve_reward:  0.0000	train/soc_violation:      41.6940	train/t_env:             35472.0000
train/total_power_loss:  14215.9227	
[INFO 20:35:05] root t_env: 36720 / 300000
[INFO 20:35:05] root Estimated time left: 1 hours, 26 minutes, 10 seconds. Time passed: 9 minutes, 18 seconds
[INFO 20:35:15] root Recent Stats | t_env:      37104 | Episode:      981
battery_punishment_reward_mean:-3135.1573	battle_won_mean:           1.0000	bess_cost_reward_mean:   -154.1002	buffer/episodes:         1500.0000
buy_cost_reward_mean:    -310957.1331	ep_length_mean:           24.0000	episode_limit_mean:        1.0000	eval/best_reward:        -309.3232
eval/best_win_rate:        1.0000	eval/ea_reward:          -310.3958	eval/ea_win_rate:          1.0000	eval/rl_reward:          -312.7592
eval/rl_win_rate:          1.0000	generate_cost_reward_mean:-41.6229	grid_purchase_cost_mean: 310957.1331	mean_soc_mean:             0.3467
return_mean:             -312.0685	return_std:               34.0364	soc_reserve_reward_mean:   0.0000	soc_violation_mean:       42.4183
test/battery_punishment_reward:-3737.9156	test/battle_won:           1.0000	test/bess_cost_reward:   -163.8848	test/buy_cost_reward:    -312392.8317
test/ep_length:           24.0000	test/episode_limit:        1.0000	test/generate_cost_reward:-43.3292	test/grid_purchase_cost: 312392.8317
test/mean_soc:             0.3129	test/return_mean:        -313.7090	test/return_std:          30.3405	test/soc_reserve_reward:   0.0000
test/soc_violation:       48.9778	test/total_power_loss:   14373.6498	test_battery_punishment_reward_mean:-3737.9156	test_battle_won_mean:      1.0000
test_bess_cost_reward_mean:-163.8848	test_buy_cost_reward_mean:-312392.8317	test_ep_length_mean:      24.0000	test_episode_limit_mean:   1.0000
test_generate_cost_reward_mean:-43.3292	test_grid_purchase_cost_mean:312392.8317	test_mean_soc_mean:        0.3129	test_return_mean:        -313.7090
test_return_std:          30.3405	test_soc_reserve_reward_mean:  0.0000	test_soc_violation_mean:  48.9778	test_total_power_loss_mean:14373.6498
total_power_loss_mean:   14309.7002	train/battery_punishment_reward:-3135.1573	train/battle_won:          1.0000	train/bess_cost_reward:  -154.1002
train/buy_cost_reward:   -310957.1331	train/ep_length:          24.0000	train/episode:           959.0000	train/episode_limit:       1.0000
train/generate_cost_reward:-41.6229	train/grid_purchase_cost:310957.1331	train/mean_soc:            0.3467	train/return_mean:       -312.0685
train/return_std:         34.0364	train/soc_reserve_reward:  0.0000	train/soc_violation:      42.4183	train/t_env:             36000.0000
train/total_power_loss:  14309.7002	
[INFO 20:35:24] root Recent Stats | t_env:      37608 | Episode:      992
battery_punishment_reward_mean:-3420.0441	battle_won_mean:           1.0000	bess_cost_reward_mean:   -146.0248	buffer/episodes:         1522.0000
buy_cost_reward_mean:    -311917.1930	ep_length_mean:           24.0000	episode_limit_mean:        1.0000	eval/best_reward:        -309.3232
eval/best_win_rate:        1.0000	eval/ea_reward:          -310.3958	eval/ea_win_rate:          1.0000	eval/rl_reward:          -312.7592
eval/rl_win_rate:          1.0000	generate_cost_reward_mean:-43.4751	grid_purchase_cost_mean: 311917.1930	mean_soc_mean:             0.3768
return_mean:             -313.1215	return_std:               33.1918	soc_reserve_reward_mean:   0.0000	soc_violation_mean:       45.3462
test/battery_punishment_reward:-3737.9156	test/battle_won:           1.0000	test/bess_cost_reward:   -163.8848	test/buy_cost_reward:    -312392.8317
test/ep_length:           24.0000	test/episode_limit:        1.0000	test/generate_cost_reward:-43.3292	test/grid_purchase_cost: 312392.8317
test/mean_soc:             0.3129	test/return_mean:        -313.7090	test/return_std:          30.3405	test/soc_reserve_reward:   0.0000
test/soc_violation:       48.9778	test/total_power_loss:   14373.6498	test_battery_punishment_reward_mean:-3737.9156	test_battle_won_mean:      1.0000
test_bess_cost_reward_mean:-163.8848	test_buy_cost_reward_mean:-312392.8317	test_ep_length_mean:      24.0000	test_episode_limit_mean:   1.0000
test_generate_cost_reward_mean:-43.3292	test_grid_purchase_cost_mean:312392.8317	test_mean_soc_mean:        0.3129	test_return_mean:        -313.7090
test_return_std:          30.3405	test_soc_reserve_reward_mean:  0.0000	test_soc_violation_mean:  48.9778	test_total_power_loss_mean:14373.6498
total_power_loss_mean:   14345.2458	train/battery_punishment_reward:-3420.0441	train/battle_won:          1.0000	train/bess_cost_reward:  -146.0248
train/buy_cost_reward:   -311917.1930	train/ep_length:          24.0000	train/episode:           970.0000	train/episode_limit:       1.0000
train/generate_cost_reward:-43.4751	train/grid_purchase_cost:311917.1930	train/mean_soc:            0.3768	train/return_mean:       -313.1215
train/return_std:         33.1918	train/soc_reserve_reward:  0.0000	train/soc_violation:      45.3462	train/t_env:             36528.0000
train/total_power_loss:  14345.2458	
[INFO 20:35:33] root Recent Stats | t_env:      38112 | Episode:     1003
battery_punishment_reward_mean:-3507.2033	battle_won_mean:           1.0000	bess_cost_reward_mean:   -147.8711	buffer/episodes:         1544.0000
buy_cost_reward_mean:    -311204.6284	ep_length_mean:           24.0000	episode_limit_mean:        1.0000	eval/best_reward:        -309.3232
eval/best_win_rate:        1.0000	eval/ea_reward:          -310.3958	eval/ea_win_rate:          1.0000	eval/rl_reward:          -312.7592
eval/rl_win_rate:          1.0000	generate_cost_reward_mean:-41.7109	grid_purchase_cost_mean: 311204.6284	mean_soc_mean:             0.3701
return_mean:             -312.4380	return_std:               32.7956	soc_reserve_reward_mean:   0.0000	soc_violation_mean:       46.3196
test/battery_punishment_reward:-3737.9156	test/battle_won:           1.0000	test/bess_cost_reward:   -163.8848	test/buy_cost_reward:    -312392.8317
test/ep_length:           24.0000	test/episode_limit:        1.0000	test/generate_cost_reward:-43.3292	test/grid_purchase_cost: 312392.8317
test/mean_soc:             0.3129	test/return_mean:        -313.7090	test/return_std:          30.3405	test/soc_reserve_reward:   0.0000
test/soc_violation:       48.9778	test/total_power_loss:   14373.6498	test_battery_punishment_reward_mean:-3737.9156	test_battle_won_mean:      1.0000
test_bess_cost_reward_mean:-163.8848	test_buy_cost_reward_mean:-312392.8317	test_ep_length_mean:      24.0000	test_episode_limit_mean:   1.0000
test_generate_cost_reward_mean:-43.3292	test_grid_purchase_cost_mean:312392.8317	test_mean_soc_mean:        0.3129	test_return_mean:        -313.7090
test_return_std:          30.3405	test_soc_reserve_reward_mean:  0.0000	test_soc_violation_mean:  48.9778	test_total_power_loss_mean:14373.6498
total_power_loss_mean:   14315.9927	train/battery_punishment_reward:-3507.2033	train/battle_won:          1.0000	train/bess_cost_reward:  -147.8711
train/buy_cost_reward:   -311204.6284	train/ep_length:          24.0000	train/episode:           981.0000	train/episode_limit:       1.0000
train/generate_cost_reward:-41.7109	train/grid_purchase_cost:311204.6284	train/mean_soc:            0.3701	train/return_mean:       -312.4380
train/return_std:         32.7956	train/soc_reserve_reward:  0.0000	train/soc_violation:      46.3196	train/t_env:             37056.0000
train/total_power_loss:  14315.9927	
[INFO 20:35:43] root Recent Stats | t_env:      38616 | Episode:     1014
battery_punishment_reward_mean:-3610.1503	battle_won_mean:           1.0000	bess_cost_reward_mean:   -152.5720	buffer/episodes:         1566.0000
buy_cost_reward_mean:    -309933.9519	ep_length_mean:           24.0000	episode_limit_mean:        1.0000	eval/best_reward:        -309.3232
eval/best_win_rate:        1.0000	eval/ea_reward:          -310.3958	eval/ea_win_rate:          1.0000	eval/rl_reward:          -312.7592
eval/rl_win_rate:          1.0000	generate_cost_reward_mean:-41.5724	grid_purchase_cost_mean: 309933.9519	mean_soc_mean:             0.3549
return_mean:             -311.2031	return_std:               32.2980	soc_reserve_reward_mean:   0.0000	soc_violation_mean:       47.3638
test/battery_punishment_reward:-3737.9156	test/battle_won:           1.0000	test/bess_cost_reward:   -163.8848	test/buy_cost_reward:    -312392.8317
test/ep_length:           24.0000	test/episode_limit:        1.0000	test/generate_cost_reward:-43.3292	test/grid_purchase_cost: 312392.8317
test/mean_soc:             0.3129	test/return_mean:        -313.7090	test/return_std:          30.3405	test/soc_reserve_reward:   0.0000
test/soc_violation:       48.9778	test/total_power_loss:   14373.6498	test_battery_punishment_reward_mean:-3737.9156	test_battle_won_mean:      1.0000
test_bess_cost_reward_mean:-163.8848	test_buy_cost_reward_mean:-312392.8317	test_ep_length_mean:      24.0000	test_episode_limit_mean:   1.0000
test_generate_cost_reward_mean:-43.3292	test_grid_purchase_cost_mean:312392.8317	test_mean_soc_mean:        0.3129	test_return_mean:        -313.7090
test_return_std:          30.3405	test_soc_reserve_reward_mean:  0.0000	test_soc_violation_mean:  48.9778	test_total_power_loss_mean:14373.6498
total_power_loss_mean:   14259.0757	train/battery_punishment_reward:-3610.1503	train/battle_won:          1.0000	train/bess_cost_reward:  -152.5720
train/buy_cost_reward:   -309933.9519	train/ep_length:          24.0000	train/episode:           992.0000	train/episode_limit:       1.0000
train/generate_cost_reward:-41.5724	train/grid_purchase_cost:309933.9519	train/mean_soc:            0.3549	train/return_mean:       -311.2031
train/return_std:         32.2980	train/soc_reserve_reward:  0.0000	train/soc_violation:      47.3638	train/t_env:             37584.0000
train/total_power_loss:  14259.0757	
[INFO 20:35:48] root t_env: 38784 / 300000
[INFO 20:35:48] root Estimated time left: 1 hours, 32 minutes, 10 seconds. Time passed: 10 minutes, 1 seconds
[INFO 20:35:55] root Recent Stats | t_env:      39120 | Episode:     1025
battery_punishment_reward_mean:-3802.1255	battle_won_mean:           1.0000	bess_cost_reward_mean:   -159.5072	buffer/episodes:         1588.0000
buy_cost_reward_mean:    -311906.3122	ep_length_mean:           24.0000	episode_limit_mean:        1.0000	eval/best_reward:        -308.6630
eval/best_win_rate:        1.0000	eval/ea_reward:          -310.9307	eval/ea_win_rate:          1.0000	eval/rl_reward:          -312.0990
eval/rl_win_rate:          1.0000	generate_cost_reward_mean:-41.5097	grid_purchase_cost_mean: 311906.3122	mean_soc_mean:             0.3304
return_mean:             -313.2418	return_std:               33.6173	soc_reserve_reward_mean:   0.0000	soc_violation_mean:       49.4387
test/battery_punishment_reward:-3820.0230	test/battle_won:           1.0000	test/bess_cost_reward:   -161.7318	test/buy_cost_reward:    -312202.0111
test/ep_length:           24.0000	test/episode_limit:        1.0000	test/generate_cost_reward:-32.4830	test/grid_purchase_cost: 312202.0111
test/mean_soc:             0.3200	test/return_mean:        -313.5409	test/return_std:          31.3069	test/soc_reserve_reward:   0.0000
test/soc_violation:       49.8179	test/total_power_loss:   14360.0460	test_battery_punishment_reward_mean:-3820.0230	test_battle_won_mean:      1.0000
test_bess_cost_reward_mean:-161.7318	test_buy_cost_reward_mean:-312202.0111	test_ep_length_mean:      24.0000	test_episode_limit_mean:   1.0000
test_generate_cost_reward_mean:-32.4830	test_grid_purchase_cost_mean:312202.0111	test_mean_soc_mean:        0.3200	test_return_mean:        -313.5409
test_return_std:          31.3069	test_soc_reserve_reward_mean:  0.0000	test_soc_violation_mean:  49.8179	test_total_power_loss_mean:14360.0460
total_power_loss_mean:   14348.8575	train/battery_punishment_reward:-3802.1255	train/battle_won:          1.0000	train/bess_cost_reward:  -159.5072
train/buy_cost_reward:   -311906.3122	train/ep_length:          24.0000	train/episode:           1003.0000	train/episode_limit:       1.0000
train/generate_cost_reward:-41.5097	train/grid_purchase_cost:311906.3122	train/mean_soc:            0.3304	train/return_mean:       -313.2418
train/return_std:         33.6173	train/soc_reserve_reward:  0.0000	train/soc_violation:      49.4387	train/t_env:             38112.0000
train/total_power_loss:  14348.8575	
[INFO 20:36:09] root Recent Stats | t_env:      39744 | Episode:     1036
battery_punishment_reward_mean:-3835.4841	battle_won_mean:           1.0000	bess_cost_reward_mean:   -153.9916	buffer/episodes:         1610.0000
buy_cost_reward_mean:    -310173.9831	ep_length_mean:           24.0000	episode_limit_mean:        1.0000	eval/best_reward:        -308.6630
eval/best_win_rate:        1.0000	eval/ea_reward:          -310.9307	eval/ea_win_rate:          1.0000	eval/rl_reward:          -312.0990
eval/rl_win_rate:          1.0000	generate_cost_reward_mean:-38.5295	grid_purchase_cost_mean: 310173.9831	mean_soc_mean:             0.3505
return_mean:             -311.5176	return_std:               35.2854	soc_reserve_reward_mean:   0.0000	soc_violation_mean:       49.6508
test/battery_punishment_reward:-3820.0230	test/battle_won:           1.0000	test/bess_cost_reward:   -161.7318	test/buy_cost_reward:    -312202.0111
test/ep_length:           24.0000	test/episode_limit:        1.0000	test/generate_cost_reward:-32.4830	test/grid_purchase_cost: 312202.0111
test/mean_soc:             0.3200	test/return_mean:        -313.5409	test/return_std:          31.3069	test/soc_reserve_reward:   0.0000
test/soc_violation:       49.8179	test/total_power_loss:   14360.0460	test_battery_punishment_reward_mean:-3820.0230	test_battle_won_mean:      1.0000
test_bess_cost_reward_mean:-161.7318	test_buy_cost_reward_mean:-312202.0111	test_ep_length_mean:      24.0000	test_episode_limit_mean:   1.0000
test_generate_cost_reward_mean:-32.4830	test_grid_purchase_cost_mean:312202.0111	test_mean_soc_mean:        0.3200	test_return_mean:        -313.5409
test_return_std:          31.3069	test_soc_reserve_reward_mean:  0.0000	test_soc_violation_mean:  49.8179	test_total_power_loss_mean:14360.0460
total_power_loss_mean:   14276.8642	train/battery_punishment_reward:-3835.4841	train/battle_won:          1.0000	train/bess_cost_reward:  -153.9916
train/buy_cost_reward:   -310173.9831	train/ep_length:          24.0000	train/episode:           1014.0000	train/episode_limit:       1.0000
train/generate_cost_reward:-38.5295	train/grid_purchase_cost:310173.9831	train/mean_soc:            0.3505	train/return_mean:       -311.5176
train/return_std:         35.2854	train/soc_reserve_reward:  0.0000	train/soc_violation:      49.6508	train/t_env:             38640.0000
train/total_power_loss:  14276.8642	
[INFO 20:36:18] root Saving models to results\models\facmac_smac__2026-06-15_20-25-46\40224
[INFO 20:36:18] root Recent Stats | t_env:      40248 | Episode:     1047
battery_punishment_reward_mean:-3850.4351	battle_won_mean:           1.0000	bess_cost_reward_mean:   -154.0013	buffer/episodes:         1632.0000
buy_cost_reward_mean:    -310900.2069	ep_length_mean:           24.0000	episode_limit_mean:        1.0000	eval/best_reward:        -308.6630
eval/best_win_rate:        1.0000	eval/ea_reward:          -310.9307	eval/ea_win_rate:          1.0000	eval/rl_reward:          -312.0990
eval/rl_win_rate:          1.0000	generate_cost_reward_mean:-38.5568	grid_purchase_cost_mean: 310900.2069	mean_soc_mean:             0.3503
return_mean:             -312.2489	return_std:               35.7954	soc_reserve_reward_mean:   0.0000	soc_violation_mean:       49.8097
test/battery_punishment_reward:-3820.0230	test/battle_won:           1.0000	test/bess_cost_reward:   -161.7318	test/buy_cost_reward:    -312202.0111
test/ep_length:           24.0000	test/episode_limit:        1.0000	test/generate_cost_reward:-32.4830	test/grid_purchase_cost: 312202.0111
test/mean_soc:             0.3200	test/return_mean:        -313.5409	test/return_std:          31.3069	test/soc_reserve_reward:   0.0000
test/soc_violation:       49.8179	test/total_power_loss:   14360.0460	test_battery_punishment_reward_mean:-3820.0230	test_battle_won_mean:      1.0000
test_bess_cost_reward_mean:-161.7318	test_buy_cost_reward_mean:-312202.0111	test_ep_length_mean:      24.0000	test_episode_limit_mean:   1.0000
test_generate_cost_reward_mean:-32.4830	test_grid_purchase_cost_mean:312202.0111	test_mean_soc_mean:        0.3200	test_return_mean:        -313.5409
test_return_std:          31.3069	test_soc_reserve_reward_mean:  0.0000	test_soc_violation_mean:  49.8179	test_total_power_loss_mean:14360.0460
total_power_loss_mean:   14312.2280	train/battery_punishment_reward:-3850.4351	train/battle_won:          1.0000	train/bess_cost_reward:  -154.0013
train/buy_cost_reward:   -310900.2069	train/ep_length:          24.0000	train/episode:           1025.0000	train/episode_limit:       1.0000
train/generate_cost_reward:-38.5568	train/grid_purchase_cost:310900.2069	train/mean_soc:            0.3503	train/return_mean:       -312.2489
train/return_std:         35.7954	train/soc_reserve_reward:  0.0000	train/soc_violation:      49.8097	train/t_env:             39168.0000
train/total_power_loss:  14312.2280	
[INFO 20:36:28] root Recent Stats | t_env:      40752 | Episode:     1058
battery_punishment_reward_mean:-3828.2902	battle_won_mean:           1.0000	bess_cost_reward_mean:   -151.2398	buffer/episodes:         1654.0000
buy_cost_reward_mean:    -311822.0625	ep_length_mean:           24.0000	episode_limit_mean:        1.0000	eval/best_reward:        -308.6630
eval/best_win_rate:        1.0000	eval/ea_reward:          -310.9307	eval/ea_win_rate:          1.0000	eval/rl_reward:          -312.0990
eval/rl_win_rate:          1.0000	generate_cost_reward_mean:-39.1171	grid_purchase_cost_mean: 311822.0625	mean_soc_mean:             0.3615
return_mean:             -313.1626	return_std:               36.1026	soc_reserve_reward_mean:   0.0000	soc_violation_mean:       49.5549
test/battery_punishment_reward:-3820.0230	test/battle_won:           1.0000	test/bess_cost_reward:   -161.7318	test/buy_cost_reward:    -312202.0111
test/ep_length:           24.0000	test/episode_limit:        1.0000	test/generate_cost_reward:-32.4830	test/grid_purchase_cost: 312202.0111
test/mean_soc:             0.3200	test/return_mean:        -313.5409	test/return_std:          31.3069	test/soc_reserve_reward:   0.0000
test/soc_violation:       49.8179	test/total_power_loss:   14360.0460	test_battery_punishment_reward_mean:-3820.0230	test_battle_won_mean:      1.0000
test_bess_cost_reward_mean:-161.7318	test_buy_cost_reward_mean:-312202.0111	test_ep_length_mean:      24.0000	test_episode_limit_mean:   1.0000
test_generate_cost_reward_mean:-32.4830	test_grid_purchase_cost_mean:312202.0111	test_mean_soc_mean:        0.3200	test_return_mean:        -313.5409
test_return_std:          31.3069	test_soc_reserve_reward_mean:  0.0000	test_soc_violation_mean:  49.8179	test_total_power_loss_mean:14360.0460
total_power_loss_mean:   14346.5483	train/battery_punishment_reward:-3828.2902	train/battle_won:          1.0000	train/bess_cost_reward:  -151.2398
train/buy_cost_reward:   -311822.0625	train/ep_length:          24.0000	train/episode:           1036.0000	train/episode_limit:       1.0000
train/generate_cost_reward:-39.1171	train/grid_purchase_cost:311822.0625	train/mean_soc:            0.3615	train/return_mean:       -313.1626
train/return_std:         36.1026	train/soc_reserve_reward:  0.0000	train/soc_violation:      49.5549	train/t_env:             39696.0000
train/total_power_loss:  14346.5483	
[INFO 20:36:28] root t_env: 40800 / 300000
[INFO 20:36:28] root Estimated time left: 1 hours, 25 minutes, 18 seconds. Time passed: 10 minutes, 41 seconds
[INFO 20:36:39] root Recent Stats | t_env:      41256 | Episode:     1069
battery_punishment_reward_mean:-3803.0083	battle_won_mean:           1.0000	bess_cost_reward_mean:   -153.4506	buffer/episodes:         1676.0000
buy_cost_reward_mean:    -311753.8986	ep_length_mean:           24.0000	episode_limit_mean:        1.0000	eval/best_reward:        -308.1444
eval/best_win_rate:        1.0000	eval/ea_reward:          -311.5119	eval/ea_win_rate:          1.0000	eval/rl_reward:          -309.2207
eval/rl_win_rate:          1.0000	generate_cost_reward_mean:-39.0376	grid_purchase_cost_mean: 311753.8986	mean_soc_mean:             0.3522
return_mean:             -313.0867	return_std:               35.9611	soc_reserve_reward_mean:   0.0000	soc_violation_mean:       49.3764
test/battery_punishment_reward:-4025.6168	test/battle_won:           1.0000	test/bess_cost_reward:   -143.8004	test/buy_cost_reward:    -312407.9885
test/ep_length:           24.0000	test/episode_limit:        1.0000	test/generate_cost_reward:-39.5765	test/grid_purchase_cost: 312407.9885
test/mean_soc:             0.3881	test/return_mean:        -313.8120	test/return_std:          30.8865	test/soc_reserve_reward:   0.0000
test/soc_violation:       51.6596	test/total_power_loss:   14352.5783	test_battery_punishment_reward_mean:-4025.6168	test_battle_won_mean:      1.0000
test_bess_cost_reward_mean:-143.8004	test_buy_cost_reward_mean:-312407.9885	test_ep_length_mean:      24.0000	test_episode_limit_mean:   1.0000
test_generate_cost_reward_mean:-39.5765	test_grid_purchase_cost_mean:312407.9885	test_mean_soc_mean:        0.3881	test_return_mean:        -313.8120
test_return_std:          30.8865	test_soc_reserve_reward_mean:  0.0000	test_soc_violation_mean:  51.6596	test_total_power_loss_mean:14352.5783
total_power_loss_mean:   14346.2603	train/battery_punishment_reward:-3803.0083	train/battle_won:          1.0000	train/bess_cost_reward:  -153.4506
train/buy_cost_reward:   -311753.8986	train/ep_length:          24.0000	train/episode:           1047.0000	train/episode_limit:       1.0000
train/generate_cost_reward:-39.0376	train/grid_purchase_cost:311753.8986	train/mean_soc:            0.3522	train/return_mean:       -313.0867
train/return_std:         35.9611	train/soc_reserve_reward:  0.0000	train/soc_violation:      49.3764	train/t_env:             40224.0000
train/total_power_loss:  14346.2603	
[INFO 20:36:49] root Recent Stats | t_env:      41760 | Episode:     1080
battery_punishment_reward_mean:-3826.9533	battle_won_mean:           1.0000	bess_cost_reward_mean:   -151.7006	buffer/episodes:         1698.0000
buy_cost_reward_mean:    -309710.1539	ep_length_mean:           24.0000	episode_limit_mean:        1.0000	eval/best_reward:        -308.1444
eval/best_win_rate:        1.0000	eval/ea_reward:          -311.5119	eval/ea_win_rate:          1.0000	eval/rl_reward:          -309.2207
eval/rl_win_rate:          1.0000	generate_cost_reward_mean:-38.6526	grid_purchase_cost_mean: 309710.1539	mean_soc_mean:             0.3584
return_mean:             -311.0503	return_std:               35.1102	soc_reserve_reward_mean:   0.0000	soc_violation_mean:       49.5875
test/battery_punishment_reward:-4025.6168	test/battle_won:           1.0000	test/bess_cost_reward:   -143.8004	test/buy_cost_reward:    -312407.9885
test/ep_length:           24.0000	test/episode_limit:        1.0000	test/generate_cost_reward:-39.5765	test/grid_purchase_cost: 312407.9885
test/mean_soc:             0.3881	test/return_mean:        -313.8120	test/return_std:          30.8865	test/soc_reserve_reward:   0.0000
test/soc_violation:       51.6596	test/total_power_loss:   14352.5783	test_battery_punishment_reward_mean:-4025.6168	test_battle_won_mean:      1.0000
test_bess_cost_reward_mean:-143.8004	test_buy_cost_reward_mean:-312407.9885	test_ep_length_mean:      24.0000	test_episode_limit_mean:   1.0000
test_generate_cost_reward_mean:-39.5765	test_grid_purchase_cost_mean:312407.9885	test_mean_soc_mean:        0.3881	test_return_mean:        -313.8120
test_return_std:          30.8865	test_soc_reserve_reward_mean:  0.0000	test_soc_violation_mean:  51.6596	test_total_power_loss_mean:14352.5783
total_power_loss_mean:   14253.2623	train/battery_punishment_reward:-3826.9533	train/battle_won:          1.0000	train/bess_cost_reward:  -151.7006
train/buy_cost_reward:   -309710.1539	train/ep_length:          24.0000	train/episode:           1058.0000	train/episode_limit:       1.0000
train/generate_cost_reward:-38.6526	train/grid_purchase_cost:309710.1539	train/mean_soc:            0.3584	train/return_mean:       -311.0503
train/return_std:         35.1102	train/soc_reserve_reward:  0.0000	train/soc_violation:      49.5875	train/t_env:             40752.0000
train/total_power_loss:  14253.2623	
[INFO 20:37:01] root Recent Stats | t_env:      42384 | Episode:     1091
battery_punishment_reward_mean:-3684.9629	battle_won_mean:           1.0000	bess_cost_reward_mean:   -166.0184	buffer/episodes:         1720.0000
buy_cost_reward_mean:    -309865.0936	ep_length_mean:           24.0000	episode_limit_mean:        1.0000	eval/best_reward:        -308.1444
eval/best_win_rate:        1.0000	eval/ea_reward:          -311.5119	eval/ea_win_rate:          1.0000	eval/rl_reward:          -309.2207
eval/rl_win_rate:          1.0000	generate_cost_reward_mean:-37.3196	grid_purchase_cost_mean: 309865.0936	mean_soc_mean:             0.3058
return_mean:             -311.1622	return_std:               33.6336	soc_reserve_reward_mean:   0.0000	soc_violation_mean:       48.3130
test/battery_punishment_reward:-4025.6168	test/battle_won:           1.0000	test/bess_cost_reward:   -143.8004	test/buy_cost_reward:    -312407.9885
test/ep_length:           24.0000	test/episode_limit:        1.0000	test/generate_cost_reward:-39.5765	test/grid_purchase_cost: 312407.9885
test/mean_soc:             0.3881	test/return_mean:        -313.8120	test/return_std:          30.8865	test/soc_reserve_reward:   0.0000
test/soc_violation:       51.6596	test/total_power_loss:   14352.5783	test_battery_punishment_reward_mean:-4025.6168	test_battle_won_mean:      1.0000
test_bess_cost_reward_mean:-143.8004	test_buy_cost_reward_mean:-312407.9885	test_ep_length_mean:      24.0000	test_episode_limit_mean:   1.0000
test_generate_cost_reward_mean:-39.5765	test_grid_purchase_cost_mean:312407.9885	test_mean_soc_mean:        0.3881	test_return_mean:        -313.8120
test_return_std:          30.8865	test_soc_reserve_reward_mean:  0.0000	test_soc_violation_mean:  51.6596	test_total_power_loss_mean:14352.5783
total_power_loss_mean:   14262.7731	train/battery_punishment_reward:-3684.9629	train/battle_won:          1.0000	train/bess_cost_reward:  -166.0184
train/buy_cost_reward:   -309865.0936	train/ep_length:          24.0000	train/episode:           1069.0000	train/episode_limit:       1.0000
train/generate_cost_reward:-37.3196	train/grid_purchase_cost:309865.0936	train/mean_soc:            0.3058	train/return_mean:       -311.1622
train/return_std:         33.6336	train/soc_reserve_reward:  0.0000	train/soc_violation:      48.3130	train/t_env:             41280.0000
train/total_power_loss:  14262.7731	
[INFO 20:37:11] root t_env: 42864 / 300000
[INFO 20:37:11] root Estimated time left: 1 hours, 29 minutes, 18 seconds. Time passed: 11 minutes, 24 seconds
[INFO 20:37:13] root Recent Stats | t_env:      42888 | Episode:     1102
battery_punishment_reward_mean:-3608.2686	battle_won_mean:           1.0000	bess_cost_reward_mean:   -172.6087	buffer/episodes:         1742.0000
buy_cost_reward_mean:    -308069.7944	ep_length_mean:           24.0000	episode_limit_mean:        1.0000	eval/best_reward:        -307.9678
eval/best_win_rate:        1.0000	eval/ea_reward:          -312.0488	eval/ea_win_rate:          1.0000	eval/rl_reward:          -308.8887
eval/rl_win_rate:          1.0000	generate_cost_reward_mean:-37.3791	grid_purchase_cost_mean: 308069.7944	mean_soc_mean:             0.2814
return_mean:             -309.3435	return_std:               33.4857	soc_reserve_reward_mean:   0.0000	soc_violation_mean:       47.5647
test/battery_punishment_reward:-4042.6164	test/battle_won:           1.0000	test/bess_cost_reward:   -176.5736	test/buy_cost_reward:    -309754.5967
test/ep_length:           24.0000	test/episode_limit:        1.0000	test/generate_cost_reward:-48.2150	test/grid_purchase_cost: 309754.5967
test/mean_soc:             0.2681	test/return_mean:        -311.1784	test/return_std:          31.7431	test/soc_reserve_reward:   0.0000
test/soc_violation:       51.8282	test/total_power_loss:   14245.4989	test_battery_punishment_reward_mean:-4042.6164	test_battle_won_mean:      1.0000
test_bess_cost_reward_mean:-176.5736	test_buy_cost_reward_mean:-309754.5967	test_ep_length_mean:      24.0000	test_episode_limit_mean:   1.0000
test_generate_cost_reward_mean:-48.2150	test_grid_purchase_cost_mean:309754.5967	test_mean_soc_mean:        0.2681	test_return_mean:        -311.1784
test_return_std:          31.7431	test_soc_reserve_reward_mean:  0.0000	test_soc_violation_mean:  51.8282	test_total_power_loss_mean:14245.4989
total_power_loss_mean:   14195.5426	train/battery_punishment_reward:-3608.2686	train/battle_won:          1.0000	train/bess_cost_reward:  -172.6087
train/buy_cost_reward:   -308069.7944	train/ep_length:          24.0000	train/episode:           1080.0000	train/episode_limit:       1.0000
train/generate_cost_reward:-37.3791	train/grid_purchase_cost:308069.7944	train/mean_soc:            0.2814	train/return_mean:       -309.3435
train/return_std:         33.4857	train/soc_reserve_reward:  0.0000	train/soc_violation:      47.5647	train/t_env:             41808.0000
train/total_power_loss:  14195.5426	
[INFO 20:37:22] root Recent Stats | t_env:      43392 | Episode:     1113
battery_punishment_reward_mean:-3587.9753	battle_won_mean:           1.0000	bess_cost_reward_mean:   -171.8061	buffer/episodes:         1764.0000
buy_cost_reward_mean:    -309609.6857	ep_length_mean:           24.0000	episode_limit_mean:        1.0000	eval/best_reward:        -307.9678
eval/best_win_rate:        1.0000	eval/ea_reward:          -312.0488	eval/ea_win_rate:          1.0000	eval/rl_reward:          -308.8887
eval/rl_win_rate:          1.0000	generate_cost_reward_mean:-37.9997	grid_purchase_cost_mean: 309609.6857	mean_soc_mean:             0.2837
return_mean:             -310.8766	return_std:               32.5306	soc_reserve_reward_mean:   0.0000	soc_violation_mean:       47.2936
test/battery_punishment_reward:-4042.6164	test/battle_won:           1.0000	test/bess_cost_reward:   -176.5736	test/buy_cost_reward:    -309754.5967
test/ep_length:           24.0000	test/episode_limit:        1.0000	test/generate_cost_reward:-48.2150	test/grid_purchase_cost: 309754.5967
test/mean_soc:             0.2681	test/return_mean:        -311.1784	test/return_std:          31.7431	test/soc_reserve_reward:   0.0000
test/soc_violation:       51.8282	test/total_power_loss:   14245.4989	test_battery_punishment_reward_mean:-4042.6164	test_battle_won_mean:      1.0000
test_bess_cost_reward_mean:-176.5736	test_buy_cost_reward_mean:-309754.5967	test_ep_length_mean:      24.0000	test_episode_limit_mean:   1.0000
test_generate_cost_reward_mean:-48.2150	test_grid_purchase_cost_mean:309754.5967	test_mean_soc_mean:        0.2681	test_return_mean:        -311.1784
test_return_std:          31.7431	test_soc_reserve_reward_mean:  0.0000	test_soc_violation_mean:  51.8282	test_total_power_loss_mean:14245.4989
total_power_loss_mean:   14252.0036	train/battery_punishment_reward:-3587.9753	train/battle_won:          1.0000	train/bess_cost_reward:  -171.8061
train/buy_cost_reward:   -309609.6857	train/ep_length:          24.0000	train/episode:           1091.0000	train/episode_limit:       1.0000
train/generate_cost_reward:-37.9997	train/grid_purchase_cost:309609.6857	train/mean_soc:            0.2837	train/return_mean:       -310.8766
train/return_std:         32.5306	train/soc_reserve_reward:  0.0000	train/soc_violation:      47.2936	train/t_env:             42336.0000
train/total_power_loss:  14252.0036	
[INFO 20:37:31] root Recent Stats | t_env:      43896 | Episode:     1124
battery_punishment_reward_mean:-3247.6881	battle_won_mean:           1.0000	bess_cost_reward_mean:   -172.8841	buffer/episodes:         1786.0000
buy_cost_reward_mean:    -310982.7293	ep_length_mean:           24.0000	episode_limit_mean:        1.0000	eval/best_reward:        -307.9678
eval/best_win_rate:        1.0000	eval/ea_reward:          -312.0488	eval/ea_win_rate:          1.0000	eval/rl_reward:          -308.8887
eval/rl_win_rate:          1.0000	generate_cost_reward_mean:-37.9507	grid_purchase_cost_mean: 310982.7293	mean_soc_mean:             0.2791
return_mean:             -312.1366	return_std:               34.1336	soc_reserve_reward_mean:   0.0000	soc_violation_mean:       43.7489
test/battery_punishment_reward:-4042.6164	test/battle_won:           1.0000	test/bess_cost_reward:   -176.5736	test/buy_cost_reward:    -309754.5967
test/ep_length:           24.0000	test/episode_limit:        1.0000	test/generate_cost_reward:-48.2150	test/grid_purchase_cost: 309754.5967
test/mean_soc:             0.2681	test/return_mean:        -311.1784	test/return_std:          31.7431	test/soc_reserve_reward:   0.0000
test/soc_violation:       51.8282	test/total_power_loss:   14245.4989	test_battery_punishment_reward_mean:-4042.6164	test_battle_won_mean:      1.0000
test_bess_cost_reward_mean:-176.5736	test_buy_cost_reward_mean:-309754.5967	test_ep_length_mean:      24.0000	test_episode_limit_mean:   1.0000
test_generate_cost_reward_mean:-48.2150	test_grid_purchase_cost_mean:309754.5967	test_mean_soc_mean:        0.2681	test_return_mean:        -311.1784
test_return_std:          31.7431	test_soc_reserve_reward_mean:  0.0000	test_soc_violation_mean:  51.8282	test_total_power_loss_mean:14245.4989
total_power_loss_mean:   14318.4194	train/battery_punishment_reward:-3247.6881	train/battle_won:          1.0000	train/bess_cost_reward:  -172.8841
train/buy_cost_reward:   -310982.7293	train/ep_length:          24.0000	train/episode:           1102.0000	train/episode_limit:       1.0000
train/generate_cost_reward:-37.9507	train/grid_purchase_cost:310982.7293	train/mean_soc:            0.2791	train/return_mean:       -312.1366
train/return_std:         34.1336	train/soc_reserve_reward:  0.0000	train/soc_violation:      43.7489	train/t_env:             42864.0000
train/total_power_loss:  14318.4194	
[INFO 20:37:40] root Recent Stats | t_env:      44400 | Episode:     1135
battery_punishment_reward_mean:-2984.7365	battle_won_mean:           1.0000	bess_cost_reward_mean:   -175.3396	buffer/episodes:         1808.0000
buy_cost_reward_mean:    -309106.3901	ep_length_mean:           24.0000	episode_limit_mean:        1.0000	eval/best_reward:        -307.9678
eval/best_win_rate:        1.0000	eval/ea_reward:          -312.0488	eval/ea_win_rate:          1.0000	eval/rl_reward:          -308.8887
eval/rl_win_rate:          1.0000	generate_cost_reward_mean:-38.6298	grid_purchase_cost_mean: 309106.3901	mean_soc_mean:             0.2696
return_mean:             -310.1736	return_std:               34.1228	soc_reserve_reward_mean:   0.0000	soc_violation_mean:       40.9469
test/battery_punishment_reward:-4042.6164	test/battle_won:           1.0000	test/bess_cost_reward:   -176.5736	test/buy_cost_reward:    -309754.5967
test/ep_length:           24.0000	test/episode_limit:        1.0000	test/generate_cost_reward:-48.2150	test/grid_purchase_cost: 309754.5967
test/mean_soc:             0.2681	test/return_mean:        -311.1784	test/return_std:          31.7431	test/soc_reserve_reward:   0.0000
test/soc_violation:       51.8282	test/total_power_loss:   14245.4989	test_battery_punishment_reward_mean:-4042.6164	test_battle_won_mean:      1.0000
test_bess_cost_reward_mean:-176.5736	test_buy_cost_reward_mean:-309754.5967	test_ep_length_mean:      24.0000	test_episode_limit_mean:   1.0000
test_generate_cost_reward_mean:-48.2150	test_grid_purchase_cost_mean:309754.5967	test_mean_soc_mean:        0.2681	test_return_mean:        -311.1784
test_return_std:          31.7431	test_soc_reserve_reward_mean:  0.0000	test_soc_violation_mean:  51.8282	test_total_power_loss_mean:14245.4989
total_power_loss_mean:   14236.2927	train/battery_punishment_reward:-2984.7365	train/battle_won:          1.0000	train/bess_cost_reward:  -175.3396
train/buy_cost_reward:   -309106.3901	train/ep_length:          24.0000	train/episode:           1113.0000	train/episode_limit:       1.0000
train/generate_cost_reward:-38.6298	train/grid_purchase_cost:309106.3901	train/mean_soc:            0.2696	train/return_mean:       -310.1736
train/return_std:         34.1228	train/soc_reserve_reward:  0.0000	train/soc_violation:      40.9469	train/t_env:             43392.0000
train/total_power_loss:  14236.2927	
[INFO 20:37:50] root t_env: 44880 / 300000
[INFO 20:37:50] root Estimated time left: 1 hours, 22 minutes, 25 seconds. Time passed: 12 minutes, 3 seconds
[INFO 20:37:56] root Recent Stats | t_env:      45024 | Episode:     1146
battery_punishment_reward_mean:-2810.3859	battle_won_mean:           1.0000	bess_cost_reward_mean:   -164.3234	buffer/episodes:         1830.0000
buy_cost_reward_mean:    -311398.7103	ep_length_mean:           24.0000	episode_limit_mean:        1.0000	eval/best_reward:        -308.6020
eval/best_win_rate:        1.0000	eval/ea_reward:          -312.3136	eval/ea_win_rate:          1.0000	eval/rl_reward:          -309.5257
eval/rl_win_rate:          1.0000	generate_cost_reward_mean:-39.6025	grid_purchase_cost_mean: 311398.7103	mean_soc_mean:             0.3096
return_mean:             -312.4045	return_std:               32.9064	soc_reserve_reward_mean:   0.0000	soc_violation_mean:       39.0345
test/battery_punishment_reward:-3609.4732	test/battle_won:           1.0000	test/bess_cost_reward:   -194.0080	test/buy_cost_reward:    -312689.4360
test/ep_length:           24.0000	test/episode_limit:        1.0000	test/generate_cost_reward:-47.2671	test/grid_purchase_cost: 312689.4360
test/mean_soc:             0.2015	test/return_mean:        -313.9743	test/return_std:          32.8998	test/soc_reserve_reward:   0.0000
test/soc_violation:       47.6312	test/total_power_loss:   14374.0827	test_battery_punishment_reward_mean:-3609.4732	test_battle_won_mean:      1.0000
test_bess_cost_reward_mean:-194.0080	test_buy_cost_reward_mean:-312689.4360	test_ep_length_mean:      24.0000	test_episode_limit_mean:   1.0000
test_generate_cost_reward_mean:-47.2671	test_grid_purchase_cost_mean:312689.4360	test_mean_soc_mean:        0.2015	test_return_mean:        -313.9743
test_return_std:          32.8998	test_soc_reserve_reward_mean:  0.0000	test_soc_violation_mean:  47.6312	test_total_power_loss_mean:14374.0827
total_power_loss_mean:   14339.9712	train/battery_punishment_reward:-2810.3859	train/battle_won:          1.0000	train/bess_cost_reward:  -164.3234
train/buy_cost_reward:   -311398.7103	train/ep_length:          24.0000	train/episode:           1124.0000	train/episode_limit:       1.0000
train/generate_cost_reward:-39.6025	train/grid_purchase_cost:311398.7103	train/mean_soc:            0.3096	train/return_mean:       -312.4045
train/return_std:         32.9064	train/soc_reserve_reward:  0.0000	train/soc_violation:      39.0345	train/t_env:             43920.0000
train/total_power_loss:  14339.9712	
[INFO 20:38:06] root Recent Stats | t_env:      45528 | Episode:     1157
battery_punishment_reward_mean:-2693.4331	battle_won_mean:           1.0000	bess_cost_reward_mean:   -164.4761	buffer/episodes:         1852.0000
buy_cost_reward_mean:    -313562.4485	ep_length_mean:           24.0000	episode_limit_mean:        1.0000	eval/best_reward:        -308.6020
eval/best_win_rate:        1.0000	eval/ea_reward:          -312.3136	eval/ea_win_rate:          1.0000	eval/rl_reward:          -309.5257
eval/rl_win_rate:          1.0000	generate_cost_reward_mean:-42.1056	grid_purchase_cost_mean: 313562.4485	mean_soc_mean:             0.3080
return_mean:             -314.5302	return_std:               32.9675	soc_reserve_reward_mean:   0.0000	soc_violation_mean:       37.7384
test/battery_punishment_reward:-3609.4732	test/battle_won:           1.0000	test/bess_cost_reward:   -194.0080	test/buy_cost_reward:    -312689.4360
test/ep_length:           24.0000	test/episode_limit:        1.0000	test/generate_cost_reward:-47.2671	test/grid_purchase_cost: 312689.4360
test/mean_soc:             0.2015	test/return_mean:        -313.9743	test/return_std:          32.8998	test/soc_reserve_reward:   0.0000
test/soc_violation:       47.6312	test/total_power_loss:   14374.0827	test_battery_punishment_reward_mean:-3609.4732	test_battle_won_mean:      1.0000
test_bess_cost_reward_mean:-194.0080	test_buy_cost_reward_mean:-312689.4360	test_ep_length_mean:      24.0000	test_episode_limit_mean:   1.0000
test_generate_cost_reward_mean:-47.2671	test_grid_purchase_cost_mean:312689.4360	test_mean_soc_mean:        0.2015	test_return_mean:        -313.9743
test_return_std:          32.8998	test_soc_reserve_reward_mean:  0.0000	test_soc_violation_mean:  47.6312	test_total_power_loss_mean:14374.0827
total_power_loss_mean:   14431.8139	train/battery_punishment_reward:-2693.4331	train/battle_won:          1.0000	train/bess_cost_reward:  -164.4761
train/buy_cost_reward:   -313562.4485	train/ep_length:          24.0000	train/episode:           1135.0000	train/episode_limit:       1.0000
train/generate_cost_reward:-42.1056	train/grid_purchase_cost:313562.4485	train/mean_soc:            0.3080	train/return_mean:       -314.5302
train/return_std:         32.9675	train/soc_reserve_reward:  0.0000	train/soc_violation:      37.7384	train/t_env:             44448.0000
train/total_power_loss:  14431.8139	
[INFO 20:38:16] root Recent Stats | t_env:      46032 | Episode:     1168
battery_punishment_reward_mean:-2604.4279	battle_won_mean:           1.0000	bess_cost_reward_mean:   -161.5010	buffer/episodes:         1874.0000
buy_cost_reward_mean:    -314327.0114	ep_length_mean:           24.0000	episode_limit_mean:        1.0000	eval/best_reward:        -308.6020
eval/best_win_rate:        1.0000	eval/ea_reward:          -312.3136	eval/ea_win_rate:          1.0000	eval/rl_reward:          -309.5257
eval/rl_win_rate:          1.0000	generate_cost_reward_mean:-43.7052	grid_purchase_cost_mean: 314327.0114	mean_soc_mean:             0.3191
return_mean:             -315.2647	return_std:               34.2682	soc_reserve_reward_mean:   0.0000	soc_violation_mean:       36.7254
test/battery_punishment_reward:-3609.4732	test/battle_won:           1.0000	test/bess_cost_reward:   -194.0080	test/buy_cost_reward:    -312689.4360
test/ep_length:           24.0000	test/episode_limit:        1.0000	test/generate_cost_reward:-47.2671	test/grid_purchase_cost: 312689.4360
test/mean_soc:             0.2015	test/return_mean:        -313.9743	test/return_std:          32.8998	test/soc_reserve_reward:   0.0000
test/soc_violation:       47.6312	test/total_power_loss:   14374.0827	test_battery_punishment_reward_mean:-3609.4732	test_battle_won_mean:      1.0000
test_bess_cost_reward_mean:-194.0080	test_buy_cost_reward_mean:-312689.4360	test_ep_length_mean:      24.0000	test_episode_limit_mean:   1.0000
test_generate_cost_reward_mean:-47.2671	test_grid_purchase_cost_mean:312689.4360	test_mean_soc_mean:        0.2015	test_return_mean:        -313.9743
test_return_std:          32.8998	test_soc_reserve_reward_mean:  0.0000	test_soc_violation_mean:  47.6312	test_total_power_loss_mean:14374.0827
total_power_loss_mean:   14462.6578	train/battery_punishment_reward:-2604.4279	train/battle_won:          1.0000	train/bess_cost_reward:  -161.5010
train/buy_cost_reward:   -314327.0114	train/ep_length:          24.0000	train/episode:           1146.0000	train/episode_limit:       1.0000
train/generate_cost_reward:-43.7052	train/grid_purchase_cost:314327.0114	train/mean_soc:            0.3191	train/return_mean:       -315.2647
train/return_std:         34.2682	train/soc_reserve_reward:  0.0000	train/soc_violation:      36.7254	train/t_env:             44976.0000
train/total_power_loss:  14462.6578	
[INFO 20:38:25] root Recent Stats | t_env:      46536 | Episode:     1179
battery_punishment_reward_mean:-2771.6130	battle_won_mean:           1.0000	bess_cost_reward_mean:   -164.1800	buffer/episodes:         1896.0000
buy_cost_reward_mean:    -314784.9563	ep_length_mean:           24.0000	episode_limit_mean:        1.0000	eval/best_reward:        -308.6020
eval/best_win_rate:        1.0000	eval/ea_reward:          -312.3136	eval/ea_win_rate:          1.0000	eval/rl_reward:          -309.5257
eval/rl_win_rate:          1.0000	generate_cost_reward_mean:-44.5176	grid_purchase_cost_mean: 314784.9563	mean_soc_mean:             0.3099
return_mean:             -315.7796	return_std:               33.0082	soc_reserve_reward_mean:   0.0000	soc_violation_mean:       38.6173
test/battery_punishment_reward:-3609.4732	test/battle_won:           1.0000	test/bess_cost_reward:   -194.0080	test/buy_cost_reward:    -312689.4360
test/ep_length:           24.0000	test/episode_limit:        1.0000	test/generate_cost_reward:-47.2671	test/grid_purchase_cost: 312689.4360
test/mean_soc:             0.2015	test/return_mean:        -313.9743	test/return_std:          32.8998	test/soc_reserve_reward:   0.0000
test/soc_violation:       47.6312	test/total_power_loss:   14374.0827	test_battery_punishment_reward_mean:-3609.4732	test_battle_won_mean:      1.0000
test_bess_cost_reward_mean:-194.0080	test_buy_cost_reward_mean:-312689.4360	test_ep_length_mean:      24.0000	test_episode_limit_mean:   1.0000
test_generate_cost_reward_mean:-47.2671	test_grid_purchase_cost_mean:312689.4360	test_mean_soc_mean:        0.2015	test_return_mean:        -313.9743
test_return_std:          32.8998	test_soc_reserve_reward_mean:  0.0000	test_soc_violation_mean:  47.6312	test_total_power_loss_mean:14374.0827
total_power_loss_mean:   14475.1609	train/battery_punishment_reward:-2771.6130	train/battle_won:          1.0000	train/bess_cost_reward:  -164.1800
train/buy_cost_reward:   -314784.9563	train/ep_length:          24.0000	train/episode:           1157.0000	train/episode_limit:       1.0000
train/generate_cost_reward:-44.5176	train/grid_purchase_cost:314784.9563	train/mean_soc:            0.3099	train/return_mean:       -315.7796
train/return_std:         33.0082	train/soc_reserve_reward:  0.0000	train/soc_violation:      38.6173	train/t_env:             45504.0000
train/total_power_loss:  14475.1609	
[INFO 20:38:35] root t_env: 46944 / 300000
[INFO 20:38:35] root Estimated time left: 1 hours, 31 minutes, 26 seconds. Time passed: 12 minutes, 48 seconds
[INFO 20:38:37] root Recent Stats | t_env:      47040 | Episode:     1190
battery_punishment_reward_mean:-2946.0306	battle_won_mean:           1.0000	bess_cost_reward_mean:   -163.6880	buffer/episodes:         1918.0000
buy_cost_reward_mean:    -316997.6884	ep_length_mean:           24.0000	episode_limit_mean:        1.0000	eval/best_reward:        -307.9879
eval/best_win_rate:        1.0000	eval/ea_reward:          -311.6995	eval/ea_win_rate:          1.0000	eval/rl_reward:          -309.1740
eval/rl_win_rate:          1.0000	generate_cost_reward_mean:-43.9785	grid_purchase_cost_mean: 316997.6884	mean_soc_mean:             0.3119
return_mean:             -318.0501	return_std:               32.6783	soc_reserve_reward_mean:   0.0000	soc_violation_mean:       40.4958
test/battery_punishment_reward:-3158.7630	test/battle_won:           1.0000	test/bess_cost_reward:   -167.2184	test/buy_cost_reward:    -309318.0769
test/ep_length:           24.0000	test/episode_limit:        1.0000	test/generate_cost_reward:-38.4295	test/grid_purchase_cost: 309318.0769
test/mean_soc:             0.2991	test/return_mean:        -310.4405	test/return_std:          32.7531	test/soc_reserve_reward:   0.0000
test/soc_violation:       43.0890	test/total_power_loss:   14234.0841	test_battery_punishment_reward_mean:-3158.7630	test_battle_won_mean:      1.0000
test_bess_cost_reward_mean:-167.2184	test_buy_cost_reward_mean:-309318.0769	test_ep_length_mean:      24.0000	test_episode_limit_mean:   1.0000
test_generate_cost_reward_mean:-38.4295	test_grid_purchase_cost_mean:309318.0769	test_mean_soc_mean:        0.2991	test_return_mean:        -310.4405
test_return_std:          32.7531	test_soc_reserve_reward_mean:  0.0000	test_soc_violation_mean:  43.0890	test_total_power_loss_mean:14234.0841
total_power_loss_mean:   14569.0992	train/battery_punishment_reward:-2946.0306	train/battle_won:          1.0000	train/bess_cost_reward:  -163.6880
train/buy_cost_reward:   -316997.6884	train/ep_length:          24.0000	train/episode:           1168.0000	train/episode_limit:       1.0000
train/generate_cost_reward:-43.9785	train/grid_purchase_cost:316997.6884	train/mean_soc:            0.3119	train/return_mean:       -318.0501
train/return_std:         32.6783	train/soc_reserve_reward:  0.0000	train/soc_violation:      40.4958	train/t_env:             46032.0000
train/total_power_loss:  14569.0992	
[INFO 20:38:51] root Recent Stats | t_env:      47664 | Episode:     1201
battery_punishment_reward_mean:-3111.5294	battle_won_mean:           1.0000	bess_cost_reward_mean:   -170.7177	buffer/episodes:         1940.0000
buy_cost_reward_mean:    -313973.9089	ep_length_mean:           24.0000	episode_limit_mean:        1.0000	eval/best_reward:        -307.9879
eval/best_win_rate:        1.0000	eval/ea_reward:          -311.6995	eval/ea_win_rate:          1.0000	eval/rl_reward:          -309.1740
eval/rl_win_rate:          1.0000	generate_cost_reward_mean:-42.1380	grid_purchase_cost_mean: 313973.9089	mean_soc_mean:             0.2865
return_mean:             -315.0831	return_std:               33.0299	soc_reserve_reward_mean:   0.0000	soc_violation_mean:       42.3306
test/battery_punishment_reward:-3158.7630	test/battle_won:           1.0000	test/bess_cost_reward:   -167.2184	test/buy_cost_reward:    -309318.0769
test/ep_length:           24.0000	test/episode_limit:        1.0000	test/generate_cost_reward:-38.4295	test/grid_purchase_cost: 309318.0769
test/mean_soc:             0.2991	test/return_mean:        -310.4405	test/return_std:          32.7531	test/soc_reserve_reward:   0.0000
test/soc_violation:       43.0890	test/total_power_loss:   14234.0841	test_battery_punishment_reward_mean:-3158.7630	test_battle_won_mean:      1.0000
test_bess_cost_reward_mean:-167.2184	test_buy_cost_reward_mean:-309318.0769	test_ep_length_mean:      24.0000	test_episode_limit_mean:   1.0000
test_generate_cost_reward_mean:-38.4295	test_grid_purchase_cost_mean:309318.0769	test_mean_soc_mean:        0.2991	test_return_mean:        -310.4405
test_return_std:          32.7531	test_soc_reserve_reward_mean:  0.0000	test_soc_violation_mean:  43.0890	test_total_power_loss_mean:14234.0841
total_power_loss_mean:   14447.7336	train/battery_punishment_reward:-3111.5294	train/battle_won:          1.0000	train/bess_cost_reward:  -170.7177
train/buy_cost_reward:   -313973.9089	train/ep_length:          24.0000	train/episode:           1179.0000	train/episode_limit:       1.0000
train/generate_cost_reward:-42.1380	train/grid_purchase_cost:313973.9089	train/mean_soc:            0.2865	train/return_mean:       -315.0831
train/return_std:         33.0299	train/soc_reserve_reward:  0.0000	train/soc_violation:      42.3306	train/t_env:             46560.0000
train/total_power_loss:  14447.7336	
[INFO 20:39:00] root Recent Stats | t_env:      48168 | Episode:     1212
battery_punishment_reward_mean:-3142.3101	battle_won_mean:           1.0000	bess_cost_reward_mean:   -165.6724	buffer/episodes:         1962.0000
buy_cost_reward_mean:    -312365.9570	ep_length_mean:           24.0000	episode_limit_mean:        1.0000	eval/best_reward:        -307.9879
eval/best_win_rate:        1.0000	eval/ea_reward:          -311.6995	eval/ea_win_rate:          1.0000	eval/rl_reward:          -309.1740
eval/rl_win_rate:          1.0000	generate_cost_reward_mean:-39.2199	grid_purchase_cost_mean: 312365.9570	mean_soc_mean:             0.3053
return_mean:             -313.4827	return_std:               35.3902	soc_reserve_reward_mean:   0.0000	soc_violation_mean:       42.7107
test/battery_punishment_reward:-3158.7630	test/battle_won:           1.0000	test/bess_cost_reward:   -167.2184	test/buy_cost_reward:    -309318.0769
test/ep_length:           24.0000	test/episode_limit:        1.0000	test/generate_cost_reward:-38.4295	test/grid_purchase_cost: 309318.0769
test/mean_soc:             0.2991	test/return_mean:        -310.4405	test/return_std:          32.7531	test/soc_reserve_reward:   0.0000
test/soc_violation:       43.0890	test/total_power_loss:   14234.0841	test_battery_punishment_reward_mean:-3158.7630	test_battle_won_mean:      1.0000
test_bess_cost_reward_mean:-167.2184	test_buy_cost_reward_mean:-309318.0769	test_ep_length_mean:      24.0000	test_episode_limit_mean:   1.0000
test_generate_cost_reward_mean:-38.4295	test_grid_purchase_cost_mean:309318.0769	test_mean_soc_mean:        0.2991	test_return_mean:        -310.4405
test_return_std:          32.7531	test_soc_reserve_reward_mean:  0.0000	test_soc_violation_mean:  43.0890	test_total_power_loss_mean:14234.0841
total_power_loss_mean:   14379.7611	train/battery_punishment_reward:-3142.3101	train/battle_won:          1.0000	train/bess_cost_reward:  -165.6724
train/buy_cost_reward:   -312365.9570	train/ep_length:          24.0000	train/episode:           1190.0000	train/episode_limit:       1.0000
train/generate_cost_reward:-39.2199	train/grid_purchase_cost:312365.9570	train/mean_soc:            0.3053	train/return_mean:       -313.4827
train/return_std:         35.3902	train/soc_reserve_reward:  0.0000	train/soc_violation:      42.7107	train/t_env:             47088.0000
train/total_power_loss:  14379.7611	
[INFO 20:39:09] root Recent Stats | t_env:      48672 | Episode:     1223
battery_punishment_reward_mean:-3376.0084	battle_won_mean:           1.0000	bess_cost_reward_mean:   -169.6171	buffer/episodes:         1984.0000
buy_cost_reward_mean:    -311263.7289	ep_length_mean:           24.0000	episode_limit_mean:        1.0000	eval/best_reward:        -307.9879
eval/best_win_rate:        1.0000	eval/ea_reward:          -311.6995	eval/ea_win_rate:          1.0000	eval/rl_reward:          -309.1740
eval/rl_win_rate:          1.0000	generate_cost_reward_mean:-38.8457	grid_purchase_cost_mean: 311263.7289	mean_soc_mean:             0.2909
return_mean:             -312.4596	return_std:               35.6577	soc_reserve_reward_mean:   0.0000	soc_violation_mean:       45.1965
test/battery_punishment_reward:-3158.7630	test/battle_won:           1.0000	test/bess_cost_reward:   -167.2184	test/buy_cost_reward:    -309318.0769
test/ep_length:           24.0000	test/episode_limit:        1.0000	test/generate_cost_reward:-38.4295	test/grid_purchase_cost: 309318.0769
test/mean_soc:             0.2991	test/return_mean:        -310.4405	test/return_std:          32.7531	test/soc_reserve_reward:   0.0000
test/soc_violation:       43.0890	test/total_power_loss:   14234.0841	test_battery_punishment_reward_mean:-3158.7630	test_battle_won_mean:      1.0000
test_bess_cost_reward_mean:-167.2184	test_buy_cost_reward_mean:-309318.0769	test_ep_length_mean:      24.0000	test_episode_limit_mean:   1.0000
test_generate_cost_reward_mean:-38.4295	test_grid_purchase_cost_mean:309318.0769	test_mean_soc_mean:        0.2991	test_return_mean:        -310.4405
test_return_std:          32.7531	test_soc_reserve_reward_mean:  0.0000	test_soc_violation_mean:  43.0890	test_total_power_loss_mean:14234.0841
total_power_loss_mean:   14349.6367	train/battery_punishment_reward:-3376.0084	train/battle_won:          1.0000	train/bess_cost_reward:  -169.6171
train/buy_cost_reward:   -311263.7289	train/ep_length:          24.0000	train/episode:           1201.0000	train/episode_limit:       1.0000
train/generate_cost_reward:-38.8457	train/grid_purchase_cost:311263.7289	train/mean_soc:            0.2909	train/return_mean:       -312.4596
train/return_std:         35.6577	train/soc_reserve_reward:  0.0000	train/soc_violation:      45.1965	train/t_env:             47616.0000
train/total_power_loss:  14349.6367	
[INFO 20:39:14] root t_env: 48960 / 300000
[INFO 20:39:14] root Estimated time left: 1 hours, 21 minutes, 16 seconds. Time passed: 13 minutes, 27 seconds
[INFO 20:39:21] root Recent Stats | t_env:      49176 | Episode:     1234
battery_punishment_reward_mean:-3593.8869	battle_won_mean:           1.0000	bess_cost_reward_mean:   -174.1439	buffer/episodes:         2006.0000
buy_cost_reward_mean:    -306995.1887	ep_length_mean:           24.0000	episode_limit_mean:        1.0000	eval/best_reward:        -308.7909
eval/best_win_rate:        1.0000	eval/ea_reward:          -314.5643	eval/ea_win_rate:          1.0000	eval/rl_reward:          -309.9770
eval/rl_win_rate:          1.0000	generate_cost_reward_mean:-40.3035	grid_purchase_cost_mean: 306995.1887	mean_soc_mean:             0.2743
return_mean:             -308.2657	return_std:               34.7433	soc_reserve_reward_mean:   0.0000	soc_violation_mean:       47.3300
test/battery_punishment_reward:-3386.5423	test/battle_won:           1.0000	test/bess_cost_reward:   -167.7011	test/buy_cost_reward:    -313155.0905
test/ep_length:           24.0000	test/episode_limit:        1.0000	test/generate_cost_reward:-32.2722	test/grid_purchase_cost: 313155.0905
test/mean_soc:             0.2975	test/return_mean:        -314.3514	test/return_std:          33.3765	test/soc_reserve_reward:   0.0000
test/soc_violation:       45.4525	test/total_power_loss:   14423.1922	test_battery_punishment_reward_mean:-3386.5423	test_battle_won_mean:      1.0000
test_bess_cost_reward_mean:-167.7011	test_buy_cost_reward_mean:-313155.0905	test_ep_length_mean:      24.0000	test_episode_limit_mean:   1.0000
test_generate_cost_reward_mean:-32.2722	test_grid_purchase_cost_mean:313155.0905	test_mean_soc_mean:        0.2975	test_return_mean:        -314.3514
test_return_std:          33.3765	test_soc_reserve_reward_mean:  0.0000	test_soc_violation_mean:  45.4525	test_total_power_loss_mean:14423.1922
total_power_loss_mean:   14171.8681	train/battery_punishment_reward:-3593.8869	train/battle_won:          1.0000	train/bess_cost_reward:  -174.1439
train/buy_cost_reward:   -306995.1887	train/ep_length:          24.0000	train/episode:           1212.0000	train/episode_limit:       1.0000
train/generate_cost_reward:-40.3035	train/grid_purchase_cost:306995.1887	train/mean_soc:            0.2743	train/return_mean:       -308.2657
train/return_std:         34.7433	train/soc_reserve_reward:  0.0000	train/soc_violation:      47.3300	train/t_env:             48144.0000
train/total_power_loss:  14171.8681	
[INFO 20:39:31] root Recent Stats | t_env:      49680 | Episode:     1245
battery_punishment_reward_mean:-3473.4965	battle_won_mean:           1.0000	bess_cost_reward_mean:   -174.8672	buffer/episodes:         2028.0000
buy_cost_reward_mean:    -305917.6481	ep_length_mean:           24.0000	episode_limit_mean:        1.0000	eval/best_reward:        -308.7909
eval/best_win_rate:        1.0000	eval/ea_reward:          -314.5643	eval/ea_win_rate:          1.0000	eval/rl_reward:          -309.9770
eval/rl_win_rate:          1.0000	generate_cost_reward_mean:-40.8573	grid_purchase_cost_mean: 305917.6481	mean_soc_mean:             0.2719
return_mean:             -307.1485	return_std:               35.8118	soc_reserve_reward_mean:   0.0000	soc_violation_mean:       46.2290
test/battery_punishment_reward:-3386.5423	test/battle_won:           1.0000	test/bess_cost_reward:   -167.7011	test/buy_cost_reward:    -313155.0905
test/ep_length:           24.0000	test/episode_limit:        1.0000	test/generate_cost_reward:-32.2722	test/grid_purchase_cost: 313155.0905
test/mean_soc:             0.2975	test/return_mean:        -314.3514	test/return_std:          33.3765	test/soc_reserve_reward:   0.0000
test/soc_violation:       45.4525	test/total_power_loss:   14423.1922	test_battery_punishment_reward_mean:-3386.5423	test_battle_won_mean:      1.0000
test_bess_cost_reward_mean:-167.7011	test_buy_cost_reward_mean:-313155.0905	test_ep_length_mean:      24.0000	test_episode_limit_mean:   1.0000
test_generate_cost_reward_mean:-32.2722	test_grid_purchase_cost_mean:313155.0905	test_mean_soc_mean:        0.2975	test_return_mean:        -314.3514
test_return_std:          33.3765	test_soc_reserve_reward_mean:  0.0000	test_soc_violation_mean:  45.4525	test_total_power_loss_mean:14423.1922
total_power_loss_mean:   14120.2912	train/battery_punishment_reward:-3473.4965	train/battle_won:          1.0000	train/bess_cost_reward:  -174.8672
train/buy_cost_reward:   -305917.6481	train/ep_length:          24.0000	train/episode:           1223.0000	train/episode_limit:       1.0000
train/generate_cost_reward:-40.8573	train/grid_purchase_cost:305917.6481	train/mean_soc:            0.2719	train/return_mean:       -307.1485
train/return_std:         35.8118	train/soc_reserve_reward:  0.0000	train/soc_violation:      46.2290	train/t_env:             48672.0000
train/total_power_loss:  14120.2912	
[INFO 20:39:45] root Saving models to results\models\facmac_smac__2026-06-15_20-25-46\50304
[INFO 20:39:45] root Recent Stats | t_env:      50304 | Episode:     1256
battery_punishment_reward_mean:-3593.1238	battle_won_mean:           1.0000	bess_cost_reward_mean:   -173.9102	buffer/episodes:         2050.0000
buy_cost_reward_mean:    -304211.1058	ep_length_mean:           24.0000	episode_limit_mean:        1.0000	eval/best_reward:        -308.7909
eval/best_win_rate:        1.0000	eval/ea_reward:          -314.5643	eval/ea_win_rate:          1.0000	eval/rl_reward:          -309.9770
eval/rl_win_rate:          1.0000	generate_cost_reward_mean:-40.9485	grid_purchase_cost_mean: 304211.1058	mean_soc_mean:             0.2763
return_mean:             -305.4815	return_std:               36.2597	soc_reserve_reward_mean:   0.0000	soc_violation_mean:       47.3666
test/battery_punishment_reward:-3386.5423	test/battle_won:           1.0000	test/bess_cost_reward:   -167.7011	test/buy_cost_reward:    -313155.0905
test/ep_length:           24.0000	test/episode_limit:        1.0000	test/generate_cost_reward:-32.2722	test/grid_purchase_cost: 313155.0905
test/mean_soc:             0.2975	test/return_mean:        -314.3514	test/return_std:          33.3765	test/soc_reserve_reward:   0.0000
test/soc_violation:       45.4525	test/total_power_loss:   14423.1922	test_battery_punishment_reward_mean:-3386.5423	test_battle_won_mean:      1.0000
test_bess_cost_reward_mean:-167.7011	test_buy_cost_reward_mean:-313155.0905	test_ep_length_mean:      24.0000	test_episode_limit_mean:   1.0000
test_generate_cost_reward_mean:-32.2722	test_grid_purchase_cost_mean:313155.0905	test_mean_soc_mean:        0.2975	test_return_mean:        -314.3514
test_return_std:          33.3765	test_soc_reserve_reward_mean:  0.0000	test_soc_violation_mean:  45.4525	test_total_power_loss_mean:14423.1922
total_power_loss_mean:   14039.5150	train/battery_punishment_reward:-3593.1238	train/battle_won:          1.0000	train/bess_cost_reward:  -173.9102
train/buy_cost_reward:   -304211.1058	train/ep_length:          24.0000	train/episode:           1234.0000	train/episode_limit:       1.0000
train/generate_cost_reward:-40.9485	train/grid_purchase_cost:304211.1058	train/mean_soc:            0.2763	train/return_mean:       -305.4815
train/return_std:         36.2597	train/soc_reserve_reward:  0.0000	train/soc_violation:      47.3666	train/t_env:             49200.0000
train/total_power_loss:  14039.5150	
[INFO 20:39:55] root Recent Stats | t_env:      50808 | Episode:     1267
battery_punishment_reward_mean:-3763.3822	battle_won_mean:           1.0000	bess_cost_reward_mean:   -174.3382	buffer/episodes:         2072.0000
buy_cost_reward_mean:    -305177.8026	ep_length_mean:           24.0000	episode_limit_mean:        1.0000	eval/best_reward:        -308.7909
eval/best_win_rate:        1.0000	eval/ea_reward:          -314.5643	eval/ea_win_rate:          1.0000	eval/rl_reward:          -309.9770
eval/rl_win_rate:          1.0000	generate_cost_reward_mean:-40.7701	grid_purchase_cost_mean: 305177.8026	mean_soc_mean:             0.2750
return_mean:             -306.5050	return_std:               35.4929	soc_reserve_reward_mean:   0.0000	soc_violation_mean:       49.1083
test/battery_punishment_reward:-3386.5423	test/battle_won:           1.0000	test/bess_cost_reward:   -167.7011	test/buy_cost_reward:    -313155.0905
test/ep_length:           24.0000	test/episode_limit:        1.0000	test/generate_cost_reward:-32.2722	test/grid_purchase_cost: 313155.0905
test/mean_soc:             0.2975	test/return_mean:        -314.3514	test/return_std:          33.3765	test/soc_reserve_reward:   0.0000
test/soc_violation:       45.4525	test/total_power_loss:   14423.1922	test_battery_punishment_reward_mean:-3386.5423	test_battle_won_mean:      1.0000
test_bess_cost_reward_mean:-167.7011	test_buy_cost_reward_mean:-313155.0905	test_ep_length_mean:      24.0000	test_episode_limit_mean:   1.0000
test_generate_cost_reward_mean:-32.2722	test_grid_purchase_cost_mean:313155.0905	test_mean_soc_mean:        0.2975	test_return_mean:        -314.3514
test_return_std:          33.3765	test_soc_reserve_reward_mean:  0.0000	test_soc_violation_mean:  45.4525	test_total_power_loss_mean:14423.1922
total_power_loss_mean:   14073.4464	train/battery_punishment_reward:-3763.3822	train/battle_won:          1.0000	train/bess_cost_reward:  -174.3382
train/buy_cost_reward:   -305177.8026	train/ep_length:          24.0000	train/episode:           1245.0000	train/episode_limit:       1.0000
train/generate_cost_reward:-40.7701	train/grid_purchase_cost:305177.8026	train/mean_soc:            0.2750	train/return_mean:       -306.5050
train/return_std:         35.4929	train/soc_reserve_reward:  0.0000	train/soc_violation:      49.1083	train/t_env:             49728.0000
train/total_power_loss:  14073.4464	
[INFO 20:40:00] root t_env: 51024 / 300000
[INFO 20:40:00] root Estimated time left: 1 hours, 31 minutes, 14 seconds. Time passed: 14 minutes, 13 seconds
[INFO 20:40:06] root Recent Stats | t_env:      51312 | Episode:     1278
battery_punishment_reward_mean:-3730.9715	battle_won_mean:           1.0000	bess_cost_reward_mean:   -173.8742	buffer/episodes:         2094.0000
buy_cost_reward_mean:    -306082.8856	ep_length_mean:           24.0000	episode_limit_mean:        1.0000	eval/best_reward:        -309.6453
eval/best_win_rate:        1.0000	eval/ea_reward:          -314.3189	eval/ea_win_rate:          1.0000	eval/rl_reward:          -311.7160
eval/rl_win_rate:          1.0000	generate_cost_reward_mean:-40.3351	grid_purchase_cost_mean: 306082.8856	mean_soc_mean:             0.2768
return_mean:             -307.3990	return_std:               33.3640	soc_reserve_reward_mean:   0.0000	soc_violation_mean:       48.7830
test/battery_punishment_reward:-3639.1553	test/battle_won:           1.0000	test/bess_cost_reward:   -165.4868	test/buy_cost_reward:    -315673.8412
test/ep_length:           24.0000	test/episode_limit:        1.0000	test/generate_cost_reward:-36.7496	test/grid_purchase_cost: 315673.8412
test/mean_soc:             0.3075	test/return_mean:        -316.9553	test/return_std:          30.3183	test/soc_reserve_reward:   0.0000
test/soc_violation:       48.0192	test/total_power_loss:   14511.1388	test_battery_punishment_reward_mean:-3639.1553	test_battle_won_mean:      1.0000
test_bess_cost_reward_mean:-165.4868	test_buy_cost_reward_mean:-315673.8412	test_ep_length_mean:      24.0000	test_episode_limit_mean:   1.0000
test_generate_cost_reward_mean:-36.7496	test_grid_purchase_cost_mean:315673.8412	test_mean_soc_mean:        0.3075	test_return_mean:        -316.9553
test_return_std:          30.3183	test_soc_reserve_reward_mean:  0.0000	test_soc_violation_mean:  48.0192	test_total_power_loss_mean:14511.1388
total_power_loss_mean:   14094.9766	train/battery_punishment_reward:-3730.9715	train/battle_won:          1.0000	train/bess_cost_reward:  -173.8742
train/buy_cost_reward:   -306082.8856	train/ep_length:          24.0000	train/episode:           1256.0000	train/episode_limit:       1.0000
train/generate_cost_reward:-40.3351	train/grid_purchase_cost:306082.8856	train/mean_soc:            0.2768	train/return_mean:       -307.3990
train/return_std:         33.3640	train/soc_reserve_reward:  0.0000	train/soc_violation:      48.7830	train/t_env:             50256.0000
train/total_power_loss:  14094.9766	
[INFO 20:40:15] root Recent Stats | t_env:      51816 | Episode:     1289
battery_punishment_reward_mean:-3632.4133	battle_won_mean:           1.0000	bess_cost_reward_mean:   -162.9465	buffer/episodes:         2116.0000
buy_cost_reward_mean:    -308446.9797	ep_length_mean:           24.0000	episode_limit_mean:        1.0000	eval/best_reward:        -309.6453
eval/best_win_rate:        1.0000	eval/ea_reward:          -314.3189	eval/ea_win_rate:          1.0000	eval/rl_reward:          -311.7160
eval/rl_win_rate:          1.0000	generate_cost_reward_mean:-38.7731	grid_purchase_cost_mean: 308446.9797	mean_soc_mean:             0.3169
return_mean:             -309.7260	return_std:               33.4695	soc_reserve_reward_mean:   0.0000	soc_violation_mean:       47.7208
test/battery_punishment_reward:-3639.1553	test/battle_won:           1.0000	test/bess_cost_reward:   -165.4868	test/buy_cost_reward:    -315673.8412
test/ep_length:           24.0000	test/episode_limit:        1.0000	test/generate_cost_reward:-36.7496	test/grid_purchase_cost: 315673.8412
test/mean_soc:             0.3075	test/return_mean:        -316.9553	test/return_std:          30.3183	test/soc_reserve_reward:   0.0000
test/soc_violation:       48.0192	test/total_power_loss:   14511.1388	test_battery_punishment_reward_mean:-3639.1553	test_battle_won_mean:      1.0000
test_bess_cost_reward_mean:-165.4868	test_buy_cost_reward_mean:-315673.8412	test_ep_length_mean:      24.0000	test_episode_limit_mean:   1.0000
test_generate_cost_reward_mean:-36.7496	test_grid_purchase_cost_mean:315673.8412	test_mean_soc_mean:        0.3075	test_return_mean:        -316.9553
test_return_std:          30.3183	test_soc_reserve_reward_mean:  0.0000	test_soc_violation_mean:  48.0192	test_total_power_loss_mean:14511.1388
total_power_loss_mean:   14183.7573	train/battery_punishment_reward:-3632.4133	train/battle_won:          1.0000	train/bess_cost_reward:  -162.9465
train/buy_cost_reward:   -308446.9797	train/ep_length:          24.0000	train/episode:           1267.0000	train/episode_limit:       1.0000
train/generate_cost_reward:-38.7731	train/grid_purchase_cost:308446.9797	train/mean_soc:            0.3169	train/return_mean:       -309.7260
train/return_std:         33.4695	train/soc_reserve_reward:  0.0000	train/soc_violation:      47.7208	train/t_env:             50784.0000
train/total_power_loss:  14183.7573	
[INFO 20:40:25] root Recent Stats | t_env:      52320 | Episode:     1300
battery_punishment_reward_mean:-3768.3102	battle_won_mean:           1.0000	bess_cost_reward_mean:   -162.7980	buffer/episodes:         2138.0000
buy_cost_reward_mean:    -308556.7096	ep_length_mean:           24.0000	episode_limit_mean:        1.0000	eval/best_reward:        -309.6453
eval/best_win_rate:        1.0000	eval/ea_reward:          -314.3189	eval/ea_win_rate:          1.0000	eval/rl_reward:          -311.7160
eval/rl_win_rate:          1.0000	generate_cost_reward_mean:-39.3982	grid_purchase_cost_mean: 308556.7096	mean_soc_mean:             0.3178
return_mean:             -309.8812	return_std:               32.9339	soc_reserve_reward_mean:   0.0000	soc_violation_mean:       49.0645
test/battery_punishment_reward:-3639.1553	test/battle_won:           1.0000	test/bess_cost_reward:   -165.4868	test/buy_cost_reward:    -315673.8412
test/ep_length:           24.0000	test/episode_limit:        1.0000	test/generate_cost_reward:-36.7496	test/grid_purchase_cost: 315673.8412
test/mean_soc:             0.3075	test/return_mean:        -316.9553	test/return_std:          30.3183	test/soc_reserve_reward:   0.0000
test/soc_violation:       48.0192	test/total_power_loss:   14511.1388	test_battery_punishment_reward_mean:-3639.1553	test_battle_won_mean:      1.0000
test_bess_cost_reward_mean:-165.4868	test_buy_cost_reward_mean:-315673.8412	test_ep_length_mean:      24.0000	test_episode_limit_mean:   1.0000
test_generate_cost_reward_mean:-36.7496	test_grid_purchase_cost_mean:315673.8412	test_mean_soc_mean:        0.3075	test_return_mean:        -316.9553
test_return_std:          30.3183	test_soc_reserve_reward_mean:  0.0000	test_soc_violation_mean:  48.0192	test_total_power_loss_mean:14511.1388
total_power_loss_mean:   14194.8559	train/battery_punishment_reward:-3768.3102	train/battle_won:          1.0000	train/bess_cost_reward:  -162.7980
train/buy_cost_reward:   -308556.7096	train/ep_length:          24.0000	train/episode:           1278.0000	train/episode_limit:       1.0000
train/generate_cost_reward:-39.3982	train/grid_purchase_cost:308556.7096	train/mean_soc:            0.3178	train/return_mean:       -309.8812
train/return_std:         32.9339	train/soc_reserve_reward:  0.0000	train/soc_violation:      49.0645	train/t_env:             51312.0000
train/total_power_loss:  14194.8559	
[INFO 20:40:38] root Recent Stats | t_env:      52944 | Episode:     1311
battery_punishment_reward_mean:-3470.7297	battle_won_mean:           1.0000	bess_cost_reward_mean:   -163.0484	buffer/episodes:         2160.0000
buy_cost_reward_mean:    -310726.0785	ep_length_mean:           24.0000	episode_limit_mean:        1.0000	eval/best_reward:        -309.6453
eval/best_win_rate:        1.0000	eval/ea_reward:          -314.3189	eval/ea_win_rate:          1.0000	eval/rl_reward:          -311.7160
eval/rl_win_rate:          1.0000	generate_cost_reward_mean:-43.1281	grid_purchase_cost_mean: 310726.0785	mean_soc_mean:             0.3160
return_mean:             -311.9529	return_std:               31.5947	soc_reserve_reward_mean:   0.0000	soc_violation_mean:       46.1029
test/battery_punishment_reward:-3639.1553	test/battle_won:           1.0000	test/bess_cost_reward:   -165.4868	test/buy_cost_reward:    -315673.8412
test/ep_length:           24.0000	test/episode_limit:        1.0000	test/generate_cost_reward:-36.7496	test/grid_purchase_cost: 315673.8412
test/mean_soc:             0.3075	test/return_mean:        -316.9553	test/return_std:          30.3183	test/soc_reserve_reward:   0.0000
test/soc_violation:       48.0192	test/total_power_loss:   14511.1388	test_battery_punishment_reward_mean:-3639.1553	test_battle_won_mean:      1.0000
test_bess_cost_reward_mean:-165.4868	test_buy_cost_reward_mean:-315673.8412	test_ep_length_mean:      24.0000	test_episode_limit_mean:   1.0000
test_generate_cost_reward_mean:-36.7496	test_grid_purchase_cost_mean:315673.8412	test_mean_soc_mean:        0.3075	test_return_mean:        -316.9553
test_return_std:          30.3183	test_soc_reserve_reward_mean:  0.0000	test_soc_violation_mean:  48.0192	test_total_power_loss_mean:14511.1388
total_power_loss_mean:   14292.0604	train/battery_punishment_reward:-3470.7297	train/battle_won:          1.0000	train/bess_cost_reward:  -163.0484
train/buy_cost_reward:   -310726.0785	train/ep_length:          24.0000	train/episode:           1289.0000	train/episode_limit:       1.0000
train/generate_cost_reward:-43.1281	train/grid_purchase_cost:310726.0785	train/mean_soc:            0.3160	train/return_mean:       -311.9529
train/return_std:         31.5947	train/soc_reserve_reward:  0.0000	train/soc_violation:      46.1029	train/t_env:             51840.0000
train/total_power_loss:  14292.0604	
[INFO 20:40:38] root t_env: 53040 / 300000
[INFO 20:40:38] root Estimated time left: 1 hours, 19 minutes, 3 seconds. Time passed: 14 minutes, 51 seconds
[INFO 20:40:49] root Recent Stats | t_env:      53448 | Episode:     1322
battery_punishment_reward_mean:-3484.2522	battle_won_mean:           1.0000	bess_cost_reward_mean:   -163.4374	buffer/episodes:         2182.0000
buy_cost_reward_mean:    -310130.3451	ep_length_mean:           24.0000	episode_limit_mean:        1.0000	eval/best_reward:        -311.5235
eval/best_win_rate:        1.0000	eval/ea_reward:          -316.6379	eval/ea_win_rate:          1.0000	eval/rl_reward:          -313.5942
eval/rl_win_rate:          1.0000	generate_cost_reward_mean:-41.8348	grid_purchase_cost_mean: 310130.3451	mean_soc_mean:             0.3146
return_mean:             -311.3613	return_std:               34.9102	soc_reserve_reward_mean:   0.0000	soc_violation_mean:       46.2273
test/battery_punishment_reward:-3639.6316	test/battle_won:           1.0000	test/bess_cost_reward:   -165.4797	test/buy_cost_reward:    -311988.6031
test/ep_length:           24.0000	test/episode_limit:        1.0000	test/generate_cost_reward:-36.7511	test/grid_purchase_cost: 311988.6031
test/mean_soc:             0.3075	test/return_mean:        -313.2702	test/return_std:          31.4467	test/soc_reserve_reward:   0.0000
test/soc_violation:       48.0222	test/total_power_loss:   14363.3678	test_battery_punishment_reward_mean:-3639.6316	test_battle_won_mean:      1.0000
test_bess_cost_reward_mean:-165.4797	test_buy_cost_reward_mean:-311988.6031	test_ep_length_mean:      24.0000	test_episode_limit_mean:   1.0000
test_generate_cost_reward_mean:-36.7511	test_grid_purchase_cost_mean:311988.6031	test_mean_soc_mean:        0.3075	test_return_mean:        -313.2702
test_return_std:          31.4467	test_soc_reserve_reward_mean:  0.0000	test_soc_violation_mean:  48.0222	test_total_power_loss_mean:14363.3678
total_power_loss_mean:   14265.6216	train/battery_punishment_reward:-3484.2522	train/battle_won:          1.0000	train/bess_cost_reward:  -163.4374
train/buy_cost_reward:   -310130.3451	train/ep_length:          24.0000	train/episode:           1300.0000	train/episode_limit:       1.0000
train/generate_cost_reward:-41.8348	train/grid_purchase_cost:310130.3451	train/mean_soc:            0.3146	train/return_mean:       -311.3613
train/return_std:         34.9102	train/soc_reserve_reward:  0.0000	train/soc_violation:      46.2273	train/t_env:             52368.0000
train/total_power_loss:  14265.6216	
[INFO 20:40:59] root Recent Stats | t_env:      53952 | Episode:     1333
battery_punishment_reward_mean:-3416.3765	battle_won_mean:           1.0000	bess_cost_reward_mean:   -169.5437	buffer/episodes:         2204.0000
buy_cost_reward_mean:    -311304.3270	ep_length_mean:           24.0000	episode_limit_mean:        1.0000	eval/best_reward:        -311.5235
eval/best_win_rate:        1.0000	eval/ea_reward:          -316.6379	eval/ea_win_rate:          1.0000	eval/rl_reward:          -313.5942
eval/rl_win_rate:          1.0000	generate_cost_reward_mean:-42.5080	grid_purchase_cost_mean: 311304.3270	mean_soc_mean:             0.2922
return_mean:             -312.5149	return_std:               34.6668	soc_reserve_reward_mean:   0.0000	soc_violation_mean:       45.5873
test/battery_punishment_reward:-3639.6316	test/battle_won:           1.0000	test/bess_cost_reward:   -165.4797	test/buy_cost_reward:    -311988.6031
test/ep_length:           24.0000	test/episode_limit:        1.0000	test/generate_cost_reward:-36.7511	test/grid_purchase_cost: 311988.6031
test/mean_soc:             0.3075	test/return_mean:        -313.2702	test/return_std:          31.4467	test/soc_reserve_reward:   0.0000
test/soc_violation:       48.0222	test/total_power_loss:   14363.3678	test_battery_punishment_reward_mean:-3639.6316	test_battle_won_mean:      1.0000
test_bess_cost_reward_mean:-165.4797	test_buy_cost_reward_mean:-311988.6031	test_ep_length_mean:      24.0000	test_episode_limit_mean:   1.0000
test_generate_cost_reward_mean:-36.7511	test_grid_purchase_cost_mean:311988.6031	test_mean_soc_mean:        0.3075	test_return_mean:        -313.2702
test_return_std:          31.4467	test_soc_reserve_reward_mean:  0.0000	test_soc_violation_mean:  48.0222	test_total_power_loss_mean:14363.3678
total_power_loss_mean:   14317.2034	train/battery_punishment_reward:-3416.3765	train/battle_won:          1.0000	train/bess_cost_reward:  -169.5437
train/buy_cost_reward:   -311304.3270	train/ep_length:          24.0000	train/episode:           1311.0000	train/episode_limit:       1.0000
train/generate_cost_reward:-42.5080	train/grid_purchase_cost:311304.3270	train/mean_soc:            0.2922	train/return_mean:       -312.5149
train/return_std:         34.6668	train/soc_reserve_reward:  0.0000	train/soc_violation:      45.5873	train/t_env:             52896.0000
train/total_power_loss:  14317.2034	
[INFO 20:41:08] root Recent Stats | t_env:      54456 | Episode:     1344
battery_punishment_reward_mean:-3400.1548	battle_won_mean:           1.0000	bess_cost_reward_mean:   -165.5336	buffer/episodes:         2226.0000
buy_cost_reward_mean:    -308226.7531	ep_length_mean:           24.0000	episode_limit_mean:        1.0000	eval/best_reward:        -311.5235
eval/best_win_rate:        1.0000	eval/ea_reward:          -316.6379	eval/ea_win_rate:          1.0000	eval/rl_reward:          -313.5942
eval/rl_win_rate:          1.0000	generate_cost_reward_mean:-41.5508	grid_purchase_cost_mean: 308226.7531	mean_soc_mean:             0.3064
return_mean:             -309.4303	return_std:               33.9296	soc_reserve_reward_mean:   0.0000	soc_violation_mean:       45.2907
test/battery_punishment_reward:-3639.6316	test/battle_won:           1.0000	test/bess_cost_reward:   -165.4797	test/buy_cost_reward:    -311988.6031
test/ep_length:           24.0000	test/episode_limit:        1.0000	test/generate_cost_reward:-36.7511	test/grid_purchase_cost: 311988.6031
test/mean_soc:             0.3075	test/return_mean:        -313.2702	test/return_std:          31.4467	test/soc_reserve_reward:   0.0000
test/soc_violation:       48.0222	test/total_power_loss:   14363.3678	test_battery_punishment_reward_mean:-3639.6316	test_battle_won_mean:      1.0000
test_bess_cost_reward_mean:-165.4797	test_buy_cost_reward_mean:-311988.6031	test_ep_length_mean:      24.0000	test_episode_limit_mean:   1.0000
test_generate_cost_reward_mean:-36.7511	test_grid_purchase_cost_mean:311988.6031	test_mean_soc_mean:        0.3075	test_return_mean:        -313.2702
test_return_std:          31.4467	test_soc_reserve_reward_mean:  0.0000	test_soc_violation_mean:  48.0222	test_total_power_loss_mean:14363.3678
total_power_loss_mean:   14178.0988	train/battery_punishment_reward:-3400.1548	train/battle_won:          1.0000	train/bess_cost_reward:  -165.5336
train/buy_cost_reward:   -308226.7531	train/ep_length:          24.0000	train/episode:           1322.0000	train/episode_limit:       1.0000
train/generate_cost_reward:-41.5508	train/grid_purchase_cost:308226.7531	train/mean_soc:            0.3064	train/return_mean:       -309.4303
train/return_std:         33.9296	train/soc_reserve_reward:  0.0000	train/soc_violation:      45.2907	train/t_env:             53424.0000
train/total_power_loss:  14178.0988	
[INFO 20:41:17] root Recent Stats | t_env:      54960 | Episode:     1355
battery_punishment_reward_mean:-3638.4369	battle_won_mean:           1.0000	bess_cost_reward_mean:   -162.1941	buffer/episodes:         2248.0000
buy_cost_reward_mean:    -304970.7934	ep_length_mean:           24.0000	episode_limit_mean:        1.0000	eval/best_reward:        -311.5235
eval/best_win_rate:        1.0000	eval/ea_reward:          -316.6379	eval/ea_win_rate:          1.0000	eval/rl_reward:          -313.5942
eval/rl_win_rate:          1.0000	generate_cost_reward_mean:-39.8011	grid_purchase_cost_mean: 304970.7934	mean_soc_mean:             0.3189
return_mean:             -306.2520	return_std:               35.3928	soc_reserve_reward_mean:   0.0000	soc_violation_mean:       47.6838
test/battery_punishment_reward:-3639.6316	test/battle_won:           1.0000	test/bess_cost_reward:   -165.4797	test/buy_cost_reward:    -311988.6031
test/ep_length:           24.0000	test/episode_limit:        1.0000	test/generate_cost_reward:-36.7511	test/grid_purchase_cost: 311988.6031
test/mean_soc:             0.3075	test/return_mean:        -313.2702	test/return_std:          31.4467	test/soc_reserve_reward:   0.0000
test/soc_violation:       48.0222	test/total_power_loss:   14363.3678	test_battery_punishment_reward_mean:-3639.6316	test_battle_won_mean:      1.0000
test_bess_cost_reward_mean:-165.4797	test_buy_cost_reward_mean:-311988.6031	test_ep_length_mean:      24.0000	test_episode_limit_mean:   1.0000
test_generate_cost_reward_mean:-36.7511	test_grid_purchase_cost_mean:311988.6031	test_mean_soc_mean:        0.3075	test_return_mean:        -313.2702
test_return_std:          31.4467	test_soc_reserve_reward_mean:  0.0000	test_soc_violation_mean:  48.0222	test_total_power_loss_mean:14363.3678
total_power_loss_mean:   14039.9123	train/battery_punishment_reward:-3638.4369	train/battle_won:          1.0000	train/bess_cost_reward:  -162.1941
train/buy_cost_reward:   -304970.7934	train/ep_length:          24.0000	train/episode:           1333.0000	train/episode_limit:       1.0000
train/generate_cost_reward:-39.8011	train/grid_purchase_cost:304970.7934	train/mean_soc:            0.3189	train/return_mean:       -306.2520
train/return_std:         35.3928	train/soc_reserve_reward:  0.0000	train/soc_violation:      47.6838	train/t_env:             53952.0000
train/total_power_loss:  14039.9123	
[INFO 20:41:21] root t_env: 55104 / 300000
[INFO 20:41:21] root Estimated time left: 1 hours, 24 minutes, 52 seconds. Time passed: 15 minutes, 34 seconds
[INFO 20:41:32] root Recent Stats | t_env:      55584 | Episode:     1366
battery_punishment_reward_mean:-3700.4347	battle_won_mean:           1.0000	bess_cost_reward_mean:   -165.5009	buffer/episodes:         2270.0000
buy_cost_reward_mean:    -308340.5783	ep_length_mean:           24.0000	episode_limit_mean:        1.0000	eval/best_reward:        -310.6020
eval/best_win_rate:        1.0000	eval/ea_reward:          -315.7164	eval/ea_win_rate:          1.0000	eval/rl_reward:          -313.0962
eval/rl_win_rate:          1.0000	generate_cost_reward_mean:-43.0118	grid_purchase_cost_mean: 308340.5783	mean_soc_mean:             0.3067
return_mean:             -309.6447	return_std:               36.1205	soc_reserve_reward_mean:   0.0000	soc_violation_mean:       48.3176
test/battery_punishment_reward:-3615.3932	test/battle_won:           1.0000	test/bess_cost_reward:   -162.1988	test/buy_cost_reward:    -310634.7287
test/ep_length:           24.0000	test/episode_limit:        1.0000	test/generate_cost_reward:-47.8352	test/grid_purchase_cost: 310634.7287
test/mean_soc:             0.3183	test/return_mean:        -311.9112	test/return_std:          35.2309	test/soc_reserve_reward:   0.0000
test/soc_violation:       47.8771	test/total_power_loss:   14295.7791	test_battery_punishment_reward_mean:-3615.3932	test_battle_won_mean:      1.0000
test_bess_cost_reward_mean:-162.1988	test_buy_cost_reward_mean:-310634.7287	test_ep_length_mean:      24.0000	test_episode_limit_mean:   1.0000
test_generate_cost_reward_mean:-47.8352	test_grid_purchase_cost_mean:310634.7287	test_mean_soc_mean:        0.3183	test_return_mean:        -311.9112
test_return_std:          35.2309	test_soc_reserve_reward_mean:  0.0000	test_soc_violation_mean:  47.8771	test_total_power_loss_mean:14295.7791
total_power_loss_mean:   14179.8307	train/battery_punishment_reward:-3700.4347	train/battle_won:          1.0000	train/bess_cost_reward:  -165.5009
train/buy_cost_reward:   -308340.5783	train/ep_length:          24.0000	train/episode:           1344.0000	train/episode_limit:       1.0000
train/generate_cost_reward:-43.0118	train/grid_purchase_cost:308340.5783	train/mean_soc:            0.3067	train/return_mean:       -309.6447
train/return_std:         36.1205	train/soc_reserve_reward:  0.0000	train/soc_violation:      48.3176	train/t_env:             54480.0000
train/total_power_loss:  14179.8307	
[INFO 20:41:42] root Recent Stats | t_env:      56088 | Episode:     1377
battery_punishment_reward_mean:-3582.3647	battle_won_mean:           1.0000	bess_cost_reward_mean:   -157.2226	buffer/episodes:         2292.0000
buy_cost_reward_mean:    -308091.9668	ep_length_mean:           24.0000	episode_limit_mean:        1.0000	eval/best_reward:        -310.6020
eval/best_win_rate:        1.0000	eval/ea_reward:          -315.7164	eval/ea_win_rate:          1.0000	eval/rl_reward:          -313.0962
eval/rl_win_rate:          1.0000	generate_cost_reward_mean:-43.3726	grid_purchase_cost_mean: 308091.9668	mean_soc_mean:             0.3370
return_mean:             -309.3541	return_std:               34.8476	soc_reserve_reward_mean:   0.0000	soc_violation_mean:       47.1200
test/battery_punishment_reward:-3615.3932	test/battle_won:           1.0000	test/bess_cost_reward:   -162.1988	test/buy_cost_reward:    -310634.7287
test/ep_length:           24.0000	test/episode_limit:        1.0000	test/generate_cost_reward:-47.8352	test/grid_purchase_cost: 310634.7287
test/mean_soc:             0.3183	test/return_mean:        -311.9112	test/return_std:          35.2309	test/soc_reserve_reward:   0.0000
test/soc_violation:       47.8771	test/total_power_loss:   14295.7791	test_battery_punishment_reward_mean:-3615.3932	test_battle_won_mean:      1.0000
test_bess_cost_reward_mean:-162.1988	test_buy_cost_reward_mean:-310634.7287	test_ep_length_mean:      24.0000	test_episode_limit_mean:   1.0000
test_generate_cost_reward_mean:-47.8352	test_grid_purchase_cost_mean:310634.7287	test_mean_soc_mean:        0.3183	test_return_mean:        -311.9112
test_return_std:          35.2309	test_soc_reserve_reward_mean:  0.0000	test_soc_violation_mean:  47.8771	test_total_power_loss_mean:14295.7791
total_power_loss_mean:   14177.2912	train/battery_punishment_reward:-3582.3647	train/battle_won:          1.0000	train/bess_cost_reward:  -157.2226
train/buy_cost_reward:   -308091.9668	train/ep_length:          24.0000	train/episode:           1355.0000	train/episode_limit:       1.0000
train/generate_cost_reward:-43.3726	train/grid_purchase_cost:308091.9668	train/mean_soc:            0.3370	train/return_mean:       -309.3541
train/return_std:         34.8476	train/soc_reserve_reward:  0.0000	train/soc_violation:      47.1200	train/t_env:             55008.0000
train/total_power_loss:  14177.2912	
[INFO 20:41:52] root Recent Stats | t_env:      56592 | Episode:     1388
battery_punishment_reward_mean:-3720.5616	battle_won_mean:           1.0000	bess_cost_reward_mean:   -154.7362	buffer/episodes:         2314.0000
buy_cost_reward_mean:    -307595.2013	ep_length_mean:           24.0000	episode_limit_mean:        1.0000	eval/best_reward:        -310.6020
eval/best_win_rate:        1.0000	eval/ea_reward:          -315.7164	eval/ea_win_rate:          1.0000	eval/rl_reward:          -313.0962
eval/rl_win_rate:          1.0000	generate_cost_reward_mean:-42.5818	grid_purchase_cost_mean: 307595.2013	mean_soc_mean:             0.3463
return_mean:             -308.9023	return_std:               37.8041	soc_reserve_reward_mean:   0.0000	soc_violation_mean:       48.5054
test/battery_punishment_reward:-3615.3932	test/battle_won:           1.0000	test/bess_cost_reward:   -162.1988	test/buy_cost_reward:    -310634.7287
test/ep_length:           24.0000	test/episode_limit:        1.0000	test/generate_cost_reward:-47.8352	test/grid_purchase_cost: 310634.7287
test/mean_soc:             0.3183	test/return_mean:        -311.9112	test/return_std:          35.2309	test/soc_reserve_reward:   0.0000
test/soc_violation:       47.8771	test/total_power_loss:   14295.7791	test_battery_punishment_reward_mean:-3615.3932	test_battle_won_mean:      1.0000
test_bess_cost_reward_mean:-162.1988	test_buy_cost_reward_mean:-310634.7287	test_ep_length_mean:      24.0000	test_episode_limit_mean:   1.0000
test_generate_cost_reward_mean:-47.8352	test_grid_purchase_cost_mean:310634.7287	test_mean_soc_mean:        0.3183	test_return_mean:        -311.9112
test_return_std:          35.2309	test_soc_reserve_reward_mean:  0.0000	test_soc_violation_mean:  47.8771	test_total_power_loss_mean:14295.7791
total_power_loss_mean:   14170.6005	train/battery_punishment_reward:-3720.5616	train/battle_won:          1.0000	train/bess_cost_reward:  -154.7362
train/buy_cost_reward:   -307595.2013	train/ep_length:          24.0000	train/episode:           1366.0000	train/episode_limit:       1.0000
train/generate_cost_reward:-42.5818	train/grid_purchase_cost:307595.2013	train/mean_soc:            0.3463	train/return_mean:       -308.9023
train/return_std:         37.8041	train/soc_reserve_reward:  0.0000	train/soc_violation:      48.5054	train/t_env:             55536.0000
train/total_power_loss:  14170.6005	
[INFO 20:42:02] root Recent Stats | t_env:      57096 | Episode:     1399
battery_punishment_reward_mean:-3782.3719	battle_won_mean:           1.0000	bess_cost_reward_mean:   -154.7777	buffer/episodes:         2336.0000
buy_cost_reward_mean:    -310418.4192	ep_length_mean:           24.0000	episode_limit_mean:        1.0000	eval/best_reward:        -310.6020
eval/best_win_rate:        1.0000	eval/ea_reward:          -315.7164	eval/ea_win_rate:          1.0000	eval/rl_reward:          -313.0962
eval/rl_win_rate:          1.0000	generate_cost_reward_mean:-44.7958	grid_purchase_cost_mean: 310418.4192	mean_soc_mean:             0.3469
return_mean:             -311.7469	return_std:               39.3384	soc_reserve_reward_mean:   0.0000	soc_violation_mean:       49.1812
test/battery_punishment_reward:-3615.3932	test/battle_won:           1.0000	test/bess_cost_reward:   -162.1988	test/buy_cost_reward:    -310634.7287
test/ep_length:           24.0000	test/episode_limit:        1.0000	test/generate_cost_reward:-47.8352	test/grid_purchase_cost: 310634.7287
test/mean_soc:             0.3183	test/return_mean:        -311.9112	test/return_std:          35.2309	test/soc_reserve_reward:   0.0000
test/soc_violation:       47.8771	test/total_power_loss:   14295.7791	test_battery_punishment_reward_mean:-3615.3932	test_battle_won_mean:      1.0000
test_bess_cost_reward_mean:-162.1988	test_buy_cost_reward_mean:-310634.7287	test_ep_length_mean:      24.0000	test_episode_limit_mean:   1.0000
test_generate_cost_reward_mean:-47.8352	test_grid_purchase_cost_mean:310634.7287	test_mean_soc_mean:        0.3183	test_return_mean:        -311.9112
test_return_std:          35.2309	test_soc_reserve_reward_mean:  0.0000	test_soc_violation_mean:  47.8771	test_total_power_loss_mean:14295.7791
total_power_loss_mean:   14301.5113	train/battery_punishment_reward:-3782.3719	train/battle_won:          1.0000	train/bess_cost_reward:  -154.7777
train/buy_cost_reward:   -310418.4192	train/ep_length:          24.0000	train/episode:           1377.0000	train/episode_limit:       1.0000
train/generate_cost_reward:-44.7958	train/grid_purchase_cost:310418.4192	train/mean_soc:            0.3469	train/return_mean:       -311.7469
train/return_std:         39.3384	train/soc_reserve_reward:  0.0000	train/soc_violation:      49.1812	train/t_env:             56064.0000
train/total_power_loss:  14301.5113	
[INFO 20:42:02] root t_env: 57120 / 300000
[INFO 20:42:02] root Estimated time left: 1 hours, 21 minutes, 5 seconds. Time passed: 16 minutes, 15 seconds
[INFO 20:42:12] root Recent Stats | t_env:      57600 | Episode:     1410
battery_punishment_reward_mean:-3762.4360	battle_won_mean:           1.0000	bess_cost_reward_mean:   -162.2189	buffer/episodes:         2358.0000
buy_cost_reward_mean:    -313238.9484	ep_length_mean:           24.0000	episode_limit_mean:        1.0000	eval/best_reward:        -312.5472
eval/best_win_rate:        1.0000	eval/ea_reward:          -318.2028	eval/ea_win_rate:          1.0000	eval/rl_reward:          -313.8580
eval/rl_win_rate:          1.0000	generate_cost_reward_mean:-45.8761	grid_purchase_cost_mean: 313238.9484	mean_soc_mean:             0.3199
return_mean:             -314.5637	return_std:               38.7081	soc_reserve_reward_mean:   0.0000	soc_violation_mean:       48.9599
test/battery_punishment_reward:-4027.0679	test/battle_won:           1.0000	test/bess_cost_reward:   -160.4919	test/buy_cost_reward:    -311436.8618
test/ep_length:           24.0000	test/episode_limit:        1.0000	test/generate_cost_reward:-50.3308	test/grid_purchase_cost: 311436.8618
test/mean_soc:             0.3252	test/return_mean:        -312.8509	test/return_std:          29.6833	test/soc_reserve_reward:   0.0000
test/soc_violation:       51.7570	test/total_power_loss:   14339.7608	test_battery_punishment_reward_mean:-4027.0679	test_battle_won_mean:      1.0000
test_bess_cost_reward_mean:-160.4919	test_buy_cost_reward_mean:-311436.8618	test_ep_length_mean:      24.0000	test_episode_limit_mean:   1.0000
test_generate_cost_reward_mean:-50.3308	test_grid_purchase_cost_mean:311436.8618	test_mean_soc_mean:        0.3252	test_return_mean:        -312.8509
test_return_std:          29.6833	test_soc_reserve_reward_mean:  0.0000	test_soc_violation_mean:  51.7570	test_total_power_loss_mean:14339.7608
total_power_loss_mean:   14419.1337	train/battery_punishment_reward:-3762.4360	train/battle_won:          1.0000	train/bess_cost_reward:  -162.2189
train/buy_cost_reward:   -313238.9484	train/ep_length:          24.0000	train/episode:           1388.0000	train/episode_limit:       1.0000
train/generate_cost_reward:-45.8761	train/grid_purchase_cost:313238.9484	train/mean_soc:            0.3199	train/return_mean:       -314.5637
train/return_std:         38.7081	train/soc_reserve_reward:  0.0000	train/soc_violation:      48.9599	train/t_env:             56592.0000
train/total_power_loss:  14419.1337	
[INFO 20:42:27] root Recent Stats | t_env:      58224 | Episode:     1421
battery_punishment_reward_mean:-3507.8612	battle_won_mean:           1.0000	bess_cost_reward_mean:   -161.9229	buffer/episodes:         2380.0000
buy_cost_reward_mean:    -310596.8732	ep_length_mean:           24.0000	episode_limit_mean:        1.0000	eval/best_reward:        -312.5472
eval/best_win_rate:        1.0000	eval/ea_reward:          -318.2028	eval/ea_win_rate:          1.0000	eval/rl_reward:          -313.8580
eval/rl_win_rate:          1.0000	generate_cost_reward_mean:-43.6136	grid_purchase_cost_mean: 310596.8732	mean_soc_mean:             0.3202
return_mean:             -311.8358	return_std:               36.8512	soc_reserve_reward_mean:   0.0000	soc_violation_mean:       46.2584
test/battery_punishment_reward:-4027.0679	test/battle_won:           1.0000	test/bess_cost_reward:   -160.4919	test/buy_cost_reward:    -311436.8618
test/ep_length:           24.0000	test/episode_limit:        1.0000	test/generate_cost_reward:-50.3308	test/grid_purchase_cost: 311436.8618
test/mean_soc:             0.3252	test/return_mean:        -312.8509	test/return_std:          29.6833	test/soc_reserve_reward:   0.0000
test/soc_violation:       51.7570	test/total_power_loss:   14339.7608	test_battery_punishment_reward_mean:-4027.0679	test_battle_won_mean:      1.0000
test_bess_cost_reward_mean:-160.4919	test_buy_cost_reward_mean:-311436.8618	test_ep_length_mean:      24.0000	test_episode_limit_mean:   1.0000
test_generate_cost_reward_mean:-50.3308	test_grid_purchase_cost_mean:311436.8618	test_mean_soc_mean:        0.3252	test_return_mean:        -312.8509
test_return_std:          29.6833	test_soc_reserve_reward_mean:  0.0000	test_soc_violation_mean:  51.7570	test_total_power_loss_mean:14339.7608
total_power_loss_mean:   14314.4221	train/battery_punishment_reward:-3507.8612	train/battle_won:          1.0000	train/bess_cost_reward:  -161.9229
train/buy_cost_reward:   -310596.8732	train/ep_length:          24.0000	train/episode:           1399.0000	train/episode_limit:       1.0000
train/generate_cost_reward:-43.6136	train/grid_purchase_cost:310596.8732	train/mean_soc:            0.3202	train/return_mean:       -311.8358
train/return_std:         36.8512	train/soc_reserve_reward:  0.0000	train/soc_violation:      46.2584	train/t_env:             57120.0000
train/total_power_loss:  14314.4221	
[INFO 20:42:37] root Recent Stats | t_env:      58728 | Episode:     1432
battery_punishment_reward_mean:-3368.5197	battle_won_mean:           1.0000	bess_cost_reward_mean:   -163.9001	buffer/episodes:         2402.0000
buy_cost_reward_mean:    -313755.6784	ep_length_mean:           24.0000	episode_limit_mean:        1.0000	eval/best_reward:        -312.5472
eval/best_win_rate:        1.0000	eval/ea_reward:          -318.2028	eval/ea_win_rate:          1.0000	eval/rl_reward:          -313.8580
eval/rl_win_rate:          1.0000	generate_cost_reward_mean:-43.0690	grid_purchase_cost_mean: 313755.6784	mean_soc_mean:             0.3124
return_mean:             -314.9486	return_std:               35.1665	soc_reserve_reward_mean:   0.0000	soc_violation_mean:       44.8257
test/battery_punishment_reward:-4027.0679	test/battle_won:           1.0000	test/bess_cost_reward:   -160.4919	test/buy_cost_reward:    -311436.8618
test/ep_length:           24.0000	test/episode_limit:        1.0000	test/generate_cost_reward:-50.3308	test/grid_purchase_cost: 311436.8618
test/mean_soc:             0.3252	test/return_mean:        -312.8509	test/return_std:          29.6833	test/soc_reserve_reward:   0.0000
test/soc_violation:       51.7570	test/total_power_loss:   14339.7608	test_battery_punishment_reward_mean:-4027.0679	test_battle_won_mean:      1.0000
test_bess_cost_reward_mean:-160.4919	test_buy_cost_reward_mean:-311436.8618	test_ep_length_mean:      24.0000	test_episode_limit_mean:   1.0000
test_generate_cost_reward_mean:-50.3308	test_grid_purchase_cost_mean:311436.8618	test_mean_soc_mean:        0.3252	test_return_mean:        -312.8509
test_return_std:          29.6833	test_soc_reserve_reward_mean:  0.0000	test_soc_violation_mean:  51.7570	test_total_power_loss_mean:14339.7608
total_power_loss_mean:   14457.5639	train/battery_punishment_reward:-3368.5197	train/battle_won:          1.0000	train/bess_cost_reward:  -163.9001
train/buy_cost_reward:   -313755.6784	train/ep_length:          24.0000	train/episode:           1410.0000	train/episode_limit:       1.0000
train/generate_cost_reward:-43.0690	train/grid_purchase_cost:313755.6784	train/mean_soc:            0.3124	train/return_mean:       -314.9486
train/return_std:         35.1665	train/soc_reserve_reward:  0.0000	train/soc_violation:      44.8257	train/t_env:             57648.0000
train/total_power_loss:  14457.5639	
[INFO 20:42:46] root t_env: 59184 / 300000
[INFO 20:42:46] root Estimated time left: 1 hours, 26 minutes, 24 seconds. Time passed: 16 minutes, 59 seconds
[INFO 20:42:48] root Recent Stats | t_env:      59232 | Episode:     1443
battery_punishment_reward_mean:-3171.0055	battle_won_mean:           1.0000	bess_cost_reward_mean:   -163.3873	buffer/episodes:         2424.0000
buy_cost_reward_mean:    -316162.5342	ep_length_mean:           24.0000	episode_limit_mean:        1.0000	eval/best_reward:        -310.9066
eval/best_win_rate:        1.0000	eval/ea_reward:          -312.7079	eval/ea_win_rate:          1.0000	eval/rl_reward:          -312.2174
eval/rl_win_rate:          1.0000	generate_cost_reward_mean:-42.9765	grid_purchase_cost_mean: 316162.5342	mean_soc_mean:             0.3139
return_mean:             -317.2895	return_std:               35.2282	soc_reserve_reward_mean:   0.0000	soc_violation_mean:       42.8383
test/battery_punishment_reward:-3913.4573	test/battle_won:           1.0000	test/bess_cost_reward:   -188.6615	test/buy_cost_reward:    -309013.3660
test/ep_length:           24.0000	test/episode_limit:        1.0000	test/generate_cost_reward:-48.0594	test/grid_purchase_cost: 309013.3660
test/mean_soc:             0.2253	test/return_mean:        -310.3981	test/return_std:          32.3107	test/soc_reserve_reward:   0.0000
test/soc_violation:       50.4015	test/total_power_loss:   14231.9013	test_battery_punishment_reward_mean:-3913.4573	test_battle_won_mean:      1.0000
test_bess_cost_reward_mean:-188.6615	test_buy_cost_reward_mean:-309013.3660	test_ep_length_mean:      24.0000	test_episode_limit_mean:   1.0000
test_generate_cost_reward_mean:-48.0594	test_grid_purchase_cost_mean:309013.3660	test_mean_soc_mean:        0.2253	test_return_mean:        -310.3981
test_return_std:          32.3107	test_soc_reserve_reward_mean:  0.0000	test_soc_violation_mean:  50.4015	test_total_power_loss_mean:14231.9013
total_power_loss_mean:   14557.3223	train/battery_punishment_reward:-3171.0055	train/battle_won:          1.0000	train/bess_cost_reward:  -163.3873
train/buy_cost_reward:   -316162.5342	train/ep_length:          24.0000	train/episode:           1421.0000	train/episode_limit:       1.0000
train/generate_cost_reward:-42.9765	train/grid_purchase_cost:316162.5342	train/mean_soc:            0.3139	train/return_mean:       -317.2895
train/return_std:         35.2282	train/soc_reserve_reward:  0.0000	train/soc_violation:      42.8383	train/t_env:             58176.0000
train/total_power_loss:  14557.3223	
[INFO 20:42:56] root Recent Stats | t_env:      59736 | Episode:     1454
battery_punishment_reward_mean:-3143.7901	battle_won_mean:           1.0000	bess_cost_reward_mean:   -166.5646	buffer/episodes:         2446.0000
buy_cost_reward_mean:    -315996.4805	ep_length_mean:           24.0000	episode_limit_mean:        1.0000	eval/best_reward:        -310.9066
eval/best_win_rate:        1.0000	eval/ea_reward:          -312.7079	eval/ea_win_rate:          1.0000	eval/rl_reward:          -312.2174
eval/rl_win_rate:          1.0000	generate_cost_reward_mean:-42.3515	grid_purchase_cost_mean: 315996.4805	mean_soc_mean:             0.3018
return_mean:             -317.1152	return_std:               33.9283	soc_reserve_reward_mean:   0.0000	soc_violation_mean:       42.5125
test/battery_punishment_reward:-3913.4573	test/battle_won:           1.0000	test/bess_cost_reward:   -188.6615	test/buy_cost_reward:    -309013.3660
test/ep_length:           24.0000	test/episode_limit:        1.0000	test/generate_cost_reward:-48.0594	test/grid_purchase_cost: 309013.3660
test/mean_soc:             0.2253	test/return_mean:        -310.3981	test/return_std:          32.3107	test/soc_reserve_reward:   0.0000
test/soc_violation:       50.4015	test/total_power_loss:   14231.9013	test_battery_punishment_reward_mean:-3913.4573	test_battle_won_mean:      1.0000
test_bess_cost_reward_mean:-188.6615	test_buy_cost_reward_mean:-309013.3660	test_ep_length_mean:      24.0000	test_episode_limit_mean:   1.0000
test_generate_cost_reward_mean:-48.0594	test_grid_purchase_cost_mean:309013.3660	test_mean_soc_mean:        0.2253	test_return_mean:        -310.3981
test_return_std:          32.3107	test_soc_reserve_reward_mean:  0.0000	test_soc_violation_mean:  50.4015	test_total_power_loss_mean:14231.9013
total_power_loss_mean:   14545.4603	train/battery_punishment_reward:-3143.7901	train/battle_won:          1.0000	train/bess_cost_reward:  -166.5646
train/buy_cost_reward:   -315996.4805	train/ep_length:          24.0000	train/episode:           1432.0000	train/episode_limit:       1.0000
train/generate_cost_reward:-42.3515	train/grid_purchase_cost:315996.4805	train/mean_soc:            0.3018	train/return_mean:       -317.1152
train/return_std:         33.9283	train/soc_reserve_reward:  0.0000	train/soc_violation:      42.5125	train/t_env:             58704.0000
train/total_power_loss:  14545.4603	
[INFO 20:43:06] root Recent Stats | t_env:      60240 | Episode:     1465
battery_punishment_reward_mean:-3165.1663	battle_won_mean:           1.0000	bess_cost_reward_mean:   -163.9365	buffer/episodes:         2468.0000
buy_cost_reward_mean:    -312044.6488	ep_length_mean:           24.0000	episode_limit_mean:        1.0000	eval/best_reward:        -310.9066
eval/best_win_rate:        1.0000	eval/ea_reward:          -312.7079	eval/ea_win_rate:          1.0000	eval/rl_reward:          -312.2174
eval/rl_win_rate:          1.0000	generate_cost_reward_mean:-41.6967	grid_purchase_cost_mean: 312044.6488	mean_soc_mean:             0.3110
return_mean:             -313.1693	return_std:               33.6273	soc_reserve_reward_mean:   0.0000	soc_violation_mean:       42.7504
test/battery_punishment_reward:-3913.4573	test/battle_won:           1.0000	test/bess_cost_reward:   -188.6615	test/buy_cost_reward:    -309013.3660
test/ep_length:           24.0000	test/episode_limit:        1.0000	test/generate_cost_reward:-48.0594	test/grid_purchase_cost: 309013.3660
test/mean_soc:             0.2253	test/return_mean:        -310.3981	test/return_std:          32.3107	test/soc_reserve_reward:   0.0000
test/soc_violation:       50.4015	test/total_power_loss:   14231.9013	test_battery_punishment_reward_mean:-3913.4573	test_battle_won_mean:      1.0000
test_bess_cost_reward_mean:-188.6615	test_buy_cost_reward_mean:-309013.3660	test_ep_length_mean:      24.0000	test_episode_limit_mean:   1.0000
test_generate_cost_reward_mean:-48.0594	test_grid_purchase_cost_mean:309013.3660	test_mean_soc_mean:        0.2253	test_return_mean:        -310.3981
test_return_std:          32.3107	test_soc_reserve_reward_mean:  0.0000	test_soc_violation_mean:  50.4015	test_total_power_loss_mean:14231.9013
total_power_loss_mean:   14378.9340	train/battery_punishment_reward:-3165.1663	train/battle_won:          1.0000	train/bess_cost_reward:  -163.9365
train/buy_cost_reward:   -312044.6488	train/ep_length:          24.0000	train/episode:           1443.0000	train/episode_limit:       1.0000
train/generate_cost_reward:-41.6967	train/grid_purchase_cost:312044.6488	train/mean_soc:            0.3110	train/return_mean:       -313.1693
train/return_std:         33.6273	train/soc_reserve_reward:  0.0000	train/soc_violation:      42.7504	train/t_env:             59232.0000
train/total_power_loss:  14378.9340	
[INFO 20:43:10] root Saving models to results\models\facmac_smac__2026-06-15_20-25-46\60384
[INFO 20:43:19] root Recent Stats | t_env:      60864 | Episode:     1476
battery_punishment_reward_mean:-3436.4132	battle_won_mean:           1.0000	bess_cost_reward_mean:   -161.1914	buffer/episodes:         2490.0000
buy_cost_reward_mean:    -310699.7463	ep_length_mean:           24.0000	episode_limit_mean:        1.0000	eval/best_reward:        -310.9066
eval/best_win_rate:        1.0000	eval/ea_reward:          -312.7079	eval/ea_win_rate:          1.0000	eval/rl_reward:          -312.2174
eval/rl_win_rate:          1.0000	generate_cost_reward_mean:-41.1632	grid_purchase_cost_mean: 310699.7463	mean_soc_mean:             0.3217
return_mean:             -311.9138	return_std:               34.5636	soc_reserve_reward_mean:   0.0000	soc_violation_mean:       45.5801
test/battery_punishment_reward:-3913.4573	test/battle_won:           1.0000	test/bess_cost_reward:   -188.6615	test/buy_cost_reward:    -309013.3660
test/ep_length:           24.0000	test/episode_limit:        1.0000	test/generate_cost_reward:-48.0594	test/grid_purchase_cost: 309013.3660
test/mean_soc:             0.2253	test/return_mean:        -310.3981	test/return_std:          32.3107	test/soc_reserve_reward:   0.0000
test/soc_violation:       50.4015	test/total_power_loss:   14231.9013	test_battery_punishment_reward_mean:-3913.4573	test_battle_won_mean:      1.0000
test_bess_cost_reward_mean:-188.6615	test_buy_cost_reward_mean:-309013.3660	test_ep_length_mean:      24.0000	test_episode_limit_mean:   1.0000
test_generate_cost_reward_mean:-48.0594	test_grid_purchase_cost_mean:309013.3660	test_mean_soc_mean:        0.2253	test_return_mean:        -310.3981
test_return_std:          32.3107	test_soc_reserve_reward_mean:  0.0000	test_soc_violation_mean:  50.4015	test_total_power_loss_mean:14231.9013
total_power_loss_mean:   14319.9372	train/battery_punishment_reward:-3436.4132	train/battle_won:          1.0000	train/bess_cost_reward:  -161.1914
train/buy_cost_reward:   -310699.7463	train/ep_length:          24.0000	train/episode:           1454.0000	train/episode_limit:       1.0000
train/generate_cost_reward:-41.1632	train/grid_purchase_cost:310699.7463	train/mean_soc:            0.3217	train/return_mean:       -311.9138
train/return_std:         34.5636	train/soc_reserve_reward:  0.0000	train/soc_violation:      45.5801	train/t_env:             59760.0000
train/total_power_loss:  14319.9372	
[INFO 20:43:24] root t_env: 61200 / 300000
[INFO 20:43:24] root Estimated time left: 1 hours, 14 minutes, 39 seconds. Time passed: 17 minutes, 37 seconds
[INFO 20:43:31] root Recent Stats | t_env:      61368 | Episode:     1487
battery_punishment_reward_mean:-3592.2770	battle_won_mean:           1.0000	bess_cost_reward_mean:   -168.1072	buffer/episodes:         2512.0000
buy_cost_reward_mean:    -309179.8517	ep_length_mean:           24.0000	episode_limit_mean:        1.0000	eval/best_reward:        -310.9366
eval/best_win_rate:        1.0000	eval/ea_reward:          -312.7379	eval/ea_win_rate:          1.0000	eval/rl_reward:          -313.1189
eval/rl_win_rate:          1.0000	generate_cost_reward_mean:-40.6393	grid_purchase_cost_mean: 309179.8517	mean_soc_mean:             0.2968
return_mean:             -310.4479	return_std:               35.5671	soc_reserve_reward_mean:   0.0000	soc_violation_mean:       47.2186
test/battery_punishment_reward:-3969.8300	test/battle_won:           1.0000	test/bess_cost_reward:   -190.3616	test/buy_cost_reward:    -310113.5774
test/ep_length:           24.0000	test/episode_limit:        1.0000	test/generate_cost_reward:-46.3325	test/grid_purchase_cost: 310113.5774
test/mean_soc:             0.2184	test/return_mean:        -311.5170	test/return_std:          28.7079	test/soc_reserve_reward:   0.0000
test/soc_violation:       51.0047	test/total_power_loss:   14270.6165	test_battery_punishment_reward_mean:-3969.8300	test_battle_won_mean:      1.0000
test_bess_cost_reward_mean:-190.3616	test_buy_cost_reward_mean:-310113.5774	test_ep_length_mean:      24.0000	test_episode_limit_mean:   1.0000
test_generate_cost_reward_mean:-46.3325	test_grid_purchase_cost_mean:310113.5774	test_mean_soc_mean:        0.2184	test_return_mean:        -311.5170
test_return_std:          28.7079	test_soc_reserve_reward_mean:  0.0000	test_soc_violation_mean:  51.0047	test_total_power_loss_mean:14270.6165
total_power_loss_mean:   14248.8129	train/battery_punishment_reward:-3592.2770	train/battle_won:          1.0000	train/bess_cost_reward:  -168.1072
train/buy_cost_reward:   -309179.8517	train/ep_length:          24.0000	train/episode:           1465.0000	train/episode_limit:       1.0000
train/generate_cost_reward:-40.6393	train/grid_purchase_cost:309179.8517	train/mean_soc:            0.2968	train/return_mean:       -310.4479
train/return_std:         35.5671	train/soc_reserve_reward:  0.0000	train/soc_violation:      47.2186	train/t_env:             60288.0000
train/total_power_loss:  14248.8129	
[INFO 20:43:38] root Recent Stats | t_env:      61872 | Episode:     1498
battery_punishment_reward_mean:-3776.2314	battle_won_mean:           1.0000	bess_cost_reward_mean:   -171.9537	buffer/episodes:         2534.0000
buy_cost_reward_mean:    -306752.5716	ep_length_mean:           24.0000	episode_limit_mean:        1.0000	eval/best_reward:        -310.9366
eval/best_win_rate:        1.0000	eval/ea_reward:          -312.7379	eval/ea_win_rate:          1.0000	eval/rl_reward:          -313.1189
eval/rl_win_rate:          1.0000	generate_cost_reward_mean:-39.6464	grid_purchase_cost_mean: 306752.5716	mean_soc_mean:             0.2831
return_mean:             -308.0829	return_std:               33.3212	soc_reserve_reward_mean:   0.0000	soc_violation_mean:       49.0954
test/battery_punishment_reward:-3969.8300	test/battle_won:           1.0000	test/bess_cost_reward:   -190.3616	test/buy_cost_reward:    -310113.5774
test/ep_length:           24.0000	test/episode_limit:        1.0000	test/generate_cost_reward:-46.3325	test/grid_purchase_cost: 310113.5774
test/mean_soc:             0.2184	test/return_mean:        -311.5170	test/return_std:          28.7079	test/soc_reserve_reward:   0.0000
test/soc_violation:       51.0047	test/total_power_loss:   14270.6165	test_battery_punishment_reward_mean:-3969.8300	test_battle_won_mean:      1.0000
test_bess_cost_reward_mean:-190.3616	test_buy_cost_reward_mean:-310113.5774	test_ep_length_mean:      24.0000	test_episode_limit_mean:   1.0000
test_generate_cost_reward_mean:-46.3325	test_grid_purchase_cost_mean:310113.5774	test_mean_soc_mean:        0.2184	test_return_mean:        -311.5170
test_return_std:          28.7079	test_soc_reserve_reward_mean:  0.0000	test_soc_violation_mean:  51.0047	test_total_power_loss_mean:14270.6165
total_power_loss_mean:   14135.4183	train/battery_punishment_reward:-3776.2314	train/battle_won:          1.0000	train/bess_cost_reward:  -171.9537
train/buy_cost_reward:   -306752.5716	train/ep_length:          24.0000	train/episode:           1476.0000	train/episode_limit:       1.0000
train/generate_cost_reward:-39.6464	train/grid_purchase_cost:306752.5716	train/mean_soc:            0.2831	train/return_mean:       -308.0829
train/return_std:         33.3212	train/soc_reserve_reward:  0.0000	train/soc_violation:      49.0954	train/t_env:             60816.0000
train/total_power_loss:  14135.4183	
RL eval  -308.1750848616473 1.0
EA eval  -309.0844777720816 1.0
RL eval  -308.2411239355177 1.0
EA eval  -308.922351890157 1.0
RL eval  -311.5529746271196 1.0
EA eval  -311.3528526345444 1.0
RL eval  -309.09660850009016 1.0
EA eval  -298.99299094265047 1.0
RL eval  -310.76879611067295 1.0
EA eval  -308.2671863652029 1.0
EA evolution start ...
EA evolution end.
RL eval  -310.88582949962097 1.0
EA eval  -307.85064669134476 1.0
Sync from RL --> Nevo
EA evolution start ...
EA evolution end.
Sync from RL --> Nevo
EA evolution start ...
EA evolution end.
Sync from RL --> Nevo
EA evolution start ...
EA evolution end.
Sync from RL --> Nevo
EA evolution start ...
EA evolution end.
Sync from RL --> Nevo
EA evolution start ...
EA evolution end.
Sync from RL --> Nevo
EA evolution start ...
EA evolution end.
Sync from RL --> Nevo
EA evolution start ...
EA evolution end.
Sync from RL --> Nevo
EA evolution start ...
EA evolution end.
Sync from RL --> Nevo
RL eval  -314.44689010420313 1.0
EA eval  -299.5713772598625 1.0
EA evolution start ...
EA evolution end.
Sync from RL --> Nevo
EA evolution start ...
EA evolution end.
Sync from RL --> Nevo
EA evolution start ...
EA evolution end.
Sync from RL --> Nevo
EA evolution start ...
EA evolution end.
Sync from RL --> Nevo
EA evolution start ...
EA evolution end.
Sync from RL --> Nevo
EA evolution start ...
EA evolution end.
Sync from RL --> Nevo
EA evolution start ...
EA evolution end.
Sync from RL --> Nevo
EA evolution start ...
EA evolution end.
Sync from RL --> Nevo
EA evolution start ...
EA evolution end.
RL eval  -308.7223326446448 1.0
EA eval  -313.4675568449342 1.0
Sync from RL --> Nevo
EA evolution start ...
EA evolution end.
Sync from RL --> Nevo
EA evolution start ...
EA evolution end.
Sync from RL --> Nevo
EA evolution start ...
EA evolution end.
Sync from RL --> Nevo
EA evolution start ...
EA evolution end.
Sync from RL --> Nevo
EA evolution start ...
EA evolution end.
Sync from RL --> Nevo
EA evolution start ...
EA evolution end.
Sync from RL --> Nevo
EA evolution start ...
EA evolution end.
Sync from RL --> Nevo
EA evolution start ...
EA evolution end.
Sync from RL --> Nevo
RL eval  -320.7074390890425 1.0
EA eval  -307.95317972847647 1.0
EA evolution start ...
EA evolution end.
Sync from RL --> Nevo
EA evolution start ...
EA evolution end.
Sync from RL --> Nevo
EA evolution start ...
EA evolution end.
Sync from RL --> Nevo
EA evolution start ...
EA evolution end.
Sync from RL --> Nevo
EA evolution start ...
EA evolution end.
Sync from RL --> Nevo
EA evolution start ...
EA evolution end.
Sync from RL --> Nevo
EA evolution start ...
EA evolution end.
Sync from RL --> Nevo
EA evolution start ...
EA evolution end.
Sync from RL --> Nevo
EA evolution start ...
EA evolution end.
RL eval  -312.39160804518514 1.0
EA eval  -305.4300950489267 1.0
Sync from RL --> Nevo
EA evolution start ...
EA evolution end.
Sync from RL --> Nevo
EA evolution start ...
EA evolution end.
Sync from RL --> Nevo
EA evolution start ...
EA evolution end.
Sync from RL --> Nevo
EA evolution start ...
EA evolution end.
Sync from RL --> Nevo
EA evolution start ...
EA evolution end.
Sync from RL --> Nevo
EA evolution start ...
EA evolution end.
Sync from RL --> Nevo
EA evolution start ...
EA evolution end.
Sync from RL --> Nevo
EA evolution start ...
EA evolution end.
Sync from RL --> Nevo
RL eval  -318.4501472600146 1.0
EA eval  -318.2192976826982 1.0
EA evolution start ...
EA evolution end.
Sync from RL --> Nevo
EA evolution start ...
EA evolution end.
Sync from RL --> Nevo
EA evolution start ...
EA evolution end.
Sync from RL --> Nevo
EA evolution start ...
EA evolution end.
Sync from RL --> Nevo
EA evolution start ...
EA evolution end.
Sync from RL --> Nevo
EA evolution start ...
EA evolution end.
Sync from RL --> Nevo
EA evolution start ...
EA evolution end.
Sync from RL --> Nevo
EA evolution start ...
EA evolution end.
Sync from RL --> Nevo
EA evolution start ...
EA evolution end.
RL eval  -316.80853498612487 1.0
EA eval  -314.65841958708165 1.0
Sync from RL --> Nevo
EA evolution start ...
EA evolution end.
Sync from RL --> Nevo
EA evolution start ...
EA evolution end.
Sync from RL --> Nevo
EA evolution start ...
EA evolution end.
Sync from RL --> Nevo
EA evolution start ...
EA evolution end.
Sync from RL --> Nevo
EA evolution start ...
EA evolution end.
Sync from RL --> Nevo
EA evolution start ...
EA evolution end.
Sync from RL --> Nevo
EA evolution start ...
EA evolution end.
Sync from RL --> Nevo
EA evolution start ...
EA evolution end.
Sync from RL --> Nevo
RL eval  -306.1506241932721 1.0
EA eval  -312.7477419769198 1.0
EA evolution start ...
EA evolution end.
Sync from RL --> Nevo
EA evolution start ...
EA evolution end.
Sync from RL --> Nevo
EA evolution start ...
EA evolution end.
Sync from RL --> Nevo
EA evolution start ...
EA evolution end.
Sync from RL --> Nevo
EA evolution start ...
EA evolution end.
Sync from RL --> Nevo
EA evolution start ...
EA evolution end.
Sync from RL --> Nevo
EA evolution start ...
EA evolution end.
Sync from RL --> Nevo
EA evolution start ...
EA evolution end.
Sync from RL --> Nevo
EA evolution start ...
EA evolution end.
RL eval  -308.72913517106434 1.0
EA eval  -311.45603911126216 1.0
Sync from RL --> Nevo
EA evolution start ...
EA evolution end.
Sync from RL --> Nevo
EA evolution start ...
EA evolution end.
Sync from RL --> Nevo
EA evolution start ...
EA evolution end.
Sync from RL --> Nevo
EA evolution start ...
EA evolution end.
Sync from RL --> Nevo
EA evolution start ...
EA evolution end.
Sync from RL --> Nevo
EA evolution start ...
EA evolution end.
Sync from RL --> Nevo
EA evolution start ...
EA evolution end.
Sync from RL --> Nevo
EA evolution start ...
EA evolution end.
Sync from RL --> Nevo
RL eval  -311.24873541127124 1.0
EA eval  -314.7646079346971 1.0
EA evolution start ...
EA evolution end.
Sync from RL --> Nevo
EA evolution start ...
EA evolution end.
Sync from RL --> Nevo
EA evolution start ...
EA evolution end.
Sync from RL --> Nevo
EA evolution start ...
EA evolution end.
Sync from RL --> Nevo
EA evolution start ...
EA evolution end.
Sync from RL --> Nevo
EA evolution start ...
EA evolution end.
Sync from RL --> Nevo
EA evolution start ...
EA evolution end.
Sync from RL --> Nevo
EA evolution start ...
EA evolution end.
Sync from RL --> Nevo
EA evolution start ...
EA evolution end.
RL eval  -323.5144941419624 1.0
EA eval  -311.7156267580481 1.0
Sync from RL --> Nevo
EA evolution start ...
EA evolution end.
Sync from RL --> Nevo
EA evolution start ...
EA evolution end.
Sync from RL --> Nevo
EA evolution start ...
EA evolution end.
Sync from RL --> Nevo
EA evolution start ...
EA evolution end.
Sync from RL --> Nevo
EA evolution start ...
EA evolution end.
Sync from RL --> Nevo
EA evolution start ...
EA evolution end.
Sync from RL --> Nevo
EA evolution start ...
EA evolution end.
Sync from RL --> Nevo
EA evolution start ...
EA evolution end.
Sync from RL --> Nevo
RL eval  -304.11652216580507 1.0
EA eval  -303.3401121986078 1.0
EA evolution start ...
EA evolution end.
Sync from RL --> Nevo
EA evolution start ...
EA evolution end.
Sync from RL --> Nevo
EA evolution start ...
EA evolution end.
Sync from RL --> Nevo
EA evolution start ...
EA evolution end.
Sync from RL --> Nevo
EA evolution start ...
EA evolution end.
Sync from RL --> Nevo
EA evolution start ...
EA evolution end.
Sync from RL --> Nevo
EA evolution start ...
EA evolution end.
Sync from RL --> Nevo
EA evolution start ...
EA evolution end.
Sync from RL --> Nevo
EA evolution start ...
EA evolution end.
RL eval  -313.4099871656963 1.0
EA eval  -315.25724559167634 1.0
Sync from RL --> Nevo
EA evolution start ...
EA evolution end.
Sync from RL --> Nevo
EA evolution start ...
EA evolution end.
Sync from RL --> Nevo
EA evolution start ...
EA evolution end.
[INFO 20:43:47] root Recent Stats | t_env:      62376 | Episode:     1509
battery_punishment_reward_mean:-3788.4073	battle_won_mean:           1.0000	bess_cost_reward_mean:   -167.9545	buffer/episodes:         2556.0000
buy_cost_reward_mean:    -306191.3918	ep_length_mean:           24.0000	episode_limit_mean:        1.0000	eval/best_reward:        -310.9366
eval/best_win_rate:        1.0000	eval/ea_reward:          -312.7379	eval/ea_win_rate:          1.0000	eval/rl_reward:          -313.1189
eval/rl_win_rate:          1.0000	generate_cost_reward_mean:-38.7636	grid_purchase_cost_mean: 306191.3918	mean_soc_mean:             0.2979
return_mean:             -307.5241	return_std:               33.7958	soc_reserve_reward_mean:   0.0000	soc_violation_mean:       49.2500
test/battery_punishment_reward:-3969.8300	test/battle_won:           1.0000	test/bess_cost_reward:   -190.3616	test/buy_cost_reward:    -310113.5774
test/ep_length:           24.0000	test/episode_limit:        1.0000	test/generate_cost_reward:-46.3325	test/grid_purchase_cost: 310113.5774
test/mean_soc:             0.2184	test/return_mean:        -311.5170	test/return_std:          28.7079	test/soc_reserve_reward:   0.0000
test/soc_violation:       51.0047	test/total_power_loss:   14270.6165	test_battery_punishment_reward_mean:-3969.8300	test_battle_won_mean:      1.0000
test_bess_cost_reward_mean:-190.3616	test_buy_cost_reward_mean:-310113.5774	test_ep_length_mean:      24.0000	test_episode_limit_mean:   1.0000
test_generate_cost_reward_mean:-46.3325	test_grid_purchase_cost_mean:310113.5774	test_mean_soc_mean:        0.2184	test_return_mean:        -311.5170
test_return_std:          28.7079	test_soc_reserve_reward_mean:  0.0000	test_soc_violation_mean:  51.0047	test_total_power_loss_mean:14270.6165
total_power_loss_mean:   14116.7863	train/battery_punishment_reward:-3788.4073	train/battle_won:          1.0000	train/bess_cost_reward:  -167.9545
train/buy_cost_reward:   -306191.3918	train/ep_length:          24.0000	train/episode:           1487.0000	train/episode_limit:       1.0000
train/generate_cost_reward:-38.7636	train/grid_purchase_cost:306191.3918	train/mean_soc:            0.2979	train/return_mean:       -307.5241
train/return_std:         33.7958	train/soc_reserve_reward:  0.0000	train/soc_violation:      49.2500	train/t_env:             61344.0000
train/total_power_loss:  14116.7863	
[INFO 20:43:56] root Recent Stats | t_env:      62880 | Episode:     1520
battery_punishment_reward_mean:-3826.9470	battle_won_mean:           1.0000	bess_cost_reward_mean:   -170.7620	buffer/episodes:         2578.0000
buy_cost_reward_mean:    -309563.2027	ep_length_mean:           24.0000	episode_limit_mean:        1.0000	eval/best_reward:        -310.9366
eval/best_win_rate:        1.0000	eval/ea_reward:          -312.7379	eval/ea_win_rate:          1.0000	eval/rl_reward:          -313.1189
eval/rl_win_rate:          1.0000	generate_cost_reward_mean:-39.2590	grid_purchase_cost_mean: 309563.2027	mean_soc_mean:             0.2882
return_mean:             -310.9099	return_std:               31.0703	soc_reserve_reward_mean:   0.0000	soc_violation_mean:       49.6166
test/battery_punishment_reward:-3969.8300	test/battle_won:           1.0000	test/bess_cost_reward:   -190.3616	test/buy_cost_reward:    -310113.5774
test/ep_length:           24.0000	test/episode_limit:        1.0000	test/generate_cost_reward:-46.3325	test/grid_purchase_cost: 310113.5774
test/mean_soc:             0.2184	test/return_mean:        -311.5170	test/return_std:          28.7079	test/soc_reserve_reward:   0.0000
test/soc_violation:       51.0047	test/total_power_loss:   14270.6165	test_battery_punishment_reward_mean:-3969.8300	test_battle_won_mean:      1.0000
test_bess_cost_reward_mean:-190.3616	test_buy_cost_reward_mean:-310113.5774	test_ep_length_mean:      24.0000	test_episode_limit_mean:   1.0000
test_generate_cost_reward_mean:-46.3325	test_grid_purchase_cost_mean:310113.5774	test_mean_soc_mean:        0.2184	test_return_mean:        -311.5170
test_return_std:          28.7079	test_soc_reserve_reward_mean:  0.0000	test_soc_violation_mean:  51.0047	test_total_power_loss_mean:14270.6165
total_power_loss_mean:   14249.7933	train/battery_punishment_reward:-3826.9470	train/battle_won:          1.0000	train/bess_cost_reward:  -170.7620
train/buy_cost_reward:   -309563.2027	train/ep_length:          24.0000	train/episode:           1498.0000	train/episode_limit:       1.0000
train/generate_cost_reward:-39.2590	train/grid_purchase_cost:309563.2027	train/mean_soc:            0.2882	train/return_mean:       -310.9099
train/return_std:         31.0703	train/soc_reserve_reward:  0.0000	train/soc_violation:      49.6166	train/t_env:             61872.0000
train/total_power_loss:  14249.7933	
[INFO 20:44:06] root t_env: 63264 / 300000
[INFO 20:44:06] root Estimated time left: 1 hours, 21 minutes, 10 seconds. Time passed: 18 minutes, 19 seconds
[INFO 20:44:13] root Recent Stats | t_env:      63504 | Episode:     1531
battery_punishment_reward_mean:-3868.1784	battle_won_mean:           1.0000	bess_cost_reward_mean:   -166.4150	buffer/episodes:         2600.0000
buy_cost_reward_mean:    -310359.4674	ep_length_mean:           24.0000	episode_limit_mean:        1.0000	eval/best_reward:        -310.3516
eval/best_win_rate:        1.0000	eval/ea_reward:          -310.9986	eval/ea_win_rate:          1.0000	eval/rl_reward:          -313.7024
eval/rl_win_rate:          1.0000	generate_cost_reward_mean:-38.2398	grid_purchase_cost_mean: 310359.4674	mean_soc_mean:             0.3043
return_mean:             -311.7181	return_std:               31.8507	soc_reserve_reward_mean:   0.0000	soc_violation_mean:       50.0536
test/battery_punishment_reward:-3196.9613	test/battle_won:           1.0000	test/bess_cost_reward:   -162.6929	test/buy_cost_reward:    -311454.3475
test/ep_length:           24.0000	test/episode_limit:        1.0000	test/generate_cost_reward:-42.5161	test/grid_purchase_cost: 311454.3475
test/mean_soc:             0.3148	test/return_mean:        -312.5895	test/return_std:          28.9976	test/soc_reserve_reward:   0.0000
test/soc_violation:       43.1294	test/total_power_loss:   14320.3091	test_battery_punishment_reward_mean:-3196.9613	test_battle_won_mean:      1.0000
test_bess_cost_reward_mean:-162.6929	test_buy_cost_reward_mean:-311454.3475	test_ep_length_mean:      24.0000	test_episode_limit_mean:   1.0000
test_generate_cost_reward_mean:-42.5161	test_grid_purchase_cost_mean:311454.3475	test_mean_soc_mean:        0.3148	test_return_mean:        -312.5895
test_return_std:          28.9976	test_soc_reserve_reward_mean:  0.0000	test_soc_violation_mean:  43.1294	test_total_power_loss_mean:14320.3091
total_power_loss_mean:   14289.6873	train/battery_punishment_reward:-3868.1784	train/battle_won:          1.0000	train/bess_cost_reward:  -166.4150
train/buy_cost_reward:   -310359.4674	train/ep_length:          24.0000	train/episode:           1509.0000	train/episode_limit:       1.0000
train/generate_cost_reward:-38.2398	train/grid_purchase_cost:310359.4674	train/mean_soc:            0.3043	train/return_mean:       -311.7181
train/return_std:         31.8507	train/soc_reserve_reward:  0.0000	train/soc_violation:      50.0536	train/t_env:             62400.0000
train/total_power_loss:  14289.6873	
[INFO 20:44:23] root Recent Stats | t_env:      64008 | Episode:     1542
battery_punishment_reward_mean:-3866.8932	battle_won_mean:           1.0000	bess_cost_reward_mean:   -162.9362	buffer/episodes:         2622.0000
buy_cost_reward_mean:    -307743.7719	ep_length_mean:           24.0000	episode_limit_mean:        1.0000	eval/best_reward:        -310.3516
eval/best_win_rate:        1.0000	eval/ea_reward:          -310.9986	eval/ea_win_rate:          1.0000	eval/rl_reward:          -313.7024
eval/rl_win_rate:          1.0000	generate_cost_reward_mean:-40.0280	grid_purchase_cost_mean: 307743.7719	mean_soc_mean:             0.3171
return_mean:             -309.1014	return_std:               30.0539	soc_reserve_reward_mean:   0.0000	soc_violation_mean:       49.9498
test/battery_punishment_reward:-3196.9613	test/battle_won:           1.0000	test/bess_cost_reward:   -162.6929	test/buy_cost_reward:    -311454.3475
test/ep_length:           24.0000	test/episode_limit:        1.0000	test/generate_cost_reward:-42.5161	test/grid_purchase_cost: 311454.3475
test/mean_soc:             0.3148	test/return_mean:        -312.5895	test/return_std:          28.9976	test/soc_reserve_reward:   0.0000
test/soc_violation:       43.1294	test/total_power_loss:   14320.3091	test_battery_punishment_reward_mean:-3196.9613	test_battle_won_mean:      1.0000
test_bess_cost_reward_mean:-162.6929	test_buy_cost_reward_mean:-311454.3475	test_ep_length_mean:      24.0000	test_episode_limit_mean:   1.0000
test_generate_cost_reward_mean:-42.5161	test_grid_purchase_cost_mean:311454.3475	test_mean_soc_mean:        0.3148	test_return_mean:        -312.5895
test_return_std:          28.9976	test_soc_reserve_reward_mean:  0.0000	test_soc_violation_mean:  43.1294	test_total_power_loss_mean:14320.3091
total_power_loss_mean:   14172.5836	train/battery_punishment_reward:-3866.8932	train/battle_won:          1.0000	train/bess_cost_reward:  -162.9362
train/buy_cost_reward:   -307743.7719	train/ep_length:          24.0000	train/episode:           1520.0000	train/episode_limit:       1.0000
train/generate_cost_reward:-40.0280	train/grid_purchase_cost:307743.7719	train/mean_soc:            0.3171	train/return_mean:       -309.1014
train/return_std:         30.0539	train/soc_reserve_reward:  0.0000	train/soc_violation:      49.9498	train/t_env:             62928.0000
train/total_power_loss:  14172.5836	
[INFO 20:44:33] root Recent Stats | t_env:      64512 | Episode:     1553
battery_punishment_reward_mean:-3751.1186	battle_won_mean:           1.0000	bess_cost_reward_mean:   -162.6414	buffer/episodes:         2644.0000
buy_cost_reward_mean:    -309070.3682	ep_length_mean:           24.0000	episode_limit_mean:        1.0000	eval/best_reward:        -310.3516
eval/best_win_rate:        1.0000	eval/ea_reward:          -310.9986	eval/ea_win_rate:          1.0000	eval/rl_reward:          -313.7024
eval/rl_win_rate:          1.0000	generate_cost_reward_mean:-42.0852	grid_purchase_cost_mean: 309070.3682	mean_soc_mean:             0.3178
return_mean:             -310.3901	return_std:               28.1680	soc_reserve_reward_mean:   0.0000	soc_violation_mean:       48.8074
test/battery_punishment_reward:-3196.9613	test/battle_won:           1.0000	test/bess_cost_reward:   -162.6929	test/buy_cost_reward:    -311454.3475
test/ep_length:           24.0000	test/episode_limit:        1.0000	test/generate_cost_reward:-42.5161	test/grid_purchase_cost: 311454.3475
test/mean_soc:             0.3148	test/return_mean:        -312.5895	test/return_std:          28.9976	test/soc_reserve_reward:   0.0000
test/soc_violation:       43.1294	test/total_power_loss:   14320.3091	test_battery_punishment_reward_mean:-3196.9613	test_battle_won_mean:      1.0000
test_bess_cost_reward_mean:-162.6929	test_buy_cost_reward_mean:-311454.3475	test_ep_length_mean:      24.0000	test_episode_limit_mean:   1.0000
test_generate_cost_reward_mean:-42.5161	test_grid_purchase_cost_mean:311454.3475	test_mean_soc_mean:        0.3148	test_return_mean:        -312.5895
test_return_std:          28.9976	test_soc_reserve_reward_mean:  0.0000	test_soc_violation_mean:  43.1294	test_total_power_loss_mean:14320.3091
total_power_loss_mean:   14227.9040	train/battery_punishment_reward:-3751.1186	train/battle_won:          1.0000	train/bess_cost_reward:  -162.6414
train/buy_cost_reward:   -309070.3682	train/ep_length:          24.0000	train/episode:           1531.0000	train/episode_limit:       1.0000
train/generate_cost_reward:-42.0852	train/grid_purchase_cost:309070.3682	train/mean_soc:            0.3178	train/return_mean:       -310.3901
train/return_std:         28.1680	train/soc_reserve_reward:  0.0000	train/soc_violation:      48.8074	train/t_env:             63456.0000
train/total_power_loss:  14227.9040	
[INFO 20:44:42] root Recent Stats | t_env:      65016 | Episode:     1564
battery_punishment_reward_mean:-3795.7038	battle_won_mean:           1.0000	bess_cost_reward_mean:   -163.1651	buffer/episodes:         2666.0000
buy_cost_reward_mean:    -308436.4378	ep_length_mean:           24.0000	episode_limit_mean:        1.0000	eval/best_reward:        -310.3516
eval/best_win_rate:        1.0000	eval/ea_reward:          -310.9986	eval/ea_win_rate:          1.0000	eval/rl_reward:          -313.7024
eval/rl_win_rate:          1.0000	generate_cost_reward_mean:-40.1159	grid_purchase_cost_mean: 308436.4378	mean_soc_mean:             0.3157
return_mean:             -309.7705	return_std:               27.4509	soc_reserve_reward_mean:   0.0000	soc_violation_mean:       49.2655
test/battery_punishment_reward:-3196.9613	test/battle_won:           1.0000	test/bess_cost_reward:   -162.6929	test/buy_cost_reward:    -311454.3475
test/ep_length:           24.0000	test/episode_limit:        1.0000	test/generate_cost_reward:-42.5161	test/grid_purchase_cost: 311454.3475
test/mean_soc:             0.3148	test/return_mean:        -312.5895	test/return_std:          28.9976	test/soc_reserve_reward:   0.0000
test/soc_violation:       43.1294	test/total_power_loss:   14320.3091	test_battery_punishment_reward_mean:-3196.9613	test_battle_won_mean:      1.0000
test_bess_cost_reward_mean:-162.6929	test_buy_cost_reward_mean:-311454.3475	test_ep_length_mean:      24.0000	test_episode_limit_mean:   1.0000
test_generate_cost_reward_mean:-42.5161	test_grid_purchase_cost_mean:311454.3475	test_mean_soc_mean:        0.3148	test_return_mean:        -312.5895
test_return_std:          28.9976	test_soc_reserve_reward_mean:  0.0000	test_soc_violation_mean:  43.1294	test_total_power_loss_mean:14320.3091
total_power_loss_mean:   14196.0938	train/battery_punishment_reward:-3795.7038	train/battle_won:          1.0000	train/bess_cost_reward:  -163.1651
train/buy_cost_reward:   -308436.4378	train/ep_length:          24.0000	train/episode:           1542.0000	train/episode_limit:       1.0000
train/generate_cost_reward:-40.1159	train/grid_purchase_cost:308436.4378	train/mean_soc:            0.3157	train/return_mean:       -309.7705
train/return_std:         27.4509	train/soc_reserve_reward:  0.0000	train/soc_violation:      49.2655	train/t_env:             63984.0000
train/total_power_loss:  14196.0938	
[INFO 20:44:47] root t_env: 65280 / 300000
[INFO 20:44:47] root Estimated time left: 1 hours, 19 minutes, 1 seconds. Time passed: 19 minutes, 0 seconds
[INFO 20:44:53] root Recent Stats | t_env:      65520 | Episode:     1575
battery_punishment_reward_mean:-3609.8198	battle_won_mean:           1.0000	bess_cost_reward_mean:   -159.9062	buffer/episodes:         2688.0000
buy_cost_reward_mean:    -309001.8075	ep_length_mean:           24.0000	episode_limit_mean:        1.0000	eval/best_reward:        -309.1023
eval/best_win_rate:        1.0000	eval/ea_reward:          -309.7492	eval/ea_win_rate:          1.0000	eval/rl_reward:          -312.8353
eval/rl_win_rate:          1.0000	generate_cost_reward_mean:-40.0906	grid_purchase_cost_mean: 309001.8075	mean_soc_mean:             0.3268
return_mean:             -310.2728	return_std:               29.0010	soc_reserve_reward_mean:   0.0000	soc_violation_mean:       47.4052
test/battery_punishment_reward:-2727.8364	test/battle_won:           1.0000	test/bess_cost_reward:   -162.7002	test/buy_cost_reward:    -308005.2013
test/ep_length:           24.0000	test/episode_limit:        1.0000	test/generate_cost_reward:-41.7447	test/grid_purchase_cost: 308005.2013
test/mean_soc:             0.3148	test/return_mean:        -308.9837	test/return_std:          30.1399	test/soc_reserve_reward:   0.0000
test/soc_violation:       38.6415	test/total_power_loss:   14183.3068	test_battery_punishment_reward_mean:-2727.8364	test_battle_won_mean:      1.0000
test_bess_cost_reward_mean:-162.7002	test_buy_cost_reward_mean:-308005.2013	test_ep_length_mean:      24.0000	test_episode_limit_mean:   1.0000
test_generate_cost_reward_mean:-41.7447	test_grid_purchase_cost_mean:308005.2013	test_mean_soc_mean:        0.3148	test_return_mean:        -308.9837
test_return_std:          30.1399	test_soc_reserve_reward_mean:  0.0000	test_soc_violation_mean:  38.6415	test_total_power_loss_mean:14183.3068
total_power_loss_mean:   14226.6266	train/battery_punishment_reward:-3609.8198	train/battle_won:          1.0000	train/bess_cost_reward:  -159.9062
train/buy_cost_reward:   -309001.8075	train/ep_length:          24.0000	train/episode:           1553.0000	train/episode_limit:       1.0000
train/generate_cost_reward:-40.0906	train/grid_purchase_cost:309001.8075	train/mean_soc:            0.3268	train/return_mean:       -310.2728
train/return_std:         29.0010	train/soc_reserve_reward:  0.0000	train/soc_violation:      47.4052	train/t_env:             64512.0000
train/total_power_loss:  14226.6266	
[INFO 20:45:08] root Recent Stats | t_env:      66144 | Episode:     1586
battery_punishment_reward_mean:-3691.1126	battle_won_mean:           1.0000	bess_cost_reward_mean:   -162.0449	buffer/episodes:         2710.0000
buy_cost_reward_mean:    -315711.3451	ep_length_mean:           24.0000	episode_limit_mean:        1.0000	eval/best_reward:        -309.1023
eval/best_win_rate:        1.0000	eval/ea_reward:          -309.7492	eval/ea_win_rate:          1.0000	eval/rl_reward:          -312.8353
eval/rl_win_rate:          1.0000	generate_cost_reward_mean:-39.8342	grid_purchase_cost_mean: 315711.3451	mean_soc_mean:             0.3188
return_mean:             -317.0100	return_std:               31.9193	soc_reserve_reward_mean:   0.0000	soc_violation_mean:       48.2617
test/battery_punishment_reward:-2727.8364	test/battle_won:           1.0000	test/bess_cost_reward:   -162.7002	test/buy_cost_reward:    -308005.2013
test/ep_length:           24.0000	test/episode_limit:        1.0000	test/generate_cost_reward:-41.7447	test/grid_purchase_cost: 308005.2013
test/mean_soc:             0.3148	test/return_mean:        -308.9837	test/return_std:          30.1399	test/soc_reserve_reward:   0.0000
test/soc_violation:       38.6415	test/total_power_loss:   14183.3068	test_battery_punishment_reward_mean:-2727.8364	test_battle_won_mean:      1.0000
test_bess_cost_reward_mean:-162.7002	test_buy_cost_reward_mean:-308005.2013	test_ep_length_mean:      24.0000	test_episode_limit_mean:   1.0000
test_generate_cost_reward_mean:-41.7447	test_grid_purchase_cost_mean:308005.2013	test_mean_soc_mean:        0.3148	test_return_mean:        -308.9837
test_return_std:          30.1399	test_soc_reserve_reward_mean:  0.0000	test_soc_violation_mean:  38.6415	test_total_power_loss_mean:14183.3068
total_power_loss_mean:   14503.4805	train/battery_punishment_reward:-3691.1126	train/battle_won:          1.0000	train/bess_cost_reward:  -162.0449
train/buy_cost_reward:   -315711.3451	train/ep_length:          24.0000	train/episode:           1564.0000	train/episode_limit:       1.0000
train/generate_cost_reward:-39.8342	train/grid_purchase_cost:315711.3451	train/mean_soc:            0.3188	train/return_mean:       -317.0100
train/return_std:         31.9193	train/soc_reserve_reward:  0.0000	train/soc_violation:      48.2617	train/t_env:             65040.0000
train/total_power_loss:  14503.4805	
[INFO 20:45:17] root Recent Stats | t_env:      66648 | Episode:     1597
battery_punishment_reward_mean:-3721.2472	battle_won_mean:           1.0000	bess_cost_reward_mean:   -160.8045	buffer/episodes:         2732.0000
buy_cost_reward_mean:    -317266.7178	ep_length_mean:           24.0000	episode_limit_mean:        1.0000	eval/best_reward:        -309.1023
eval/best_win_rate:        1.0000	eval/ea_reward:          -309.7492	eval/ea_win_rate:          1.0000	eval/rl_reward:          -312.8353
eval/rl_win_rate:          1.0000	generate_cost_reward_mean:-38.2941	grid_purchase_cost_mean: 317266.7178	mean_soc_mean:             0.3247
return_mean:             -318.5745	return_std:               35.1750	soc_reserve_reward_mean:   0.0000	soc_violation_mean:       48.5256
test/battery_punishment_reward:-2727.8364	test/battle_won:           1.0000	test/bess_cost_reward:   -162.7002	test/buy_cost_reward:    -308005.2013
test/ep_length:           24.0000	test/episode_limit:        1.0000	test/generate_cost_reward:-41.7447	test/grid_purchase_cost: 308005.2013
test/mean_soc:             0.3148	test/return_mean:        -308.9837	test/return_std:          30.1399	test/soc_reserve_reward:   0.0000
test/soc_violation:       38.6415	test/total_power_loss:   14183.3068	test_battery_punishment_reward_mean:-2727.8364	test_battle_won_mean:      1.0000
test_bess_cost_reward_mean:-162.7002	test_buy_cost_reward_mean:-308005.2013	test_ep_length_mean:      24.0000	test_episode_limit_mean:   1.0000
test_generate_cost_reward_mean:-41.7447	test_grid_purchase_cost_mean:308005.2013	test_mean_soc_mean:        0.3148	test_return_mean:        -308.9837
test_return_std:          30.1399	test_soc_reserve_reward_mean:  0.0000	test_soc_violation_mean:  38.6415	test_total_power_loss_mean:14183.3068
total_power_loss_mean:   14581.5289	train/battery_punishment_reward:-3721.2472	train/battle_won:          1.0000	train/bess_cost_reward:  -160.8045
train/buy_cost_reward:   -317266.7178	train/ep_length:          24.0000	train/episode:           1575.0000	train/episode_limit:       1.0000
train/generate_cost_reward:-38.2941	train/grid_purchase_cost:317266.7178	train/mean_soc:            0.3247	train/return_mean:       -318.5745
train/return_std:         35.1750	train/soc_reserve_reward:  0.0000	train/soc_violation:      48.5256	train/t_env:             65568.0000
train/total_power_loss:  14581.5289	
[INFO 20:45:26] root Recent Stats | t_env:      67152 | Episode:     1608
battery_punishment_reward_mean:-3724.7817	battle_won_mean:           1.0000	bess_cost_reward_mean:   -159.8407	buffer/episodes:         2754.0000
buy_cost_reward_mean:    -320842.9731	ep_length_mean:           24.0000	episode_limit_mean:        1.0000	eval/best_reward:        -309.1023
eval/best_win_rate:        1.0000	eval/ea_reward:          -309.7492	eval/ea_win_rate:          1.0000	eval/rl_reward:          -312.8353
eval/rl_win_rate:          1.0000	generate_cost_reward_mean:-39.6306	grid_purchase_cost_mean: 320842.9731	mean_soc_mean:             0.3292
return_mean:             -322.1521	return_std:               36.0665	soc_reserve_reward_mean:   0.0000	soc_violation_mean:       48.5562
test/battery_punishment_reward:-2727.8364	test/battle_won:           1.0000	test/bess_cost_reward:   -162.7002	test/buy_cost_reward:    -308005.2013
test/ep_length:           24.0000	test/episode_limit:        1.0000	test/generate_cost_reward:-41.7447	test/grid_purchase_cost: 308005.2013
test/mean_soc:             0.3148	test/return_mean:        -308.9837	test/return_std:          30.1399	test/soc_reserve_reward:   0.0000
test/soc_violation:       38.6415	test/total_power_loss:   14183.3068	test_battery_punishment_reward_mean:-2727.8364	test_battle_won_mean:      1.0000
test_bess_cost_reward_mean:-162.7002	test_buy_cost_reward_mean:-308005.2013	test_ep_length_mean:      24.0000	test_episode_limit_mean:   1.0000
test_generate_cost_reward_mean:-41.7447	test_grid_purchase_cost_mean:308005.2013	test_mean_soc_mean:        0.3148	test_return_mean:        -308.9837
test_return_std:          30.1399	test_soc_reserve_reward_mean:  0.0000	test_soc_violation_mean:  38.6415	test_total_power_loss_mean:14183.3068
total_power_loss_mean:   14720.3154	train/battery_punishment_reward:-3724.7817	train/battle_won:          1.0000	train/bess_cost_reward:  -159.8407
train/buy_cost_reward:   -320842.9731	train/ep_length:          24.0000	train/episode:           1586.0000	train/episode_limit:       1.0000
train/generate_cost_reward:-39.6306	train/grid_purchase_cost:320842.9731	train/mean_soc:            0.3292	train/return_mean:       -322.1521
train/return_std:         36.0665	train/soc_reserve_reward:  0.0000	train/soc_violation:      48.5562	train/t_env:             66096.0000
train/total_power_loss:  14720.3154	
[INFO 20:45:30] root t_env: 67344 / 300000
[INFO 20:45:30] root Estimated time left: 1 hours, 20 minutes, 24 seconds. Time passed: 19 minutes, 43 seconds
[INFO 20:45:36] root Recent Stats | t_env:      67656 | Episode:     1619
battery_punishment_reward_mean:-3907.8969	battle_won_mean:           1.0000	bess_cost_reward_mean:   -156.3440	buffer/episodes:         2776.0000
buy_cost_reward_mean:    -318544.5285	ep_length_mean:           24.0000	episode_limit_mean:        1.0000	eval/best_reward:        -308.0345
eval/best_win_rate:        1.0000	eval/ea_reward:          -309.1468	eval/ea_win_rate:          1.0000	eval/rl_reward:          -311.7676
eval/rl_win_rate:          1.0000	generate_cost_reward_mean:-39.8716	grid_purchase_cost_mean: 318544.5285	mean_soc_mean:             0.3427
return_mean:             -319.9136	return_std:               37.8938	soc_reserve_reward_mean:   0.0000	soc_violation_mean:       50.3942
test/battery_punishment_reward:-3840.1532	test/battle_won:           1.0000	test/bess_cost_reward:   -194.4575	test/buy_cost_reward:    -307301.6571
test/ep_length:           24.0000	test/episode_limit:        1.0000	test/generate_cost_reward:-47.8360	test/grid_purchase_cost: 307301.6571
test/mean_soc:             0.2000	test/return_mean:        -308.6638	test/return_std:          30.5168	test/soc_reserve_reward:   0.0000
test/soc_violation:       50.0222	test/total_power_loss:   14149.9215	test_battery_punishment_reward_mean:-3840.1532	test_battle_won_mean:      1.0000
test_bess_cost_reward_mean:-194.4575	test_buy_cost_reward_mean:-307301.6571	test_ep_length_mean:      24.0000	test_episode_limit_mean:   1.0000
test_generate_cost_reward_mean:-47.8360	test_grid_purchase_cost_mean:307301.6571	test_mean_soc_mean:        0.2000	test_return_mean:        -308.6638
test_return_std:          30.5168	test_soc_reserve_reward_mean:  0.0000	test_soc_violation_mean:  50.0222	test_total_power_loss_mean:14149.9215
total_power_loss_mean:   14620.9826	train/battery_punishment_reward:-3907.8969	train/battle_won:          1.0000	train/bess_cost_reward:  -156.3440
train/buy_cost_reward:   -318544.5285	train/ep_length:          24.0000	train/episode:           1597.0000	train/episode_limit:       1.0000
train/generate_cost_reward:-39.8716	train/grid_purchase_cost:318544.5285	train/mean_soc:            0.3427	train/return_mean:       -319.9136
train/return_std:         37.8938	train/soc_reserve_reward:  0.0000	train/soc_violation:      50.3942	train/t_env:             66624.0000
train/total_power_loss:  14620.9826	
[INFO 20:45:45] root Recent Stats | t_env:      68160 | Episode:     1630
battery_punishment_reward_mean:-3830.6108	battle_won_mean:           1.0000	bess_cost_reward_mean:   -155.7351	buffer/episodes:         2798.0000
buy_cost_reward_mean:    -318434.5068	ep_length_mean:           24.0000	episode_limit_mean:        1.0000	eval/best_reward:        -308.0345
eval/best_win_rate:        1.0000	eval/ea_reward:          -309.1468	eval/ea_win_rate:          1.0000	eval/rl_reward:          -311.7676
eval/rl_win_rate:          1.0000	generate_cost_reward_mean:-41.2974	grid_purchase_cost_mean: 318434.5068	mean_soc_mean:             0.3451
return_mean:             -319.7781	return_std:               36.5843	soc_reserve_reward_mean:   0.0000	soc_violation_mean:       49.5972
test/battery_punishment_reward:-3840.1532	test/battle_won:           1.0000	test/bess_cost_reward:   -194.4575	test/buy_cost_reward:    -307301.6571
test/ep_length:           24.0000	test/episode_limit:        1.0000	test/generate_cost_reward:-47.8360	test/grid_purchase_cost: 307301.6571
test/mean_soc:             0.2000	test/return_mean:        -308.6638	test/return_std:          30.5168	test/soc_reserve_reward:   0.0000
test/soc_violation:       50.0222	test/total_power_loss:   14149.9215	test_battery_punishment_reward_mean:-3840.1532	test_battle_won_mean:      1.0000
test_bess_cost_reward_mean:-194.4575	test_buy_cost_reward_mean:-307301.6571	test_ep_length_mean:      24.0000	test_episode_limit_mean:   1.0000
test_generate_cost_reward_mean:-47.8360	test_grid_purchase_cost_mean:307301.6571	test_mean_soc_mean:        0.2000	test_return_mean:        -308.6638
test_return_std:          30.5168	test_soc_reserve_reward_mean:  0.0000	test_soc_violation_mean:  50.0222	test_total_power_loss_mean:14149.9215
total_power_loss_mean:   14625.6017	train/battery_punishment_reward:-3830.6108	train/battle_won:          1.0000	train/bess_cost_reward:  -155.7351
train/buy_cost_reward:   -318434.5068	train/ep_length:          24.0000	train/episode:           1608.0000	train/episode_limit:       1.0000
train/generate_cost_reward:-41.2974	train/grid_purchase_cost:318434.5068	train/mean_soc:            0.3451	train/return_mean:       -319.7781
train/return_std:         36.5843	train/soc_reserve_reward:  0.0000	train/soc_violation:      49.5972	train/t_env:             67152.0000
train/total_power_loss:  14625.6017	
[INFO 20:46:00] root Recent Stats | t_env:      68784 | Episode:     1641
battery_punishment_reward_mean:-3768.9074	battle_won_mean:           1.0000	bess_cost_reward_mean:   -156.5957	buffer/episodes:         2820.0000
buy_cost_reward_mean:    -315917.5701	ep_length_mean:           24.0000	episode_limit_mean:        1.0000	eval/best_reward:        -308.0345
eval/best_win_rate:        1.0000	eval/ea_reward:          -309.1468	eval/ea_win_rate:          1.0000	eval/rl_reward:          -311.7676
eval/rl_win_rate:          1.0000	generate_cost_reward_mean:-39.1835	grid_purchase_cost_mean: 315917.5701	mean_soc_mean:             0.3416
return_mean:             -317.2402	return_std:               34.7336	soc_reserve_reward_mean:   0.0000	soc_violation_mean:       48.9700
test/battery_punishment_reward:-3840.1532	test/battle_won:           1.0000	test/bess_cost_reward:   -194.4575	test/buy_cost_reward:    -307301.6571
test/ep_length:           24.0000	test/episode_limit:        1.0000	test/generate_cost_reward:-47.8360	test/grid_purchase_cost: 307301.6571
test/mean_soc:             0.2000	test/return_mean:        -308.6638	test/return_std:          30.5168	test/soc_reserve_reward:   0.0000
test/soc_violation:       50.0222	test/total_power_loss:   14149.9215	test_battery_punishment_reward_mean:-3840.1532	test_battle_won_mean:      1.0000
test_bess_cost_reward_mean:-194.4575	test_buy_cost_reward_mean:-307301.6571	test_ep_length_mean:      24.0000	test_episode_limit_mean:   1.0000
test_generate_cost_reward_mean:-47.8360	test_grid_purchase_cost_mean:307301.6571	test_mean_soc_mean:        0.2000	test_return_mean:        -308.6638
test_return_std:          30.5168	test_soc_reserve_reward_mean:  0.0000	test_soc_violation_mean:  50.0222	test_total_power_loss_mean:14149.9215
total_power_loss_mean:   14523.9300	train/battery_punishment_reward:-3768.9074	train/battle_won:          1.0000	train/bess_cost_reward:  -156.5957
train/buy_cost_reward:   -315917.5701	train/ep_length:          24.0000	train/episode:           1619.0000	train/episode_limit:       1.0000
train/generate_cost_reward:-39.1835	train/grid_purchase_cost:315917.5701	train/mean_soc:            0.3416	train/return_mean:       -317.2402
train/return_std:         34.7336	train/soc_reserve_reward:  0.0000	train/soc_violation:      48.9700	train/t_env:             67680.0000
train/total_power_loss:  14523.9300	
[INFO 20:46:07] root Recent Stats | t_env:      69288 | Episode:     1652
battery_punishment_reward_mean:-3777.5584	battle_won_mean:           1.0000	bess_cost_reward_mean:   -154.9965	buffer/episodes:         2842.0000
buy_cost_reward_mean:    -315463.7374	ep_length_mean:           24.0000	episode_limit_mean:        1.0000	eval/best_reward:        -308.0345
eval/best_win_rate:        1.0000	eval/ea_reward:          -309.1468	eval/ea_win_rate:          1.0000	eval/rl_reward:          -311.7676
eval/rl_win_rate:          1.0000	generate_cost_reward_mean:-39.0308	grid_purchase_cost_mean: 315463.7374	mean_soc_mean:             0.3467
return_mean:             -316.7886	return_std:               33.0145	soc_reserve_reward_mean:   0.0000	soc_violation_mean:       49.0995
test/battery_punishment_reward:-3840.1532	test/battle_won:           1.0000	test/bess_cost_reward:   -194.4575	test/buy_cost_reward:    -307301.6571
test/ep_length:           24.0000	test/episode_limit:        1.0000	test/generate_cost_reward:-47.8360	test/grid_purchase_cost: 307301.6571
test/mean_soc:             0.2000	test/return_mean:        -308.6638	test/return_std:          30.5168	test/soc_reserve_reward:   0.0000
test/soc_violation:       50.0222	test/total_power_loss:   14149.9215	test_battery_punishment_reward_mean:-3840.1532	test_battle_won_mean:      1.0000
test_bess_cost_reward_mean:-194.4575	test_buy_cost_reward_mean:-307301.6571	test_ep_length_mean:      24.0000	test_episode_limit_mean:   1.0000
test_generate_cost_reward_mean:-47.8360	test_grid_purchase_cost_mean:307301.6571	test_mean_soc_mean:        0.2000	test_return_mean:        -308.6638
test_return_std:          30.5168	test_soc_reserve_reward_mean:  0.0000	test_soc_violation_mean:  50.0222	test_total_power_loss_mean:14149.9215
total_power_loss_mean:   14489.0036	train/battery_punishment_reward:-3777.5584	train/battle_won:          1.0000	train/bess_cost_reward:  -154.9965
train/buy_cost_reward:   -315463.7374	train/ep_length:          24.0000	train/episode:           1630.0000	train/episode_limit:       1.0000
train/generate_cost_reward:-39.0308	train/grid_purchase_cost:315463.7374	train/mean_soc:            0.3467	train/return_mean:       -316.7886
train/return_std:         33.0145	train/soc_reserve_reward:  0.0000	train/soc_violation:      49.0995	train/t_env:             68208.0000
train/total_power_loss:  14489.0036	
[INFO 20:46:07] root t_env: 69360 / 300000
[INFO 20:46:07] root Estimated time left: 1 hours, 10 minutes, 54 seconds. Time passed: 20 minutes, 20 seconds
[INFO 20:46:18] root Recent Stats | t_env:      69792 | Episode:     1663
battery_punishment_reward_mean:-3621.1873	battle_won_mean:           1.0000	bess_cost_reward_mean:   -159.0360	buffer/episodes:         2864.0000
buy_cost_reward_mean:    -310928.5135	ep_length_mean:           24.0000	episode_limit_mean:        1.0000	eval/best_reward:        -309.1457
eval/best_win_rate:        1.0000	eval/ea_reward:          -310.1522	eval/ea_win_rate:          1.0000	eval/rl_reward:          -313.7933
eval/rl_win_rate:          1.0000	generate_cost_reward_mean:-38.1616	grid_purchase_cost_mean: 310928.5135	mean_soc_mean:             0.3309
return_mean:             -312.2023	return_std:               35.0760	soc_reserve_reward_mean:   0.0000	soc_violation_mean:       47.5224
test/battery_punishment_reward:-3840.1506	test/battle_won:           1.0000	test/bess_cost_reward:   -194.4597	test/buy_cost_reward:    -311612.8777
test/ep_length:           24.0000	test/episode_limit:        1.0000	test/generate_cost_reward:-47.8311	test/grid_purchase_cost: 311612.8777
test/mean_soc:             0.2000	test/return_mean:        -312.9750	test/return_std:          31.6323	test/soc_reserve_reward:   0.0000
test/soc_violation:       50.0241	test/total_power_loss:   14333.0859	test_battery_punishment_reward_mean:-3840.1506	test_battle_won_mean:      1.0000
test_bess_cost_reward_mean:-194.4597	test_buy_cost_reward_mean:-311612.8777	test_ep_length_mean:      24.0000	test_episode_limit_mean:   1.0000
test_generate_cost_reward_mean:-47.8311	test_grid_purchase_cost_mean:311612.8777	test_mean_soc_mean:        0.2000	test_return_mean:        -312.9750
test_return_std:          31.6323	test_soc_reserve_reward_mean:  0.0000	test_soc_violation_mean:  50.0241	test_total_power_loss_mean:14333.0859
total_power_loss_mean:   14308.5336	train/battery_punishment_reward:-3621.1873	train/battle_won:          1.0000	train/bess_cost_reward:  -159.0360
train/buy_cost_reward:   -310928.5135	train/ep_length:          24.0000	train/episode:           1641.0000	train/episode_limit:       1.0000
train/generate_cost_reward:-38.1616	train/grid_purchase_cost:310928.5135	train/mean_soc:            0.3309	train/return_mean:       -312.2023
train/return_std:         35.0760	train/soc_reserve_reward:  0.0000	train/soc_violation:      47.5224	train/t_env:             68736.0000
train/total_power_loss:  14308.5336	
[INFO 20:46:27] root Recent Stats | t_env:      70296 | Episode:     1674
battery_punishment_reward_mean:-3565.3589	battle_won_mean:           1.0000	bess_cost_reward_mean:   -162.3009	buffer/episodes:         2886.0000
buy_cost_reward_mean:    -313487.1664	ep_length_mean:           24.0000	episode_limit_mean:        1.0000	eval/best_reward:        -309.1457
eval/best_win_rate:        1.0000	eval/ea_reward:          -310.1522	eval/ea_win_rate:          1.0000	eval/rl_reward:          -313.7933
eval/rl_win_rate:          1.0000	generate_cost_reward_mean:-36.4973	grid_purchase_cost_mean: 313487.1664	mean_soc_mean:             0.3190
return_mean:             -314.7428	return_std:               32.4394	soc_reserve_reward_mean:   0.0000	soc_violation_mean:       46.9614
test/battery_punishment_reward:-3840.1506	test/battle_won:           1.0000	test/bess_cost_reward:   -194.4597	test/buy_cost_reward:    -311612.8777
test/ep_length:           24.0000	test/episode_limit:        1.0000	test/generate_cost_reward:-47.8311	test/grid_purchase_cost: 311612.8777
test/mean_soc:             0.2000	test/return_mean:        -312.9750	test/return_std:          31.6323	test/soc_reserve_reward:   0.0000
test/soc_violation:       50.0241	test/total_power_loss:   14333.0859	test_battery_punishment_reward_mean:-3840.1506	test_battle_won_mean:      1.0000
test_bess_cost_reward_mean:-194.4597	test_buy_cost_reward_mean:-311612.8777	test_ep_length_mean:      24.0000	test_episode_limit_mean:   1.0000
test_generate_cost_reward_mean:-47.8311	test_grid_purchase_cost_mean:311612.8777	test_mean_soc_mean:        0.2000	test_return_mean:        -312.9750
test_return_std:          31.6323	test_soc_reserve_reward_mean:  0.0000	test_soc_violation_mean:  50.0241	test_total_power_loss_mean:14333.0859
total_power_loss_mean:   14423.3094	train/battery_punishment_reward:-3565.3589	train/battle_won:          1.0000	train/bess_cost_reward:  -162.3009
train/buy_cost_reward:   -313487.1664	train/ep_length:          24.0000	train/episode:           1652.0000	train/episode_limit:       1.0000
train/generate_cost_reward:-36.4973	train/grid_purchase_cost:313487.1664	train/mean_soc:            0.3190	train/return_mean:       -314.7428
train/return_std:         32.4394	train/soc_reserve_reward:  0.0000	train/soc_violation:      46.9614	train/t_env:             69264.0000
train/total_power_loss:  14423.3094	
[INFO 20:46:30] root Saving models to results\models\facmac_smac__2026-06-15_20-25-46\70464
[INFO 20:46:35] root Recent Stats | t_env:      70800 | Episode:     1685
battery_punishment_reward_mean:-3593.1899	battle_won_mean:           1.0000	bess_cost_reward_mean:   -165.0956	buffer/episodes:         2908.0000
buy_cost_reward_mean:    -312056.2650	ep_length_mean:           24.0000	episode_limit_mean:        1.0000	eval/best_reward:        -309.1457
eval/best_win_rate:        1.0000	eval/ea_reward:          -310.1522	eval/ea_win_rate:          1.0000	eval/rl_reward:          -313.7933
eval/rl_win_rate:          1.0000	generate_cost_reward_mean:-35.1702	grid_purchase_cost_mean: 312056.2650	mean_soc_mean:             0.3087
return_mean:             -313.3217	return_std:               30.2875	soc_reserve_reward_mean:   0.0000	soc_violation_mean:       47.2743
test/battery_punishment_reward:-3840.1506	test/battle_won:           1.0000	test/bess_cost_reward:   -194.4597	test/buy_cost_reward:    -311612.8777
test/ep_length:           24.0000	test/episode_limit:        1.0000	test/generate_cost_reward:-47.8311	test/grid_purchase_cost: 311612.8777
test/mean_soc:             0.2000	test/return_mean:        -312.9750	test/return_std:          31.6323	test/soc_reserve_reward:   0.0000
test/soc_violation:       50.0241	test/total_power_loss:   14333.0859	test_battery_punishment_reward_mean:-3840.1506	test_battle_won_mean:      1.0000
test_bess_cost_reward_mean:-194.4597	test_buy_cost_reward_mean:-311612.8777	test_ep_length_mean:      24.0000	test_episode_limit_mean:   1.0000
test_generate_cost_reward_mean:-47.8311	test_grid_purchase_cost_mean:311612.8777	test_mean_soc_mean:        0.2000	test_return_mean:        -312.9750
test_return_std:          31.6323	test_soc_reserve_reward_mean:  0.0000	test_soc_violation_mean:  50.0241	test_total_power_loss_mean:14333.0859
total_power_loss_mean:   14356.9905	train/battery_punishment_reward:-3593.1899	train/battle_won:          1.0000	train/bess_cost_reward:  -165.0956
train/buy_cost_reward:   -312056.2650	train/ep_length:          24.0000	train/episode:           1663.0000	train/episode_limit:       1.0000
train/generate_cost_reward:-35.1702	train/grid_purchase_cost:312056.2650	train/mean_soc:            0.3087	train/return_mean:       -313.3217
train/return_std:         30.2875	train/soc_reserve_reward:  0.0000	train/soc_violation:      47.2743	train/t_env:             69792.0000
train/total_power_loss:  14356.9905	
[INFO 20:46:49] root t_env: 71424 / 300000
[INFO 20:46:49] root Estimated time left: 1 hours, 17 minutes, 0 seconds. Time passed: 21 minutes, 2 seconds
[INFO 20:46:50] root Recent Stats | t_env:      71424 | Episode:     1696
battery_punishment_reward_mean:-3654.4298	battle_won_mean:           1.0000	bess_cost_reward_mean:   -161.9361	buffer/episodes:         2930.0000
buy_cost_reward_mean:    -309452.9179	ep_length_mean:           24.0000	episode_limit_mean:        1.0000	eval/best_reward:        -309.3480
eval/best_win_rate:        1.0000	eval/ea_reward:          -310.3545	eval/ea_win_rate:          1.0000	eval/rl_reward:          -312.8468
eval/rl_win_rate:          1.0000	generate_cost_reward_mean:-36.3874	grid_purchase_cost_mean: 309452.9179	mean_soc_mean:             0.3214
return_mean:             -310.7381	return_std:               32.9451	soc_reserve_reward_mean:   0.0000	soc_violation_mean:       47.8774
test/battery_punishment_reward:-2716.6812	test/battle_won:           1.0000	test/bess_cost_reward:   -192.9170	test/buy_cost_reward:    -313264.1209
test/ep_length:           24.0000	test/episode_limit:        1.0000	test/generate_cost_reward:-32.2806	test/grid_purchase_cost: 313264.1209
test/mean_soc:             0.2044	test/return_mean:        -314.2456	test/return_std:          32.6513	test/soc_reserve_reward:   0.0000
test/soc_violation:       38.0801	test/total_power_loss:   14403.1619	test_battery_punishment_reward_mean:-2716.6812	test_battle_won_mean:      1.0000
test_bess_cost_reward_mean:-192.9170	test_buy_cost_reward_mean:-313264.1209	test_ep_length_mean:      24.0000	test_episode_limit_mean:   1.0000
test_generate_cost_reward_mean:-32.2806	test_grid_purchase_cost_mean:313264.1209	test_mean_soc_mean:        0.2044	test_return_mean:        -314.2456
test_return_std:          32.6513	test_soc_reserve_reward_mean:  0.0000	test_soc_violation_mean:  38.0801	test_total_power_loss_mean:14403.1619
total_power_loss_mean:   14244.7893	train/battery_punishment_reward:-3654.4298	train/battle_won:          1.0000	train/bess_cost_reward:  -161.9361
train/buy_cost_reward:   -309452.9179	train/ep_length:          24.0000	train/episode:           1674.0000	train/episode_limit:       1.0000
train/generate_cost_reward:-36.3874	train/grid_purchase_cost:309452.9179	train/mean_soc:            0.3214	train/return_mean:       -310.7381
train/return_std:         32.9451	train/soc_reserve_reward:  0.0000	train/soc_violation:      47.8774	train/t_env:             70320.0000
train/total_power_loss:  14244.7893	
[INFO 20:46:59] root Recent Stats | t_env:      71928 | Episode:     1707
battery_punishment_reward_mean:-3597.9821	battle_won_mean:           1.0000	bess_cost_reward_mean:   -163.5645	buffer/episodes:         2952.0000
buy_cost_reward_mean:    -304962.2763	ep_length_mean:           24.0000	episode_limit_mean:        1.0000	eval/best_reward:        -309.3480
eval/best_win_rate:        1.0000	eval/ea_reward:          -310.3545	eval/ea_win_rate:          1.0000	eval/rl_reward:          -312.8468
eval/rl_win_rate:          1.0000	generate_cost_reward_mean:-36.1297	grid_purchase_cost_mean: 304962.2763	mean_soc_mean:             0.3154
return_mean:             -306.2291	return_std:               33.7477	soc_reserve_reward_mean:   0.0000	soc_violation_mean:       47.2778
test/battery_punishment_reward:-2716.6812	test/battle_won:           1.0000	test/bess_cost_reward:   -192.9170	test/buy_cost_reward:    -313264.1209
test/ep_length:           24.0000	test/episode_limit:        1.0000	test/generate_cost_reward:-32.2806	test/grid_purchase_cost: 313264.1209
test/mean_soc:             0.2044	test/return_mean:        -314.2456	test/return_std:          32.6513	test/soc_reserve_reward:   0.0000
test/soc_violation:       38.0801	test/total_power_loss:   14403.1619	test_battery_punishment_reward_mean:-2716.6812	test_battle_won_mean:      1.0000
test_bess_cost_reward_mean:-192.9170	test_buy_cost_reward_mean:-313264.1209	test_ep_length_mean:      24.0000	test_episode_limit_mean:   1.0000
test_generate_cost_reward_mean:-32.2806	test_grid_purchase_cost_mean:313264.1209	test_mean_soc_mean:        0.2044	test_return_mean:        -314.2456
test_return_std:          32.6513	test_soc_reserve_reward_mean:  0.0000	test_soc_violation_mean:  38.0801	test_total_power_loss_mean:14403.1619
total_power_loss_mean:   14069.4731	train/battery_punishment_reward:-3597.9821	train/battle_won:          1.0000	train/bess_cost_reward:  -163.5645
train/buy_cost_reward:   -304962.2763	train/ep_length:          24.0000	train/episode:           1685.0000	train/episode_limit:       1.0000
train/generate_cost_reward:-36.1297	train/grid_purchase_cost:304962.2763	train/mean_soc:            0.3154	train/return_mean:       -306.2291
train/return_std:         33.7477	train/soc_reserve_reward:  0.0000	train/soc_violation:      47.2778	train/t_env:             70848.0000
train/total_power_loss:  14069.4731	
[INFO 20:47:09] root Recent Stats | t_env:      72432 | Episode:     1718
battery_punishment_reward_mean:-3524.3510	battle_won_mean:           1.0000	bess_cost_reward_mean:   -163.0923	buffer/episodes:         2974.0000
buy_cost_reward_mean:    -307625.3591	ep_length_mean:           24.0000	episode_limit_mean:        1.0000	eval/best_reward:        -309.3480
eval/best_win_rate:        1.0000	eval/ea_reward:          -310.3545	eval/ea_win_rate:          1.0000	eval/rl_reward:          -312.8468
eval/rl_win_rate:          1.0000	generate_cost_reward_mean:-36.7750	grid_purchase_cost_mean: 307625.3591	mean_soc_mean:             0.3166
return_mean:             -308.8677	return_std:               32.2428	soc_reserve_reward_mean:   0.0000	soc_violation_mean:       46.4189
test/battery_punishment_reward:-2716.6812	test/battle_won:           1.0000	test/bess_cost_reward:   -192.9170	test/buy_cost_reward:    -313264.1209
test/ep_length:           24.0000	test/episode_limit:        1.0000	test/generate_cost_reward:-32.2806	test/grid_purchase_cost: 313264.1209
test/mean_soc:             0.2044	test/return_mean:        -314.2456	test/return_std:          32.6513	test/soc_reserve_reward:   0.0000
test/soc_violation:       38.0801	test/total_power_loss:   14403.1619	test_battery_punishment_reward_mean:-2716.6812	test_battle_won_mean:      1.0000
test_bess_cost_reward_mean:-192.9170	test_buy_cost_reward_mean:-313264.1209	test_ep_length_mean:      24.0000	test_episode_limit_mean:   1.0000
test_generate_cost_reward_mean:-32.2806	test_grid_purchase_cost_mean:313264.1209	test_mean_soc_mean:        0.2044	test_return_mean:        -314.2456
test_return_std:          32.6513	test_soc_reserve_reward_mean:  0.0000	test_soc_violation_mean:  38.0801	test_total_power_loss_mean:14403.1619
total_power_loss_mean:   14186.2996	train/battery_punishment_reward:-3524.3510	train/battle_won:          1.0000	train/bess_cost_reward:  -163.0923
train/buy_cost_reward:   -307625.3591	train/ep_length:          24.0000	train/episode:           1696.0000	train/episode_limit:       1.0000
train/generate_cost_reward:-36.7750	train/grid_purchase_cost:307625.3591	train/mean_soc:            0.3166	train/return_mean:       -308.8677
train/return_std:         32.2428	train/soc_reserve_reward:  0.0000	train/soc_violation:      46.4189	train/t_env:             71376.0000
train/total_power_loss:  14186.2996	
[INFO 20:47:18] root Recent Stats | t_env:      72936 | Episode:     1729
battery_punishment_reward_mean:-3198.6098	battle_won_mean:           1.0000	bess_cost_reward_mean:   -167.2371	buffer/episodes:         2996.0000
buy_cost_reward_mean:    -303631.4846	ep_length_mean:           24.0000	episode_limit_mean:        1.0000	eval/best_reward:        -309.3480
eval/best_win_rate:        1.0000	eval/ea_reward:          -310.3545	eval/ea_win_rate:          1.0000	eval/rl_reward:          -312.8468
eval/rl_win_rate:          1.0000	generate_cost_reward_mean:-37.6643	grid_purchase_cost_mean: 303631.4846	mean_soc_mean:             0.3006
return_mean:             -304.7670	return_std:               33.3524	soc_reserve_reward_mean:   0.0000	soc_violation_mean:       43.0866
test/battery_punishment_reward:-2716.6812	test/battle_won:           1.0000	test/bess_cost_reward:   -192.9170	test/buy_cost_reward:    -313264.1209
test/ep_length:           24.0000	test/episode_limit:        1.0000	test/generate_cost_reward:-32.2806	test/grid_purchase_cost: 313264.1209
test/mean_soc:             0.2044	test/return_mean:        -314.2456	test/return_std:          32.6513	test/soc_reserve_reward:   0.0000
test/soc_violation:       38.0801	test/total_power_loss:   14403.1619	test_battery_punishment_reward_mean:-2716.6812	test_battle_won_mean:      1.0000
test_bess_cost_reward_mean:-192.9170	test_buy_cost_reward_mean:-313264.1209	test_ep_length_mean:      24.0000	test_episode_limit_mean:   1.0000
test_generate_cost_reward_mean:-32.2806	test_grid_purchase_cost_mean:313264.1209	test_mean_soc_mean:        0.2044	test_return_mean:        -314.2456
test_return_std:          32.6513	test_soc_reserve_reward_mean:  0.0000	test_soc_violation_mean:  38.0801	test_total_power_loss_mean:14403.1619
total_power_loss_mean:   14018.1415	train/battery_punishment_reward:-3198.6098	train/battle_won:          1.0000	train/bess_cost_reward:  -167.2371
train/buy_cost_reward:   -303631.4846	train/ep_length:          24.0000	train/episode:           1707.0000	train/episode_limit:       1.0000
train/generate_cost_reward:-37.6643	train/grid_purchase_cost:303631.4846	train/mean_soc:            0.3006	train/return_mean:       -304.7670
train/return_std:         33.3524	train/soc_reserve_reward:  0.0000	train/soc_violation:      43.0866	train/t_env:             71904.0000
train/total_power_loss:  14018.1415	
[INFO 20:47:28] root t_env: 73440 / 300000
[INFO 20:47:28] root Estimated time left: 1 hours, 12 minutes, 44 seconds. Time passed: 21 minutes, 41 seconds
[INFO 20:47:29] root Recent Stats | t_env:      73440 | Episode:     1740
battery_punishment_reward_mean:-2909.3049	battle_won_mean:           1.0000	bess_cost_reward_mean:   -172.4461	buffer/episodes:         3018.0000
buy_cost_reward_mean:    -303605.5045	ep_length_mean:           24.0000	episode_limit_mean:        1.0000	eval/best_reward:        -308.7118
eval/best_win_rate:        1.0000	eval/ea_reward:          -309.8089	eval/ea_win_rate:          1.0000	eval/rl_reward:          -311.0422
eval/rl_win_rate:          1.0000	generate_cost_reward_mean:-38.9149	grid_purchase_cost_mean: 303605.5045	mean_soc_mean:             0.2807
return_mean:             -304.6467	return_std:               34.5127	soc_reserve_reward_mean:   0.0000	soc_violation_mean:       39.9726
test/battery_punishment_reward:-2391.3397	test/battle_won:           1.0000	test/bess_cost_reward:   -160.2244	test/buy_cost_reward:    -310423.0045
test/ep_length:           24.0000	test/episode_limit:        1.0000	test/generate_cost_reward:-26.0106	test/grid_purchase_cost: 310423.0045
test/mean_soc:             0.3242	test/return_mean:        -311.2828	test/return_std:          31.6781	test/soc_reserve_reward:   0.0000
test/soc_violation:       34.9240	test/total_power_loss:   14287.6270	test_battery_punishment_reward_mean:-2391.3397	test_battle_won_mean:      1.0000
test_bess_cost_reward_mean:-160.2244	test_buy_cost_reward_mean:-310423.0045	test_ep_length_mean:      24.0000	test_episode_limit_mean:   1.0000
test_generate_cost_reward_mean:-26.0106	test_grid_purchase_cost_mean:310423.0045	test_mean_soc_mean:        0.3242	test_return_mean:        -311.2828
test_return_std:          31.6781	test_soc_reserve_reward_mean:  0.0000	test_soc_violation_mean:  34.9240	test_total_power_loss_mean:14287.6270
total_power_loss_mean:   14010.3727	train/battery_punishment_reward:-2909.3049	train/battle_won:          1.0000	train/bess_cost_reward:  -172.4461
train/buy_cost_reward:   -303605.5045	train/ep_length:          24.0000	train/episode:           1718.0000	train/episode_limit:       1.0000
train/generate_cost_reward:-38.9149	train/grid_purchase_cost:303605.5045	train/mean_soc:            0.2807	train/return_mean:       -304.6467
train/return_std:         34.5127	train/soc_reserve_reward:  0.0000	train/soc_violation:      39.9726	train/t_env:             72432.0000
train/total_power_loss:  14010.3727	
[INFO 20:47:43] root Recent Stats | t_env:      74064 | Episode:     1751
battery_punishment_reward_mean:-2722.5313	battle_won_mean:           1.0000	bess_cost_reward_mean:   -168.1884	buffer/episodes:         3040.0000
buy_cost_reward_mean:    -305365.2648	ep_length_mean:           24.0000	episode_limit_mean:        1.0000	eval/best_reward:        -308.7118
eval/best_win_rate:        1.0000	eval/ea_reward:          -309.8089	eval/ea_win_rate:          1.0000	eval/rl_reward:          -311.0422
eval/rl_win_rate:          1.0000	generate_cost_reward_mean:-37.7353	grid_purchase_cost_mean: 305365.2648	mean_soc_mean:             0.2955
return_mean:             -306.3424	return_std:               33.7009	soc_reserve_reward_mean:   0.0000	soc_violation_mean:       38.2277
test/battery_punishment_reward:-2391.3397	test/battle_won:           1.0000	test/bess_cost_reward:   -160.2244	test/buy_cost_reward:    -310423.0045
test/ep_length:           24.0000	test/episode_limit:        1.0000	test/generate_cost_reward:-26.0106	test/grid_purchase_cost: 310423.0045
test/mean_soc:             0.3242	test/return_mean:        -311.2828	test/return_std:          31.6781	test/soc_reserve_reward:   0.0000
test/soc_violation:       34.9240	test/total_power_loss:   14287.6270	test_battery_punishment_reward_mean:-2391.3397	test_battle_won_mean:      1.0000
test_bess_cost_reward_mean:-160.2244	test_buy_cost_reward_mean:-310423.0045	test_ep_length_mean:      24.0000	test_episode_limit_mean:   1.0000
test_generate_cost_reward_mean:-26.0106	test_grid_purchase_cost_mean:310423.0045	test_mean_soc_mean:        0.3242	test_return_mean:        -311.2828
test_return_std:          31.6781	test_soc_reserve_reward_mean:  0.0000	test_soc_violation_mean:  34.9240	test_total_power_loss_mean:14287.6270
total_power_loss_mean:   14079.0311	train/battery_punishment_reward:-2722.5313	train/battle_won:          1.0000	train/bess_cost_reward:  -168.1884
train/buy_cost_reward:   -305365.2648	train/ep_length:          24.0000	train/episode:           1729.0000	train/episode_limit:       1.0000
train/generate_cost_reward:-37.7353	train/grid_purchase_cost:305365.2648	train/mean_soc:            0.2955	train/return_mean:       -306.3424
train/return_std:         33.7009	train/soc_reserve_reward:  0.0000	train/soc_violation:      38.2277	train/t_env:             72960.0000
train/total_power_loss:  14079.0311	
[INFO 20:47:53] root Recent Stats | t_env:      74568 | Episode:     1762
battery_punishment_reward_mean:-2838.9699	battle_won_mean:           1.0000	bess_cost_reward_mean:   -169.6338	buffer/episodes:         3062.0000
buy_cost_reward_mean:    -306125.4620	ep_length_mean:           24.0000	episode_limit_mean:        1.0000	eval/best_reward:        -308.7118
eval/best_win_rate:        1.0000	eval/ea_reward:          -309.8089	eval/ea_win_rate:          1.0000	eval/rl_reward:          -311.0422
eval/rl_win_rate:          1.0000	generate_cost_reward_mean:-41.1206	grid_purchase_cost_mean: 306125.4620	mean_soc_mean:             0.2900
return_mean:             -307.1431	return_std:               33.3399	soc_reserve_reward_mean:   0.0000	soc_violation_mean:       39.4153
test/battery_punishment_reward:-2391.3397	test/battle_won:           1.0000	test/bess_cost_reward:   -160.2244	test/buy_cost_reward:    -310423.0045
test/ep_length:           24.0000	test/episode_limit:        1.0000	test/generate_cost_reward:-26.0106	test/grid_purchase_cost: 310423.0045
test/mean_soc:             0.3242	test/return_mean:        -311.2828	test/return_std:          31.6781	test/soc_reserve_reward:   0.0000
test/soc_violation:       34.9240	test/total_power_loss:   14287.6270	test_battery_punishment_reward_mean:-2391.3397	test_battle_won_mean:      1.0000
test_bess_cost_reward_mean:-160.2244	test_buy_cost_reward_mean:-310423.0045	test_ep_length_mean:      24.0000	test_episode_limit_mean:   1.0000
test_generate_cost_reward_mean:-26.0106	test_grid_purchase_cost_mean:310423.0045	test_mean_soc_mean:        0.3242	test_return_mean:        -311.2828
test_return_std:          31.6781	test_soc_reserve_reward_mean:  0.0000	test_soc_violation_mean:  34.9240	test_total_power_loss_mean:14287.6270
total_power_loss_mean:   14101.3866	train/battery_punishment_reward:-2838.9699	train/battle_won:          1.0000	train/bess_cost_reward:  -169.6338
train/buy_cost_reward:   -306125.4620	train/ep_length:          24.0000	train/episode:           1740.0000	train/episode_limit:       1.0000
train/generate_cost_reward:-41.1206	train/grid_purchase_cost:306125.4620	train/mean_soc:            0.2900	train/return_mean:       -307.1431
train/return_std:         33.3399	train/soc_reserve_reward:  0.0000	train/soc_violation:      39.4153	train/t_env:             73488.0000
train/total_power_loss:  14101.3866	
[INFO 20:48:03] root Recent Stats | t_env:      75072 | Episode:     1773
battery_punishment_reward_mean:-2863.7327	battle_won_mean:           1.0000	bess_cost_reward_mean:   -170.5345	buffer/episodes:         3084.0000
buy_cost_reward_mean:    -303372.2078	ep_length_mean:           24.0000	episode_limit_mean:        1.0000	eval/best_reward:        -308.7118
eval/best_win_rate:        1.0000	eval/ea_reward:          -309.8089	eval/ea_win_rate:          1.0000	eval/rl_reward:          -311.0422
eval/rl_win_rate:          1.0000	generate_cost_reward_mean:-40.8519	grid_purchase_cost_mean: 303372.2078	mean_soc_mean:             0.2870
return_mean:             -304.3983	return_std:               32.2261	soc_reserve_reward_mean:   0.0000	soc_violation_mean:       39.8973
test/battery_punishment_reward:-2391.3397	test/battle_won:           1.0000	test/bess_cost_reward:   -160.2244	test/buy_cost_reward:    -310423.0045
test/ep_length:           24.0000	test/episode_limit:        1.0000	test/generate_cost_reward:-26.0106	test/grid_purchase_cost: 310423.0045
test/mean_soc:             0.3242	test/return_mean:        -311.2828	test/return_std:          31.6781	test/soc_reserve_reward:   0.0000
test/soc_violation:       34.9240	test/total_power_loss:   14287.6270	test_battery_punishment_reward_mean:-2391.3397	test_battle_won_mean:      1.0000
test_bess_cost_reward_mean:-160.2244	test_buy_cost_reward_mean:-310423.0045	test_ep_length_mean:      24.0000	test_episode_limit_mean:   1.0000
test_generate_cost_reward_mean:-26.0106	test_grid_purchase_cost_mean:310423.0045	test_mean_soc_mean:        0.3242	test_return_mean:        -311.2828
test_return_std:          31.6781	test_soc_reserve_reward_mean:  0.0000	test_soc_violation_mean:  34.9240	test_total_power_loss_mean:14287.6270
total_power_loss_mean:   13977.2900	train/battery_punishment_reward:-2863.7327	train/battle_won:          1.0000	train/bess_cost_reward:  -170.5345
train/buy_cost_reward:   -303372.2078	train/ep_length:          24.0000	train/episode:           1751.0000	train/episode_limit:       1.0000
train/generate_cost_reward:-40.8519	train/grid_purchase_cost:303372.2078	train/mean_soc:            0.2870	train/return_mean:       -304.3983
train/return_std:         32.2261	train/soc_reserve_reward:  0.0000	train/soc_violation:      39.8973	train/t_env:             74016.0000
train/total_power_loss:  13977.2900	
[INFO 20:48:13] root t_env: 75504 / 300000
[INFO 20:48:13] root Estimated time left: 1 hours, 22 minutes, 19 seconds. Time passed: 22 minutes, 26 seconds
[INFO 20:48:15] root Recent Stats | t_env:      75576 | Episode:     1784
battery_punishment_reward_mean:-2966.4430	battle_won_mean:           1.0000	bess_cost_reward_mean:   -166.8569	buffer/episodes:         3106.0000
buy_cost_reward_mean:    -306194.0201	ep_length_mean:           24.0000	episode_limit_mean:        1.0000	eval/best_reward:        -309.8750
eval/best_win_rate:        1.0000	eval/ea_reward:          -310.9721	eval/ea_win_rate:          1.0000	eval/rl_reward:          -311.9161
eval/rl_win_rate:          1.0000	generate_cost_reward_mean:-40.7851	grid_purchase_cost_mean: 306194.0201	mean_soc_mean:             0.3005
return_mean:             -307.2531	return_std:               32.5479	soc_reserve_reward_mean:   0.0000	soc_violation_mean:       41.0268
test/battery_punishment_reward:-2909.3713	test/battle_won:           1.0000	test/bess_cost_reward:   -161.7584	test/buy_cost_reward:    -312348.2094
test/ep_length:           24.0000	test/episode_limit:        1.0000	test/generate_cost_reward:-32.0810	test/grid_purchase_cost: 312348.2094
test/mean_soc:             0.3198	test/return_mean:        -313.3834	test/return_std:          29.1170	test/soc_reserve_reward:   0.0000
test/soc_violation:       41.1202	test/total_power_loss:   14368.5881	test_battery_punishment_reward_mean:-2909.3713	test_battle_won_mean:      1.0000
test_bess_cost_reward_mean:-161.7584	test_buy_cost_reward_mean:-312348.2094	test_ep_length_mean:      24.0000	test_episode_limit_mean:   1.0000
test_generate_cost_reward_mean:-32.0810	test_grid_purchase_cost_mean:312348.2094	test_mean_soc_mean:        0.3198	test_return_mean:        -313.3834
test_return_std:          29.1170	test_soc_reserve_reward_mean:  0.0000	test_soc_violation_mean:  41.1202	test_total_power_loss_mean:14368.5881
total_power_loss_mean:   14094.4097	train/battery_punishment_reward:-2966.4430	train/battle_won:          1.0000	train/bess_cost_reward:  -166.8569
train/buy_cost_reward:   -306194.0201	train/ep_length:          24.0000	train/episode:           1762.0000	train/episode_limit:       1.0000
train/generate_cost_reward:-40.7851	train/grid_purchase_cost:306194.0201	train/mean_soc:            0.3005	train/return_mean:       -307.2531
train/return_std:         32.5479	train/soc_reserve_reward:  0.0000	train/soc_violation:      41.0268	train/t_env:             74544.0000
train/total_power_loss:  14094.4097	
[INFO 20:48:26] root Recent Stats | t_env:      76080 | Episode:     1795
battery_punishment_reward_mean:-3039.3745	battle_won_mean:           1.0000	bess_cost_reward_mean:   -163.7231	buffer/episodes:         3128.0000
buy_cost_reward_mean:    -306019.3505	ep_length_mean:           24.0000	episode_limit_mean:        1.0000	eval/best_reward:        -309.8750
eval/best_win_rate:        1.0000	eval/ea_reward:          -310.9721	eval/ea_win_rate:          1.0000	eval/rl_reward:          -311.9161
eval/rl_win_rate:          1.0000	generate_cost_reward_mean:-38.9643	grid_purchase_cost_mean: 306019.3505	mean_soc_mean:             0.3123
return_mean:             -307.1011	return_std:               32.8521	soc_reserve_reward_mean:   0.0000	soc_violation_mean:       41.8616
test/battery_punishment_reward:-2909.3713	test/battle_won:           1.0000	test/bess_cost_reward:   -161.7584	test/buy_cost_reward:    -312348.2094
test/ep_length:           24.0000	test/episode_limit:        1.0000	test/generate_cost_reward:-32.0810	test/grid_purchase_cost: 312348.2094
test/mean_soc:             0.3198	test/return_mean:        -313.3834	test/return_std:          29.1170	test/soc_reserve_reward:   0.0000
test/soc_violation:       41.1202	test/total_power_loss:   14368.5881	test_battery_punishment_reward_mean:-2909.3713	test_battle_won_mean:      1.0000
test_bess_cost_reward_mean:-161.7584	test_buy_cost_reward_mean:-312348.2094	test_ep_length_mean:      24.0000	test_episode_limit_mean:   1.0000
test_generate_cost_reward_mean:-32.0810	test_grid_purchase_cost_mean:312348.2094	test_mean_soc_mean:        0.3198	test_return_mean:        -313.3834
test_return_std:          29.1170	test_soc_reserve_reward_mean:  0.0000	test_soc_violation_mean:  41.1202	test_total_power_loss_mean:14368.5881
total_power_loss_mean:   14084.6835	train/battery_punishment_reward:-3039.3745	train/battle_won:          1.0000	train/bess_cost_reward:  -163.7231
train/buy_cost_reward:   -306019.3505	train/ep_length:          24.0000	train/episode:           1773.0000	train/episode_limit:       1.0000
train/generate_cost_reward:-38.9643	train/grid_purchase_cost:306019.3505	train/mean_soc:            0.3123	train/return_mean:       -307.1011
train/return_std:         32.8521	train/soc_reserve_reward:  0.0000	train/soc_violation:      41.8616	train/t_env:             75072.0000
train/total_power_loss:  14084.6835	
[INFO 20:48:40] root Recent Stats | t_env:      76704 | Episode:     1806
battery_punishment_reward_mean:-3044.4249	battle_won_mean:           1.0000	bess_cost_reward_mean:   -171.5353	buffer/episodes:         3150.0000
buy_cost_reward_mean:    -307359.6742	ep_length_mean:           24.0000	episode_limit_mean:        1.0000	eval/best_reward:        -309.8750
eval/best_win_rate:        1.0000	eval/ea_reward:          -310.9721	eval/ea_win_rate:          1.0000	eval/rl_reward:          -311.9161
eval/rl_win_rate:          1.0000	generate_cost_reward_mean:-38.3854	grid_purchase_cost_mean: 307359.6742	mean_soc_mean:             0.2835
return_mean:             -308.4455	return_std:               33.5499	soc_reserve_reward_mean:   0.0000	soc_violation_mean:       41.8285
test/battery_punishment_reward:-2909.3713	test/battle_won:           1.0000	test/bess_cost_reward:   -161.7584	test/buy_cost_reward:    -312348.2094
test/ep_length:           24.0000	test/episode_limit:        1.0000	test/generate_cost_reward:-32.0810	test/grid_purchase_cost: 312348.2094
test/mean_soc:             0.3198	test/return_mean:        -313.3834	test/return_std:          29.1170	test/soc_reserve_reward:   0.0000
test/soc_violation:       41.1202	test/total_power_loss:   14368.5881	test_battery_punishment_reward_mean:-2909.3713	test_battle_won_mean:      1.0000
test_bess_cost_reward_mean:-161.7584	test_buy_cost_reward_mean:-312348.2094	test_ep_length_mean:      24.0000	test_episode_limit_mean:   1.0000
test_generate_cost_reward_mean:-32.0810	test_grid_purchase_cost_mean:312348.2094	test_mean_soc_mean:        0.3198	test_return_mean:        -313.3834
test_return_std:          29.1170	test_soc_reserve_reward_mean:  0.0000	test_soc_violation_mean:  41.1202	test_total_power_loss_mean:14368.5881
total_power_loss_mean:   14154.3077	train/battery_punishment_reward:-3044.4249	train/battle_won:          1.0000	train/bess_cost_reward:  -171.5353
train/buy_cost_reward:   -307359.6742	train/ep_length:          24.0000	train/episode:           1784.0000	train/episode_limit:       1.0000
train/generate_cost_reward:-38.3854	train/grid_purchase_cost:307359.6742	train/mean_soc:            0.2835	train/return_mean:       -308.4455
train/return_std:         33.5499	train/soc_reserve_reward:  0.0000	train/soc_violation:      41.8285	train/t_env:             75600.0000
train/total_power_loss:  14154.3077	
[INFO 20:48:49] root Recent Stats | t_env:      77208 | Episode:     1817
battery_punishment_reward_mean:-3201.9724	battle_won_mean:           1.0000	bess_cost_reward_mean:   -167.3923	buffer/episodes:         3172.0000
buy_cost_reward_mean:    -311656.9769	ep_length_mean:           24.0000	episode_limit_mean:        1.0000	eval/best_reward:        -309.8750
eval/best_win_rate:        1.0000	eval/ea_reward:          -310.9721	eval/ea_win_rate:          1.0000	eval/rl_reward:          -311.9161
eval/rl_win_rate:          1.0000	generate_cost_reward_mean:-40.2140	grid_purchase_cost_mean: 311656.9769	mean_soc_mean:             0.2989
return_mean:             -312.7946	return_std:               33.5041	soc_reserve_reward_mean:   0.0000	soc_violation_mean:       43.3630
test/battery_punishment_reward:-2909.3713	test/battle_won:           1.0000	test/bess_cost_reward:   -161.7584	test/buy_cost_reward:    -312348.2094
test/ep_length:           24.0000	test/episode_limit:        1.0000	test/generate_cost_reward:-32.0810	test/grid_purchase_cost: 312348.2094
test/mean_soc:             0.3198	test/return_mean:        -313.3834	test/return_std:          29.1170	test/soc_reserve_reward:   0.0000
test/soc_violation:       41.1202	test/total_power_loss:   14368.5881	test_battery_punishment_reward_mean:-2909.3713	test_battle_won_mean:      1.0000
test_bess_cost_reward_mean:-161.7584	test_buy_cost_reward_mean:-312348.2094	test_ep_length_mean:      24.0000	test_episode_limit_mean:   1.0000
test_generate_cost_reward_mean:-32.0810	test_grid_purchase_cost_mean:312348.2094	test_mean_soc_mean:        0.3198	test_return_mean:        -313.3834
test_return_std:          29.1170	test_soc_reserve_reward_mean:  0.0000	test_soc_violation_mean:  41.1202	test_total_power_loss_mean:14368.5881
total_power_loss_mean:   14341.3808	train/battery_punishment_reward:-3201.9724	train/battle_won:          1.0000	train/bess_cost_reward:  -167.3923
train/buy_cost_reward:   -311656.9769	train/ep_length:          24.0000	train/episode:           1795.0000	train/episode_limit:       1.0000
train/generate_cost_reward:-40.2140	train/grid_purchase_cost:311656.9769	train/mean_soc:            0.2989	train/return_mean:       -312.7946
train/return_std:         33.5041	train/soc_reserve_reward:  0.0000	train/soc_violation:      43.3630	train/t_env:             76128.0000
train/total_power_loss:  14341.3808	
[INFO 20:48:53] root t_env: 77520 / 300000
[INFO 20:48:53] root Estimated time left: 1 hours, 14 minutes, 24 seconds. Time passed: 23 minutes, 7 seconds
[INFO 20:49:00] root Recent Stats | t_env:      77712 | Episode:     1828
battery_punishment_reward_mean:-3284.5211	battle_won_mean:           1.0000	bess_cost_reward_mean:   -168.4021	buffer/episodes:         3194.0000
buy_cost_reward_mean:    -311235.9805	ep_length_mean:           24.0000	episode_limit_mean:        1.0000	eval/best_reward:        -309.9273
eval/best_win_rate:        1.0000	eval/ea_reward:          -310.0179	eval/ea_win_rate:          1.0000	eval/rl_reward:          -312.8810
eval/rl_win_rate:          1.0000	generate_cost_reward_mean:-40.3440	grid_purchase_cost_mean: 311235.9805	mean_soc_mean:             0.2953
return_mean:             -312.4015	return_std:               33.7346	soc_reserve_reward_mean:   0.0000	soc_violation_mean:       44.1331
test/battery_punishment_reward:-3658.1940	test/battle_won:           1.0000	test/bess_cost_reward:   -161.8617	test/buy_cost_reward:    -312058.2978
test/ep_length:           24.0000	test/episode_limit:        1.0000	test/generate_cost_reward:-37.5242	test/grid_purchase_cost: 312058.2978
test/mean_soc:             0.3191	test/return_mean:        -313.3451	test/return_std:          29.6148	test/soc_reserve_reward:   0.0000
test/soc_violation:       48.2517	test/total_power_loss:   14357.7904	test_battery_punishment_reward_mean:-3658.1940	test_battle_won_mean:      1.0000
test_bess_cost_reward_mean:-161.8617	test_buy_cost_reward_mean:-312058.2978	test_ep_length_mean:      24.0000	test_episode_limit_mean:   1.0000
test_generate_cost_reward_mean:-37.5242	test_grid_purchase_cost_mean:312058.2978	test_mean_soc_mean:        0.3191	test_return_mean:        -313.3451
test_return_std:          29.6148	test_soc_reserve_reward_mean:  0.0000	test_soc_violation_mean:  48.2517	test_total_power_loss_mean:14357.7904
total_power_loss_mean:   14326.6869	train/battery_punishment_reward:-3284.5211	train/battle_won:          1.0000	train/bess_cost_reward:  -168.4021
train/buy_cost_reward:   -311235.9805	train/ep_length:          24.0000	train/episode:           1806.0000	train/episode_limit:       1.0000
train/generate_cost_reward:-40.3440	train/grid_purchase_cost:311235.9805	train/mean_soc:            0.2953	train/return_mean:       -312.4015
train/return_std:         33.7346	train/soc_reserve_reward:  0.0000	train/soc_violation:      44.1331	train/t_env:             76656.0000
train/total_power_loss:  14326.6869	
[INFO 20:49:10] root Recent Stats | t_env:      78216 | Episode:     1839
battery_punishment_reward_mean:-3300.2591	battle_won_mean:           1.0000	bess_cost_reward_mean:   -172.3123	buffer/episodes:         3216.0000
buy_cost_reward_mean:    -310936.9429	ep_length_mean:           24.0000	episode_limit_mean:        1.0000	eval/best_reward:        -309.9273
eval/best_win_rate:        1.0000	eval/ea_reward:          -310.0179	eval/ea_win_rate:          1.0000	eval/rl_reward:          -312.8810
eval/rl_win_rate:          1.0000	generate_cost_reward_mean:-42.7083	grid_purchase_cost_mean: 310936.9429	mean_soc_mean:             0.2809
return_mean:             -312.1098	return_std:               33.2199	soc_reserve_reward_mean:   0.0000	soc_violation_mean:       44.3700
test/battery_punishment_reward:-3658.1940	test/battle_won:           1.0000	test/bess_cost_reward:   -161.8617	test/buy_cost_reward:    -312058.2978
test/ep_length:           24.0000	test/episode_limit:        1.0000	test/generate_cost_reward:-37.5242	test/grid_purchase_cost: 312058.2978
test/mean_soc:             0.3191	test/return_mean:        -313.3451	test/return_std:          29.6148	test/soc_reserve_reward:   0.0000
test/soc_violation:       48.2517	test/total_power_loss:   14357.7904	test_battery_punishment_reward_mean:-3658.1940	test_battle_won_mean:      1.0000
test_bess_cost_reward_mean:-161.8617	test_buy_cost_reward_mean:-312058.2978	test_ep_length_mean:      24.0000	test_episode_limit_mean:   1.0000
test_generate_cost_reward_mean:-37.5242	test_grid_purchase_cost_mean:312058.2978	test_mean_soc_mean:        0.3191	test_return_mean:        -313.3451
test_return_std:          29.6148	test_soc_reserve_reward_mean:  0.0000	test_soc_violation_mean:  48.2517	test_total_power_loss_mean:14357.7904
total_power_loss_mean:   14330.0352	train/battery_punishment_reward:-3300.2591	train/battle_won:          1.0000	train/bess_cost_reward:  -172.3123
train/buy_cost_reward:   -310936.9429	train/ep_length:          24.0000	train/episode:           1817.0000	train/episode_limit:       1.0000
train/generate_cost_reward:-42.7083	train/grid_purchase_cost:310936.9429	train/mean_soc:            0.2809	train/return_mean:       -312.1098
train/return_std:         33.2199	train/soc_reserve_reward:  0.0000	train/soc_violation:      44.3700	train/t_env:             77184.0000
train/total_power_loss:  14330.0352	
[INFO 20:49:19] root Recent Stats | t_env:      78720 | Episode:     1850
battery_punishment_reward_mean:-3246.2562	battle_won_mean:           1.0000	bess_cost_reward_mean:   -168.0004	buffer/episodes:         3238.0000
buy_cost_reward_mean:    -315014.2453	ep_length_mean:           24.0000	episode_limit_mean:        1.0000	eval/best_reward:        -309.9273
eval/best_win_rate:        1.0000	eval/ea_reward:          -310.0179	eval/ea_win_rate:          1.0000	eval/rl_reward:          -312.8810
eval/rl_win_rate:          1.0000	generate_cost_reward_mean:-42.6290	grid_purchase_cost_mean: 315014.2453	mean_soc_mean:             0.2967
return_mean:             -316.1677	return_std:               35.5057	soc_reserve_reward_mean:   0.0000	soc_violation_mean:       43.8088
test/battery_punishment_reward:-3658.1940	test/battle_won:           1.0000	test/bess_cost_reward:   -161.8617	test/buy_cost_reward:    -312058.2978
test/ep_length:           24.0000	test/episode_limit:        1.0000	test/generate_cost_reward:-37.5242	test/grid_purchase_cost: 312058.2978
test/mean_soc:             0.3191	test/return_mean:        -313.3451	test/return_std:          29.6148	test/soc_reserve_reward:   0.0000
test/soc_violation:       48.2517	test/total_power_loss:   14357.7904	test_battery_punishment_reward_mean:-3658.1940	test_battle_won_mean:      1.0000
test_bess_cost_reward_mean:-161.8617	test_buy_cost_reward_mean:-312058.2978	test_ep_length_mean:      24.0000	test_episode_limit_mean:   1.0000
test_generate_cost_reward_mean:-37.5242	test_grid_purchase_cost_mean:312058.2978	test_mean_soc_mean:        0.3191	test_return_mean:        -313.3451
test_return_std:          29.6148	test_soc_reserve_reward_mean:  0.0000	test_soc_violation_mean:  48.2517	test_total_power_loss_mean:14357.7904
total_power_loss_mean:   14499.5101	train/battery_punishment_reward:-3246.2562	train/battle_won:          1.0000	train/bess_cost_reward:  -168.0004
train/buy_cost_reward:   -315014.2453	train/ep_length:          24.0000	train/episode:           1828.0000	train/episode_limit:       1.0000
train/generate_cost_reward:-42.6290	train/grid_purchase_cost:315014.2453	train/mean_soc:            0.2967	train/return_mean:       -316.1677
train/return_std:         35.5057	train/soc_reserve_reward:  0.0000	train/soc_violation:      43.8088	train/t_env:             77712.0000
train/total_power_loss:  14499.5101	
[INFO 20:49:33] root Recent Stats | t_env:      79344 | Episode:     1861
battery_punishment_reward_mean:-3097.8554	battle_won_mean:           1.0000	bess_cost_reward_mean:   -161.6948	buffer/episodes:         3260.0000
buy_cost_reward_mean:    -315286.3715	ep_length_mean:           24.0000	episode_limit_mean:        1.0000	eval/best_reward:        -309.9273
eval/best_win_rate:        1.0000	eval/ea_reward:          -310.0179	eval/ea_win_rate:          1.0000	eval/rl_reward:          -312.8810
eval/rl_win_rate:          1.0000	generate_cost_reward_mean:-43.7540	grid_purchase_cost_mean: 315286.3715	mean_soc_mean:             0.3194
return_mean:             -316.3886	return_std:               31.3533	soc_reserve_reward_mean:   0.0000	soc_violation_mean:       42.3352
test/battery_punishment_reward:-3658.1940	test/battle_won:           1.0000	test/bess_cost_reward:   -161.8617	test/buy_cost_reward:    -312058.2978
test/ep_length:           24.0000	test/episode_limit:        1.0000	test/generate_cost_reward:-37.5242	test/grid_purchase_cost: 312058.2978
test/mean_soc:             0.3191	test/return_mean:        -313.3451	test/return_std:          29.6148	test/soc_reserve_reward:   0.0000
test/soc_violation:       48.2517	test/total_power_loss:   14357.7904	test_battery_punishment_reward_mean:-3658.1940	test_battle_won_mean:      1.0000
test_bess_cost_reward_mean:-161.8617	test_buy_cost_reward_mean:-312058.2978	test_ep_length_mean:      24.0000	test_episode_limit_mean:   1.0000
test_generate_cost_reward_mean:-37.5242	test_grid_purchase_cost_mean:312058.2978	test_mean_soc_mean:        0.3191	test_return_mean:        -313.3451
test_return_std:          29.6148	test_soc_reserve_reward_mean:  0.0000	test_soc_violation_mean:  48.2517	test_total_power_loss_mean:14357.7904
total_power_loss_mean:   14508.7056	train/battery_punishment_reward:-3097.8554	train/battle_won:          1.0000	train/bess_cost_reward:  -161.6948
train/buy_cost_reward:   -315286.3715	train/ep_length:          24.0000	train/episode:           1839.0000	train/episode_limit:       1.0000
train/generate_cost_reward:-43.7540	train/grid_purchase_cost:315286.3715	train/mean_soc:            0.3194	train/return_mean:       -316.3886
train/return_std:         31.3533	train/soc_reserve_reward:  0.0000	train/soc_violation:      42.3352	train/t_env:             78240.0000
train/total_power_loss:  14508.7056	
[INFO 20:49:37] root t_env: 79584 / 300000
[INFO 20:49:37] root Estimated time left: 1 hours, 18 minutes, 5 seconds. Time passed: 23 minutes, 50 seconds
[INFO 20:49:43] root Recent Stats | t_env:      79848 | Episode:     1872
battery_punishment_reward_mean:-3187.2599	battle_won_mean:           1.0000	bess_cost_reward_mean:   -169.3164	buffer/episodes:         3282.0000
buy_cost_reward_mean:    -314069.3901	ep_length_mean:           24.0000	episode_limit_mean:        1.0000	eval/best_reward:        -308.4533
eval/best_win_rate:        1.0000	eval/ea_reward:          -308.5439	eval/ea_win_rate:          1.0000	eval/rl_reward:          -311.5601
eval/rl_win_rate:          1.0000	generate_cost_reward_mean:-43.0308	grid_purchase_cost_mean: 314069.3901	mean_soc_mean:             0.2916
return_mean:             -315.2037	return_std:               30.5815	soc_reserve_reward_mean:   0.0000	soc_violation_mean:       43.1950
test/battery_punishment_reward:-3997.9450	test/battle_won:           1.0000	test/bess_cost_reward:   -129.1144	test/buy_cost_reward:    -305840.1080
test/ep_length:           24.0000	test/episode_limit:        1.0000	test/generate_cost_reward:-35.8041	test/grid_purchase_cost: 305840.1080
test/mean_soc:             0.4391	test/return_mean:        -307.2286	test/return_std:          27.8993	test/soc_reserve_reward:   0.0000
test/soc_violation:       51.4639	test/total_power_loss:   14092.0465	test_battery_punishment_reward_mean:-3997.9450	test_battle_won_mean:      1.0000
test_bess_cost_reward_mean:-129.1144	test_buy_cost_reward_mean:-305840.1080	test_ep_length_mean:      24.0000	test_episode_limit_mean:   1.0000
test_generate_cost_reward_mean:-35.8041	test_grid_purchase_cost_mean:305840.1080	test_mean_soc_mean:        0.4391	test_return_mean:        -307.2286
test_return_std:          27.8993	test_soc_reserve_reward_mean:  0.0000	test_soc_violation_mean:  51.4639	test_total_power_loss_mean:14092.0465
total_power_loss_mean:   14453.2375	train/battery_punishment_reward:-3187.2599	train/battle_won:          1.0000	train/bess_cost_reward:  -169.3164
train/buy_cost_reward:   -314069.3901	train/ep_length:          24.0000	train/episode:           1850.0000	train/episode_limit:       1.0000
train/generate_cost_reward:-43.0308	train/grid_purchase_cost:314069.3901	train/mean_soc:            0.2916	train/return_mean:       -315.2037
train/return_std:         30.5815	train/soc_reserve_reward:  0.0000	train/soc_violation:      43.1950	train/t_env:             78768.0000
train/total_power_loss:  14453.2375	
[INFO 20:49:52] root Recent Stats | t_env:      80352 | Episode:     1883
battery_punishment_reward_mean:-3348.5057	battle_won_mean:           1.0000	bess_cost_reward_mean:   -162.2420	buffer/episodes:         3304.0000
buy_cost_reward_mean:    -313672.4593	ep_length_mean:           24.0000	episode_limit_mean:        1.0000	eval/best_reward:        -308.4533
eval/best_win_rate:        1.0000	eval/ea_reward:          -308.5439	eval/ea_win_rate:          1.0000	eval/rl_reward:          -311.5601
eval/rl_win_rate:          1.0000	generate_cost_reward_mean:-43.4142	grid_purchase_cost_mean: 313672.4593	mean_soc_mean:             0.3177
return_mean:             -314.8583	return_std:               30.8004	soc_reserve_reward_mean:   0.0000	soc_violation_mean:       44.8732
test/battery_punishment_reward:-3997.9450	test/battle_won:           1.0000	test/bess_cost_reward:   -129.1144	test/buy_cost_reward:    -305840.1080
test/ep_length:           24.0000	test/episode_limit:        1.0000	test/generate_cost_reward:-35.8041	test/grid_purchase_cost: 305840.1080
test/mean_soc:             0.4391	test/return_mean:        -307.2286	test/return_std:          27.8993	test/soc_reserve_reward:   0.0000
test/soc_violation:       51.4639	test/total_power_loss:   14092.0465	test_battery_punishment_reward_mean:-3997.9450	test_battle_won_mean:      1.0000
test_bess_cost_reward_mean:-129.1144	test_buy_cost_reward_mean:-305840.1080	test_ep_length_mean:      24.0000	test_episode_limit_mean:   1.0000
test_generate_cost_reward_mean:-35.8041	test_grid_purchase_cost_mean:305840.1080	test_mean_soc_mean:        0.4391	test_return_mean:        -307.2286
test_return_std:          27.8993	test_soc_reserve_reward_mean:  0.0000	test_soc_violation_mean:  51.4639	test_total_power_loss_mean:14092.0465
total_power_loss_mean:   14433.8955	train/battery_punishment_reward:-3348.5057	train/battle_won:          1.0000	train/bess_cost_reward:  -162.2420
train/buy_cost_reward:   -313672.4593	train/ep_length:          24.0000	train/episode:           1861.0000	train/episode_limit:       1.0000
train/generate_cost_reward:-43.4142	train/grid_purchase_cost:313672.4593	train/mean_soc:            0.3177	train/return_mean:       -314.8583
train/return_std:         30.8004	train/soc_reserve_reward:  0.0000	train/soc_violation:      44.8732	train/t_env:             79296.0000
train/total_power_loss:  14433.8955	
[INFO 20:49:56] root Saving models to results\models\facmac_smac__2026-06-15_20-25-46\80544
[INFO 20:50:01] root Recent Stats | t_env:      80856 | Episode:     1894
battery_punishment_reward_mean:-3589.5320	battle_won_mean:           1.0000	bess_cost_reward_mean:   -155.5295	buffer/episodes:         3326.0000
buy_cost_reward_mean:    -317634.9696	ep_length_mean:           24.0000	episode_limit_mean:        1.0000	eval/best_reward:        -308.4533
eval/best_win_rate:        1.0000	eval/ea_reward:          -308.5439	eval/ea_win_rate:          1.0000	eval/rl_reward:          -311.5601
eval/rl_win_rate:          1.0000	generate_cost_reward_mean:-42.1068	grid_purchase_cost_mean: 317634.9696	mean_soc_mean:             0.3431
return_mean:             -318.8985	return_std:               32.4805	soc_reserve_reward_mean:   0.0000	soc_violation_mean:       47.3257
test/battery_punishment_reward:-3997.9450	test/battle_won:           1.0000	test/bess_cost_reward:   -129.1144	test/buy_cost_reward:    -305840.1080
test/ep_length:           24.0000	test/episode_limit:        1.0000	test/generate_cost_reward:-35.8041	test/grid_purchase_cost: 305840.1080
test/mean_soc:             0.4391	test/return_mean:        -307.2286	test/return_std:          27.8993	test/soc_reserve_reward:   0.0000
test/soc_violation:       51.4639	test/total_power_loss:   14092.0465	test_battery_punishment_reward_mean:-3997.9450	test_battle_won_mean:      1.0000
test_bess_cost_reward_mean:-129.1144	test_buy_cost_reward_mean:-305840.1080	test_ep_length_mean:      24.0000	test_episode_limit_mean:   1.0000
test_generate_cost_reward_mean:-35.8041	test_grid_purchase_cost_mean:305840.1080	test_mean_soc_mean:        0.4391	test_return_mean:        -307.2286
test_return_std:          27.8993	test_soc_reserve_reward_mean:  0.0000	test_soc_violation_mean:  51.4639	test_total_power_loss_mean:14092.0465
total_power_loss_mean:   14595.2708	train/battery_punishment_reward:-3589.5320	train/battle_won:          1.0000	train/bess_cost_reward:  -155.5295
train/buy_cost_reward:   -317634.9696	train/ep_length:          24.0000	train/episode:           1872.0000	train/episode_limit:       1.0000
train/generate_cost_reward:-42.1068	train/grid_purchase_cost:317634.9696	train/mean_soc:            0.3431	train/return_mean:       -318.8985
train/return_std:         32.4805	train/soc_reserve_reward:  0.0000	train/soc_violation:      47.3257	train/t_env:             79824.0000
train/total_power_loss:  14595.2708	
[INFO 20:50:11] root Recent Stats | t_env:      81360 | Episode:     1905
battery_punishment_reward_mean:-3762.2339	battle_won_mean:           1.0000	bess_cost_reward_mean:   -159.9878	buffer/episodes:         3348.0000
buy_cost_reward_mean:    -311333.3205	ep_length_mean:           24.0000	episode_limit_mean:        1.0000	eval/best_reward:        -308.4533
eval/best_win_rate:        1.0000	eval/ea_reward:          -308.5439	eval/ea_win_rate:          1.0000	eval/rl_reward:          -311.5601
eval/rl_win_rate:          1.0000	generate_cost_reward_mean:-41.2069	grid_purchase_cost_mean: 311333.3205	mean_soc_mean:             0.3269
return_mean:             -312.6556	return_std:               31.2430	soc_reserve_reward_mean:   0.0000	soc_violation_mean:       49.0491
test/battery_punishment_reward:-3997.9450	test/battle_won:           1.0000	test/bess_cost_reward:   -129.1144	test/buy_cost_reward:    -305840.1080
test/ep_length:           24.0000	test/episode_limit:        1.0000	test/generate_cost_reward:-35.8041	test/grid_purchase_cost: 305840.1080
test/mean_soc:             0.4391	test/return_mean:        -307.2286	test/return_std:          27.8993	test/soc_reserve_reward:   0.0000
test/soc_violation:       51.4639	test/total_power_loss:   14092.0465	test_battery_punishment_reward_mean:-3997.9450	test_battle_won_mean:      1.0000
test_bess_cost_reward_mean:-129.1144	test_buy_cost_reward_mean:-305840.1080	test_ep_length_mean:      24.0000	test_episode_limit_mean:   1.0000
test_generate_cost_reward_mean:-35.8041	test_grid_purchase_cost_mean:305840.1080	test_mean_soc_mean:        0.4391	test_return_mean:        -307.2286
test_return_std:          27.8993	test_soc_reserve_reward_mean:  0.0000	test_soc_violation_mean:  51.4639	test_total_power_loss_mean:14092.0465
total_power_loss_mean:   14333.0321	train/battery_punishment_reward:-3762.2339	train/battle_won:          1.0000	train/bess_cost_reward:  -159.9878
train/buy_cost_reward:   -311333.3205	train/ep_length:          24.0000	train/episode:           1883.0000	train/episode_limit:       1.0000
train/generate_cost_reward:-41.2069	train/grid_purchase_cost:311333.3205	train/mean_soc:            0.3269	train/return_mean:       -312.6556
train/return_std:         31.2430	train/soc_reserve_reward:  0.0000	train/soc_violation:      49.0491	train/t_env:             80352.0000
train/total_power_loss:  14333.0321	
[INFO 20:50:16] root t_env: 81600 / 300000
[INFO 20:50:16] root Estimated time left: 1 hours, 9 minutes, 48 seconds. Time passed: 24 minutes, 29 seconds
[INFO 20:50:27] root Recent Stats | t_env:      81984 | Episode:     1916
battery_punishment_reward_mean:-3834.2729	battle_won_mean:           1.0000	bess_cost_reward_mean:   -165.1559	buffer/episodes:         3370.0000
buy_cost_reward_mean:    -309210.4552	ep_length_mean:           24.0000	episode_limit_mean:        1.0000	eval/best_reward:        -306.3544
eval/best_win_rate:        1.0000	eval/ea_reward:          -306.4450	eval/ea_win_rate:          1.0000	eval/rl_reward:          -310.4995
eval/rl_win_rate:          1.0000	generate_cost_reward_mean:-41.1175	grid_purchase_cost_mean: 309210.4552	mean_soc_mean:             0.3083
return_mean:             -310.5584	return_std:               32.5998	soc_reserve_reward_mean:   0.0000	soc_violation_mean:       49.7643
test/battery_punishment_reward:-3907.0647	test/battle_won:           1.0000	test/bess_cost_reward:   -159.9249	test/buy_cost_reward:    -305054.1271
test/ep_length:           24.0000	test/episode_limit:        1.0000	test/generate_cost_reward:-38.0558	test/grid_purchase_cost: 305054.1271
test/mean_soc:             0.3281	test/return_mean:        -306.4235	test/return_std:          27.5030	test/soc_reserve_reward:   0.0000
test/soc_violation:       50.6027	test/total_power_loss:   14066.7546	test_battery_punishment_reward_mean:-3907.0647	test_battle_won_mean:      1.0000
test_bess_cost_reward_mean:-159.9249	test_buy_cost_reward_mean:-305054.1271	test_ep_length_mean:      24.0000	test_episode_limit_mean:   1.0000
test_generate_cost_reward_mean:-38.0558	test_grid_purchase_cost_mean:305054.1271	test_mean_soc_mean:        0.3281	test_return_mean:        -306.4235
test_return_std:          27.5030	test_soc_reserve_reward_mean:  0.0000	test_soc_violation_mean:  50.6027	test_total_power_loss_mean:14066.7546
total_power_loss_mean:   14241.1219	train/battery_punishment_reward:-3834.2729	train/battle_won:          1.0000	train/bess_cost_reward:  -165.1559
train/buy_cost_reward:   -309210.4552	train/ep_length:          24.0000	train/episode:           1894.0000	train/episode_limit:       1.0000
train/generate_cost_reward:-41.1175	train/grid_purchase_cost:309210.4552	train/mean_soc:            0.3083	train/return_mean:       -310.5584
train/return_std:         32.5998	train/soc_reserve_reward:  0.0000	train/soc_violation:      49.7643	train/t_env:             80880.0000
train/total_power_loss:  14241.1219	
[INFO 20:50:37] root Recent Stats | t_env:      82488 | Episode:     1927
battery_punishment_reward_mean:-3812.0851	battle_won_mean:           1.0000	bess_cost_reward_mean:   -159.8164	buffer/episodes:         3392.0000
buy_cost_reward_mean:    -310509.2690	ep_length_mean:           24.0000	episode_limit_mean:        1.0000	eval/best_reward:        -306.3544
eval/best_win_rate:        1.0000	eval/ea_reward:          -306.4450	eval/ea_win_rate:          1.0000	eval/rl_reward:          -310.4995
eval/rl_win_rate:          1.0000	generate_cost_reward_mean:-41.2349	grid_purchase_cost_mean: 310509.2690	mean_soc_mean:             0.3286
return_mean:             -311.8481	return_std:               33.1194	soc_reserve_reward_mean:   0.0000	soc_violation_mean:       49.5632
test/battery_punishment_reward:-3907.0647	test/battle_won:           1.0000	test/bess_cost_reward:   -159.9249	test/buy_cost_reward:    -305054.1271
test/ep_length:           24.0000	test/episode_limit:        1.0000	test/generate_cost_reward:-38.0558	test/grid_purchase_cost: 305054.1271
test/mean_soc:             0.3281	test/return_mean:        -306.4235	test/return_std:          27.5030	test/soc_reserve_reward:   0.0000
test/soc_violation:       50.6027	test/total_power_loss:   14066.7546	test_battery_punishment_reward_mean:-3907.0647	test_battle_won_mean:      1.0000
test_bess_cost_reward_mean:-159.9249	test_buy_cost_reward_mean:-305054.1271	test_ep_length_mean:      24.0000	test_episode_limit_mean:   1.0000
test_generate_cost_reward_mean:-38.0558	test_grid_purchase_cost_mean:305054.1271	test_mean_soc_mean:        0.3281	test_return_mean:        -306.4235
test_return_std:          27.5030	test_soc_reserve_reward_mean:  0.0000	test_soc_violation_mean:  50.6027	test_total_power_loss_mean:14066.7546
total_power_loss_mean:   14304.6348	train/battery_punishment_reward:-3812.0851	train/battle_won:          1.0000	train/bess_cost_reward:  -159.8164
train/buy_cost_reward:   -310509.2690	train/ep_length:          24.0000	train/episode:           1905.0000	train/episode_limit:       1.0000
train/generate_cost_reward:-41.2349	train/grid_purchase_cost:310509.2690	train/mean_soc:            0.3286	train/return_mean:       -311.8481
train/return_std:         33.1194	train/soc_reserve_reward:  0.0000	train/soc_violation:      49.5632	train/t_env:             81408.0000
train/total_power_loss:  14304.6348	
[INFO 20:50:46] root Recent Stats | t_env:      82992 | Episode:     1938
battery_punishment_reward_mean:-3839.4391	battle_won_mean:           1.0000	bess_cost_reward_mean:   -160.4053	buffer/episodes:         3414.0000
buy_cost_reward_mean:    -311412.8990	ep_length_mean:           24.0000	episode_limit_mean:        1.0000	eval/best_reward:        -306.3544
eval/best_win_rate:        1.0000	eval/ea_reward:          -306.4450	eval/ea_win_rate:          1.0000	eval/rl_reward:          -310.4995
eval/rl_win_rate:          1.0000	generate_cost_reward_mean:-40.7735	grid_purchase_cost_mean: 311412.8990	mean_soc_mean:             0.3269
return_mean:             -312.7608	return_std:               34.0096	soc_reserve_reward_mean:   0.0000	soc_violation_mean:       49.8009
test/battery_punishment_reward:-3907.0647	test/battle_won:           1.0000	test/bess_cost_reward:   -159.9249	test/buy_cost_reward:    -305054.1271
test/ep_length:           24.0000	test/episode_limit:        1.0000	test/generate_cost_reward:-38.0558	test/grid_purchase_cost: 305054.1271
test/mean_soc:             0.3281	test/return_mean:        -306.4235	test/return_std:          27.5030	test/soc_reserve_reward:   0.0000
test/soc_violation:       50.6027	test/total_power_loss:   14066.7546	test_battery_punishment_reward_mean:-3907.0647	test_battle_won_mean:      1.0000
test_bess_cost_reward_mean:-159.9249	test_buy_cost_reward_mean:-305054.1271	test_ep_length_mean:      24.0000	test_episode_limit_mean:   1.0000
test_generate_cost_reward_mean:-38.0558	test_grid_purchase_cost_mean:305054.1271	test_mean_soc_mean:        0.3281	test_return_mean:        -306.4235
test_return_std:          27.5030	test_soc_reserve_reward_mean:  0.0000	test_soc_violation_mean:  50.6027	test_total_power_loss_mean:14066.7546
total_power_loss_mean:   14339.4178	train/battery_punishment_reward:-3839.4391	train/battle_won:          1.0000	train/bess_cost_reward:  -160.4053
train/buy_cost_reward:   -311412.8990	train/ep_length:          24.0000	train/episode:           1916.0000	train/episode_limit:       1.0000
train/generate_cost_reward:-40.7735	train/grid_purchase_cost:311412.8990	train/mean_soc:            0.3269	train/return_mean:       -312.7608
train/return_std:         34.0096	train/soc_reserve_reward:  0.0000	train/soc_violation:      49.8009	train/t_env:             81936.0000
train/total_power_loss:  14339.4178	
[INFO 20:50:56] root Recent Stats | t_env:      83496 | Episode:     1949
battery_punishment_reward_mean:-3679.6840	battle_won_mean:           1.0000	bess_cost_reward_mean:   -162.1616	buffer/episodes:         3436.0000
buy_cost_reward_mean:    -307968.3227	ep_length_mean:           24.0000	episode_limit_mean:        1.0000	eval/best_reward:        -306.3544
eval/best_win_rate:        1.0000	eval/ea_reward:          -306.4450	eval/ea_win_rate:          1.0000	eval/rl_reward:          -310.4995
eval/rl_win_rate:          1.0000	generate_cost_reward_mean:-42.4675	grid_purchase_cost_mean: 307968.3227	mean_soc_mean:             0.3195
return_mean:             -309.2642	return_std:               32.5016	soc_reserve_reward_mean:   0.0000	soc_violation_mean:       48.1025
test/battery_punishment_reward:-3907.0647	test/battle_won:           1.0000	test/bess_cost_reward:   -159.9249	test/buy_cost_reward:    -305054.1271
test/ep_length:           24.0000	test/episode_limit:        1.0000	test/generate_cost_reward:-38.0558	test/grid_purchase_cost: 305054.1271
test/mean_soc:             0.3281	test/return_mean:        -306.4235	test/return_std:          27.5030	test/soc_reserve_reward:   0.0000
test/soc_violation:       50.6027	test/total_power_loss:   14066.7546	test_battery_punishment_reward_mean:-3907.0647	test_battle_won_mean:      1.0000
test_bess_cost_reward_mean:-159.9249	test_buy_cost_reward_mean:-305054.1271	test_ep_length_mean:      24.0000	test_episode_limit_mean:   1.0000
test_generate_cost_reward_mean:-38.0558	test_grid_purchase_cost_mean:305054.1271	test_mean_soc_mean:        0.3281	test_return_mean:        -306.4235
test_return_std:          27.5030	test_soc_reserve_reward_mean:  0.0000	test_soc_violation_mean:  50.6027	test_total_power_loss_mean:14066.7546
total_power_loss_mean:   14182.5732	train/battery_punishment_reward:-3679.6840	train/battle_won:          1.0000	train/bess_cost_reward:  -162.1616
train/buy_cost_reward:   -307968.3227	train/ep_length:          24.0000	train/episode:           1927.0000	train/episode_limit:       1.0000
train/generate_cost_reward:-42.4675	train/grid_purchase_cost:307968.3227	train/mean_soc:            0.3195	train/return_mean:       -309.2642
train/return_std:         32.5016	train/soc_reserve_reward:  0.0000	train/soc_violation:      48.1025	train/t_env:             82464.0000
train/total_power_loss:  14182.5732	
[INFO 20:51:01] root t_env: 83664 / 300000
[INFO 20:51:01] root Estimated time left: 1 hours, 18 minutes, 35 seconds. Time passed: 25 minutes, 14 seconds
[INFO 20:51:07] root Recent Stats | t_env:      84000 | Episode:     1960
battery_punishment_reward_mean:-3414.4927	battle_won_mean:           1.0000	bess_cost_reward_mean:   -158.8197	buffer/episodes:         3458.0000
buy_cost_reward_mean:    -310969.1910	ep_length_mean:           24.0000	episode_limit_mean:        1.0000	eval/best_reward:        -305.7761
eval/best_win_rate:        1.0000	eval/ea_reward:          -308.5602	eval/ea_win_rate:          1.0000	eval/rl_reward:          -309.9213
eval/rl_win_rate:          1.0000	generate_cost_reward_mean:-43.2820	grid_purchase_cost_mean: 310969.1910	mean_soc_mean:             0.3313
return_mean:             -312.1759	return_std:               31.7704	soc_reserve_reward_mean:   0.0000	soc_violation_mean:       45.2277
test/battery_punishment_reward:-4173.2747	test/battle_won:           1.0000	test/bess_cost_reward:   -192.6950	test/buy_cost_reward:    -308841.6551
test/ep_length:           24.0000	test/episode_limit:        1.0000	test/generate_cost_reward:-33.7087	test/grid_purchase_cost: 308841.6551
test/mean_soc:             0.2081	test/return_mean:        -310.3091	test/return_std:          30.1805	test/soc_reserve_reward:   0.0000
test/soc_violation:       53.1317	test/total_power_loss:   14219.3689	test_battery_punishment_reward_mean:-4173.2747	test_battle_won_mean:      1.0000
test_bess_cost_reward_mean:-192.6950	test_buy_cost_reward_mean:-308841.6551	test_ep_length_mean:      24.0000	test_episode_limit_mean:   1.0000
test_generate_cost_reward_mean:-33.7087	test_grid_purchase_cost_mean:308841.6551	test_mean_soc_mean:        0.2081	test_return_mean:        -310.3091
test_return_std:          30.1805	test_soc_reserve_reward_mean:  0.0000	test_soc_violation_mean:  53.1317	test_total_power_loss_mean:14219.3689
total_power_loss_mean:   14293.3369	train/battery_punishment_reward:-3414.4927	train/battle_won:          1.0000	train/bess_cost_reward:  -158.8197
train/buy_cost_reward:   -310969.1910	train/ep_length:          24.0000	train/episode:           1938.0000	train/episode_limit:       1.0000
train/generate_cost_reward:-43.2820	train/grid_purchase_cost:310969.1910	train/mean_soc:            0.3313	train/return_mean:       -312.1759
train/return_std:         31.7704	train/soc_reserve_reward:  0.0000	train/soc_violation:      45.2277	train/t_env:             82992.0000
train/total_power_loss:  14293.3369	
[INFO 20:51:21] root Recent Stats | t_env:      84624 | Episode:     1971
battery_punishment_reward_mean:-3455.9239	battle_won_mean:           1.0000	bess_cost_reward_mean:   -155.7735	buffer/episodes:         3480.0000
buy_cost_reward_mean:    -314765.3153	ep_length_mean:           24.0000	episode_limit_mean:        1.0000	eval/best_reward:        -305.7761
eval/best_win_rate:        1.0000	eval/ea_reward:          -308.5602	eval/ea_win_rate:          1.0000	eval/rl_reward:          -309.9213
eval/rl_win_rate:          1.0000	generate_cost_reward_mean:-41.3690	grid_purchase_cost_mean: 314765.3153	mean_soc_mean:             0.3424
return_mean:             -315.9841	return_std:               32.0639	soc_reserve_reward_mean:   0.0000	soc_violation_mean:       45.6363
test/battery_punishment_reward:-4173.2747	test/battle_won:           1.0000	test/bess_cost_reward:   -192.6950	test/buy_cost_reward:    -308841.6551
test/ep_length:           24.0000	test/episode_limit:        1.0000	test/generate_cost_reward:-33.7087	test/grid_purchase_cost: 308841.6551
test/mean_soc:             0.2081	test/return_mean:        -310.3091	test/return_std:          30.1805	test/soc_reserve_reward:   0.0000
test/soc_violation:       53.1317	test/total_power_loss:   14219.3689	test_battery_punishment_reward_mean:-4173.2747	test_battle_won_mean:      1.0000
test_bess_cost_reward_mean:-192.6950	test_buy_cost_reward_mean:-308841.6551	test_ep_length_mean:      24.0000	test_episode_limit_mean:   1.0000
test_generate_cost_reward_mean:-33.7087	test_grid_purchase_cost_mean:308841.6551	test_mean_soc_mean:        0.2081	test_return_mean:        -310.3091
test_return_std:          30.1805	test_soc_reserve_reward_mean:  0.0000	test_soc_violation_mean:  53.1317	test_total_power_loss_mean:14219.3689
total_power_loss_mean:   14456.0675	train/battery_punishment_reward:-3455.9239	train/battle_won:          1.0000	train/bess_cost_reward:  -155.7735
train/buy_cost_reward:   -314765.3153	train/ep_length:          24.0000	train/episode:           1949.0000	train/episode_limit:       1.0000
train/generate_cost_reward:-41.3690	train/grid_purchase_cost:314765.3153	train/mean_soc:            0.3424	train/return_mean:       -315.9841
train/return_std:         32.0639	train/soc_reserve_reward:  0.0000	train/soc_violation:      45.6363	train/t_env:             83520.0000
train/total_power_loss:  14456.0675	
[INFO 20:51:31] root Recent Stats | t_env:      85128 | Episode:     1982
battery_punishment_reward_mean:-3435.5291	battle_won_mean:           1.0000	bess_cost_reward_mean:   -152.3985	buffer/episodes:         3502.0000
buy_cost_reward_mean:    -308918.6278	ep_length_mean:           24.0000	episode_limit_mean:        1.0000	eval/best_reward:        -305.7761
eval/best_win_rate:        1.0000	eval/ea_reward:          -308.5602	eval/ea_win_rate:          1.0000	eval/rl_reward:          -309.9213
eval/rl_win_rate:          1.0000	generate_cost_reward_mean:-41.0403	grid_purchase_cost_mean: 308918.6278	mean_soc_mean:             0.3537
return_mean:             -310.1294	return_std:               32.2490	soc_reserve_reward_mean:   0.0000	soc_violation_mean:       45.3567
test/battery_punishment_reward:-4173.2747	test/battle_won:           1.0000	test/bess_cost_reward:   -192.6950	test/buy_cost_reward:    -308841.6551
test/ep_length:           24.0000	test/episode_limit:        1.0000	test/generate_cost_reward:-33.7087	test/grid_purchase_cost: 308841.6551
test/mean_soc:             0.2081	test/return_mean:        -310.3091	test/return_std:          30.1805	test/soc_reserve_reward:   0.0000
test/soc_violation:       53.1317	test/total_power_loss:   14219.3689	test_battery_punishment_reward_mean:-4173.2747	test_battle_won_mean:      1.0000
test_bess_cost_reward_mean:-192.6950	test_buy_cost_reward_mean:-308841.6551	test_ep_length_mean:      24.0000	test_episode_limit_mean:   1.0000
test_generate_cost_reward_mean:-33.7087	test_grid_purchase_cost_mean:308841.6551	test_mean_soc_mean:        0.2081	test_return_mean:        -310.3091
test_return_std:          30.1805	test_soc_reserve_reward_mean:  0.0000	test_soc_violation_mean:  53.1317	test_total_power_loss_mean:14219.3689
total_power_loss_mean:   14206.3843	train/battery_punishment_reward:-3435.5291	train/battle_won:          1.0000	train/bess_cost_reward:  -152.3985
train/buy_cost_reward:   -308918.6278	train/ep_length:          24.0000	train/episode:           1960.0000	train/episode_limit:       1.0000
train/generate_cost_reward:-41.0403	train/grid_purchase_cost:308918.6278	train/mean_soc:            0.3537	train/return_mean:       -310.1294
train/return_std:         32.2490	train/soc_reserve_reward:  0.0000	train/soc_violation:      45.3567	train/t_env:             84048.0000
train/total_power_loss:  14206.3843	
[INFO 20:51:41] root Recent Stats | t_env:      85632 | Episode:     1993
battery_punishment_reward_mean:-3233.3560	battle_won_mean:           1.0000	bess_cost_reward_mean:   -160.0229	buffer/episodes:         3524.0000
buy_cost_reward_mean:    -309347.8033	ep_length_mean:           24.0000	episode_limit_mean:        1.0000	eval/best_reward:        -305.7761
eval/best_win_rate:        1.0000	eval/ea_reward:          -308.5602	eval/ea_win_rate:          1.0000	eval/rl_reward:          -309.9213
eval/rl_win_rate:          1.0000	generate_cost_reward_mean:-39.6086	grid_purchase_cost_mean: 309347.8033	mean_soc_mean:             0.3252
return_mean:             -310.4932	return_std:               32.4840	soc_reserve_reward_mean:   0.0000	soc_violation_mean:       43.3120
test/battery_punishment_reward:-4173.2747	test/battle_won:           1.0000	test/bess_cost_reward:   -192.6950	test/buy_cost_reward:    -308841.6551
test/ep_length:           24.0000	test/episode_limit:        1.0000	test/generate_cost_reward:-33.7087	test/grid_purchase_cost: 308841.6551
test/mean_soc:             0.2081	test/return_mean:        -310.3091	test/return_std:          30.1805	test/soc_reserve_reward:   0.0000
test/soc_violation:       53.1317	test/total_power_loss:   14219.3689	test_battery_punishment_reward_mean:-4173.2747	test_battle_won_mean:      1.0000
test_bess_cost_reward_mean:-192.6950	test_buy_cost_reward_mean:-308841.6551	test_ep_length_mean:      24.0000	test_episode_limit_mean:   1.0000
test_generate_cost_reward_mean:-33.7087	test_grid_purchase_cost_mean:308841.6551	test_mean_soc_mean:        0.2081	test_return_mean:        -310.3091
test_return_std:          30.1805	test_soc_reserve_reward_mean:  0.0000	test_soc_violation_mean:  53.1317	test_total_power_loss_mean:14219.3689
total_power_loss_mean:   14226.7147	train/battery_punishment_reward:-3233.3560	train/battle_won:          1.0000	train/bess_cost_reward:  -160.0229
train/buy_cost_reward:   -309347.8033	train/ep_length:          24.0000	train/episode:           1971.0000	train/episode_limit:       1.0000
train/generate_cost_reward:-39.6086	train/grid_purchase_cost:309347.8033	train/mean_soc:            0.3252	train/return_mean:       -310.4932
train/return_std:         32.4840	train/soc_reserve_reward:  0.0000	train/soc_violation:      43.3120	train/t_env:             84576.0000
train/total_power_loss:  14226.7147	
[INFO 20:51:41] root t_env: 85680 / 300000
[INFO 20:51:41] root Estimated time left: 1 hours, 11 minutes, 19 seconds. Time passed: 25 minutes, 54 seconds
[INFO 20:51:52] root Recent Stats | t_env:      86136 | Episode:     2004
battery_punishment_reward_mean:-3169.8110	battle_won_mean:           1.0000	bess_cost_reward_mean:   -161.8593	buffer/episodes:         3546.0000
buy_cost_reward_mean:    -311633.4537	ep_length_mean:           24.0000	episode_limit_mean:        1.0000	eval/best_reward:        -304.3775
eval/best_win_rate:        1.0000	eval/ea_reward:          -307.4780	eval/ea_win_rate:          1.0000	eval/rl_reward:          -308.0034
eval/rl_win_rate:          1.0000	generate_cost_reward_mean:-37.6271	grid_purchase_cost_mean: 311633.4537	mean_soc_mean:             0.3182
return_mean:             -312.7575	return_std:               32.6466	soc_reserve_reward_mean:   0.0000	soc_violation_mean:       42.5802
test/battery_punishment_reward:-3798.7373	test/battle_won:           1.0000	test/bess_cost_reward:   -194.4798	test/buy_cost_reward:    -306670.5125
test/ep_length:           24.0000	test/episode_limit:        1.0000	test/generate_cost_reward:-30.3064	test/grid_purchase_cost: 306670.5125
test/mean_soc:             0.2000	test/return_mean:        -308.0124	test/return_std:          30.5214	test/soc_reserve_reward:   0.0000
test/soc_violation:       49.6564	test/total_power_loss:   14133.2199	test_battery_punishment_reward_mean:-3798.7373	test_battle_won_mean:      1.0000
test_bess_cost_reward_mean:-194.4798	test_buy_cost_reward_mean:-306670.5125	test_ep_length_mean:      24.0000	test_episode_limit_mean:   1.0000
test_generate_cost_reward_mean:-30.3064	test_grid_purchase_cost_mean:306670.5125	test_mean_soc_mean:        0.2000	test_return_mean:        -308.0124
test_return_std:          30.5214	test_soc_reserve_reward_mean:  0.0000	test_soc_violation_mean:  49.6564	test_total_power_loss_mean:14133.2199
total_power_loss_mean:   14333.5142	train/battery_punishment_reward:-3169.8110	train/battle_won:          1.0000	train/bess_cost_reward:  -161.8593
train/buy_cost_reward:   -311633.4537	train/ep_length:          24.0000	train/episode:           1982.0000	train/episode_limit:       1.0000
train/generate_cost_reward:-37.6271	train/grid_purchase_cost:311633.4537	train/mean_soc:            0.3182	train/return_mean:       -312.7575
train/return_std:         32.6466	train/soc_reserve_reward:  0.0000	train/soc_violation:      42.5802	train/t_env:             85104.0000
train/total_power_loss:  14333.5142	
[INFO 20:52:02] root Recent Stats | t_env:      86640 | Episode:     2015
battery_punishment_reward_mean:-3298.8379	battle_won_mean:           1.0000	bess_cost_reward_mean:   -169.9574	buffer/episodes:         3568.0000
buy_cost_reward_mean:    -310672.3655	ep_length_mean:           24.0000	episode_limit_mean:        1.0000	eval/best_reward:        -304.3775
eval/best_win_rate:        1.0000	eval/ea_reward:          -307.4780	eval/ea_win_rate:          1.0000	eval/rl_reward:          -308.0034
eval/rl_win_rate:          1.0000	generate_cost_reward_mean:-36.5484	grid_purchase_cost_mean: 310672.3655	mean_soc_mean:             0.2890
return_mean:             -311.8418	return_std:               34.8932	soc_reserve_reward_mean:   0.0000	soc_violation_mean:       44.1635
test/battery_punishment_reward:-3798.7373	test/battle_won:           1.0000	test/bess_cost_reward:   -194.4798	test/buy_cost_reward:    -306670.5125
test/ep_length:           24.0000	test/episode_limit:        1.0000	test/generate_cost_reward:-30.3064	test/grid_purchase_cost: 306670.5125
test/mean_soc:             0.2000	test/return_mean:        -308.0124	test/return_std:          30.5214	test/soc_reserve_reward:   0.0000
test/soc_violation:       49.6564	test/total_power_loss:   14133.2199	test_battery_punishment_reward_mean:-3798.7373	test_battle_won_mean:      1.0000
test_bess_cost_reward_mean:-194.4798	test_buy_cost_reward_mean:-306670.5125	test_ep_length_mean:      24.0000	test_episode_limit_mean:   1.0000
test_generate_cost_reward_mean:-30.3064	test_grid_purchase_cost_mean:306670.5125	test_mean_soc_mean:        0.2000	test_return_mean:        -308.0124
test_return_std:          30.5214	test_soc_reserve_reward_mean:  0.0000	test_soc_violation_mean:  49.6564	test_total_power_loss_mean:14133.2199
total_power_loss_mean:   14311.8924	train/battery_punishment_reward:-3298.8379	train/battle_won:          1.0000	train/bess_cost_reward:  -169.9574
train/buy_cost_reward:   -310672.3655	train/ep_length:          24.0000	train/episode:           1993.0000	train/episode_limit:       1.0000
train/generate_cost_reward:-36.5484	train/grid_purchase_cost:310672.3655	train/mean_soc:            0.2890	train/return_mean:       -311.8418
train/return_std:         34.8932	train/soc_reserve_reward:  0.0000	train/soc_violation:      44.1635	train/t_env:             85632.0000
train/total_power_loss:  14311.8924	
[INFO 20:52:15] root Recent Stats | t_env:      87264 | Episode:     2026
battery_punishment_reward_mean:-2961.1956	battle_won_mean:           1.0000	bess_cost_reward_mean:   -177.4008	buffer/episodes:         3590.0000
buy_cost_reward_mean:    -307311.1024	ep_length_mean:           24.0000	episode_limit_mean:        1.0000	eval/best_reward:        -304.3775
eval/best_win_rate:        1.0000	eval/ea_reward:          -307.4780	eval/ea_win_rate:          1.0000	eval/rl_reward:          -308.0034
eval/rl_win_rate:          1.0000	generate_cost_reward_mean:-38.7627	grid_purchase_cost_mean: 307311.1024	mean_soc_mean:             0.2609
return_mean:             -308.3712	return_std:               33.8160	soc_reserve_reward_mean:   0.0000	soc_violation_mean:       40.5559
test/battery_punishment_reward:-3798.7373	test/battle_won:           1.0000	test/bess_cost_reward:   -194.4798	test/buy_cost_reward:    -306670.5125
test/ep_length:           24.0000	test/episode_limit:        1.0000	test/generate_cost_reward:-30.3064	test/grid_purchase_cost: 306670.5125
test/mean_soc:             0.2000	test/return_mean:        -308.0124	test/return_std:          30.5214	test/soc_reserve_reward:   0.0000
test/soc_violation:       49.6564	test/total_power_loss:   14133.2199	test_battery_punishment_reward_mean:-3798.7373	test_battle_won_mean:      1.0000
test_bess_cost_reward_mean:-194.4798	test_buy_cost_reward_mean:-306670.5125	test_ep_length_mean:      24.0000	test_episode_limit_mean:   1.0000
test_generate_cost_reward_mean:-30.3064	test_grid_purchase_cost_mean:306670.5125	test_mean_soc_mean:        0.2000	test_return_mean:        -308.0124
test_return_std:          30.5214	test_soc_reserve_reward_mean:  0.0000	test_soc_violation_mean:  49.6564	test_total_power_loss_mean:14133.2199
total_power_loss_mean:   14167.5976	train/battery_punishment_reward:-2961.1956	train/battle_won:          1.0000	train/bess_cost_reward:  -177.4008
train/buy_cost_reward:   -307311.1024	train/ep_length:          24.0000	train/episode:           2004.0000	train/episode_limit:       1.0000
train/generate_cost_reward:-38.7627	train/grid_purchase_cost:307311.1024	train/mean_soc:            0.2609	train/return_mean:       -308.3712
train/return_std:         33.8160	train/soc_reserve_reward:  0.0000	train/soc_violation:      40.5559	train/t_env:             86160.0000
train/total_power_loss:  14167.5976	
[INFO 20:52:23] root t_env: 87744 / 300000
[INFO 20:52:23] root Estimated time left: 1 hours, 11 minutes, 54 seconds. Time passed: 26 minutes, 36 seconds
[INFO 20:52:25] root Recent Stats | t_env:      87768 | Episode:     2037
battery_punishment_reward_mean:-2809.1248	battle_won_mean:           1.0000	bess_cost_reward_mean:   -171.3575	buffer/episodes:         3612.0000
buy_cost_reward_mean:    -306069.2251	ep_length_mean:           24.0000	episode_limit_mean:        1.0000	eval/best_reward:        -303.6421
eval/best_win_rate:        1.0000	eval/ea_reward:          -306.7426	eval/ea_win_rate:          1.0000	eval/rl_reward:          -306.8543
eval/rl_win_rate:          1.0000	generate_cost_reward_mean:-41.9034	grid_purchase_cost_mean: 306069.2251	mean_soc_mean:             0.2826
return_mean:             -307.0778	return_std:               33.9356	soc_reserve_reward_mean:   0.0000	soc_violation_mean:       39.0239
test/battery_punishment_reward:-2743.4698	test/battle_won:           1.0000	test/bess_cost_reward:   -194.3515	test/buy_cost_reward:    -305997.3551
test/ep_length:           24.0000	test/episode_limit:        1.0000	test/generate_cost_reward:-43.2298	test/grid_purchase_cost: 305997.3551
test/mean_soc:             0.2004	test/return_mean:        -306.9922	test/return_std:          30.1882	test/soc_reserve_reward:   0.0000
test/soc_violation:       39.4622	test/total_power_loss:   14116.5149	test_battery_punishment_reward_mean:-2743.4698	test_battle_won_mean:      1.0000
test_bess_cost_reward_mean:-194.3515	test_buy_cost_reward_mean:-305997.3551	test_ep_length_mean:      24.0000	test_episode_limit_mean:   1.0000
test_generate_cost_reward_mean:-43.2298	test_grid_purchase_cost_mean:305997.3551	test_mean_soc_mean:        0.2004	test_return_mean:        -306.9922
test_return_std:          30.1882	test_soc_reserve_reward_mean:  0.0000	test_soc_violation_mean:  39.4622	test_total_power_loss_mean:14116.5149
total_power_loss_mean:   14107.9623	train/battery_punishment_reward:-2809.1248	train/battle_won:          1.0000	train/bess_cost_reward:  -171.3575
train/buy_cost_reward:   -306069.2251	train/ep_length:          24.0000	train/episode:           2015.0000	train/episode_limit:       1.0000
train/generate_cost_reward:-41.9034	train/grid_purchase_cost:306069.2251	train/mean_soc:            0.2826	train/return_mean:       -307.0778
train/return_std:         33.9356	train/soc_reserve_reward:  0.0000	train/soc_violation:      39.0239	train/t_env:             86688.0000
train/total_power_loss:  14107.9623	
[INFO 20:52:33] root Recent Stats | t_env:      88272 | Episode:     2048
battery_punishment_reward_mean:-2828.1725	battle_won_mean:           1.0000	bess_cost_reward_mean:   -174.3881	buffer/episodes:         3634.0000
buy_cost_reward_mean:    -302442.3660	ep_length_mean:           24.0000	episode_limit_mean:        1.0000	eval/best_reward:        -303.6421
eval/best_win_rate:        1.0000	eval/ea_reward:          -306.7426	eval/ea_win_rate:          1.0000	eval/rl_reward:          -306.8543
eval/rl_win_rate:          1.0000	generate_cost_reward_mean:-43.5814	grid_purchase_cost_mean: 302442.3660	mean_soc_mean:             0.2720
return_mean:             -303.4589	return_std:               36.5166	soc_reserve_reward_mean:   0.0000	soc_violation_mean:       39.4390
test/battery_punishment_reward:-2743.4698	test/battle_won:           1.0000	test/bess_cost_reward:   -194.3515	test/buy_cost_reward:    -305997.3551
test/ep_length:           24.0000	test/episode_limit:        1.0000	test/generate_cost_reward:-43.2298	test/grid_purchase_cost: 305997.3551
test/mean_soc:             0.2004	test/return_mean:        -306.9922	test/return_std:          30.1882	test/soc_reserve_reward:   0.0000
test/soc_violation:       39.4622	test/total_power_loss:   14116.5149	test_battery_punishment_reward_mean:-2743.4698	test_battle_won_mean:      1.0000
test_bess_cost_reward_mean:-194.3515	test_buy_cost_reward_mean:-305997.3551	test_ep_length_mean:      24.0000	test_episode_limit_mean:   1.0000
test_generate_cost_reward_mean:-43.2298	test_grid_purchase_cost_mean:305997.3551	test_mean_soc_mean:        0.2004	test_return_mean:        -306.9922
test_return_std:          30.1882	test_soc_reserve_reward_mean:  0.0000	test_soc_violation_mean:  39.4622	test_total_power_loss_mean:14116.5149
total_power_loss_mean:   13956.5018	train/battery_punishment_reward:-2828.1725	train/battle_won:          1.0000	train/bess_cost_reward:  -174.3881
train/buy_cost_reward:   -302442.3660	train/ep_length:          24.0000	train/episode:           2026.0000	train/episode_limit:       1.0000
train/generate_cost_reward:-43.5814	train/grid_purchase_cost:302442.3660	train/mean_soc:            0.2720	train/return_mean:       -303.4589
train/return_std:         36.5166	train/soc_reserve_reward:  0.0000	train/soc_violation:      39.4390	train/t_env:             87216.0000
train/total_power_loss:  13956.5018	
Sync from RL --> Nevo
EA evolution start ...
EA evolution end.
Sync from RL --> Nevo
EA evolution start ...
EA evolution end.
Sync from RL --> Nevo
EA evolution start ...
EA evolution end.
Sync from RL --> Nevo
EA evolution start ...
EA evolution end.
Sync from RL --> Nevo
EA evolution start ...
EA evolution end.
Sync from RL --> Nevo
RL eval  -311.5064120595977 1.0
EA eval  -306.90151496665055 1.0
EA evolution start ...
EA evolution end.
Sync from RL --> Nevo
EA evolution start ...
EA evolution end.
Sync from RL --> Nevo
EA evolution start ...
EA evolution end.
Sync from RL --> Nevo
EA evolution start ...
EA evolution end.
Sync from RL --> Nevo
EA evolution start ...
EA evolution end.
Sync from RL --> Nevo
EA evolution start ...
EA evolution end.
Sync from RL --> Nevo
EA evolution start ...
EA evolution end.
Sync from RL --> Nevo
EA evolution start ...
EA evolution end.
Sync from RL --> Nevo
EA evolution start ...
EA evolution end.
RL eval  -307.9478200132252 1.0
EA eval  -317.43907874182634 1.0
Sync from RL --> Nevo
EA evolution start ...
EA evolution end.
Sync from RL --> Nevo
EA evolution start ...
EA evolution end.
Sync from RL --> Nevo
EA evolution start ...
EA evolution end.
Sync from RL --> Nevo
EA evolution start ...
EA evolution end.
Sync from RL --> Nevo
EA evolution start ...
EA evolution end.
Sync from RL --> Nevo
EA evolution start ...
EA evolution end.
Sync from RL --> Nevo
EA evolution start ...
EA evolution end.
Sync from RL --> Nevo
EA evolution start ...
EA evolution end.
Sync from RL --> Nevo
RL eval  -309.12275419147096 1.0
EA eval  -314.62156264442194 1.0
EA evolution start ...
EA evolution end.
Sync from RL --> Nevo
EA evolution start ...
EA evolution end.
Sync from RL --> Nevo
EA evolution start ...
EA evolution end.
Sync from RL --> Nevo
EA evolution start ...
EA evolution end.
Sync from RL --> Nevo
EA evolution start ...
EA evolution end.
Sync from RL --> Nevo
EA evolution start ...
EA evolution end.
Sync from RL --> Nevo
EA evolution start ...
EA evolution end.
Sync from RL --> Nevo
EA evolution start ...
EA evolution end.
Sync from RL --> Nevo
EA evolution start ...
EA evolution end.
RL eval  -302.4567188052032 1.0
EA eval  -306.0247136948079 1.0
Sync from RL --> Nevo
EA evolution start ...
EA evolution end.
Sync from RL --> Nevo
EA evolution start ...
EA evolution end.
Sync from RL --> Nevo
EA evolution start ...
EA evolution end.
Sync from RL --> Nevo
EA evolution start ...
EA evolution end.
Sync from RL --> Nevo
EA evolution start ...
EA evolution end.
Sync from RL --> Nevo
EA evolution start ...
EA evolution end.
Sync from RL --> Nevo
EA evolution start ...
EA evolution end.
Sync from RL --> Nevo
EA evolution start ...
EA evolution end.
Sync from RL --> Nevo
RL eval  -316.59489631870065 1.0
EA eval  -316.5813333968044 1.0
EA evolution start ...
EA evolution end.
Sync from RL --> Nevo
EA evolution start ...
EA evolution end.
Sync from RL --> Nevo
EA evolution start ...
EA evolution end.
Sync from RL --> Nevo
EA evolution start ...
EA evolution end.
Sync from RL --> Nevo
EA evolution start ...
EA evolution end.
Sync from RL --> Nevo
EA evolution start ...
EA evolution end.
Sync from RL --> Nevo
EA evolution start ...
EA evolution end.
Sync from RL --> Nevo
EA evolution start ...
EA evolution end.
Sync from RL --> Nevo
EA evolution start ...
EA evolution end.
RL eval  -309.7476526493639 1.0
EA eval  -303.8309668413547 1.0
Sync from RL --> Nevo
EA evolution start ...
EA evolution end.
Sync from RL --> Nevo
EA evolution start ...
EA evolution end.
Sync from RL --> Nevo
EA evolution start ...
EA evolution end.
Sync from RL --> Nevo
EA evolution start ...
EA evolution end.
Sync from RL --> Nevo
EA evolution start ...
EA evolution end.
Sync from RL --> Nevo
EA evolution start ...
EA evolution end.
Sync from RL --> Nevo
EA evolution start ...
EA evolution end.
Sync from RL --> Nevo
EA evolution start ...
EA evolution end.
Sync from RL --> Nevo
RL eval  -311.96276172935575 1.0
EA eval  -331.7627782980926 1.0
EA evolution start ...
EA evolution end.
Sync from RL --> Nevo
EA evolution start ...
EA evolution end.
Sync from RL --> Nevo
EA evolution start ...
EA evolution end.
Sync from RL --> Nevo
EA evolution start ...
EA evolution end.
Sync from RL --> Nevo
EA evolution start ...
EA evolution end.
Sync from RL --> Nevo
EA evolution start ...
EA evolution end.
Sync from RL --> Nevo
EA evolution start ...
EA evolution end.
Sync from RL --> Nevo
EA evolution start ...
EA evolution end.
Sync from RL --> Nevo
EA evolution start ...
EA evolution end.
RL eval  -317.8180655538765 1.0
EA eval  -313.3949546779436 1.0
Sync from RL --> Nevo
EA evolution start ...
EA evolution end.
Sync from RL --> Nevo
EA evolution start ...
EA evolution end.
Sync from RL --> Nevo
EA evolution start ...
EA evolution end.
Sync from RL --> Nevo
EA evolution start ...
EA evolution end.
Sync from RL --> Nevo
EA evolution start ...
EA evolution end.
Sync from RL --> Nevo
EA evolution start ...
EA evolution end.
Sync from RL --> Nevo
EA evolution start ...
EA evolution end.
Sync from RL --> Nevo
EA evolution start ...
EA evolution end.
Sync from RL --> Nevo
RL eval  -311.84760847863924 1.0
EA eval  -317.6194971564817 1.0
EA evolution start ...
EA evolution end.
Sync from RL --> Nevo
EA evolution start ...
EA evolution end.
Sync from RL --> Nevo
EA evolution start ...
EA evolution end.
Sync from RL --> Nevo
EA evolution start ...
EA evolution end.
Sync from RL --> Nevo
EA evolution start ...
EA evolution end.
Sync from RL --> Nevo
EA evolution start ...
EA evolution end.
Sync from RL --> Nevo
EA evolution start ...
EA evolution end.
Sync from RL --> Nevo
EA evolution start ...
EA evolution end.
Sync from RL --> Nevo
EA evolution start ...
EA evolution end.
RL eval  -314.10472791532294 1.0
EA eval  -311.97389438910506 1.0
Sync from RL --> Nevo
EA evolution start ...
EA evolution end.
Sync from RL --> Nevo
EA evolution start ...
EA evolution end.
Sync from RL --> Nevo
EA evolution start ...
EA evolution end.
Sync from RL --> Nevo
EA evolution start ...
EA evolution end.
Sync from RL --> Nevo
EA evolution start ...
EA evolution end.
Sync from RL --> Nevo
EA evolution start ...
EA evolution end.
Sync from RL --> Nevo
EA evolution start ...
EA evolution end.
Sync from RL --> Nevo
EA evolution start ...
EA evolution end.
Sync from RL --> Nevo
RL eval  -313.5569163648468 1.0
EA eval  -316.2630201602508 1.0
EA evolution start ...
EA evolution end.
Sync from RL --> Nevo
EA evolution start ...
EA evolution end.
Sync from RL --> Nevo
EA evolution start ...
EA evolution end.
Sync from RL --> Nevo
EA evolution start ...
EA evolution end.
Sync from RL --> Nevo
EA evolution start ...
EA evolution end.
Sync from RL --> Nevo
EA evolution start ...
EA evolution end.
Sync from RL --> Nevo
EA evolution start ...
EA evolution end.
Sync from RL --> Nevo
EA evolution start ...
EA evolution end.
Sync from RL --> Nevo
EA evolution start ...
EA evolution end.
RL eval  -303.75965958080775 1.0
EA eval  -304.28822109129123 1.0
Sync from RL --> Nevo
EA evolution start ...
EA evolution end.
Sync from RL --> Nevo
EA evolution start ...
EA evolution end.
Sync from RL --> Nevo
EA evolution start ...
EA evolution end.
Sync from RL --> Nevo
EA evolution start ...
EA evolution end.
Sync from RL --> Nevo
EA evolution start ...
EA evolution end.
Sync from RL --> Nevo
EA evolution start ...
EA evolution end.
Sync from RL --> Nevo
EA evolution start ...
EA evolution end.
Sync from RL --> Nevo
EA evolution start ...
EA evolution end.
Sync from RL --> Nevo
RL eval  -322.32580891324295 1.0
EA eval  -313.54501503538876 1.0
EA evolution start ...
EA evolution end.
Sync from RL --> Nevo
EA evolution start ...
EA evolution end.
Sync from RL --> Nevo
EA evolution start ...
EA evolution end.
Sync from RL --> Nevo
EA evolution start ...
[INFO 20:52:43] root Recent Stats | t_env:      88776 | Episode:     2059
battery_punishment_reward_mean:-2973.9030	battle_won_mean:           1.0000	bess_cost_reward_mean:   -171.8665	buffer/episodes:         3656.0000
buy_cost_reward_mean:    -303194.7064	ep_length_mean:           24.0000	episode_limit_mean:        1.0000	eval/best_reward:        -303.6421
eval/best_win_rate:        1.0000	eval/ea_reward:          -306.7426	eval/ea_win_rate:          1.0000	eval/rl_reward:          -306.8543
eval/rl_win_rate:          1.0000	generate_cost_reward_mean:-45.1960	grid_purchase_cost_mean: 303194.7064	mean_soc_mean:             0.2814
return_mean:             -304.2596	return_std:               35.2820	soc_reserve_reward_mean:   0.0000	soc_violation_mean:       40.8330
test/battery_punishment_reward:-2743.4698	test/battle_won:           1.0000	test/bess_cost_reward:   -194.3515	test/buy_cost_reward:    -305997.3551
test/ep_length:           24.0000	test/episode_limit:        1.0000	test/generate_cost_reward:-43.2298	test/grid_purchase_cost: 305997.3551
test/mean_soc:             0.2004	test/return_mean:        -306.9922	test/return_std:          30.1882	test/soc_reserve_reward:   0.0000
test/soc_violation:       39.4622	test/total_power_loss:   14116.5149	test_battery_punishment_reward_mean:-2743.4698	test_battle_won_mean:      1.0000
test_bess_cost_reward_mean:-194.3515	test_buy_cost_reward_mean:-305997.3551	test_ep_length_mean:      24.0000	test_episode_limit_mean:   1.0000
test_generate_cost_reward_mean:-43.2298	test_grid_purchase_cost_mean:305997.3551	test_mean_soc_mean:        0.2004	test_return_mean:        -306.9922
test_return_std:          30.1882	test_soc_reserve_reward_mean:  0.0000	test_soc_violation_mean:  39.4622	test_total_power_loss_mean:14116.5149
total_power_loss_mean:   13981.4016	train/battery_punishment_reward:-2973.9030	train/battle_won:          1.0000	train/bess_cost_reward:  -171.8665
train/buy_cost_reward:   -303194.7064	train/ep_length:          24.0000	train/episode:           2037.0000	train/episode_limit:       1.0000
train/generate_cost_reward:-45.1960	train/grid_purchase_cost:303194.7064	train/mean_soc:            0.2814	train/return_mean:       -304.2596
train/return_std:         35.2820	train/soc_reserve_reward:  0.0000	train/soc_violation:      40.8330	train/t_env:             87744.0000
train/total_power_loss:  13981.4016	
[INFO 20:52:52] root Recent Stats | t_env:      89280 | Episode:     2070
battery_punishment_reward_mean:-3082.4339	battle_won_mean:           1.0000	bess_cost_reward_mean:   -173.4994	buffer/episodes:         3678.0000
buy_cost_reward_mean:    -302390.4744	ep_length_mean:           24.0000	episode_limit_mean:        1.0000	eval/best_reward:        -303.6421
eval/best_win_rate:        1.0000	eval/ea_reward:          -306.7426	eval/ea_win_rate:          1.0000	eval/rl_reward:          -306.8543
eval/rl_win_rate:          1.0000	generate_cost_reward_mean:-44.1983	grid_purchase_cost_mean: 302390.4744	mean_soc_mean:             0.2761
return_mean:             -303.4917	return_std:               34.1932	soc_reserve_reward_mean:   0.0000	soc_violation_mean:       42.0008
test/battery_punishment_reward:-2743.4698	test/battle_won:           1.0000	test/bess_cost_reward:   -194.3515	test/buy_cost_reward:    -305997.3551
test/ep_length:           24.0000	test/episode_limit:        1.0000	test/generate_cost_reward:-43.2298	test/grid_purchase_cost: 305997.3551
test/mean_soc:             0.2004	test/return_mean:        -306.9922	test/return_std:          30.1882	test/soc_reserve_reward:   0.0000
test/soc_violation:       39.4622	test/total_power_loss:   14116.5149	test_battery_punishment_reward_mean:-2743.4698	test_battle_won_mean:      1.0000
test_bess_cost_reward_mean:-194.3515	test_buy_cost_reward_mean:-305997.3551	test_ep_length_mean:      24.0000	test_episode_limit_mean:   1.0000
test_generate_cost_reward_mean:-43.2298	test_grid_purchase_cost_mean:305997.3551	test_mean_soc_mean:        0.2004	test_return_mean:        -306.9922
test_return_std:          30.1882	test_soc_reserve_reward_mean:  0.0000	test_soc_violation_mean:  39.4622	test_total_power_loss_mean:14116.5149
total_power_loss_mean:   13942.1008	train/battery_punishment_reward:-3082.4339	train/battle_won:          1.0000	train/bess_cost_reward:  -173.4994
train/buy_cost_reward:   -302390.4744	train/ep_length:          24.0000	train/episode:           2048.0000	train/episode_limit:       1.0000
train/generate_cost_reward:-44.1983	train/grid_purchase_cost:302390.4744	train/mean_soc:            0.2761	train/return_mean:       -303.4917
train/return_std:         34.1932	train/soc_reserve_reward:  0.0000	train/soc_violation:      42.0008	train/t_env:             88272.0000
train/total_power_loss:  13942.1008	
[INFO 20:53:01] root t_env: 89760 / 300000
[INFO 20:53:01] root Estimated time left: 1 hours, 5 minutes, 45 seconds. Time passed: 27 minutes, 14 seconds
[INFO 20:53:07] root Recent Stats | t_env:      89904 | Episode:     2081
battery_punishment_reward_mean:-3177.6804	battle_won_mean:           1.0000	bess_cost_reward_mean:   -171.2481	buffer/episodes:         3700.0000
buy_cost_reward_mean:    -302112.8333	ep_length_mean:           24.0000	episode_limit_mean:        1.0000	eval/best_reward:        -304.1879
eval/best_win_rate:        1.0000	eval/ea_reward:          -309.3913	eval/ea_win_rate:          1.0000	eval/rl_reward:          -306.3324
eval/rl_win_rate:          1.0000	generate_cost_reward_mean:-43.3340	grid_purchase_cost_mean: 302112.8333	mean_soc_mean:             0.2850
return_mean:             -303.2447	return_std:               32.7537	soc_reserve_reward_mean:   0.0000	soc_violation_mean:       43.2218
test/battery_punishment_reward:-2653.7846	test/battle_won:           1.0000	test/bess_cost_reward:   -194.3468	test/buy_cost_reward:    -309962.7053
test/ep_length:           24.0000	test/episode_limit:        1.0000	test/generate_cost_reward:-38.9732	test/grid_purchase_cost: 309962.7053
test/mean_soc:             0.2004	test/return_mean:        -310.9261	test/return_std:          29.3441	test/soc_reserve_reward:   0.0000
test/soc_violation:       38.6143	test/total_power_loss:   14281.0126	test_battery_punishment_reward_mean:-2653.7846	test_battle_won_mean:      1.0000
test_bess_cost_reward_mean:-194.3468	test_buy_cost_reward_mean:-309962.7053	test_ep_length_mean:      24.0000	test_episode_limit_mean:   1.0000
test_generate_cost_reward_mean:-38.9732	test_grid_purchase_cost_mean:309962.7053	test_mean_soc_mean:        0.2004	test_return_mean:        -310.9261
test_return_std:          29.3441	test_soc_reserve_reward_mean:  0.0000	test_soc_violation_mean:  38.6143	test_total_power_loss_mean:14281.0126
total_power_loss_mean:   13941.0077	train/battery_punishment_reward:-3177.6804	train/battle_won:          1.0000	train/bess_cost_reward:  -171.2481
train/buy_cost_reward:   -302112.8333	train/ep_length:          24.0000	train/episode:           2059.0000	train/episode_limit:       1.0000
train/generate_cost_reward:-43.3340	train/grid_purchase_cost:302112.8333	train/mean_soc:            0.2850	train/return_mean:       -303.2447
train/return_std:         32.7537	train/soc_reserve_reward:  0.0000	train/soc_violation:      43.2218	train/t_env:             88800.0000
train/total_power_loss:  13941.0077	
[INFO 20:53:17] root Recent Stats | t_env:      90408 | Episode:     2092
battery_punishment_reward_mean:-3352.5911	battle_won_mean:           1.0000	bess_cost_reward_mean:   -181.1313	buffer/episodes:         3722.0000
buy_cost_reward_mean:    -301391.9099	ep_length_mean:           24.0000	episode_limit_mean:        1.0000	eval/best_reward:        -304.1879
eval/best_win_rate:        1.0000	eval/ea_reward:          -309.3913	eval/ea_win_rate:          1.0000	eval/rl_reward:          -306.3324
eval/rl_win_rate:          1.0000	generate_cost_reward_mean:-41.2137	grid_purchase_cost_mean: 301391.9099	mean_soc_mean:             0.2491
return_mean:             -302.5846	return_std:               31.8203	soc_reserve_reward_mean:   0.0000	soc_violation_mean:       44.9284
test/battery_punishment_reward:-2653.7846	test/battle_won:           1.0000	test/bess_cost_reward:   -194.3468	test/buy_cost_reward:    -309962.7053
test/ep_length:           24.0000	test/episode_limit:        1.0000	test/generate_cost_reward:-38.9732	test/grid_purchase_cost: 309962.7053
test/mean_soc:             0.2004	test/return_mean:        -310.9261	test/return_std:          29.3441	test/soc_reserve_reward:   0.0000
test/soc_violation:       38.6143	test/total_power_loss:   14281.0126	test_battery_punishment_reward_mean:-2653.7846	test_battle_won_mean:      1.0000
test_bess_cost_reward_mean:-194.3468	test_buy_cost_reward_mean:-309962.7053	test_ep_length_mean:      24.0000	test_episode_limit_mean:   1.0000
test_generate_cost_reward_mean:-38.9732	test_grid_purchase_cost_mean:309962.7053	test_mean_soc_mean:        0.2004	test_return_mean:        -310.9261
test_return_std:          29.3441	test_soc_reserve_reward_mean:  0.0000	test_soc_violation_mean:  38.6143	test_total_power_loss_mean:14281.0126
total_power_loss_mean:   13911.1230	train/battery_punishment_reward:-3352.5911	train/battle_won:          1.0000	train/bess_cost_reward:  -181.1313
train/buy_cost_reward:   -301391.9099	train/ep_length:          24.0000	train/episode:           2070.0000	train/episode_limit:       1.0000
train/generate_cost_reward:-41.2137	train/grid_purchase_cost:301391.9099	train/mean_soc:            0.2491	train/return_mean:       -302.5846
train/return_std:         31.8203	train/soc_reserve_reward:  0.0000	train/soc_violation:      44.9284	train/t_env:             89328.0000
train/total_power_loss:  13911.1230	
[INFO 20:53:22] root Saving models to results\models\facmac_smac__2026-06-15_20-25-46\90624
[INFO 20:53:27] root Recent Stats | t_env:      90912 | Episode:     2103
battery_punishment_reward_mean:-3512.4469	battle_won_mean:           1.0000	bess_cost_reward_mean:   -173.1968	buffer/episodes:         3744.0000
buy_cost_reward_mean:    -305664.9083	ep_length_mean:           24.0000	episode_limit_mean:        1.0000	eval/best_reward:        -304.1879
eval/best_win_rate:        1.0000	eval/ea_reward:          -309.3913	eval/ea_win_rate:          1.0000	eval/rl_reward:          -306.3324
eval/rl_win_rate:          1.0000	generate_cost_reward_mean:-40.5391	grid_purchase_cost_mean: 305664.9083	mean_soc_mean:             0.2781
return_mean:             -306.9080	return_std:               30.1028	soc_reserve_reward_mean:   0.0000	soc_violation_mean:       46.4487
test/battery_punishment_reward:-2653.7846	test/battle_won:           1.0000	test/bess_cost_reward:   -194.3468	test/buy_cost_reward:    -309962.7053
test/ep_length:           24.0000	test/episode_limit:        1.0000	test/generate_cost_reward:-38.9732	test/grid_purchase_cost: 309962.7053
test/mean_soc:             0.2004	test/return_mean:        -310.9261	test/return_std:          29.3441	test/soc_reserve_reward:   0.0000
test/soc_violation:       38.6143	test/total_power_loss:   14281.0126	test_battery_punishment_reward_mean:-2653.7846	test_battle_won_mean:      1.0000
test_bess_cost_reward_mean:-194.3468	test_buy_cost_reward_mean:-309962.7053	test_ep_length_mean:      24.0000	test_episode_limit_mean:   1.0000
test_generate_cost_reward_mean:-38.9732	test_grid_purchase_cost_mean:309962.7053	test_mean_soc_mean:        0.2004	test_return_mean:        -310.9261
test_return_std:          29.3441	test_soc_reserve_reward_mean:  0.0000	test_soc_violation_mean:  38.6143	test_total_power_loss_mean:14281.0126
total_power_loss_mean:   14093.4285	train/battery_punishment_reward:-3512.4469	train/battle_won:          1.0000	train/bess_cost_reward:  -173.1968
train/buy_cost_reward:   -305664.9083	train/ep_length:          24.0000	train/episode:           2081.0000	train/episode_limit:       1.0000
train/generate_cost_reward:-40.5391	train/grid_purchase_cost:305664.9083	train/mean_soc:            0.2781	train/return_mean:       -306.9080
train/return_std:         30.1028	train/soc_reserve_reward:  0.0000	train/soc_violation:      46.4487	train/t_env:             89856.0000
train/total_power_loss:  14093.4285	
[INFO 20:53:37] root Recent Stats | t_env:      91416 | Episode:     2114
battery_punishment_reward_mean:-3526.5992	battle_won_mean:           1.0000	bess_cost_reward_mean:   -164.9265	buffer/episodes:         3766.0000
buy_cost_reward_mean:    -306707.1593	ep_length_mean:           24.0000	episode_limit_mean:        1.0000	eval/best_reward:        -304.1879
eval/best_win_rate:        1.0000	eval/ea_reward:          -309.3913	eval/ea_win_rate:          1.0000	eval/rl_reward:          -306.3324
eval/rl_win_rate:          1.0000	generate_cost_reward_mean:-40.6394	grid_purchase_cost_mean: 306707.1593	mean_soc_mean:             0.3082
return_mean:             -307.9523	return_std:               30.6572	soc_reserve_reward_mean:   0.0000	soc_violation_mean:       46.5956
test/battery_punishment_reward:-2653.7846	test/battle_won:           1.0000	test/bess_cost_reward:   -194.3468	test/buy_cost_reward:    -309962.7053
test/ep_length:           24.0000	test/episode_limit:        1.0000	test/generate_cost_reward:-38.9732	test/grid_purchase_cost: 309962.7053
test/mean_soc:             0.2004	test/return_mean:        -310.9261	test/return_std:          29.3441	test/soc_reserve_reward:   0.0000
test/soc_violation:       38.6143	test/total_power_loss:   14281.0126	test_battery_punishment_reward_mean:-2653.7846	test_battle_won_mean:      1.0000
test_bess_cost_reward_mean:-194.3468	test_buy_cost_reward_mean:-309962.7053	test_ep_length_mean:      24.0000	test_episode_limit_mean:   1.0000
test_generate_cost_reward_mean:-38.9732	test_grid_purchase_cost_mean:309962.7053	test_mean_soc_mean:        0.2004	test_return_mean:        -310.9261
test_return_std:          29.3441	test_soc_reserve_reward_mean:  0.0000	test_soc_violation_mean:  38.6143	test_total_power_loss_mean:14281.0126
total_power_loss_mean:   14136.4478	train/battery_punishment_reward:-3526.5992	train/battle_won:          1.0000	train/bess_cost_reward:  -164.9265
train/buy_cost_reward:   -306707.1593	train/ep_length:          24.0000	train/episode:           2092.0000	train/episode_limit:       1.0000
train/generate_cost_reward:-40.6394	train/grid_purchase_cost:306707.1593	train/mean_soc:            0.3082	train/return_mean:       -307.9523
train/return_std:         30.6572	train/soc_reserve_reward:  0.0000	train/soc_violation:      46.5956	train/t_env:             90384.0000
train/total_power_loss:  14136.4478	
[INFO 20:53:47] root t_env: 91824 / 300000
[INFO 20:53:47] root Estimated time left: 1 hours, 16 minutes, 28 seconds. Time passed: 28 minutes, 0 seconds
[INFO 20:53:48] root Recent Stats | t_env:      91920 | Episode:     2125
battery_punishment_reward_mean:-3601.7869	battle_won_mean:           1.0000	bess_cost_reward_mean:   -161.0171	buffer/episodes:         3788.0000
buy_cost_reward_mean:    -308745.2872	ep_length_mean:           24.0000	episode_limit_mean:        1.0000	eval/best_reward:        -304.3337
eval/best_win_rate:        1.0000	eval/ea_reward:          -310.7147	eval/ea_win_rate:          1.0000	eval/rl_reward:          -304.8325
eval/rl_win_rate:          1.0000	generate_cost_reward_mean:-40.2878	grid_purchase_cost_mean: 308745.2872	mean_soc_mean:             0.3230
return_mean:             -310.0140	return_std:               31.9624	soc_reserve_reward_mean:   0.0000	soc_violation_mean:       47.3425
test/battery_punishment_reward:-3224.3685	test/battle_won:           1.0000	test/bess_cost_reward:   -194.3077	test/buy_cost_reward:    -307968.5776
test/ep_length:           24.0000	test/episode_limit:        1.0000	test/generate_cost_reward:-32.8920	test/grid_purchase_cost: 307968.5776
test/mean_soc:             0.2005	test/return_mean:        -309.1199	test/return_std:          30.3774	test/soc_reserve_reward:   0.0000
test/soc_violation:       44.0942	test/total_power_loss:   14187.9685	test_battery_punishment_reward_mean:-3224.3685	test_battle_won_mean:      1.0000
test_bess_cost_reward_mean:-194.3077	test_buy_cost_reward_mean:-307968.5776	test_ep_length_mean:      24.0000	test_episode_limit_mean:   1.0000
test_generate_cost_reward_mean:-32.8920	test_grid_purchase_cost_mean:307968.5776	test_mean_soc_mean:        0.2005	test_return_mean:        -309.1199
test_return_std:          30.3774	test_soc_reserve_reward_mean:  0.0000	test_soc_violation_mean:  44.0942	test_total_power_loss_mean:14187.9685
total_power_loss_mean:   14226.1086	train/battery_punishment_reward:-3601.7869	train/battle_won:          1.0000	train/bess_cost_reward:  -161.0171
train/buy_cost_reward:   -308745.2872	train/ep_length:          24.0000	train/episode:           2103.0000	train/episode_limit:       1.0000
train/generate_cost_reward:-40.2878	train/grid_purchase_cost:308745.2872	train/mean_soc:            0.3230	train/return_mean:       -310.0140
train/return_std:         31.9624	train/soc_reserve_reward:  0.0000	train/soc_violation:      47.3425	train/t_env:             90912.0000
train/total_power_loss:  14226.1086	
[INFO 20:54:02] root Recent Stats | t_env:      92544 | Episode:     2136
battery_punishment_reward_mean:-3512.2455	battle_won_mean:           1.0000	bess_cost_reward_mean:   -158.6652	buffer/episodes:         3810.0000
buy_cost_reward_mean:    -308792.7475	ep_length_mean:           24.0000	episode_limit_mean:        1.0000	eval/best_reward:        -304.3337
eval/best_win_rate:        1.0000	eval/ea_reward:          -310.7147	eval/ea_win_rate:          1.0000	eval/rl_reward:          -304.8325
eval/rl_win_rate:          1.0000	generate_cost_reward_mean:-41.4778	grid_purchase_cost_mean: 308792.7475	mean_soc_mean:             0.3313
return_mean:             -310.0313	return_std:               35.8271	soc_reserve_reward_mean:   0.0000	soc_violation_mean:       46.2059
test/battery_punishment_reward:-3224.3685	test/battle_won:           1.0000	test/bess_cost_reward:   -194.3077	test/buy_cost_reward:    -307968.5776
test/ep_length:           24.0000	test/episode_limit:        1.0000	test/generate_cost_reward:-32.8920	test/grid_purchase_cost: 307968.5776
test/mean_soc:             0.2005	test/return_mean:        -309.1199	test/return_std:          30.3774	test/soc_reserve_reward:   0.0000
test/soc_violation:       44.0942	test/total_power_loss:   14187.9685	test_battery_punishment_reward_mean:-3224.3685	test_battle_won_mean:      1.0000
test_bess_cost_reward_mean:-194.3077	test_buy_cost_reward_mean:-307968.5776	test_ep_length_mean:      24.0000	test_episode_limit_mean:   1.0000
test_generate_cost_reward_mean:-32.8920	test_grid_purchase_cost_mean:307968.5776	test_mean_soc_mean:        0.2005	test_return_mean:        -309.1199
test_return_std:          30.3774	test_soc_reserve_reward_mean:  0.0000	test_soc_violation_mean:  44.0942	test_total_power_loss_mean:14187.9685
total_power_loss_mean:   14225.9731	train/battery_punishment_reward:-3512.2455	train/battle_won:          1.0000	train/bess_cost_reward:  -158.6652
train/buy_cost_reward:   -308792.7475	train/ep_length:          24.0000	train/episode:           2114.0000	train/episode_limit:       1.0000
train/generate_cost_reward:-41.4778	train/grid_purchase_cost:308792.7475	train/mean_soc:            0.3313	train/return_mean:       -310.0313
train/return_std:         35.8271	train/soc_reserve_reward:  0.0000	train/soc_violation:      46.2059	train/t_env:             91440.0000
train/total_power_loss:  14225.9731	
[INFO 20:54:12] root Recent Stats | t_env:      93048 | Episode:     2147
battery_punishment_reward_mean:-3427.8730	battle_won_mean:           1.0000	bess_cost_reward_mean:   -154.8902	buffer/episodes:         3832.0000
buy_cost_reward_mean:    -312324.1484	ep_length_mean:           24.0000	episode_limit_mean:        1.0000	eval/best_reward:        -304.3337
eval/best_win_rate:        1.0000	eval/ea_reward:          -310.7147	eval/ea_win_rate:          1.0000	eval/rl_reward:          -304.8325
eval/rl_win_rate:          1.0000	generate_cost_reward_mean:-41.1277	grid_purchase_cost_mean: 312324.1484	mean_soc_mean:             0.3453
return_mean:             -313.5332	return_std:               35.5389	soc_reserve_reward_mean:   0.0000	soc_violation_mean:       45.4186
test/battery_punishment_reward:-3224.3685	test/battle_won:           1.0000	test/bess_cost_reward:   -194.3077	test/buy_cost_reward:    -307968.5776
test/ep_length:           24.0000	test/episode_limit:        1.0000	test/generate_cost_reward:-32.8920	test/grid_purchase_cost: 307968.5776
test/mean_soc:             0.2005	test/return_mean:        -309.1199	test/return_std:          30.3774	test/soc_reserve_reward:   0.0000
test/soc_violation:       44.0942	test/total_power_loss:   14187.9685	test_battery_punishment_reward_mean:-3224.3685	test_battle_won_mean:      1.0000
test_bess_cost_reward_mean:-194.3077	test_buy_cost_reward_mean:-307968.5776	test_ep_length_mean:      24.0000	test_episode_limit_mean:   1.0000
test_generate_cost_reward_mean:-32.8920	test_grid_purchase_cost_mean:307968.5776	test_mean_soc_mean:        0.2005	test_return_mean:        -309.1199
test_return_std:          30.3774	test_soc_reserve_reward_mean:  0.0000	test_soc_violation_mean:  44.0942	test_total_power_loss_mean:14187.9685
total_power_loss_mean:   14379.2351	train/battery_punishment_reward:-3427.8730	train/battle_won:          1.0000	train/bess_cost_reward:  -154.8902
train/buy_cost_reward:   -312324.1484	train/ep_length:          24.0000	train/episode:           2125.0000	train/episode_limit:       1.0000
train/generate_cost_reward:-41.1277	train/grid_purchase_cost:312324.1484	train/mean_soc:            0.3453	train/return_mean:       -313.5332
train/return_std:         35.5389	train/soc_reserve_reward:  0.0000	train/soc_violation:      45.4186	train/t_env:             91968.0000
train/total_power_loss:  14379.2351	
[INFO 20:54:20] root Recent Stats | t_env:      93552 | Episode:     2158
battery_punishment_reward_mean:-3284.3337	battle_won_mean:           1.0000	bess_cost_reward_mean:   -163.5177	buffer/episodes:         3854.0000
buy_cost_reward_mean:    -310699.6181	ep_length_mean:           24.0000	episode_limit_mean:        1.0000	eval/best_reward:        -304.3337
eval/best_win_rate:        1.0000	eval/ea_reward:          -310.7147	eval/ea_win_rate:          1.0000	eval/rl_reward:          -304.8325
eval/rl_win_rate:          1.0000	generate_cost_reward_mean:-39.1469	grid_purchase_cost_mean: 310699.6181	mean_soc_mean:             0.3139
return_mean:             -311.8630	return_std:               38.2325	soc_reserve_reward_mean:   0.0000	soc_violation_mean:       44.1562
test/battery_punishment_reward:-3224.3685	test/battle_won:           1.0000	test/bess_cost_reward:   -194.3077	test/buy_cost_reward:    -307968.5776
test/ep_length:           24.0000	test/episode_limit:        1.0000	test/generate_cost_reward:-32.8920	test/grid_purchase_cost: 307968.5776
test/mean_soc:             0.2005	test/return_mean:        -309.1199	test/return_std:          30.3774	test/soc_reserve_reward:   0.0000
test/soc_violation:       44.0942	test/total_power_loss:   14187.9685	test_battery_punishment_reward_mean:-3224.3685	test_battle_won_mean:      1.0000
test_bess_cost_reward_mean:-194.3077	test_buy_cost_reward_mean:-307968.5776	test_ep_length_mean:      24.0000	test_episode_limit_mean:   1.0000
test_generate_cost_reward_mean:-32.8920	test_grid_purchase_cost_mean:307968.5776	test_mean_soc_mean:        0.2005	test_return_mean:        -309.1199
test_return_std:          30.3774	test_soc_reserve_reward_mean:  0.0000	test_soc_violation_mean:  44.0942	test_total_power_loss_mean:14187.9685
total_power_loss_mean:   14299.5766	train/battery_punishment_reward:-3284.3337	train/battle_won:          1.0000	train/bess_cost_reward:  -163.5177
train/buy_cost_reward:   -310699.6181	train/ep_length:          24.0000	train/episode:           2136.0000	train/episode_limit:       1.0000
train/generate_cost_reward:-39.1469	train/grid_purchase_cost:310699.6181	train/mean_soc:            0.3139	train/return_mean:       -311.8630
train/return_std:         38.2325	train/soc_reserve_reward:  0.0000	train/soc_violation:      44.1562	train/t_env:             92496.0000
train/total_power_loss:  14299.5766	
[INFO 20:54:25] root t_env: 93840 / 300000
[INFO 20:54:25] root Estimated time left: 1 hours, 5 minutes, 20 seconds. Time passed: 28 minutes, 38 seconds
[INFO 20:54:31] root Recent Stats | t_env:      94056 | Episode:     2169
battery_punishment_reward_mean:-3149.7142	battle_won_mean:           1.0000	bess_cost_reward_mean:   -169.7862	buffer/episodes:         3876.0000
buy_cost_reward_mean:    -311245.6034	ep_length_mean:           24.0000	episode_limit_mean:        1.0000	eval/best_reward:        -305.2602
eval/best_win_rate:        1.0000	eval/ea_reward:          -310.3903	eval/ea_win_rate:          1.0000	eval/rl_reward:          -305.7591
eval/rl_win_rate:          1.0000	generate_cost_reward_mean:-38.0661	grid_purchase_cost_mean: 311245.6034	mean_soc_mean:             0.2909
return_mean:             -312.3658	return_std:               39.4183	soc_reserve_reward_mean:   0.0000	soc_violation_mean:       42.8266
test/battery_punishment_reward:-3592.7248	test/battle_won:           1.0000	test/bess_cost_reward:   -186.3093	test/buy_cost_reward:    -308612.1480
test/ep_length:           24.0000	test/episode_limit:        1.0000	test/generate_cost_reward:-46.1990	test/grid_purchase_cost: 308612.1480
test/mean_soc:             0.2305	test/return_mean:        -309.8885	test/return_std:          31.7543	test/soc_reserve_reward:   0.0000
test/soc_violation:       47.3498	test/total_power_loss:   14209.5125	test_battery_punishment_reward_mean:-3592.7248	test_battle_won_mean:      1.0000
test_bess_cost_reward_mean:-186.3093	test_buy_cost_reward_mean:-308612.1480	test_ep_length_mean:      24.0000	test_episode_limit_mean:   1.0000
test_generate_cost_reward_mean:-46.1990	test_grid_purchase_cost_mean:308612.1480	test_mean_soc_mean:        0.2305	test_return_mean:        -309.8885
test_return_std:          31.7543	test_soc_reserve_reward_mean:  0.0000	test_soc_violation_mean:  47.3498	test_total_power_loss_mean:14209.5125
total_power_loss_mean:   14330.7728	train/battery_punishment_reward:-3149.7142	train/battle_won:          1.0000	train/bess_cost_reward:  -169.7862
train/buy_cost_reward:   -311245.6034	train/ep_length:          24.0000	train/episode:           2147.0000	train/episode_limit:       1.0000
train/generate_cost_reward:-38.0661	train/grid_purchase_cost:311245.6034	train/mean_soc:            0.2909	train/return_mean:       -312.3658
train/return_std:         39.4183	train/soc_reserve_reward:  0.0000	train/soc_violation:      42.8266	train/t_env:             93024.0000
train/total_power_loss:  14330.7728	
[INFO 20:54:41] root Recent Stats | t_env:      94560 | Episode:     2180
battery_punishment_reward_mean:-3191.2934	battle_won_mean:           1.0000	bess_cost_reward_mean:   -168.4231	buffer/episodes:         3898.0000
buy_cost_reward_mean:    -312903.2335	ep_length_mean:           24.0000	episode_limit_mean:        1.0000	eval/best_reward:        -305.2602
eval/best_win_rate:        1.0000	eval/ea_reward:          -310.3903	eval/ea_win_rate:          1.0000	eval/rl_reward:          -305.7591
eval/rl_win_rate:          1.0000	generate_cost_reward_mean:-40.4400	grid_purchase_cost_mean: 312903.2335	mean_soc_mean:             0.2950
return_mean:             -314.0377	return_std:               40.0141	soc_reserve_reward_mean:   0.0000	soc_violation_mean:       43.2341
test/battery_punishment_reward:-3592.7248	test/battle_won:           1.0000	test/bess_cost_reward:   -186.3093	test/buy_cost_reward:    -308612.1480
test/ep_length:           24.0000	test/episode_limit:        1.0000	test/generate_cost_reward:-46.1990	test/grid_purchase_cost: 308612.1480
test/mean_soc:             0.2305	test/return_mean:        -309.8885	test/return_std:          31.7543	test/soc_reserve_reward:   0.0000
test/soc_violation:       47.3498	test/total_power_loss:   14209.5125	test_battery_punishment_reward_mean:-3592.7248	test_battle_won_mean:      1.0000
test_bess_cost_reward_mean:-186.3093	test_buy_cost_reward_mean:-308612.1480	test_ep_length_mean:      24.0000	test_episode_limit_mean:   1.0000
test_generate_cost_reward_mean:-46.1990	test_grid_purchase_cost_mean:308612.1480	test_mean_soc_mean:        0.2305	test_return_mean:        -309.8885
test_return_std:          31.7543	test_soc_reserve_reward_mean:  0.0000	test_soc_violation_mean:  47.3498	test_total_power_loss_mean:14209.5125
total_power_loss_mean:   14401.0663	train/battery_punishment_reward:-3191.2934	train/battle_won:          1.0000	train/bess_cost_reward:  -168.4231
train/buy_cost_reward:   -312903.2335	train/ep_length:          24.0000	train/episode:           2158.0000	train/episode_limit:       1.0000
train/generate_cost_reward:-40.4400	train/grid_purchase_cost:312903.2335	train/mean_soc:            0.2950	train/return_mean:       -314.0377
train/return_std:         40.0141	train/soc_reserve_reward:  0.0000	train/soc_violation:      43.2341	train/t_env:             93552.0000
train/total_power_loss:  14401.0663	
[INFO 20:54:56] root Recent Stats | t_env:      95184 | Episode:     2191
battery_punishment_reward_mean:-3332.0363	battle_won_mean:           1.0000	bess_cost_reward_mean:   -172.1012	buffer/episodes:         3920.0000
buy_cost_reward_mean:    -310245.3927	ep_length_mean:           24.0000	episode_limit_mean:        1.0000	eval/best_reward:        -305.2602
eval/best_win_rate:        1.0000	eval/ea_reward:          -310.3903	eval/ea_win_rate:          1.0000	eval/rl_reward:          -305.7591
eval/rl_win_rate:          1.0000	generate_cost_reward_mean:-41.2865	grid_purchase_cost_mean: 310245.3927	mean_soc_mean:             0.2818
return_mean:             -311.4283	return_std:               39.2511	soc_reserve_reward_mean:   0.0000	soc_violation_mean:       44.8945
test/battery_punishment_reward:-3592.7248	test/battle_won:           1.0000	test/bess_cost_reward:   -186.3093	test/buy_cost_reward:    -308612.1480
test/ep_length:           24.0000	test/episode_limit:        1.0000	test/generate_cost_reward:-46.1990	test/grid_purchase_cost: 308612.1480
test/mean_soc:             0.2305	test/return_mean:        -309.8885	test/return_std:          31.7543	test/soc_reserve_reward:   0.0000
test/soc_violation:       47.3498	test/total_power_loss:   14209.5125	test_battery_punishment_reward_mean:-3592.7248	test_battle_won_mean:      1.0000
test_bess_cost_reward_mean:-186.3093	test_buy_cost_reward_mean:-308612.1480	test_ep_length_mean:      24.0000	test_episode_limit_mean:   1.0000
test_generate_cost_reward_mean:-46.1990	test_grid_purchase_cost_mean:308612.1480	test_mean_soc_mean:        0.2305	test_return_mean:        -309.8885
test_return_std:          31.7543	test_soc_reserve_reward_mean:  0.0000	test_soc_violation_mean:  47.3498	test_total_power_loss_mean:14209.5125
total_power_loss_mean:   14291.3028	train/battery_punishment_reward:-3332.0363	train/battle_won:          1.0000	train/bess_cost_reward:  -172.1012
train/buy_cost_reward:   -310245.3927	train/ep_length:          24.0000	train/episode:           2169.0000	train/episode_limit:       1.0000
train/generate_cost_reward:-41.2865	train/grid_purchase_cost:310245.3927	train/mean_soc:            0.2818	train/return_mean:       -311.4283
train/return_std:         39.2511	train/soc_reserve_reward:  0.0000	train/soc_violation:      44.8945	train/t_env:             94080.0000
train/total_power_loss:  14291.3028	
[INFO 20:55:05] root Recent Stats | t_env:      95688 | Episode:     2202
battery_punishment_reward_mean:-3594.9175	battle_won_mean:           1.0000	bess_cost_reward_mean:   -165.3815	buffer/episodes:         3942.0000
buy_cost_reward_mean:    -309094.0032	ep_length_mean:           24.0000	episode_limit_mean:        1.0000	eval/best_reward:        -305.2602
eval/best_win_rate:        1.0000	eval/ea_reward:          -310.3903	eval/ea_win_rate:          1.0000	eval/rl_reward:          -305.7591
eval/rl_win_rate:          1.0000	generate_cost_reward_mean:-41.3802	grid_purchase_cost_mean: 309094.0032	mean_soc_mean:             0.3065
return_mean:             -310.3623	return_std:               41.0097	soc_reserve_reward_mean:   0.0000	soc_violation_mean:       47.5655
test/battery_punishment_reward:-3592.7248	test/battle_won:           1.0000	test/bess_cost_reward:   -186.3093	test/buy_cost_reward:    -308612.1480
test/ep_length:           24.0000	test/episode_limit:        1.0000	test/generate_cost_reward:-46.1990	test/grid_purchase_cost: 308612.1480
test/mean_soc:             0.2305	test/return_mean:        -309.8885	test/return_std:          31.7543	test/soc_reserve_reward:   0.0000
test/soc_violation:       47.3498	test/total_power_loss:   14209.5125	test_battery_punishment_reward_mean:-3592.7248	test_battle_won_mean:      1.0000
test_bess_cost_reward_mean:-186.3093	test_buy_cost_reward_mean:-308612.1480	test_ep_length_mean:      24.0000	test_episode_limit_mean:   1.0000
test_generate_cost_reward_mean:-46.1990	test_grid_purchase_cost_mean:308612.1480	test_mean_soc_mean:        0.2305	test_return_mean:        -309.8885
test_return_std:          31.7543	test_soc_reserve_reward_mean:  0.0000	test_soc_violation_mean:  47.3498	test_total_power_loss_mean:14209.5125
total_power_loss_mean:   14246.3910	train/battery_punishment_reward:-3594.9175	train/battle_won:          1.0000	train/bess_cost_reward:  -165.3815
train/buy_cost_reward:   -309094.0032	train/ep_length:          24.0000	train/episode:           2180.0000	train/episode_limit:       1.0000
train/generate_cost_reward:-41.3802	train/grid_purchase_cost:309094.0032	train/mean_soc:            0.3065	train/return_mean:       -310.3623
train/return_std:         41.0097	train/soc_reserve_reward:  0.0000	train/soc_violation:      47.5655	train/t_env:             94608.0000
train/total_power_loss:  14246.3910	
[INFO 20:55:10] root t_env: 95904 / 300000
[INFO 20:55:10] root Estimated time left: 1 hours, 13 minutes, 36 seconds. Time passed: 29 minutes, 23 seconds
[INFO 20:55:16] root Recent Stats | t_env:      96192 | Episode:     2213
battery_punishment_reward_mean:-3468.1238	battle_won_mean:           1.0000	bess_cost_reward_mean:   -159.7309	buffer/episodes:         3964.0000
buy_cost_reward_mean:    -309741.9011	ep_length_mean:           24.0000	episode_limit_mean:        1.0000	eval/best_reward:        -304.6650
eval/best_win_rate:        1.0000	eval/ea_reward:          -309.4786	eval/ea_win_rate:          1.0000	eval/rl_reward:          -308.5947
eval/rl_win_rate:          1.0000	generate_cost_reward_mean:-41.8477	grid_purchase_cost_mean: 309741.9011	mean_soc_mean:             0.3267
return_mean:             -310.9662	return_std:               38.1999	soc_reserve_reward_mean:   0.0000	soc_violation_mean:       46.0013
test/battery_punishment_reward:-3093.2029	test/battle_won:           1.0000	test/bess_cost_reward:   -155.2223	test/buy_cost_reward:    -310276.1353
test/ep_length:           24.0000	test/episode_limit:        1.0000	test/generate_cost_reward:-45.4751	test/grid_purchase_cost: 310276.1353
test/mean_soc:             0.3432	test/return_mean:        -311.3753	test/return_std:          31.5155	test/soc_reserve_reward:   0.0000
test/soc_violation:       42.2657	test/total_power_loss:   14293.7467	test_battery_punishment_reward_mean:-3093.2029	test_battle_won_mean:      1.0000
test_bess_cost_reward_mean:-155.2223	test_buy_cost_reward_mean:-310276.1353	test_ep_length_mean:      24.0000	test_episode_limit_mean:   1.0000
test_generate_cost_reward_mean:-45.4751	test_grid_purchase_cost_mean:310276.1353	test_mean_soc_mean:        0.3432	test_return_mean:        -311.3753
test_return_std:          31.5155	test_soc_reserve_reward_mean:  0.0000	test_soc_violation_mean:  42.2657	test_total_power_loss_mean:14293.7467
total_power_loss_mean:   14286.6923	train/battery_punishment_reward:-3468.1238	train/battle_won:          1.0000	train/bess_cost_reward:  -159.7309
train/buy_cost_reward:   -309741.9011	train/ep_length:          24.0000	train/episode:           2191.0000	train/episode_limit:       1.0000
train/generate_cost_reward:-41.8477	train/grid_purchase_cost:309741.9011	train/mean_soc:            0.3267	train/return_mean:       -310.9662
train/return_std:         38.1999	train/soc_reserve_reward:  0.0000	train/soc_violation:      46.0013	train/t_env:             95136.0000
train/total_power_loss:  14286.6923	
[INFO 20:55:25] root Recent Stats | t_env:      96696 | Episode:     2224
battery_punishment_reward_mean:-3364.1359	battle_won_mean:           1.0000	bess_cost_reward_mean:   -155.9794	buffer/episodes:         3986.0000
buy_cost_reward_mean:    -310127.9426	ep_length_mean:           24.0000	episode_limit_mean:        1.0000	eval/best_reward:        -304.6650
eval/best_win_rate:        1.0000	eval/ea_reward:          -309.4786	eval/ea_win_rate:          1.0000	eval/rl_reward:          -308.5947
eval/rl_win_rate:          1.0000	generate_cost_reward_mean:-41.8617	grid_purchase_cost_mean: 310127.9426	mean_soc_mean:             0.3402
return_mean:             -311.3164	return_std:               38.2768	soc_reserve_reward_mean:   0.0000	soc_violation_mean:       44.8721
test/battery_punishment_reward:-3093.2029	test/battle_won:           1.0000	test/bess_cost_reward:   -155.2223	test/buy_cost_reward:    -310276.1353
test/ep_length:           24.0000	test/episode_limit:        1.0000	test/generate_cost_reward:-45.4751	test/grid_purchase_cost: 310276.1353
test/mean_soc:             0.3432	test/return_mean:        -311.3753	test/return_std:          31.5155	test/soc_reserve_reward:   0.0000
test/soc_violation:       42.2657	test/total_power_loss:   14293.7467	test_battery_punishment_reward_mean:-3093.2029	test_battle_won_mean:      1.0000
test_bess_cost_reward_mean:-155.2223	test_buy_cost_reward_mean:-310276.1353	test_ep_length_mean:      24.0000	test_episode_limit_mean:   1.0000
test_generate_cost_reward_mean:-45.4751	test_grid_purchase_cost_mean:310276.1353	test_mean_soc_mean:        0.3432	test_return_mean:        -311.3753
test_return_std:          31.5155	test_soc_reserve_reward_mean:  0.0000	test_soc_violation_mean:  42.2657	test_total_power_loss_mean:14293.7467
total_power_loss_mean:   14300.8879	train/battery_punishment_reward:-3364.1359	train/battle_won:          1.0000	train/bess_cost_reward:  -155.9794
train/buy_cost_reward:   -310127.9426	train/ep_length:          24.0000	train/episode:           2202.0000	train/episode_limit:       1.0000
train/generate_cost_reward:-41.8617	train/grid_purchase_cost:310127.9426	train/mean_soc:            0.3402	train/return_mean:       -311.3164
train/return_std:         38.2768	train/soc_reserve_reward:  0.0000	train/soc_violation:      44.8721	train/t_env:             95664.0000
train/total_power_loss:  14300.8879	
[INFO 20:55:35] root Recent Stats | t_env:      97200 | Episode:     2235
battery_punishment_reward_mean:-3246.0950	battle_won_mean:           1.0000	bess_cost_reward_mean:   -155.6686	buffer/episodes:         4008.0000
buy_cost_reward_mean:    -310074.4956	ep_length_mean:           24.0000	episode_limit_mean:        1.0000	eval/best_reward:        -304.6650
eval/best_win_rate:        1.0000	eval/ea_reward:          -309.4786	eval/ea_win_rate:          1.0000	eval/rl_reward:          -308.5947
eval/rl_win_rate:          1.0000	generate_cost_reward_mean:-41.2360	grid_purchase_cost_mean: 310074.4956	mean_soc_mean:             0.3414
return_mean:             -311.2232	return_std:               37.4607	soc_reserve_reward_mean:   0.0000	soc_violation_mean:       43.6601
test/battery_punishment_reward:-3093.2029	test/battle_won:           1.0000	test/bess_cost_reward:   -155.2223	test/buy_cost_reward:    -310276.1353
test/ep_length:           24.0000	test/episode_limit:        1.0000	test/generate_cost_reward:-45.4751	test/grid_purchase_cost: 310276.1353
test/mean_soc:             0.3432	test/return_mean:        -311.3753	test/return_std:          31.5155	test/soc_reserve_reward:   0.0000
test/soc_violation:       42.2657	test/total_power_loss:   14293.7467	test_battery_punishment_reward_mean:-3093.2029	test_battle_won_mean:      1.0000
test_bess_cost_reward_mean:-155.2223	test_buy_cost_reward_mean:-310276.1353	test_ep_length_mean:      24.0000	test_episode_limit_mean:   1.0000
test_generate_cost_reward_mean:-45.4751	test_grid_purchase_cost_mean:310276.1353	test_mean_soc_mean:        0.3432	test_return_mean:        -311.3753
test_return_std:          31.5155	test_soc_reserve_reward_mean:  0.0000	test_soc_violation_mean:  42.2657	test_total_power_loss_mean:14293.7467
total_power_loss_mean:   14293.0170	train/battery_punishment_reward:-3246.0950	train/battle_won:          1.0000	train/bess_cost_reward:  -155.6686
train/buy_cost_reward:   -310074.4956	train/ep_length:          24.0000	train/episode:           2213.0000	train/episode_limit:       1.0000
train/generate_cost_reward:-41.2360	train/grid_purchase_cost:310074.4956	train/mean_soc:            0.3414	train/return_mean:       -311.2232
train/return_std:         37.4607	train/soc_reserve_reward:  0.0000	train/soc_violation:      43.6601	train/t_env:             96192.0000
train/total_power_loss:  14293.0170	
[INFO 20:55:49] root Recent Stats | t_env:      97824 | Episode:     2246
battery_punishment_reward_mean:-3316.7962	battle_won_mean:           1.0000	bess_cost_reward_mean:   -157.3072	buffer/episodes:         4030.0000
buy_cost_reward_mean:    -313451.5795	ep_length_mean:           24.0000	episode_limit_mean:        1.0000	eval/best_reward:        -304.6650
eval/best_win_rate:        1.0000	eval/ea_reward:          -309.4786	eval/ea_win_rate:          1.0000	eval/rl_reward:          -308.5947
eval/rl_win_rate:          1.0000	generate_cost_reward_mean:-40.2151	grid_purchase_cost_mean: 313451.5795	mean_soc_mean:             0.3358
return_mean:             -314.6241	return_std:               36.4105	soc_reserve_reward_mean:   0.0000	soc_violation_mean:       44.2724
test/battery_punishment_reward:-3093.2029	test/battle_won:           1.0000	test/bess_cost_reward:   -155.2223	test/buy_cost_reward:    -310276.1353
test/ep_length:           24.0000	test/episode_limit:        1.0000	test/generate_cost_reward:-45.4751	test/grid_purchase_cost: 310276.1353
test/mean_soc:             0.3432	test/return_mean:        -311.3753	test/return_std:          31.5155	test/soc_reserve_reward:   0.0000
test/soc_violation:       42.2657	test/total_power_loss:   14293.7467	test_battery_punishment_reward_mean:-3093.2029	test_battle_won_mean:      1.0000
test_bess_cost_reward_mean:-155.2223	test_buy_cost_reward_mean:-310276.1353	test_ep_length_mean:      24.0000	test_episode_limit_mean:   1.0000
test_generate_cost_reward_mean:-45.4751	test_grid_purchase_cost_mean:310276.1353	test_mean_soc_mean:        0.3432	test_return_mean:        -311.3753
test_return_std:          31.5155	test_soc_reserve_reward_mean:  0.0000	test_soc_violation_mean:  42.2657	test_total_power_loss_mean:14293.7467
total_power_loss_mean:   14420.4523	train/battery_punishment_reward:-3316.7962	train/battle_won:          1.0000	train/bess_cost_reward:  -157.3072
train/buy_cost_reward:   -313451.5795	train/ep_length:          24.0000	train/episode:           2224.0000	train/episode_limit:       1.0000
train/generate_cost_reward:-40.2151	train/grid_purchase_cost:313451.5795	train/mean_soc:            0.3358	train/return_mean:       -314.6241
train/return_std:         36.4105	train/soc_reserve_reward:  0.0000	train/soc_violation:      44.2724	train/t_env:             96720.0000
train/total_power_loss:  14420.4523	
[INFO 20:55:49] root t_env: 97920 / 300000
[INFO 20:55:49] root Estimated time left: 1 hours, 5 minutes, 20 seconds. Time passed: 30 minutes, 2 seconds
[INFO 20:55:59] root Recent Stats | t_env:      98328 | Episode:     2257
battery_punishment_reward_mean:-3672.0782	battle_won_mean:           1.0000	bess_cost_reward_mean:   -162.4540	buffer/episodes:         4052.0000
buy_cost_reward_mean:    -309541.3491	ep_length_mean:           24.0000	episode_limit_mean:        1.0000	eval/best_reward:        -305.3787
eval/best_win_rate:        1.0000	eval/ea_reward:          -311.4538	eval/ea_win_rate:          1.0000	eval/rl_reward:          -308.8095
eval/rl_win_rate:          1.0000	generate_cost_reward_mean:-40.3386	grid_purchase_cost_mean: 309541.3491	mean_soc_mean:             0.3175
return_mean:             -310.8340	return_std:               36.6050	soc_reserve_reward_mean:   0.0000	soc_violation_mean:       48.0182
test/battery_punishment_reward:-3296.7981	test/battle_won:           1.0000	test/bess_cost_reward:   -162.7072	test/buy_cost_reward:    -307687.1012
test/ep_length:           24.0000	test/episode_limit:        1.0000	test/generate_cost_reward:-32.4866	test/grid_purchase_cost: 307687.1012
test/mean_soc:             0.3157	test/return_mean:        -308.8519	test/return_std:          30.8988	test/soc_reserve_reward:   0.0000
test/soc_violation:       44.4286	test/total_power_loss:   14175.2813	test_battery_punishment_reward_mean:-3296.7981	test_battle_won_mean:      1.0000
test_bess_cost_reward_mean:-162.7072	test_buy_cost_reward_mean:-307687.1012	test_ep_length_mean:      24.0000	test_episode_limit_mean:   1.0000
test_generate_cost_reward_mean:-32.4866	test_grid_purchase_cost_mean:307687.1012	test_mean_soc_mean:        0.3157	test_return_mean:        -308.8519
test_return_std:          30.8988	test_soc_reserve_reward_mean:  0.0000	test_soc_violation_mean:  44.4286	test_total_power_loss_mean:14175.2813
total_power_loss_mean:   14242.8053	train/battery_punishment_reward:-3672.0782	train/battle_won:          1.0000	train/bess_cost_reward:  -162.4540
train/buy_cost_reward:   -309541.3491	train/ep_length:          24.0000	train/episode:           2235.0000	train/episode_limit:       1.0000
train/generate_cost_reward:-40.3386	train/grid_purchase_cost:309541.3491	train/mean_soc:            0.3175	train/return_mean:       -310.8340
train/return_std:         36.6050	train/soc_reserve_reward:  0.0000	train/soc_violation:      48.0182	train/t_env:             97248.0000
train/total_power_loss:  14242.8053	
[INFO 20:56:07] root Recent Stats | t_env:      98832 | Episode:     2268
battery_punishment_reward_mean:-3718.8282	battle_won_mean:           1.0000	bess_cost_reward_mean:   -170.7079	buffer/episodes:         4074.0000
buy_cost_reward_mean:    -308760.7098	ep_length_mean:           24.0000	episode_limit_mean:        1.0000	eval/best_reward:        -305.3787
eval/best_win_rate:        1.0000	eval/ea_reward:          -311.4538	eval/ea_win_rate:          1.0000	eval/rl_reward:          -308.8095
eval/rl_win_rate:          1.0000	generate_cost_reward_mean:-39.0829	grid_purchase_cost_mean: 308760.7098	mean_soc_mean:             0.2875
return_mean:             -310.0713	return_std:               37.0561	soc_reserve_reward_mean:   0.0000	soc_violation_mean:       48.6363
test/battery_punishment_reward:-3296.7981	test/battle_won:           1.0000	test/bess_cost_reward:   -162.7072	test/buy_cost_reward:    -307687.1012
test/ep_length:           24.0000	test/episode_limit:        1.0000	test/generate_cost_reward:-32.4866	test/grid_purchase_cost: 307687.1012
test/mean_soc:             0.3157	test/return_mean:        -308.8519	test/return_std:          30.8988	test/soc_reserve_reward:   0.0000
test/soc_violation:       44.4286	test/total_power_loss:   14175.2813	test_battery_punishment_reward_mean:-3296.7981	test_battle_won_mean:      1.0000
test_bess_cost_reward_mean:-162.7072	test_buy_cost_reward_mean:-307687.1012	test_ep_length_mean:      24.0000	test_episode_limit_mean:   1.0000
test_generate_cost_reward_mean:-32.4866	test_grid_purchase_cost_mean:307687.1012	test_mean_soc_mean:        0.3157	test_return_mean:        -308.8519
test_return_std:          30.8988	test_soc_reserve_reward_mean:  0.0000	test_soc_violation_mean:  44.4286	test_total_power_loss_mean:14175.2813
total_power_loss_mean:   14210.9053	train/battery_punishment_reward:-3718.8282	train/battle_won:          1.0000	train/bess_cost_reward:  -170.7079
train/buy_cost_reward:   -308760.7098	train/ep_length:          24.0000	train/episode:           2246.0000	train/episode_limit:       1.0000
train/generate_cost_reward:-39.0829	train/grid_purchase_cost:308760.7098	train/mean_soc:            0.2875	train/return_mean:       -310.0713
train/return_std:         37.0561	train/soc_reserve_reward:  0.0000	train/soc_violation:      48.6363	train/t_env:             97776.0000
train/total_power_loss:  14210.9053	
[INFO 20:56:17] root Recent Stats | t_env:      99336 | Episode:     2279
battery_punishment_reward_mean:-3487.9394	battle_won_mean:           1.0000	bess_cost_reward_mean:   -177.4307	buffer/episodes:         4096.0000
buy_cost_reward_mean:    -308542.7160	ep_length_mean:           24.0000	episode_limit_mean:        1.0000	eval/best_reward:        -305.3787
eval/best_win_rate:        1.0000	eval/ea_reward:          -311.4538	eval/ea_win_rate:          1.0000	eval/rl_reward:          -308.8095
eval/rl_win_rate:          1.0000	generate_cost_reward_mean:-36.6866	grid_purchase_cost_mean: 308542.7160	mean_soc_mean:             0.2622
return_mean:             -309.7777	return_std:               38.2503	soc_reserve_reward_mean:   0.0000	soc_violation_mean:       46.1921
test/battery_punishment_reward:-3296.7981	test/battle_won:           1.0000	test/bess_cost_reward:   -162.7072	test/buy_cost_reward:    -307687.1012
test/ep_length:           24.0000	test/episode_limit:        1.0000	test/generate_cost_reward:-32.4866	test/grid_purchase_cost: 307687.1012
test/mean_soc:             0.3157	test/return_mean:        -308.8519	test/return_std:          30.8988	test/soc_reserve_reward:   0.0000
test/soc_violation:       44.4286	test/total_power_loss:   14175.2813	test_battery_punishment_reward_mean:-3296.7981	test_battle_won_mean:      1.0000
test_bess_cost_reward_mean:-162.7072	test_buy_cost_reward_mean:-307687.1012	test_ep_length_mean:      24.0000	test_episode_limit_mean:   1.0000
test_generate_cost_reward_mean:-32.4866	test_grid_purchase_cost_mean:307687.1012	test_mean_soc_mean:        0.3157	test_return_mean:        -308.8519
test_return_std:          30.8988	test_soc_reserve_reward_mean:  0.0000	test_soc_violation_mean:  44.4286	test_total_power_loss_mean:14175.2813
total_power_loss_mean:   14199.2559	train/battery_punishment_reward:-3487.9394	train/battle_won:          1.0000	train/bess_cost_reward:  -177.4307
train/buy_cost_reward:   -308542.7160	train/ep_length:          24.0000	train/episode:           2257.0000	train/episode_limit:       1.0000
train/generate_cost_reward:-36.6866	train/grid_purchase_cost:308542.7160	train/mean_soc:            0.2622	train/return_mean:       -309.7777
train/return_std:         38.2503	train/soc_reserve_reward:  0.0000	train/soc_violation:      46.1921	train/t_env:             98304.0000
train/total_power_loss:  14199.2559	
[INFO 20:56:25] root Recent Stats | t_env:      99840 | Episode:     2290
battery_punishment_reward_mean:-3244.6745	battle_won_mean:           1.0000	bess_cost_reward_mean:   -181.8495	buffer/episodes:         4118.0000
buy_cost_reward_mean:    -308248.5212	ep_length_mean:           24.0000	episode_limit_mean:        1.0000	eval/best_reward:        -305.3787
eval/best_win_rate:        1.0000	eval/ea_reward:          -311.4538	eval/ea_win_rate:          1.0000	eval/rl_reward:          -308.8095
eval/rl_win_rate:          1.0000	generate_cost_reward_mean:-36.3797	grid_purchase_cost_mean: 308248.5212	mean_soc_mean:             0.2457
return_mean:             -309.4038	return_std:               36.0343	soc_reserve_reward_mean:   0.0000	soc_violation_mean:       43.6063
test/battery_punishment_reward:-3296.7981	test/battle_won:           1.0000	test/bess_cost_reward:   -162.7072	test/buy_cost_reward:    -307687.1012
test/ep_length:           24.0000	test/episode_limit:        1.0000	test/generate_cost_reward:-32.4866	test/grid_purchase_cost: 307687.1012
test/mean_soc:             0.3157	test/return_mean:        -308.8519	test/return_std:          30.8988	test/soc_reserve_reward:   0.0000
test/soc_violation:       44.4286	test/total_power_loss:   14175.2813	test_battery_punishment_reward_mean:-3296.7981	test_battle_won_mean:      1.0000
test_bess_cost_reward_mean:-162.7072	test_buy_cost_reward_mean:-307687.1012	test_ep_length_mean:      24.0000	test_episode_limit_mean:   1.0000
test_generate_cost_reward_mean:-32.4866	test_grid_purchase_cost_mean:307687.1012	test_mean_soc_mean:        0.3157	test_return_mean:        -308.8519
test_return_std:          30.8988	test_soc_reserve_reward_mean:  0.0000	test_soc_violation_mean:  44.4286	test_total_power_loss_mean:14175.2813
total_power_loss_mean:   14193.4292	train/battery_punishment_reward:-3244.6745	train/battle_won:          1.0000	train/bess_cost_reward:  -181.8495
train/buy_cost_reward:   -308248.5212	train/ep_length:          24.0000	train/episode:           2268.0000	train/episode_limit:       1.0000
train/generate_cost_reward:-36.3797	train/grid_purchase_cost:308248.5212	train/mean_soc:            0.2457	train/return_mean:       -309.4038
train/return_std:         36.0343	train/soc_reserve_reward:  0.0000	train/soc_violation:      43.6063	train/t_env:             98832.0000
train/total_power_loss:  14193.4292	
[INFO 20:56:29] root t_env: 99984 / 300000
[INFO 20:56:29] root Estimated time left: 1 hours, 5 minutes, 47 seconds. Time passed: 30 minutes, 42 seconds
[INFO 20:56:41] root Recent Stats | t_env:     100464 | Episode:     2301
battery_punishment_reward_mean:-2845.7959	battle_won_mean:           1.0000	bess_cost_reward_mean:   -179.9860	buffer/episodes:         4140.0000
buy_cost_reward_mean:    -306864.3847	ep_length_mean:           24.0000	episode_limit_mean:        1.0000	eval/best_reward:        -305.8532
eval/best_win_rate:        1.0000	eval/ea_reward:          -309.8255	eval/ea_win_rate:          1.0000	eval/rl_reward:          -310.8281
eval/rl_win_rate:          1.0000	generate_cost_reward_mean:-34.1974	grid_purchase_cost_mean: 306864.3847	mean_soc_mean:             0.2516
return_mean:             -307.8852	return_std:               36.4462	soc_reserve_reward_mean:   0.0000	soc_violation_mean:       39.3984
test/battery_punishment_reward:-3141.5046	test/battle_won:           1.0000	test/bess_cost_reward:   -193.9268	test/buy_cost_reward:    -310332.4990
test/ep_length:           24.0000	test/episode_limit:        1.0000	test/generate_cost_reward:-33.9097	test/grid_purchase_cost: 310332.4990
test/mean_soc:             0.2025	test/return_mean:        -311.4565	test/return_std:          31.4499	test/soc_reserve_reward:   0.0000
test/soc_violation:       42.6910	test/total_power_loss:   14286.2525	test_battery_punishment_reward_mean:-3141.5046	test_battle_won_mean:      1.0000
test_bess_cost_reward_mean:-193.9268	test_buy_cost_reward_mean:-310332.4990	test_ep_length_mean:      24.0000	test_episode_limit_mean:   1.0000
test_generate_cost_reward_mean:-33.9097	test_grid_purchase_cost_mean:310332.4990	test_mean_soc_mean:        0.2025	test_return_mean:        -311.4565
test_return_std:          31.4499	test_soc_reserve_reward_mean:  0.0000	test_soc_violation_mean:  42.6910	test_total_power_loss_mean:14286.2525
total_power_loss_mean:   14150.9834	train/battery_punishment_reward:-2845.7959	train/battle_won:          1.0000	train/bess_cost_reward:  -179.9860
train/buy_cost_reward:   -306864.3847	train/ep_length:          24.0000	train/episode:           2279.0000	train/episode_limit:       1.0000
train/generate_cost_reward:-34.1974	train/grid_purchase_cost:306864.3847	train/mean_soc:            0.2516	train/return_mean:       -307.8852
train/return_std:         36.4462	train/soc_reserve_reward:  0.0000	train/soc_violation:      39.3984	train/t_env:             99360.0000
train/total_power_loss:  14150.9834	
[INFO 20:56:46] root Saving models to results\models\facmac_smac__2026-06-15_20-25-46\100704
[INFO 20:56:51] root Recent Stats | t_env:     100968 | Episode:     2312
battery_punishment_reward_mean:-2820.9480	battle_won_mean:           1.0000	bess_cost_reward_mean:   -177.1926	buffer/episodes:         4162.0000
buy_cost_reward_mean:    -307976.4058	ep_length_mean:           24.0000	episode_limit_mean:        1.0000	eval/best_reward:        -305.8532
eval/best_win_rate:        1.0000	eval/ea_reward:          -309.8255	eval/ea_win_rate:          1.0000	eval/rl_reward:          -310.8281
eval/rl_win_rate:          1.0000	generate_cost_reward_mean:-34.2052	grid_purchase_cost_mean: 307976.4058	mean_soc_mean:             0.2620
return_mean:             -308.9881	return_std:               36.8322	soc_reserve_reward_mean:   0.0000	soc_violation_mean:       39.1395
test/battery_punishment_reward:-3141.5046	test/battle_won:           1.0000	test/bess_cost_reward:   -193.9268	test/buy_cost_reward:    -310332.4990
test/ep_length:           24.0000	test/episode_limit:        1.0000	test/generate_cost_reward:-33.9097	test/grid_purchase_cost: 310332.4990
test/mean_soc:             0.2025	test/return_mean:        -311.4565	test/return_std:          31.4499	test/soc_reserve_reward:   0.0000
test/soc_violation:       42.6910	test/total_power_loss:   14286.2525	test_battery_punishment_reward_mean:-3141.5046	test_battle_won_mean:      1.0000
test_bess_cost_reward_mean:-193.9268	test_buy_cost_reward_mean:-310332.4990	test_ep_length_mean:      24.0000	test_episode_limit_mean:   1.0000
test_generate_cost_reward_mean:-33.9097	test_grid_purchase_cost_mean:310332.4990	test_mean_soc_mean:        0.2025	test_return_mean:        -311.4565
test_return_std:          31.4499	test_soc_reserve_reward_mean:  0.0000	test_soc_violation_mean:  42.6910	test_total_power_loss_mean:14286.2525
total_power_loss_mean:   14196.8431	train/battery_punishment_reward:-2820.9480	train/battle_won:          1.0000	train/bess_cost_reward:  -177.1926
train/buy_cost_reward:   -307976.4058	train/ep_length:          24.0000	train/episode:           2290.0000	train/episode_limit:       1.0000
train/generate_cost_reward:-34.2052	train/grid_purchase_cost:307976.4058	train/mean_soc:            0.2620	train/return_mean:       -308.9881
train/return_std:         36.8322	train/soc_reserve_reward:  0.0000	train/soc_violation:      39.1395	train/t_env:             99888.0000
train/total_power_loss:  14196.8431	
[INFO 20:57:00] root Recent Stats | t_env:     101472 | Episode:     2323
battery_punishment_reward_mean:-2880.0392	battle_won_mean:           1.0000	bess_cost_reward_mean:   -175.7608	buffer/episodes:         4184.0000
buy_cost_reward_mean:    -310082.3430	ep_length_mean:           24.0000	episode_limit_mean:        1.0000	eval/best_reward:        -305.8532
eval/best_win_rate:        1.0000	eval/ea_reward:          -309.8255	eval/ea_win_rate:          1.0000	eval/rl_reward:          -310.8281
eval/rl_win_rate:          1.0000	generate_cost_reward_mean:-35.2808	grid_purchase_cost_mean: 310082.3430	mean_soc_mean:             0.2673
return_mean:             -311.1136	return_std:               35.0459	soc_reserve_reward_mean:   0.0000	soc_violation_mean:       39.6830
test/battery_punishment_reward:-3141.5046	test/battle_won:           1.0000	test/bess_cost_reward:   -193.9268	test/buy_cost_reward:    -310332.4990
test/ep_length:           24.0000	test/episode_limit:        1.0000	test/generate_cost_reward:-33.9097	test/grid_purchase_cost: 310332.4990
test/mean_soc:             0.2025	test/return_mean:        -311.4565	test/return_std:          31.4499	test/soc_reserve_reward:   0.0000
test/soc_violation:       42.6910	test/total_power_loss:   14286.2525	test_battery_punishment_reward_mean:-3141.5046	test_battle_won_mean:      1.0000
test_bess_cost_reward_mean:-193.9268	test_buy_cost_reward_mean:-310332.4990	test_ep_length_mean:      24.0000	test_episode_limit_mean:   1.0000
test_generate_cost_reward_mean:-33.9097	test_grid_purchase_cost_mean:310332.4990	test_mean_soc_mean:        0.2025	test_return_mean:        -311.4565
test_return_std:          31.4499	test_soc_reserve_reward_mean:  0.0000	test_soc_violation_mean:  42.6910	test_total_power_loss_mean:14286.2525
total_power_loss_mean:   14285.7068	train/battery_punishment_reward:-2880.0392	train/battle_won:          1.0000	train/bess_cost_reward:  -175.7608
train/buy_cost_reward:   -310082.3430	train/ep_length:          24.0000	train/episode:           2301.0000	train/episode_limit:       1.0000
train/generate_cost_reward:-35.2808	train/grid_purchase_cost:310082.3430	train/mean_soc:            0.2673	train/return_mean:       -311.1136
train/return_std:         35.0459	train/soc_reserve_reward:  0.0000	train/soc_violation:      39.6830	train/t_env:             100416.0000
train/total_power_loss:  14285.7068	
[INFO 20:57:10] root Recent Stats | t_env:     101976 | Episode:     2334
battery_punishment_reward_mean:-3170.1514	battle_won_mean:           1.0000	bess_cost_reward_mean:   -174.2695	buffer/episodes:         4206.0000
buy_cost_reward_mean:    -313149.1868	ep_length_mean:           24.0000	episode_limit_mean:        1.0000	eval/best_reward:        -305.8532
eval/best_win_rate:        1.0000	eval/ea_reward:          -309.8255	eval/ea_win_rate:          1.0000	eval/rl_reward:          -310.8281
eval/rl_win_rate:          1.0000	generate_cost_reward_mean:-35.8191	grid_purchase_cost_mean: 313149.1868	mean_soc_mean:             0.2736
return_mean:             -314.2769	return_std:               35.2138	soc_reserve_reward_mean:   0.0000	soc_violation_mean:       42.7531
test/battery_punishment_reward:-3141.5046	test/battle_won:           1.0000	test/bess_cost_reward:   -193.9268	test/buy_cost_reward:    -310332.4990
test/ep_length:           24.0000	test/episode_limit:        1.0000	test/generate_cost_reward:-33.9097	test/grid_purchase_cost: 310332.4990
test/mean_soc:             0.2025	test/return_mean:        -311.4565	test/return_std:          31.4499	test/soc_reserve_reward:   0.0000
test/soc_violation:       42.6910	test/total_power_loss:   14286.2525	test_battery_punishment_reward_mean:-3141.5046	test_battle_won_mean:      1.0000
test_bess_cost_reward_mean:-193.9268	test_buy_cost_reward_mean:-310332.4990	test_ep_length_mean:      24.0000	test_episode_limit_mean:   1.0000
test_generate_cost_reward_mean:-33.9097	test_grid_purchase_cost_mean:310332.4990	test_mean_soc_mean:        0.2025	test_return_mean:        -311.4565
test_return_std:          31.4499	test_soc_reserve_reward_mean:  0.0000	test_soc_violation_mean:  42.6910	test_total_power_loss_mean:14286.2525
total_power_loss_mean:   14413.7463	train/battery_punishment_reward:-3170.1514	train/battle_won:          1.0000	train/bess_cost_reward:  -174.2695
train/buy_cost_reward:   -313149.1868	train/ep_length:          24.0000	train/episode:           2312.0000	train/episode_limit:       1.0000
train/generate_cost_reward:-35.8191	train/grid_purchase_cost:313149.1868	train/mean_soc:            0.2736	train/return_mean:       -314.2769
train/return_std:         35.2138	train/soc_reserve_reward:  0.0000	train/soc_violation:      42.7531	train/t_env:             100944.0000
train/total_power_loss:  14413.7463	
[INFO 20:57:10] root t_env: 102000 / 300000
[INFO 20:57:10] root Estimated time left: 1 hours, 6 minutes, 5 seconds. Time passed: 31 minutes, 23 seconds
[INFO 20:57:21] root Recent Stats | t_env:     102480 | Episode:     2345
battery_punishment_reward_mean:-3471.2871	battle_won_mean:           1.0000	bess_cost_reward_mean:   -172.8293	buffer/episodes:         4228.0000
buy_cost_reward_mean:    -314516.8548	ep_length_mean:           24.0000	episode_limit_mean:        1.0000	eval/best_reward:        -305.4670
eval/best_win_rate:        1.0000	eval/ea_reward:          -308.2617	eval/ea_win_rate:          1.0000	eval/rl_reward:          -313.3136
eval/rl_win_rate:          1.0000	generate_cost_reward_mean:-36.3739	grid_purchase_cost_mean: 314516.8548	mean_soc_mean:             0.2794
return_mean:             -315.7446	return_std:               34.9646	soc_reserve_reward_mean:   0.0000	soc_violation_mean:       45.9707
test/battery_punishment_reward:-3132.4316	test/battle_won:           1.0000	test/bess_cost_reward:   -165.8110	test/buy_cost_reward:    -309589.0304
test/ep_length:           24.0000	test/episode_limit:        1.0000	test/generate_cost_reward:-43.7540	test/grid_purchase_cost: 309589.0304
test/mean_soc:             0.3051	test/return_mean:        -310.7042	test/return_std:          29.9704	test/soc_reserve_reward:   0.0000
test/soc_violation:       42.5853	test/total_power_loss:   14275.4701	test_battery_punishment_reward_mean:-3132.4316	test_battle_won_mean:      1.0000
test_bess_cost_reward_mean:-165.8110	test_buy_cost_reward_mean:-309589.0304	test_ep_length_mean:      24.0000	test_episode_limit_mean:   1.0000
test_generate_cost_reward_mean:-43.7540	test_grid_purchase_cost_mean:309589.0304	test_mean_soc_mean:        0.3051	test_return_mean:        -310.7042
test_return_std:          29.9704	test_soc_reserve_reward_mean:  0.0000	test_soc_violation_mean:  42.5853	test_total_power_loss_mean:14275.4701
total_power_loss_mean:   14462.8412	train/battery_punishment_reward:-3471.2871	train/battle_won:          1.0000	train/bess_cost_reward:  -172.8293
train/buy_cost_reward:   -314516.8548	train/ep_length:          24.0000	train/episode:           2323.0000	train/episode_limit:       1.0000
train/generate_cost_reward:-36.3739	train/grid_purchase_cost:314516.8548	train/mean_soc:            0.2794	train/return_mean:       -315.7446
train/return_std:         34.9646	train/soc_reserve_reward:  0.0000	train/soc_violation:      45.9707	train/t_env:             101472.0000
train/total_power_loss:  14462.8412	
[INFO 20:57:34] root Recent Stats | t_env:     103104 | Episode:     2356
battery_punishment_reward_mean:-3833.3743	battle_won_mean:           1.0000	bess_cost_reward_mean:   -169.3850	buffer/episodes:         4250.0000
buy_cost_reward_mean:    -314580.5932	ep_length_mean:           24.0000	episode_limit_mean:        1.0000	eval/best_reward:        -305.4670
eval/best_win_rate:        1.0000	eval/ea_reward:          -308.2617	eval/ea_win_rate:          1.0000	eval/rl_reward:          -313.3136
eval/rl_win_rate:          1.0000	generate_cost_reward_mean:-37.8860	grid_purchase_cost_mean: 314580.5932	mean_soc_mean:             0.2931
return_mean:             -315.9285	return_std:               33.0271	soc_reserve_reward_mean:   0.0000	soc_violation_mean:       49.8134
test/battery_punishment_reward:-3132.4316	test/battle_won:           1.0000	test/bess_cost_reward:   -165.8110	test/buy_cost_reward:    -309589.0304
test/ep_length:           24.0000	test/episode_limit:        1.0000	test/generate_cost_reward:-43.7540	test/grid_purchase_cost: 309589.0304
test/mean_soc:             0.3051	test/return_mean:        -310.7042	test/return_std:          29.9704	test/soc_reserve_reward:   0.0000
test/soc_violation:       42.5853	test/total_power_loss:   14275.4701	test_battery_punishment_reward_mean:-3132.4316	test_battle_won_mean:      1.0000
test_bess_cost_reward_mean:-165.8110	test_buy_cost_reward_mean:-309589.0304	test_ep_length_mean:      24.0000	test_episode_limit_mean:   1.0000
test_generate_cost_reward_mean:-43.7540	test_grid_purchase_cost_mean:309589.0304	test_mean_soc_mean:        0.3051	test_return_mean:        -310.7042
test_return_std:          29.9704	test_soc_reserve_reward_mean:  0.0000	test_soc_violation_mean:  42.5853	test_total_power_loss_mean:14275.4701
total_power_loss_mean:   14458.3730	train/battery_punishment_reward:-3833.3743	train/battle_won:          1.0000	train/bess_cost_reward:  -169.3850
train/buy_cost_reward:   -314580.5932	train/ep_length:          24.0000	train/episode:           2334.0000	train/episode_limit:       1.0000
train/generate_cost_reward:-37.8860	train/grid_purchase_cost:314580.5932	train/mean_soc:            0.2931	train/return_mean:       -315.9285
train/return_std:         33.0271	train/soc_reserve_reward:  0.0000	train/soc_violation:      49.8134	train/t_env:             102000.0000
train/total_power_loss:  14458.3730	
[INFO 20:57:44] root Recent Stats | t_env:     103608 | Episode:     2367
battery_punishment_reward_mean:-3839.2503	battle_won_mean:           1.0000	bess_cost_reward_mean:   -163.0440	buffer/episodes:         4272.0000
buy_cost_reward_mean:    -313569.3876	ep_length_mean:           24.0000	episode_limit_mean:        1.0000	eval/best_reward:        -305.4670
eval/best_win_rate:        1.0000	eval/ea_reward:          -308.2617	eval/ea_win_rate:          1.0000	eval/rl_reward:          -313.3136
eval/rl_win_rate:          1.0000	generate_cost_reward_mean:-40.2850	grid_purchase_cost_mean: 313569.3876	mean_soc_mean:             0.3162
return_mean:             -314.9180	return_std:               32.9972	soc_reserve_reward_mean:   0.0000	soc_violation_mean:       49.8802
test/battery_punishment_reward:-3132.4316	test/battle_won:           1.0000	test/bess_cost_reward:   -165.8110	test/buy_cost_reward:    -309589.0304
test/ep_length:           24.0000	test/episode_limit:        1.0000	test/generate_cost_reward:-43.7540	test/grid_purchase_cost: 309589.0304
test/mean_soc:             0.3051	test/return_mean:        -310.7042	test/return_std:          29.9704	test/soc_reserve_reward:   0.0000
test/soc_violation:       42.5853	test/total_power_loss:   14275.4701	test_battery_punishment_reward_mean:-3132.4316	test_battle_won_mean:      1.0000
test_bess_cost_reward_mean:-165.8110	test_buy_cost_reward_mean:-309589.0304	test_ep_length_mean:      24.0000	test_episode_limit_mean:   1.0000
test_generate_cost_reward_mean:-43.7540	test_grid_purchase_cost_mean:309589.0304	test_mean_soc_mean:        0.3051	test_return_mean:        -310.7042
test_return_std:          29.9704	test_soc_reserve_reward_mean:  0.0000	test_soc_violation_mean:  42.5853	test_total_power_loss_mean:14275.4701
total_power_loss_mean:   14422.4547	train/battery_punishment_reward:-3839.2503	train/battle_won:          1.0000	train/bess_cost_reward:  -163.0440
train/buy_cost_reward:   -313569.3876	train/ep_length:          24.0000	train/episode:           2345.0000	train/episode_limit:       1.0000
train/generate_cost_reward:-40.2850	train/grid_purchase_cost:313569.3876	train/mean_soc:            0.3162	train/return_mean:       -314.9180
train/return_std:         32.9972	train/soc_reserve_reward:  0.0000	train/soc_violation:      49.8802	train/t_env:             102528.0000
train/total_power_loss:  14422.4547	
[INFO 20:57:52] root t_env: 104064 / 300000
[INFO 20:57:52] root Estimated time left: 1 hours, 6 minutes, 49 seconds. Time passed: 32 minutes, 5 seconds
[INFO 20:57:54] root Recent Stats | t_env:     104112 | Episode:     2378
battery_punishment_reward_mean:-3731.7378	battle_won_mean:           1.0000	bess_cost_reward_mean:   -159.6241	buffer/episodes:         4294.0000
buy_cost_reward_mean:    -310270.7424	ep_length_mean:           24.0000	episode_limit_mean:        1.0000	eval/best_reward:        -305.5354
eval/best_win_rate:        1.0000	eval/ea_reward:          -308.5588	eval/ea_win_rate:          1.0000	eval/rl_reward:          -313.3819
eval/rl_win_rate:          1.0000	generate_cost_reward_mean:-41.6453	grid_purchase_cost_mean: 310270.7424	mean_soc_mean:             0.3288
return_mean:             -311.5828	return_std:               32.6919	soc_reserve_reward_mean:   0.0000	soc_violation_mean:       48.7974
test/battery_punishment_reward:-4185.5259	test/battle_won:           1.0000	test/bess_cost_reward:   -160.0997	test/buy_cost_reward:    -308013.8259
test/ep_length:           24.0000	test/episode_limit:        1.0000	test/generate_cost_reward:-39.2956	test/grid_purchase_cost: 308013.8259
test/mean_soc:             0.3269	test/return_mean:        -309.4765	test/return_std:          27.8230	test/soc_reserve_reward:   0.0000
test/soc_violation:       53.2633	test/total_power_loss:   14190.5162	test_battery_punishment_reward_mean:-4185.5259	test_battle_won_mean:      1.0000
test_bess_cost_reward_mean:-160.0997	test_buy_cost_reward_mean:-308013.8259	test_ep_length_mean:      24.0000	test_episode_limit_mean:   1.0000
test_generate_cost_reward_mean:-39.2956	test_grid_purchase_cost_mean:308013.8259	test_mean_soc_mean:        0.3269	test_return_mean:        -309.4765
test_return_std:          27.8230	test_soc_reserve_reward_mean:  0.0000	test_soc_violation_mean:  53.2633	test_total_power_loss_mean:14190.5162
total_power_loss_mean:   14276.1777	train/battery_punishment_reward:-3731.7378	train/battle_won:          1.0000	train/bess_cost_reward:  -159.6241
train/buy_cost_reward:   -310270.7424	train/ep_length:          24.0000	train/episode:           2356.0000	train/episode_limit:       1.0000
train/generate_cost_reward:-41.6453	train/grid_purchase_cost:310270.7424	train/mean_soc:            0.3288	train/return_mean:       -311.5828
train/return_std:         32.6919	train/soc_reserve_reward:  0.0000	train/soc_violation:      48.7974	train/t_env:             103056.0000
train/total_power_loss:  14276.1777	
[INFO 20:58:04] root Recent Stats | t_env:     104616 | Episode:     2389
battery_punishment_reward_mean:-3668.0699	battle_won_mean:           1.0000	bess_cost_reward_mean:   -157.8159	buffer/episodes:         4316.0000
buy_cost_reward_mean:    -308486.0251	ep_length_mean:           24.0000	episode_limit_mean:        1.0000	eval/best_reward:        -305.5354
eval/best_win_rate:        1.0000	eval/ea_reward:          -308.5588	eval/ea_win_rate:          1.0000	eval/rl_reward:          -313.3819
eval/rl_win_rate:          1.0000	generate_cost_reward_mean:-43.5852	grid_purchase_cost_mean: 308486.0251	mean_soc_mean:             0.3350
return_mean:             -309.7770	return_std:               32.8338	soc_reserve_reward_mean:   0.0000	soc_violation_mean:       48.1617
test/battery_punishment_reward:-4185.5259	test/battle_won:           1.0000	test/bess_cost_reward:   -160.0997	test/buy_cost_reward:    -308013.8259
test/ep_length:           24.0000	test/episode_limit:        1.0000	test/generate_cost_reward:-39.2956	test/grid_purchase_cost: 308013.8259
test/mean_soc:             0.3269	test/return_mean:        -309.4765	test/return_std:          27.8230	test/soc_reserve_reward:   0.0000
test/soc_violation:       53.2633	test/total_power_loss:   14190.5162	test_battery_punishment_reward_mean:-4185.5259	test_battle_won_mean:      1.0000
test_bess_cost_reward_mean:-160.0997	test_buy_cost_reward_mean:-308013.8259	test_ep_length_mean:      24.0000	test_episode_limit_mean:   1.0000
test_generate_cost_reward_mean:-39.2956	test_grid_purchase_cost_mean:308013.8259	test_mean_soc_mean:        0.3269	test_return_mean:        -309.4765
test_return_std:          27.8230	test_soc_reserve_reward_mean:  0.0000	test_soc_violation_mean:  53.2633	test_total_power_loss_mean:14190.5162
total_power_loss_mean:   14206.1799	train/battery_punishment_reward:-3668.0699	train/battle_won:          1.0000	train/bess_cost_reward:  -157.8159
train/buy_cost_reward:   -308486.0251	train/ep_length:          24.0000	train/episode:           2367.0000	train/episode_limit:       1.0000
train/generate_cost_reward:-43.5852	train/grid_purchase_cost:308486.0251	train/mean_soc:            0.3350	train/return_mean:       -309.7770
train/return_std:         32.8338	train/soc_reserve_reward:  0.0000	train/soc_violation:      48.1617	train/t_env:             103584.0000
train/total_power_loss:  14206.1799	
[INFO 20:58:13] root Recent Stats | t_env:     105120 | Episode:     2400
battery_punishment_reward_mean:-3628.3614	battle_won_mean:           1.0000	bess_cost_reward_mean:   -157.8020	buffer/episodes:         4338.0000
buy_cost_reward_mean:    -308630.2219	ep_length_mean:           24.0000	episode_limit_mean:        1.0000	eval/best_reward:        -305.5354
eval/best_win_rate:        1.0000	eval/ea_reward:          -308.5588	eval/ea_win_rate:          1.0000	eval/rl_reward:          -313.3819
eval/rl_win_rate:          1.0000	generate_cost_reward_mean:-43.1462	grid_purchase_cost_mean: 308630.2219	mean_soc_mean:             0.3352
return_mean:             -309.9078	return_std:               34.4650	soc_reserve_reward_mean:   0.0000	soc_violation_mean:       47.6998
test/battery_punishment_reward:-4185.5259	test/battle_won:           1.0000	test/bess_cost_reward:   -160.0997	test/buy_cost_reward:    -308013.8259
test/ep_length:           24.0000	test/episode_limit:        1.0000	test/generate_cost_reward:-39.2956	test/grid_purchase_cost: 308013.8259
test/mean_soc:             0.3269	test/return_mean:        -309.4765	test/return_std:          27.8230	test/soc_reserve_reward:   0.0000
test/soc_violation:       53.2633	test/total_power_loss:   14190.5162	test_battery_punishment_reward_mean:-4185.5259	test_battle_won_mean:      1.0000
test_bess_cost_reward_mean:-160.0997	test_buy_cost_reward_mean:-308013.8259	test_ep_length_mean:      24.0000	test_episode_limit_mean:   1.0000
test_generate_cost_reward_mean:-39.2956	test_grid_purchase_cost_mean:308013.8259	test_mean_soc_mean:        0.3269	test_return_mean:        -309.4765
test_return_std:          27.8230	test_soc_reserve_reward_mean:  0.0000	test_soc_violation_mean:  53.2633	test_total_power_loss_mean:14190.5162
total_power_loss_mean:   14209.7747	train/battery_punishment_reward:-3628.3614	train/battle_won:          1.0000	train/bess_cost_reward:  -157.8020
train/buy_cost_reward:   -308630.2219	train/ep_length:          24.0000	train/episode:           2378.0000	train/episode_limit:       1.0000
train/generate_cost_reward:-43.1462	train/grid_purchase_cost:308630.2219	train/mean_soc:            0.3352	train/return_mean:       -309.9078
train/return_std:         34.4650	train/soc_reserve_reward:  0.0000	train/soc_violation:      47.6998	train/t_env:             104112.0000
train/total_power_loss:  14209.7747	
[INFO 20:58:29] root Recent Stats | t_env:     105744 | Episode:     2411
battery_punishment_reward_mean:-3503.6131	battle_won_mean:           1.0000	bess_cost_reward_mean:   -165.6890	buffer/episodes:         4360.0000
buy_cost_reward_mean:    -309757.6137	ep_length_mean:           24.0000	episode_limit_mean:        1.0000	eval/best_reward:        -305.5354
eval/best_win_rate:        1.0000	eval/ea_reward:          -308.5588	eval/ea_win_rate:          1.0000	eval/rl_reward:          -313.3819
eval/rl_win_rate:          1.0000	generate_cost_reward_mean:-44.1526	grid_purchase_cost_mean: 309757.6137	mean_soc_mean:             0.3058
return_mean:             -310.9966	return_std:               35.8911	soc_reserve_reward_mean:   0.0000	soc_violation_mean:       46.4786
test/battery_punishment_reward:-4185.5259	test/battle_won:           1.0000	test/bess_cost_reward:   -160.0997	test/buy_cost_reward:    -308013.8259
test/ep_length:           24.0000	test/episode_limit:        1.0000	test/generate_cost_reward:-39.2956	test/grid_purchase_cost: 308013.8259
test/mean_soc:             0.3269	test/return_mean:        -309.4765	test/return_std:          27.8230	test/soc_reserve_reward:   0.0000
test/soc_violation:       53.2633	test/total_power_loss:   14190.5162	test_battery_punishment_reward_mean:-4185.5259	test_battle_won_mean:      1.0000
test_bess_cost_reward_mean:-160.0997	test_buy_cost_reward_mean:-308013.8259	test_ep_length_mean:      24.0000	test_episode_limit_mean:   1.0000
test_generate_cost_reward_mean:-39.2956	test_grid_purchase_cost_mean:308013.8259	test_mean_soc_mean:        0.3269	test_return_mean:        -309.4765
test_return_std:          27.8230	test_soc_reserve_reward_mean:  0.0000	test_soc_violation_mean:  53.2633	test_total_power_loss_mean:14190.5162
total_power_loss_mean:   14256.2943	train/battery_punishment_reward:-3503.6131	train/battle_won:          1.0000	train/bess_cost_reward:  -165.6890
train/buy_cost_reward:   -309757.6137	train/ep_length:          24.0000	train/episode:           2389.0000	train/episode_limit:       1.0000
train/generate_cost_reward:-44.1526	train/grid_purchase_cost:309757.6137	train/mean_soc:            0.3058	train/return_mean:       -310.9966
train/return_std:         35.8911	train/soc_reserve_reward:  0.0000	train/soc_violation:      46.4786	train/t_env:             104640.0000
train/total_power_loss:  14256.2943	
[INFO 20:58:33] root t_env: 106080 / 300000
[INFO 20:58:33] root Estimated time left: 1 hours, 5 minutes, 27 seconds. Time passed: 32 minutes, 46 seconds
[INFO 20:58:40] root Recent Stats | t_env:     106248 | Episode:     2422
battery_punishment_reward_mean:-3225.0176	battle_won_mean:           1.0000	bess_cost_reward_mean:   -171.3984	buffer/episodes:         4382.0000
buy_cost_reward_mean:    -312860.4226	ep_length_mean:           24.0000	episode_limit_mean:        1.0000	eval/best_reward:        -306.3782
eval/best_win_rate:        1.0000	eval/ea_reward:          -309.4016	eval/ea_win_rate:          1.0000	eval/rl_reward:          -312.0890
eval/rl_win_rate:          1.0000	generate_cost_reward_mean:-41.5549	grid_purchase_cost_mean: 312860.4226	mean_soc_mean:             0.2844
return_mean:             -314.0075	return_std:               34.3437	soc_reserve_reward_mean:   0.0000	soc_violation_mean:       43.5165
test/battery_punishment_reward:-4199.9543	test/battle_won:           1.0000	test/bess_cost_reward:   -188.5047	test/buy_cost_reward:    -308744.6437
test/ep_length:           24.0000	test/episode_limit:        1.0000	test/generate_cost_reward:-33.0267	test/grid_purchase_cost: 308744.6437
test/mean_soc:             0.2228	test/return_mean:        -310.2193	test/return_std:          28.2778	test/soc_reserve_reward:   0.0000
test/soc_violation:       53.4235	test/total_power_loss:   14224.4975	test_battery_punishment_reward_mean:-4199.9543	test_battle_won_mean:      1.0000
test_bess_cost_reward_mean:-188.5047	test_buy_cost_reward_mean:-308744.6437	test_ep_length_mean:      24.0000	test_episode_limit_mean:   1.0000
test_generate_cost_reward_mean:-33.0267	test_grid_purchase_cost_mean:308744.6437	test_mean_soc_mean:        0.2228	test_return_mean:        -310.2193
test_return_std:          28.2778	test_soc_reserve_reward_mean:  0.0000	test_soc_violation_mean:  53.4235	test_total_power_loss_mean:14224.4975
total_power_loss_mean:   14390.0891	train/battery_punishment_reward:-3225.0176	train/battle_won:          1.0000	train/bess_cost_reward:  -171.3984
train/buy_cost_reward:   -312860.4226	train/ep_length:          24.0000	train/episode:           2400.0000	train/episode_limit:       1.0000
train/generate_cost_reward:-41.5549	train/grid_purchase_cost:312860.4226	train/mean_soc:            0.2844	train/return_mean:       -314.0075
train/return_std:         34.3437	train/soc_reserve_reward:  0.0000	train/soc_violation:      43.5165	train/t_env:             105168.0000
train/total_power_loss:  14390.0891	
[INFO 20:58:49] root Recent Stats | t_env:     106752 | Episode:     2433
battery_punishment_reward_mean:-3391.6189	battle_won_mean:           1.0000	bess_cost_reward_mean:   -170.9600	buffer/episodes:         4404.0000
buy_cost_reward_mean:    -312628.7566	ep_length_mean:           24.0000	episode_limit_mean:        1.0000	eval/best_reward:        -306.3782
eval/best_win_rate:        1.0000	eval/ea_reward:          -309.4016	eval/ea_win_rate:          1.0000	eval/rl_reward:          -312.0890
eval/rl_win_rate:          1.0000	generate_cost_reward_mean:-39.4442	grid_purchase_cost_mean: 312628.7566	mean_soc_mean:             0.2861
return_mean:             -313.8305	return_std:               34.1561	soc_reserve_reward_mean:   0.0000	soc_violation_mean:       45.1441
test/battery_punishment_reward:-4199.9543	test/battle_won:           1.0000	test/bess_cost_reward:   -188.5047	test/buy_cost_reward:    -308744.6437
test/ep_length:           24.0000	test/episode_limit:        1.0000	test/generate_cost_reward:-33.0267	test/grid_purchase_cost: 308744.6437
test/mean_soc:             0.2228	test/return_mean:        -310.2193	test/return_std:          28.2778	test/soc_reserve_reward:   0.0000
test/soc_violation:       53.4235	test/total_power_loss:   14224.4975	test_battery_punishment_reward_mean:-4199.9543	test_battle_won_mean:      1.0000
test_bess_cost_reward_mean:-188.5047	test_buy_cost_reward_mean:-308744.6437	test_ep_length_mean:      24.0000	test_episode_limit_mean:   1.0000
test_generate_cost_reward_mean:-33.0267	test_grid_purchase_cost_mean:308744.6437	test_mean_soc_mean:        0.2228	test_return_mean:        -310.2193
test_return_std:          28.2778	test_soc_reserve_reward_mean:  0.0000	test_soc_violation_mean:  53.4235	test_total_power_loss_mean:14224.4975
total_power_loss_mean:   14379.9990	train/battery_punishment_reward:-3391.6189	train/battle_won:          1.0000	train/bess_cost_reward:  -170.9600
train/buy_cost_reward:   -312628.7566	train/ep_length:          24.0000	train/episode:           2411.0000	train/episode_limit:       1.0000
train/generate_cost_reward:-39.4442	train/grid_purchase_cost:312628.7566	train/mean_soc:            0.2861	train/return_mean:       -313.8305
train/return_std:         34.1561	train/soc_reserve_reward:  0.0000	train/soc_violation:      45.1441	train/t_env:             105696.0000
train/total_power_loss:  14379.9990	
[INFO 20:58:57] root Recent Stats | t_env:     107256 | Episode:     2444
battery_punishment_reward_mean:-3483.2204	battle_won_mean:           1.0000	bess_cost_reward_mean:   -166.9181	buffer/episodes:         4426.0000
buy_cost_reward_mean:    -308031.8684	ep_length_mean:           24.0000	episode_limit_mean:        1.0000	eval/best_reward:        -306.3782
eval/best_win_rate:        1.0000	eval/ea_reward:          -309.4016	eval/ea_win_rate:          1.0000	eval/rl_reward:          -312.0890
eval/rl_win_rate:          1.0000	generate_cost_reward_mean:-38.3621	grid_purchase_cost_mean: 308031.8684	mean_soc_mean:             0.3009
return_mean:             -309.2624	return_std:               34.3633	soc_reserve_reward_mean:   0.0000	soc_violation_mean:       46.0413
test/battery_punishment_reward:-4199.9543	test/battle_won:           1.0000	test/bess_cost_reward:   -188.5047	test/buy_cost_reward:    -308744.6437
test/ep_length:           24.0000	test/episode_limit:        1.0000	test/generate_cost_reward:-33.0267	test/grid_purchase_cost: 308744.6437
test/mean_soc:             0.2228	test/return_mean:        -310.2193	test/return_std:          28.2778	test/soc_reserve_reward:   0.0000
test/soc_violation:       53.4235	test/total_power_loss:   14224.4975	test_battery_punishment_reward_mean:-4199.9543	test_battle_won_mean:      1.0000
test_bess_cost_reward_mean:-188.5047	test_buy_cost_reward_mean:-308744.6437	test_ep_length_mean:      24.0000	test_episode_limit_mean:   1.0000
test_generate_cost_reward_mean:-33.0267	test_grid_purchase_cost_mean:308744.6437	test_mean_soc_mean:        0.2228	test_return_mean:        -310.2193
test_return_std:          28.2778	test_soc_reserve_reward_mean:  0.0000	test_soc_violation_mean:  53.4235	test_total_power_loss_mean:14224.4975
total_power_loss_mean:   14186.2292	train/battery_punishment_reward:-3483.2204	train/battle_won:          1.0000	train/bess_cost_reward:  -166.9181
train/buy_cost_reward:   -308031.8684	train/ep_length:          24.0000	train/episode:           2422.0000	train/episode_limit:       1.0000
train/generate_cost_reward:-38.3621	train/grid_purchase_cost:308031.8684	train/mean_soc:            0.3009	train/return_mean:       -309.2624
train/return_std:         34.3633	train/soc_reserve_reward:  0.0000	train/soc_violation:      46.0413	train/t_env:             106224.0000
train/total_power_loss:  14186.2292	
[INFO 20:59:06] root Recent Stats | t_env:     107760 | Episode:     2455
battery_punishment_reward_mean:-3607.5371	battle_won_mean:           1.0000	bess_cost_reward_mean:   -160.1130	buffer/episodes:         4448.0000
buy_cost_reward_mean:    -306159.1468	ep_length_mean:           24.0000	episode_limit_mean:        1.0000	eval/best_reward:        -306.3782
eval/best_win_rate:        1.0000	eval/ea_reward:          -309.4016	eval/ea_win_rate:          1.0000	eval/rl_reward:          -312.0890
eval/rl_win_rate:          1.0000	generate_cost_reward_mean:-38.0069	grid_purchase_cost_mean: 306159.1468	mean_soc_mean:             0.3255
return_mean:             -307.4287	return_std:               34.4317	soc_reserve_reward_mean:   0.0000	soc_violation_mean:       47.3098
test/battery_punishment_reward:-4199.9543	test/battle_won:           1.0000	test/bess_cost_reward:   -188.5047	test/buy_cost_reward:    -308744.6437
test/ep_length:           24.0000	test/episode_limit:        1.0000	test/generate_cost_reward:-33.0267	test/grid_purchase_cost: 308744.6437
test/mean_soc:             0.2228	test/return_mean:        -310.2193	test/return_std:          28.2778	test/soc_reserve_reward:   0.0000
test/soc_violation:       53.4235	test/total_power_loss:   14224.4975	test_battery_punishment_reward_mean:-4199.9543	test_battle_won_mean:      1.0000
test_bess_cost_reward_mean:-188.5047	test_buy_cost_reward_mean:-308744.6437	test_ep_length_mean:      24.0000	test_episode_limit_mean:   1.0000
test_generate_cost_reward_mean:-33.0267	test_grid_purchase_cost_mean:308744.6437	test_mean_soc_mean:        0.2228	test_return_mean:        -310.2193
test_return_std:          28.2778	test_soc_reserve_reward_mean:  0.0000	test_soc_violation_mean:  53.4235	test_total_power_loss_mean:14224.4975
total_power_loss_mean:   14114.8141	train/battery_punishment_reward:-3607.5371	train/battle_won:          1.0000	train/bess_cost_reward:  -160.1130
train/buy_cost_reward:   -306159.1468	train/ep_length:          24.0000	train/episode:           2433.0000	train/episode_limit:       1.0000
train/generate_cost_reward:-38.0069	train/grid_purchase_cost:306159.1468	train/mean_soc:            0.3255	train/return_mean:       -307.4287
train/return_std:         34.4317	train/soc_reserve_reward:  0.0000	train/soc_violation:      47.3098	train/t_env:             106752.0000
train/total_power_loss:  14114.8141	
[INFO 20:59:16] root t_env: 108144 / 300000
[INFO 20:59:16] root Estimated time left: 1 hours, 6 minutes, 19 seconds. Time passed: 33 minutes, 29 seconds
[INFO 20:59:23] root Recent Stats | t_env:     108384 | Episode:     2466
battery_punishment_reward_mean:-3486.6983	battle_won_mean:           1.0000	bess_cost_reward_mean:   -160.2630	buffer/episodes:         4470.0000
buy_cost_reward_mean:    -308328.6661	ep_length_mean:           24.0000	episode_limit_mean:        1.0000	eval/best_reward:        -305.7703
eval/best_win_rate:        1.0000	eval/ea_reward:          -308.9772	eval/ea_win_rate:          1.0000	eval/rl_reward:          -311.4811
eval/rl_win_rate:          1.0000	generate_cost_reward_mean:-39.6855	grid_purchase_cost_mean: 308328.6661	mean_soc_mean:             0.3252
return_mean:             -309.5586	return_std:               34.9684	soc_reserve_reward_mean:   0.0000	soc_violation_mean:       46.3378
test/battery_punishment_reward:-3144.7878	test/battle_won:           1.0000	test/bess_cost_reward:   -162.3237	test/buy_cost_reward:    -307996.3961
test/ep_length:           24.0000	test/episode_limit:        1.0000	test/generate_cost_reward:-30.3053	test/grid_purchase_cost: 307996.3961
test/mean_soc:             0.3167	test/return_mean:        -309.1096	test/return_std:          28.9867	test/soc_reserve_reward:   0.0000
test/soc_violation:       41.9660	test/total_power_loss:   14191.8252	test_battery_punishment_reward_mean:-3144.7878	test_battle_won_mean:      1.0000
test_bess_cost_reward_mean:-162.3237	test_buy_cost_reward_mean:-307996.3961	test_ep_length_mean:      24.0000	test_episode_limit_mean:   1.0000
test_generate_cost_reward_mean:-30.3053	test_grid_purchase_cost_mean:307996.3961	test_mean_soc_mean:        0.3167	test_return_mean:        -309.1096
test_return_std:          28.9867	test_soc_reserve_reward_mean:  0.0000	test_soc_violation_mean:  41.9660	test_total_power_loss_mean:14191.8252
total_power_loss_mean:   14196.2373	train/battery_punishment_reward:-3486.6983	train/battle_won:          1.0000	train/bess_cost_reward:  -160.2630
train/buy_cost_reward:   -308328.6661	train/ep_length:          24.0000	train/episode:           2444.0000	train/episode_limit:       1.0000
train/generate_cost_reward:-39.6855	train/grid_purchase_cost:308328.6661	train/mean_soc:            0.3252	train/return_mean:       -309.5586
train/return_std:         34.9684	train/soc_reserve_reward:  0.0000	train/soc_violation:      46.3378	train/t_env:             107280.0000
train/total_power_loss:  14196.2373	
[INFO 20:59:33] root Recent Stats | t_env:     108888 | Episode:     2477
battery_punishment_reward_mean:-3281.5066	battle_won_mean:           1.0000	bess_cost_reward_mean:   -165.2585	buffer/episodes:         4492.0000
buy_cost_reward_mean:    -307781.0969	ep_length_mean:           24.0000	episode_limit_mean:        1.0000	eval/best_reward:        -305.7703
eval/best_win_rate:        1.0000	eval/ea_reward:          -308.9772	eval/ea_win_rate:          1.0000	eval/rl_reward:          -311.4811
eval/rl_win_rate:          1.0000	generate_cost_reward_mean:-40.3000	grid_purchase_cost_mean: 307781.0969	mean_soc_mean:             0.3069
return_mean:             -308.9445	return_std:               37.0992	soc_reserve_reward_mean:   0.0000	soc_violation_mean:       44.3277
test/battery_punishment_reward:-3144.7878	test/battle_won:           1.0000	test/bess_cost_reward:   -162.3237	test/buy_cost_reward:    -307996.3961
test/ep_length:           24.0000	test/episode_limit:        1.0000	test/generate_cost_reward:-30.3053	test/grid_purchase_cost: 307996.3961
test/mean_soc:             0.3167	test/return_mean:        -309.1096	test/return_std:          28.9867	test/soc_reserve_reward:   0.0000
test/soc_violation:       41.9660	test/total_power_loss:   14191.8252	test_battery_punishment_reward_mean:-3144.7878	test_battle_won_mean:      1.0000
test_bess_cost_reward_mean:-162.3237	test_buy_cost_reward_mean:-307996.3961	test_ep_length_mean:      24.0000	test_episode_limit_mean:   1.0000
test_generate_cost_reward_mean:-30.3053	test_grid_purchase_cost_mean:307996.3961	test_mean_soc_mean:        0.3167	test_return_mean:        -309.1096
test_return_std:          28.9867	test_soc_reserve_reward_mean:  0.0000	test_soc_violation_mean:  41.9660	test_total_power_loss_mean:14191.8252
total_power_loss_mean:   14180.9466	train/battery_punishment_reward:-3281.5066	train/battle_won:          1.0000	train/bess_cost_reward:  -165.2585
train/buy_cost_reward:   -307781.0969	train/ep_length:          24.0000	train/episode:           2455.0000	train/episode_limit:       1.0000
train/generate_cost_reward:-40.3000	train/grid_purchase_cost:307781.0969	train/mean_soc:            0.3069	train/return_mean:       -308.9445
train/return_std:         37.0992	train/soc_reserve_reward:  0.0000	train/soc_violation:      44.3277	train/t_env:             107808.0000
train/total_power_loss:  14180.9466	
[INFO 20:59:43] root Recent Stats | t_env:     109392 | Episode:     2488
battery_punishment_reward_mean:-3287.2472	battle_won_mean:           1.0000	bess_cost_reward_mean:   -165.9973	buffer/episodes:         4514.0000
buy_cost_reward_mean:    -310357.7473	ep_length_mean:           24.0000	episode_limit_mean:        1.0000	eval/best_reward:        -305.7703
eval/best_win_rate:        1.0000	eval/ea_reward:          -308.9772	eval/ea_win_rate:          1.0000	eval/rl_reward:          -311.4811
eval/rl_win_rate:          1.0000	generate_cost_reward_mean:-38.1729	grid_purchase_cost_mean: 310357.7473	mean_soc_mean:             0.3044
return_mean:             -311.5225	return_std:               35.1195	soc_reserve_reward_mean:   0.0000	soc_violation_mean:       44.4160
test/battery_punishment_reward:-3144.7878	test/battle_won:           1.0000	test/bess_cost_reward:   -162.3237	test/buy_cost_reward:    -307996.3961
test/ep_length:           24.0000	test/episode_limit:        1.0000	test/generate_cost_reward:-30.3053	test/grid_purchase_cost: 307996.3961
test/mean_soc:             0.3167	test/return_mean:        -309.1096	test/return_std:          28.9867	test/soc_reserve_reward:   0.0000
test/soc_violation:       41.9660	test/total_power_loss:   14191.8252	test_battery_punishment_reward_mean:-3144.7878	test_battle_won_mean:      1.0000
test_bess_cost_reward_mean:-162.3237	test_buy_cost_reward_mean:-307996.3961	test_ep_length_mean:      24.0000	test_episode_limit_mean:   1.0000
test_generate_cost_reward_mean:-30.3053	test_grid_purchase_cost_mean:307996.3961	test_mean_soc_mean:        0.3167	test_return_mean:        -309.1096
test_return_std:          28.9867	test_soc_reserve_reward_mean:  0.0000	test_soc_violation_mean:  41.9660	test_total_power_loss_mean:14191.8252
total_power_loss_mean:   14288.8577	train/battery_punishment_reward:-3287.2472	train/battle_won:          1.0000	train/bess_cost_reward:  -165.9973
train/buy_cost_reward:   -310357.7473	train/ep_length:          24.0000	train/episode:           2466.0000	train/episode_limit:       1.0000
train/generate_cost_reward:-38.1729	train/grid_purchase_cost:310357.7473	train/mean_soc:            0.3044	train/return_mean:       -311.5225
train/return_std:         35.1195	train/soc_reserve_reward:  0.0000	train/soc_violation:      44.4160	train/t_env:             108336.0000
train/total_power_loss:  14288.8577	
[INFO 20:59:53] root Recent Stats | t_env:     109896 | Episode:     2499
battery_punishment_reward_mean:-3202.2653	battle_won_mean:           1.0000	bess_cost_reward_mean:   -169.3423	buffer/episodes:         4536.0000
buy_cost_reward_mean:    -313871.0914	ep_length_mean:           24.0000	episode_limit_mean:        1.0000	eval/best_reward:        -305.7703
eval/best_win_rate:        1.0000	eval/ea_reward:          -308.9772	eval/ea_win_rate:          1.0000	eval/rl_reward:          -311.4811
eval/rl_win_rate:          1.0000	generate_cost_reward_mean:-38.5010	grid_purchase_cost_mean: 313871.0914	mean_soc_mean:             0.2930
return_mean:             -315.0088	return_std:               36.5342	soc_reserve_reward_mean:   0.0000	soc_violation_mean:       43.5921
test/battery_punishment_reward:-3144.7878	test/battle_won:           1.0000	test/bess_cost_reward:   -162.3237	test/buy_cost_reward:    -307996.3961
test/ep_length:           24.0000	test/episode_limit:        1.0000	test/generate_cost_reward:-30.3053	test/grid_purchase_cost: 307996.3961
test/mean_soc:             0.3167	test/return_mean:        -309.1096	test/return_std:          28.9867	test/soc_reserve_reward:   0.0000
test/soc_violation:       41.9660	test/total_power_loss:   14191.8252	test_battery_punishment_reward_mean:-3144.7878	test_battle_won_mean:      1.0000
test_bess_cost_reward_mean:-162.3237	test_buy_cost_reward_mean:-307996.3961	test_ep_length_mean:      24.0000	test_episode_limit_mean:   1.0000
test_generate_cost_reward_mean:-30.3053	test_grid_purchase_cost_mean:307996.3961	test_mean_soc_mean:        0.3167	test_return_mean:        -309.1096
test_return_std:          28.9867	test_soc_reserve_reward_mean:  0.0000	test_soc_violation_mean:  41.9660	test_total_power_loss_mean:14191.8252
total_power_loss_mean:   14434.1367	train/battery_punishment_reward:-3202.2653	train/battle_won:          1.0000	train/bess_cost_reward:  -169.3423
train/buy_cost_reward:   -313871.0914	train/ep_length:          24.0000	train/episode:           2477.0000	train/episode_limit:       1.0000
train/generate_cost_reward:-38.5010	train/grid_purchase_cost:313871.0914	train/mean_soc:            0.2930	train/return_mean:       -315.0088
train/return_std:         36.5342	train/soc_reserve_reward:  0.0000	train/soc_violation:      43.5921	train/t_env:             108864.0000
train/total_power_loss:  14434.1367	
[INFO 20:59:57] root t_env: 110160 / 300000
[INFO 20:59:57] root Estimated time left: 1 hours, 5 minutes, 31 seconds. Time passed: 34 minutes, 10 seconds
[INFO 21:00:04] root Recent Stats | t_env:     110400 | Episode:     2510
battery_punishment_reward_mean:-3128.6009	battle_won_mean:           1.0000	bess_cost_reward_mean:   -162.8505	buffer/episodes:         4558.0000
buy_cost_reward_mean:    -314664.0970	ep_length_mean:           24.0000	episode_limit_mean:        1.0000	eval/best_reward:        -306.4969
eval/best_win_rate:        1.0000	eval/ea_reward:          -309.7039	eval/ea_win_rate:          1.0000	eval/rl_reward:          -310.8632
eval/rl_win_rate:          1.0000	generate_cost_reward_mean:-38.3664	grid_purchase_cost_mean: 314664.0970	mean_soc_mean:             0.3164
return_mean:             -315.7750	return_std:               33.4242	soc_reserve_reward_mean:   0.0000	soc_violation_mean:       42.7441
test/battery_punishment_reward:-2199.3899	test/battle_won:           1.0000	test/bess_cost_reward:   -130.2416	test/buy_cost_reward:    -311311.0444
test/ep_length:           24.0000	test/episode_limit:        1.0000	test/generate_cost_reward:-41.9214	test/grid_purchase_cost: 311311.0444
test/mean_soc:             0.4333	test/return_mean:        -312.1027	test/return_std:          30.7664	test/soc_reserve_reward:   0.0000
test/soc_violation:       32.7728	test/total_power_loss:   14318.2929	test_battery_punishment_reward_mean:-2199.3899	test_battle_won_mean:      1.0000
test_bess_cost_reward_mean:-130.2416	test_buy_cost_reward_mean:-311311.0444	test_ep_length_mean:      24.0000	test_episode_limit_mean:   1.0000
test_generate_cost_reward_mean:-41.9214	test_grid_purchase_cost_mean:311311.0444	test_mean_soc_mean:        0.4333	test_return_mean:        -312.1027
test_return_std:          30.7664	test_soc_reserve_reward_mean:  0.0000	test_soc_violation_mean:  32.7728	test_total_power_loss_mean:14318.2929
total_power_loss_mean:   14465.6744	train/battery_punishment_reward:-3128.6009	train/battle_won:          1.0000	train/bess_cost_reward:  -162.8505
train/buy_cost_reward:   -314664.0970	train/ep_length:          24.0000	train/episode:           2488.0000	train/episode_limit:       1.0000
train/generate_cost_reward:-38.3664	train/grid_purchase_cost:314664.0970	train/mean_soc:            0.3164	train/return_mean:       -315.7750
train/return_std:         33.4242	train/soc_reserve_reward:  0.0000	train/soc_violation:      42.7441	train/t_env:             109392.0000
train/total_power_loss:  14465.6744	
[INFO 21:00:13] root Saving models to results\models\facmac_smac__2026-06-15_20-25-46\110784
[INFO 21:00:18] root Recent Stats | t_env:     111024 | Episode:     2521
battery_punishment_reward_mean:-3314.1477	battle_won_mean:           1.0000	bess_cost_reward_mean:   -160.2448	buffer/episodes:         4580.0000
buy_cost_reward_mean:    -312087.8199	ep_length_mean:           24.0000	episode_limit_mean:        1.0000	eval/best_reward:        -306.4969
eval/best_win_rate:        1.0000	eval/ea_reward:          -309.7039	eval/ea_win_rate:          1.0000	eval/rl_reward:          -310.8632
eval/rl_win_rate:          1.0000	generate_cost_reward_mean:-36.9789	grid_purchase_cost_mean: 312087.8199	mean_soc_mean:             0.3262
return_mean:             -313.2592	return_std:               33.8106	soc_reserve_reward_mean:   0.0000	soc_violation_mean:       44.6233
test/battery_punishment_reward:-2199.3899	test/battle_won:           1.0000	test/bess_cost_reward:   -130.2416	test/buy_cost_reward:    -311311.0444
test/ep_length:           24.0000	test/episode_limit:        1.0000	test/generate_cost_reward:-41.9214	test/grid_purchase_cost: 311311.0444
test/mean_soc:             0.4333	test/return_mean:        -312.1027	test/return_std:          30.7664	test/soc_reserve_reward:   0.0000
test/soc_violation:       32.7728	test/total_power_loss:   14318.2929	test_battery_punishment_reward_mean:-2199.3899	test_battle_won_mean:      1.0000
test_bess_cost_reward_mean:-130.2416	test_buy_cost_reward_mean:-311311.0444	test_ep_length_mean:      24.0000	test_episode_limit_mean:   1.0000
test_generate_cost_reward_mean:-41.9214	test_grid_purchase_cost_mean:311311.0444	test_mean_soc_mean:        0.4333	test_return_mean:        -312.1027
test_return_std:          30.7664	test_soc_reserve_reward_mean:  0.0000	test_soc_violation_mean:  32.7728	test_total_power_loss_mean:14318.2929
total_power_loss_mean:   14357.3263	train/battery_punishment_reward:-3314.1477	train/battle_won:          1.0000	train/bess_cost_reward:  -160.2448
train/buy_cost_reward:   -312087.8199	train/ep_length:          24.0000	train/episode:           2499.0000	train/episode_limit:       1.0000
train/generate_cost_reward:-36.9789	train/grid_purchase_cost:312087.8199	train/mean_soc:            0.3262	train/return_mean:       -313.2592
train/return_std:         33.8106	train/soc_reserve_reward:  0.0000	train/soc_violation:      44.6233	train/t_env:             109920.0000
train/total_power_loss:  14357.3263	
[INFO 21:00:25] root Recent Stats | t_env:     111528 | Episode:     2532
battery_punishment_reward_mean:-3229.7420	battle_won_mean:           1.0000	bess_cost_reward_mean:   -152.4021	buffer/episodes:         4602.0000
buy_cost_reward_mean:    -312162.0865	ep_length_mean:           24.0000	episode_limit_mean:        1.0000	eval/best_reward:        -306.4969
eval/best_win_rate:        1.0000	eval/ea_reward:          -309.7039	eval/ea_win_rate:          1.0000	eval/rl_reward:          -310.8632
eval/rl_win_rate:          1.0000	generate_cost_reward_mean:-37.6079	grid_purchase_cost_mean: 312162.0865	mean_soc_mean:             0.3547
return_mean:             -313.3030	return_std:               31.8390	soc_reserve_reward_mean:   0.0000	soc_violation_mean:       43.5543
test/battery_punishment_reward:-2199.3899	test/battle_won:           1.0000	test/bess_cost_reward:   -130.2416	test/buy_cost_reward:    -311311.0444
test/ep_length:           24.0000	test/episode_limit:        1.0000	test/generate_cost_reward:-41.9214	test/grid_purchase_cost: 311311.0444
test/mean_soc:             0.4333	test/return_mean:        -312.1027	test/return_std:          30.7664	test/soc_reserve_reward:   0.0000
test/soc_violation:       32.7728	test/total_power_loss:   14318.2929	test_battery_punishment_reward_mean:-2199.3899	test_battle_won_mean:      1.0000
test_bess_cost_reward_mean:-130.2416	test_buy_cost_reward_mean:-311311.0444	test_ep_length_mean:      24.0000	test_episode_limit_mean:   1.0000
test_generate_cost_reward_mean:-41.9214	test_grid_purchase_cost_mean:311311.0444	test_mean_soc_mean:        0.4333	test_return_mean:        -312.1027
test_return_std:          30.7664	test_soc_reserve_reward_mean:  0.0000	test_soc_violation_mean:  32.7728	test_total_power_loss_mean:14318.2929
total_power_loss_mean:   14348.4683	train/battery_punishment_reward:-3229.7420	train/battle_won:          1.0000	train/bess_cost_reward:  -152.4021
train/buy_cost_reward:   -312162.0865	train/ep_length:          24.0000	train/episode:           2510.0000	train/episode_limit:       1.0000
train/generate_cost_reward:-37.6079	train/grid_purchase_cost:312162.0865	train/mean_soc:            0.3547	train/return_mean:       -313.3030
train/return_std:         31.8390	train/soc_reserve_reward:  0.0000	train/soc_violation:      43.5543	train/t_env:             110448.0000
train/total_power_loss:  14348.4683	
[INFO 21:00:35] root Recent Stats | t_env:     112032 | Episode:     2543
battery_punishment_reward_mean:-2940.6860	battle_won_mean:           1.0000	bess_cost_reward_mean:   -156.7860	buffer/episodes:         4624.0000
buy_cost_reward_mean:    -311817.4205	ep_length_mean:           24.0000	episode_limit_mean:        1.0000	eval/best_reward:        -306.4969
eval/best_win_rate:        1.0000	eval/ea_reward:          -309.7039	eval/ea_win_rate:          1.0000	eval/rl_reward:          -310.8632
eval/rl_win_rate:          1.0000	generate_cost_reward_mean:-39.1810	grid_purchase_cost_mean: 311817.4205	mean_soc_mean:             0.3382
return_mean:             -312.8640	return_std:               31.7458	soc_reserve_reward_mean:   0.0000	soc_violation_mean:       40.6738
test/battery_punishment_reward:-2199.3899	test/battle_won:           1.0000	test/bess_cost_reward:   -130.2416	test/buy_cost_reward:    -311311.0444
test/ep_length:           24.0000	test/episode_limit:        1.0000	test/generate_cost_reward:-41.9214	test/grid_purchase_cost: 311311.0444
test/mean_soc:             0.4333	test/return_mean:        -312.1027	test/return_std:          30.7664	test/soc_reserve_reward:   0.0000
test/soc_violation:       32.7728	test/total_power_loss:   14318.2929	test_battery_punishment_reward_mean:-2199.3899	test_battle_won_mean:      1.0000
test_bess_cost_reward_mean:-130.2416	test_buy_cost_reward_mean:-311311.0444	test_ep_length_mean:      24.0000	test_episode_limit_mean:   1.0000
test_generate_cost_reward_mean:-41.9214	test_grid_purchase_cost_mean:311311.0444	test_mean_soc_mean:        0.4333	test_return_mean:        -312.1027
test_return_std:          30.7664	test_soc_reserve_reward_mean:  0.0000	test_soc_violation_mean:  32.7728	test_total_power_loss_mean:14318.2929
total_power_loss_mean:   14327.0432	train/battery_punishment_reward:-2940.6860	train/battle_won:          1.0000	train/bess_cost_reward:  -156.7860
train/buy_cost_reward:   -311817.4205	train/ep_length:          24.0000	train/episode:           2521.0000	train/episode_limit:       1.0000
train/generate_cost_reward:-39.1810	train/grid_purchase_cost:311817.4205	train/mean_soc:            0.3382	train/return_mean:       -312.8640
train/return_std:         31.7458	train/soc_reserve_reward:  0.0000	train/soc_violation:      40.6738	train/t_env:             110976.0000
train/total_power_loss:  14327.0432	
[INFO 21:00:40] root t_env: 112224 / 300000
[INFO 21:00:40] root Estimated time left: 1 hours, 5 minutes, 21 seconds. Time passed: 34 minutes, 54 seconds
[INFO 21:00:46] root Recent Stats | t_env:     112536 | Episode:     2554
battery_punishment_reward_mean:-2825.1127	battle_won_mean:           1.0000	bess_cost_reward_mean:   -157.3534	buffer/episodes:         4646.0000
buy_cost_reward_mean:    -304822.0095	ep_length_mean:           24.0000	episode_limit_mean:        1.0000	eval/best_reward:        -308.2640
eval/best_win_rate:        1.0000	eval/ea_reward:          -311.4710	eval/ea_win_rate:          1.0000	eval/rl_reward:          -309.7916
eval/rl_win_rate:          1.0000	generate_cost_reward_mean:-40.0604	grid_purchase_cost_mean: 304822.0095	mean_soc_mean:             0.3351
return_mean:             -305.8306	return_std:               28.9829	soc_reserve_reward_mean:   0.0000	soc_violation_mean:       39.3806
test/battery_punishment_reward:-2531.2215	test/battle_won:           1.0000	test/bess_cost_reward:   -130.0755	test/buy_cost_reward:    -310969.7130
test/ep_length:           24.0000	test/episode_limit:        1.0000	test/generate_cost_reward:-46.8441	test/grid_purchase_cost: 310969.7130
test/mean_soc:             0.4345	test/return_mean:        -311.8737	test/return_std:          31.9884	test/soc_reserve_reward:   0.0000
test/soc_violation:       37.1915	test/total_power_loss:   14303.8031	test_battery_punishment_reward_mean:-2531.2215	test_battle_won_mean:      1.0000
test_bess_cost_reward_mean:-130.0755	test_buy_cost_reward_mean:-310969.7130	test_ep_length_mean:      24.0000	test_episode_limit_mean:   1.0000
test_generate_cost_reward_mean:-46.8441	test_grid_purchase_cost_mean:310969.7130	test_mean_soc_mean:        0.4345	test_return_mean:        -311.8737
test_return_std:          31.9884	test_soc_reserve_reward_mean:  0.0000	test_soc_violation_mean:  37.1915	test_total_power_loss_mean:14303.8031
total_power_loss_mean:   14034.0326	train/battery_punishment_reward:-2825.1127	train/battle_won:          1.0000	train/bess_cost_reward:  -157.3534
train/buy_cost_reward:   -304822.0095	train/ep_length:          24.0000	train/episode:           2532.0000	train/episode_limit:       1.0000
train/generate_cost_reward:-40.0604	train/grid_purchase_cost:304822.0095	train/mean_soc:            0.3351	train/return_mean:       -305.8306
train/return_std:         28.9829	train/soc_reserve_reward:  0.0000	train/soc_violation:      39.3806	train/t_env:             111504.0000
train/total_power_loss:  14034.0326	
[INFO 21:00:56] root Recent Stats | t_env:     113040 | Episode:     2565
battery_punishment_reward_mean:-2858.3924	battle_won_mean:           1.0000	bess_cost_reward_mean:   -155.9265	buffer/episodes:         4668.0000
buy_cost_reward_mean:    -306212.5135	ep_length_mean:           24.0000	episode_limit_mean:        1.0000	eval/best_reward:        -308.2640
eval/best_win_rate:        1.0000	eval/ea_reward:          -311.4710	eval/ea_win_rate:          1.0000	eval/rl_reward:          -309.7916
eval/rl_win_rate:          1.0000	generate_cost_reward_mean:-39.3110	grid_purchase_cost_mean: 306212.5135	mean_soc_mean:             0.3401
return_mean:             -307.2314	return_std:               29.8145	soc_reserve_reward_mean:   0.0000	soc_violation_mean:       39.6015
test/battery_punishment_reward:-2531.2215	test/battle_won:           1.0000	test/bess_cost_reward:   -130.0755	test/buy_cost_reward:    -310969.7130
test/ep_length:           24.0000	test/episode_limit:        1.0000	test/generate_cost_reward:-46.8441	test/grid_purchase_cost: 310969.7130
test/mean_soc:             0.4345	test/return_mean:        -311.8737	test/return_std:          31.9884	test/soc_reserve_reward:   0.0000
test/soc_violation:       37.1915	test/total_power_loss:   14303.8031	test_battery_punishment_reward_mean:-2531.2215	test_battle_won_mean:      1.0000
test_bess_cost_reward_mean:-130.0755	test_buy_cost_reward_mean:-310969.7130	test_ep_length_mean:      24.0000	test_episode_limit_mean:   1.0000
test_generate_cost_reward_mean:-46.8441	test_grid_purchase_cost_mean:310969.7130	test_mean_soc_mean:        0.4345	test_return_mean:        -311.8737
test_return_std:          31.9884	test_soc_reserve_reward_mean:  0.0000	test_soc_violation_mean:  37.1915	test_total_power_loss_mean:14303.8031
total_power_loss_mean:   14095.8863	train/battery_punishment_reward:-2858.3924	train/battle_won:          1.0000	train/bess_cost_reward:  -155.9265
train/buy_cost_reward:   -306212.5135	train/ep_length:          24.0000	train/episode:           2543.0000	train/episode_limit:       1.0000
train/generate_cost_reward:-39.3110	train/grid_purchase_cost:306212.5135	train/mean_soc:            0.3401	train/return_mean:       -307.2314
train/return_std:         29.8145	train/soc_reserve_reward:  0.0000	train/soc_violation:      39.6015	train/t_env:             112032.0000
train/total_power_loss:  14095.8863	
[INFO 21:01:10] root Recent Stats | t_env:     113664 | Episode:     2576
battery_punishment_reward_mean:-2967.1088	battle_won_mean:           1.0000	bess_cost_reward_mean:   -156.6445	buffer/episodes:         4690.0000
buy_cost_reward_mean:    -305676.5351	ep_length_mean:           24.0000	episode_limit_mean:        1.0000	eval/best_reward:        -308.2640
eval/best_win_rate:        1.0000	eval/ea_reward:          -311.4710	eval/ea_win_rate:          1.0000	eval/rl_reward:          -309.7916
eval/rl_win_rate:          1.0000	generate_cost_reward_mean:-41.3345	grid_purchase_cost_mean: 305676.5351	mean_soc_mean:             0.3377
return_mean:             -306.7327	return_std:               32.2074	soc_reserve_reward_mean:   0.0000	soc_violation_mean:       40.6661
test/battery_punishment_reward:-2531.2215	test/battle_won:           1.0000	test/bess_cost_reward:   -130.0755	test/buy_cost_reward:    -310969.7130
test/ep_length:           24.0000	test/episode_limit:        1.0000	test/generate_cost_reward:-46.8441	test/grid_purchase_cost: 310969.7130
test/mean_soc:             0.4345	test/return_mean:        -311.8737	test/return_std:          31.9884	test/soc_reserve_reward:   0.0000
test/soc_violation:       37.1915	test/total_power_loss:   14303.8031	test_battery_punishment_reward_mean:-2531.2215	test_battle_won_mean:      1.0000
test_bess_cost_reward_mean:-130.0755	test_buy_cost_reward_mean:-310969.7130	test_ep_length_mean:      24.0000	test_episode_limit_mean:   1.0000
test_generate_cost_reward_mean:-46.8441	test_grid_purchase_cost_mean:310969.7130	test_mean_soc_mean:        0.4345	test_return_mean:        -311.8737
test_return_std:          31.9884	test_soc_reserve_reward_mean:  0.0000	test_soc_violation_mean:  37.1915	test_total_power_loss_mean:14303.8031
total_power_loss_mean:   14062.3353	train/battery_punishment_reward:-2967.1088	train/battle_won:          1.0000	train/bess_cost_reward:  -156.6445
train/buy_cost_reward:   -305676.5351	train/ep_length:          24.0000	train/episode:           2554.0000	train/episode_limit:       1.0000
train/generate_cost_reward:-41.3345	train/grid_purchase_cost:305676.5351	train/mean_soc:            0.3377	train/return_mean:       -306.7327
train/return_std:         32.2074	train/soc_reserve_reward:  0.0000	train/soc_violation:      40.6661	train/t_env:             112560.0000
train/total_power_loss:  14062.3353	
[INFO 21:01:19] root Recent Stats | t_env:     114168 | Episode:     2587
battery_punishment_reward_mean:-3297.5765	battle_won_mean:           1.0000	bess_cost_reward_mean:   -158.3457	buffer/episodes:         4712.0000
buy_cost_reward_mean:    -302491.0398	ep_length_mean:           24.0000	episode_limit_mean:        1.0000	eval/best_reward:        -308.2640
eval/best_win_rate:        1.0000	eval/ea_reward:          -311.4710	eval/ea_win_rate:          1.0000	eval/rl_reward:          -309.7916
eval/rl_win_rate:          1.0000	generate_cost_reward_mean:-41.2801	grid_purchase_cost_mean: 302491.0398	mean_soc_mean:             0.3319
return_mean:             -303.6579	return_std:               32.3874	soc_reserve_reward_mean:   0.0000	soc_violation_mean:       44.1427
test/battery_punishment_reward:-2531.2215	test/battle_won:           1.0000	test/bess_cost_reward:   -130.0755	test/buy_cost_reward:    -310969.7130
test/ep_length:           24.0000	test/episode_limit:        1.0000	test/generate_cost_reward:-46.8441	test/grid_purchase_cost: 310969.7130
test/mean_soc:             0.4345	test/return_mean:        -311.8737	test/return_std:          31.9884	test/soc_reserve_reward:   0.0000
test/soc_violation:       37.1915	test/total_power_loss:   14303.8031	test_battery_punishment_reward_mean:-2531.2215	test_battle_won_mean:      1.0000
test_bess_cost_reward_mean:-130.0755	test_buy_cost_reward_mean:-310969.7130	test_ep_length_mean:      24.0000	test_episode_limit_mean:   1.0000
test_generate_cost_reward_mean:-46.8441	test_grid_purchase_cost_mean:310969.7130	test_mean_soc_mean:        0.4345	test_return_mean:        -311.8737
test_return_std:          31.9884	test_soc_reserve_reward_mean:  0.0000	test_soc_violation_mean:  37.1915	test_total_power_loss_mean:14303.8031
total_power_loss_mean:   13926.7783	train/battery_punishment_reward:-3297.5765	train/battle_won:          1.0000	train/bess_cost_reward:  -158.3457
train/buy_cost_reward:   -302491.0398	train/ep_length:          24.0000	train/episode:           2565.0000	train/episode_limit:       1.0000
train/generate_cost_reward:-41.2801	train/grid_purchase_cost:302491.0398	train/mean_soc:            0.3319	train/return_mean:       -303.6579
train/return_std:         32.3874	train/soc_reserve_reward:  0.0000	train/soc_violation:      44.1427	train/t_env:             113088.0000
train/total_power_loss:  13926.7783	
[INFO 21:01:19] root t_env: 114240 / 300000
[INFO 21:01:19] root Estimated time left: 59 minutes, 5 seconds. Time passed: 35 minutes, 32 seconds
[INFO 21:01:30] root Recent Stats | t_env:     114672 | Episode:     2598
battery_punishment_reward_mean:-3446.1122	battle_won_mean:           1.0000	bess_cost_reward_mean:   -161.8818	buffer/episodes:         4734.0000
buy_cost_reward_mean:    -303959.4606	ep_length_mean:           24.0000	episode_limit_mean:        1.0000	eval/best_reward:        -306.8912
eval/best_win_rate:        1.0000	eval/ea_reward:          -308.3363	eval/ea_win_rate:          1.0000	eval/rl_reward:          -311.5044
eval/rl_win_rate:          1.0000	generate_cost_reward_mean:-40.7410	grid_purchase_cost_mean: 303959.4606	mean_soc_mean:             0.3191
return_mean:             -305.1768	return_std:               33.1469	soc_reserve_reward_mean:   0.0000	soc_violation_mean:       45.6472
test/battery_punishment_reward:-2414.8654	test/battle_won:           1.0000	test/bess_cost_reward:   -161.7359	test/buy_cost_reward:    -309081.5849
test/ep_length:           24.0000	test/episode_limit:        1.0000	test/generate_cost_reward:-34.8464	test/grid_purchase_cost: 309081.5849
test/mean_soc:             0.3186	test/return_mean:        -309.9530	test/return_std:          32.2201	test/soc_reserve_reward:   0.0000
test/soc_violation:       35.5010	test/total_power_loss:   14234.0404	test_battery_punishment_reward_mean:-2414.8654	test_battle_won_mean:      1.0000
test_bess_cost_reward_mean:-161.7359	test_buy_cost_reward_mean:-309081.5849	test_ep_length_mean:      24.0000	test_episode_limit_mean:   1.0000
test_generate_cost_reward_mean:-34.8464	test_grid_purchase_cost_mean:309081.5849	test_mean_soc_mean:        0.3186	test_return_mean:        -309.9530
test_return_std:          32.2201	test_soc_reserve_reward_mean:  0.0000	test_soc_violation_mean:  35.5010	test_total_power_loss_mean:14234.0404
total_power_loss_mean:   13986.7201	train/battery_punishment_reward:-3446.1122	train/battle_won:          1.0000	train/bess_cost_reward:  -161.8818
train/buy_cost_reward:   -303959.4606	train/ep_length:          24.0000	train/episode:           2576.0000	train/episode_limit:       1.0000
train/generate_cost_reward:-40.7410	train/grid_purchase_cost:303959.4606	train/mean_soc:            0.3191	train/return_mean:       -305.1768
train/return_std:         33.1469	train/soc_reserve_reward:  0.0000	train/soc_violation:      45.6472	train/t_env:             113616.0000
train/total_power_loss:  13986.7201	
EA evolution end.
Sync from RL --> Nevo
EA evolution start ...
EA evolution end.
Sync from RL --> Nevo
EA evolution start ...
EA evolution end.
Sync from RL --> Nevo
EA evolution start ...
EA evolution end.
Sync from RL --> Nevo
EA evolution start ...
EA evolution end.
Sync from RL --> Nevo
EA evolution start ...
EA evolution end.
RL eval  -314.76472965808307 1.0
EA eval  -308.92275084635884 1.0
Sync from RL --> Nevo
EA evolution start ...
EA evolution end.
Sync from RL --> Nevo
EA evolution start ...
EA evolution end.
Sync from RL --> Nevo
EA evolution start ...
EA evolution end.
Sync from RL --> Nevo
EA evolution start ...
EA evolution end.
Sync from RL --> Nevo
EA evolution start ...
EA evolution end.
Sync from RL --> Nevo
EA evolution start ...
EA evolution end.
Sync from RL --> Nevo
EA evolution start ...
EA evolution end.
Sync from RL --> Nevo
EA evolution start ...
EA evolution end.
Sync from RL --> Nevo
RL eval  -309.7694312096894 1.0
EA eval  -305.72704421112195 1.0
EA evolution start ...
EA evolution end.
Sync from RL --> Nevo
EA evolution start ...
EA evolution end.
Sync from RL --> Nevo
EA evolution start ...
EA evolution end.
Sync from RL --> Nevo
EA evolution start ...
EA evolution end.
Sync from RL --> Nevo
EA evolution start ...
EA evolution end.
Sync from RL --> Nevo
EA evolution start ...
EA evolution end.
Sync from RL --> Nevo
EA evolution start ...
EA evolution end.
Sync from RL --> Nevo
EA evolution start ...
EA evolution end.
Sync from RL --> Nevo
EA evolution start ...
EA evolution end.
RL eval  -308.21818486131315 1.0
EA eval  -313.25079748542686 1.0
Sync from RL --> Nevo
EA evolution start ...
EA evolution end.
Sync from RL --> Nevo
EA evolution start ...
EA evolution end.
Sync from RL --> Nevo
EA evolution start ...
EA evolution end.
Sync from RL --> Nevo
EA evolution start ...
EA evolution end.
Sync from RL --> Nevo
EA evolution start ...
EA evolution end.
Sync from RL --> Nevo
EA evolution start ...
EA evolution end.
Sync from RL --> Nevo
EA evolution start ...
EA evolution end.
Sync from RL --> Nevo
EA evolution start ...
EA evolution end.
Sync from RL --> Nevo
RL eval  -313.8881848366089 1.0
EA eval  -309.31554394578654 1.0
EA evolution start ...
EA evolution end.
Sync from RL --> Nevo
EA evolution start ...
EA evolution end.
Sync from RL --> Nevo
EA evolution start ...
EA evolution end.
Sync from RL --> Nevo
EA evolution start ...
EA evolution end.
Sync from RL --> Nevo
EA evolution start ...
EA evolution end.
Sync from RL --> Nevo
EA evolution start ...
EA evolution end.
Sync from RL --> Nevo
EA evolution start ...
EA evolution end.
Sync from RL --> Nevo
EA evolution start ...
EA evolution end.
Sync from RL --> Nevo
EA evolution start ...
EA evolution end.
RL eval  -317.5932560689543 1.0
EA eval  -314.55645818670536 1.0
Sync from RL --> Nevo
EA evolution start ...
EA evolution end.
Sync from RL --> Nevo
EA evolution start ...
EA evolution end.
Sync from RL --> Nevo
EA evolution start ...
EA evolution end.
Sync from RL --> Nevo
EA evolution start ...
EA evolution end.
Sync from RL --> Nevo
EA evolution start ...
EA evolution end.
Sync from RL --> Nevo
EA evolution start ...
EA evolution end.
Sync from RL --> Nevo
EA evolution start ...
EA evolution end.
Sync from RL --> Nevo
EA evolution start ...
EA evolution end.
Sync from RL --> Nevo
RL eval  -305.7417663159396 1.0
EA eval  -306.19476253360557 1.0
EA evolution start ...
EA evolution end.
Sync from RL --> Nevo
EA evolution start ...
EA evolution end.
Sync from RL --> Nevo
EA evolution start ...
EA evolution end.
Sync from RL --> Nevo
EA evolution start ...
EA evolution end.
Sync from RL --> Nevo
EA evolution start ...
EA evolution end.
Sync from RL --> Nevo
EA evolution start ...
EA evolution end.
Sync from RL --> Nevo
EA evolution start ...
EA evolution end.
Sync from RL --> Nevo
EA evolution start ...
EA evolution end.
Sync from RL --> Nevo
EA evolution start ...
EA evolution end.
RL eval  -314.13893784332663 1.0
EA eval  -311.54293665062875 1.0
Sync from RL --> Nevo
EA evolution start ...
EA evolution end.
Sync from RL --> Nevo
EA evolution start ...
EA evolution end.
Sync from RL --> Nevo
EA evolution start ...
EA evolution end.
Sync from RL --> Nevo
EA evolution start ...
EA evolution end.
Sync from RL --> Nevo
EA evolution start ...
EA evolution end.
Sync from RL --> Nevo
EA evolution start ...
EA evolution end.
Sync from RL --> Nevo
EA evolution start ...
EA evolution end.
Sync from RL --> Nevo
EA evolution start ...
EA evolution end.
Sync from RL --> Nevo
RL eval  -313.04264398560815 1.0
EA eval  -308.479576982265 1.0
EA evolution start ...
EA evolution end.
Sync from RL --> Nevo
EA evolution start ...
EA evolution end.
Sync from RL --> Nevo
EA evolution start ...
EA evolution end.
Sync from RL --> Nevo
EA evolution start ...
EA evolution end.
Sync from RL --> Nevo
EA evolution start ...
EA evolution end.
Sync from RL --> Nevo
EA evolution start ...
EA evolution end.
Sync from RL --> Nevo
EA evolution start ...
EA evolution end.
Sync from RL --> Nevo
EA evolution start ...
EA evolution end.
Sync from RL --> Nevo
EA evolution start ...
EA evolution end.
RL eval  -307.2841358568045 1.0
EA eval  -301.94594481184316 1.0
Sync from RL --> Nevo
EA evolution start ...
EA evolution end.
Sync from RL --> Nevo
EA evolution start ...
EA evolution end.
Sync from RL --> Nevo
EA evolution start ...
EA evolution end.
Sync from RL --> Nevo
EA evolution start ...
EA evolution end.
Sync from RL --> Nevo
EA evolution start ...
EA evolution end.
Sync from RL --> Nevo
EA evolution start ...
EA evolution end.
Sync from RL --> Nevo
EA evolution start ...
EA evolution end.
Sync from RL --> Nevo
EA evolution start ...
EA evolution end.
Sync from RL --> Nevo
RL eval  -312.29006781594603 1.0
EA eval  -304.0616366044293 1.0
EA evolution start ...
EA evolution end.
Sync from RL --> Nevo
EA evolution start ...
EA evolution end.
Sync from RL --> Nevo
EA evolution start ...
EA evolution end.
Sync from RL --> Nevo
EA evolution start ...
EA evolution end.
Sync from RL --> Nevo
EA evolution start ...
EA evolution end.
Sync from RL --> Nevo
EA evolution start ...
EA evolution end.
Sync from RL --> Nevo
EA evolution start ...
EA evolution end.
Sync from RL --> Nevo
EA evolution start ...
EA evolution end.
Sync from RL --> Nevo
EA evolution start ...
EA evolution end.
RL eval  -302.85064394664204 1.0
EA eval  -316.77072788897385 1.0
Sync from RL --> Nevo
EA evolution start ...
EA evolution end.
Sync from RL --> Nevo
EA evolution start ...
EA evolution end.
Sync from RL --> Nevo
EA evolution start ...
EA evolution end.
Sync from RL --> Nevo
EA evolution start ...
EA evolution end.
Sync from RL --> Nevo
EA evolution start ...
EA evolution end.
Sync from RL --> Nevo
EA evolution start ...
EA evolution end.
Sync from RL --> Nevo
EA evolution start ...
EA evolution end.
Sync from RL --> Nevo
EA evolution start ...
EA evolution end.
Sync from RL --> Nevo
RL eval  -304.5496553422964 1.0
EA eval  -306.1319895389471 1.0
EA evolution start ...
EA evolution end.
Sync from RL --> Nevo
EA evolution start ...
EA evolution end.
Sync from RL --> Nevo
EA evolution start ...
EA evolution end.
Sync from RL --> Nevo
EA evolution start ...
EA evolution end.
Sync from RL --> Nevo
EA evolution start ...
EA evolution end.
Sync from RL --> Nevo
EA evolution start ...
EA evolution end.
Sync from RL --> Nevo
EA evolution start ...
EA evolution end.
Sync from RL --> Nevo
EA evolution start ...
EA evolution end.
Sync from RL --> Nevo
EA evolution start ...
EA evolution end.
RL eval  -307.29683314927075 1.0
EA eval  -304.8027150884179 1.0
Sync from RL --> Nevo
EA evolution start ...
EA evolution end.
Sync from RL --> Nevo
EA evolution start ...
EA evolution end.
Sync from RL --> Nevo
EA evolution start ...
EA evolution end.
Sync from RL --> Nevo
[INFO 21:01:41] root Recent Stats | t_env:     115176 | Episode:     2609
battery_punishment_reward_mean:-3442.2759	battle_won_mean:           1.0000	bess_cost_reward_mean:   -166.0442	buffer/episodes:         4756.0000
buy_cost_reward_mean:    -305903.3045	ep_length_mean:           24.0000	episode_limit_mean:        1.0000	eval/best_reward:        -306.8912
eval/best_win_rate:        1.0000	eval/ea_reward:          -308.3363	eval/ea_win_rate:          1.0000	eval/rl_reward:          -311.5044
eval/rl_win_rate:          1.0000	generate_cost_reward_mean:-39.4539	grid_purchase_cost_mean: 305903.3045	mean_soc_mean:             0.3046
return_mean:             -307.1203	return_std:               34.6916	soc_reserve_reward_mean:   0.0000	soc_violation_mean:       45.7314
test/battery_punishment_reward:-2414.8654	test/battle_won:           1.0000	test/bess_cost_reward:   -161.7359	test/buy_cost_reward:    -309081.5849
test/ep_length:           24.0000	test/episode_limit:        1.0000	test/generate_cost_reward:-34.8464	test/grid_purchase_cost: 309081.5849
test/mean_soc:             0.3186	test/return_mean:        -309.9530	test/return_std:          32.2201	test/soc_reserve_reward:   0.0000
test/soc_violation:       35.5010	test/total_power_loss:   14234.0404	test_battery_punishment_reward_mean:-2414.8654	test_battle_won_mean:      1.0000
test_bess_cost_reward_mean:-161.7359	test_buy_cost_reward_mean:-309081.5849	test_ep_length_mean:      24.0000	test_episode_limit_mean:   1.0000
test_generate_cost_reward_mean:-34.8464	test_grid_purchase_cost_mean:309081.5849	test_mean_soc_mean:        0.3186	test_return_mean:        -309.9530
test_return_std:          32.2201	test_soc_reserve_reward_mean:  0.0000	test_soc_violation_mean:  35.5010	test_total_power_loss_mean:14234.0404
total_power_loss_mean:   14070.5510	train/battery_punishment_reward:-3442.2759	train/battle_won:          1.0000	train/bess_cost_reward:  -166.0442
train/buy_cost_reward:   -305903.3045	train/ep_length:          24.0000	train/episode:           2587.0000	train/episode_limit:       1.0000
train/generate_cost_reward:-39.4539	train/grid_purchase_cost:305903.3045	train/mean_soc:            0.3046	train/return_mean:       -307.1203
train/return_std:         34.6916	train/soc_reserve_reward:  0.0000	train/soc_violation:      45.7314	train/t_env:             114144.0000
train/total_power_loss:  14070.5510	
[INFO 21:01:51] root Recent Stats | t_env:     115680 | Episode:     2620
battery_punishment_reward_mean:-3414.8885	battle_won_mean:           1.0000	bess_cost_reward_mean:   -173.3972	buffer/episodes:         4778.0000
buy_cost_reward_mean:    -302348.7949	ep_length_mean:           24.0000	episode_limit_mean:        1.0000	eval/best_reward:        -306.8912
eval/best_win_rate:        1.0000	eval/ea_reward:          -308.3363	eval/ea_win_rate:          1.0000	eval/rl_reward:          -311.5044
eval/rl_win_rate:          1.0000	generate_cost_reward_mean:-38.5433	grid_purchase_cost_mean: 302348.7949	mean_soc_mean:             0.2781
return_mean:             -303.5587	return_std:               35.4594	soc_reserve_reward_mean:   0.0000	soc_violation_mean:       45.5132
test/battery_punishment_reward:-2414.8654	test/battle_won:           1.0000	test/bess_cost_reward:   -161.7359	test/buy_cost_reward:    -309081.5849
test/ep_length:           24.0000	test/episode_limit:        1.0000	test/generate_cost_reward:-34.8464	test/grid_purchase_cost: 309081.5849
test/mean_soc:             0.3186	test/return_mean:        -309.9530	test/return_std:          32.2201	test/soc_reserve_reward:   0.0000
test/soc_violation:       35.5010	test/total_power_loss:   14234.0404	test_battery_punishment_reward_mean:-2414.8654	test_battle_won_mean:      1.0000
test_bess_cost_reward_mean:-161.7359	test_buy_cost_reward_mean:-309081.5849	test_ep_length_mean:      24.0000	test_episode_limit_mean:   1.0000
test_generate_cost_reward_mean:-34.8464	test_grid_purchase_cost_mean:309081.5849	test_mean_soc_mean:        0.3186	test_return_mean:        -309.9530
test_return_std:          32.2201	test_soc_reserve_reward_mean:  0.0000	test_soc_violation_mean:  35.5010	test_total_power_loss_mean:14234.0404
total_power_loss_mean:   13925.6796	train/battery_punishment_reward:-3414.8885	train/battle_won:          1.0000	train/bess_cost_reward:  -173.3972
train/buy_cost_reward:   -302348.7949	train/ep_length:          24.0000	train/episode:           2598.0000	train/episode_limit:       1.0000
train/generate_cost_reward:-38.5433	train/grid_purchase_cost:302348.7949	train/mean_soc:            0.2781	train/return_mean:       -303.5587
train/return_std:         35.4594	train/soc_reserve_reward:  0.0000	train/soc_violation:      45.5132	train/t_env:             114672.0000
train/total_power_loss:  13925.6796	
[INFO 21:02:05] root t_env: 116304 / 300000
[INFO 21:02:05] root Estimated time left: 1 hours, 8 minutes, 37 seconds. Time passed: 36 minutes, 18 seconds
[INFO 21:02:07] root Recent Stats | t_env:     116304 | Episode:     2631
battery_punishment_reward_mean:-3305.4291	battle_won_mean:           1.0000	bess_cost_reward_mean:   -174.7888	buffer/episodes:         4800.0000
buy_cost_reward_mean:    -304641.3640	ep_length_mean:           24.0000	episode_limit_mean:        1.0000	eval/best_reward:        -307.1931
eval/best_win_rate:        1.0000	eval/ea_reward:          -308.6382	eval/ea_win_rate:          1.0000	eval/rl_reward:          -310.7455
eval/rl_win_rate:          1.0000	generate_cost_reward_mean:-38.7333	grid_purchase_cost_mean: 304641.3640	mean_soc_mean:             0.2724
return_mean:             -305.8154	return_std:               34.3011	soc_reserve_reward_mean:   0.0000	soc_violation_mean:       44.4166
test/battery_punishment_reward:-3224.7713	test/battle_won:           1.0000	test/bess_cost_reward:   -193.8260	test/buy_cost_reward:    -307235.6057
test/ep_length:           24.0000	test/episode_limit:        1.0000	test/generate_cost_reward:-33.6232	test/grid_purchase_cost: 307235.6057
test/mean_soc:             0.2016	test/return_mean:        -308.3872	test/return_std:          31.1531	test/soc_reserve_reward:   0.0000
test/soc_violation:       43.4012	test/total_power_loss:   14148.8558	test_battery_punishment_reward_mean:-3224.7713	test_battle_won_mean:      1.0000
test_bess_cost_reward_mean:-193.8260	test_buy_cost_reward_mean:-307235.6057	test_ep_length_mean:      24.0000	test_episode_limit_mean:   1.0000
test_generate_cost_reward_mean:-33.6232	test_grid_purchase_cost_mean:307235.6057	test_mean_soc_mean:        0.2016	test_return_mean:        -308.3872
test_return_std:          31.1531	test_soc_reserve_reward_mean:  0.0000	test_soc_violation_mean:  43.4012	test_total_power_loss_mean:14148.8558
total_power_loss_mean:   14036.9030	train/battery_punishment_reward:-3305.4291	train/battle_won:          1.0000	train/bess_cost_reward:  -174.7888
train/buy_cost_reward:   -304641.3640	train/ep_length:          24.0000	train/episode:           2609.0000	train/episode_limit:       1.0000
train/generate_cost_reward:-38.7333	train/grid_purchase_cost:304641.3640	train/mean_soc:            0.2724	train/return_mean:       -305.8154
train/return_std:         34.3011	train/soc_reserve_reward:  0.0000	train/soc_violation:      44.4166	train/t_env:             115200.0000
train/total_power_loss:  14036.9030	
[INFO 21:02:16] root Recent Stats | t_env:     116808 | Episode:     2642
battery_punishment_reward_mean:-3193.2795	battle_won_mean:           1.0000	bess_cost_reward_mean:   -175.1398	buffer/episodes:         4822.0000
buy_cost_reward_mean:    -310811.8891	ep_length_mean:           24.0000	episode_limit_mean:        1.0000	eval/best_reward:        -307.1931
eval/best_win_rate:        1.0000	eval/ea_reward:          -308.6382	eval/ea_win_rate:          1.0000	eval/rl_reward:          -310.7455
eval/rl_win_rate:          1.0000	generate_cost_reward_mean:-37.4701	grid_purchase_cost_mean: 310811.8891	mean_soc_mean:             0.2708
return_mean:             -311.9482	return_std:               35.1218	soc_reserve_reward_mean:   0.0000	soc_violation_mean:       43.2432
test/battery_punishment_reward:-3224.7713	test/battle_won:           1.0000	test/bess_cost_reward:   -193.8260	test/buy_cost_reward:    -307235.6057
test/ep_length:           24.0000	test/episode_limit:        1.0000	test/generate_cost_reward:-33.6232	test/grid_purchase_cost: 307235.6057
test/mean_soc:             0.2016	test/return_mean:        -308.3872	test/return_std:          31.1531	test/soc_reserve_reward:   0.0000
test/soc_violation:       43.4012	test/total_power_loss:   14148.8558	test_battery_punishment_reward_mean:-3224.7713	test_battle_won_mean:      1.0000
test_bess_cost_reward_mean:-193.8260	test_buy_cost_reward_mean:-307235.6057	test_ep_length_mean:      24.0000	test_episode_limit_mean:   1.0000
test_generate_cost_reward_mean:-33.6232	test_grid_purchase_cost_mean:307235.6057	test_mean_soc_mean:        0.2016	test_return_mean:        -308.3872
test_return_std:          31.1531	test_soc_reserve_reward_mean:  0.0000	test_soc_violation_mean:  43.4012	test_total_power_loss_mean:14148.8558
total_power_loss_mean:   14307.9835	train/battery_punishment_reward:-3193.2795	train/battle_won:          1.0000	train/bess_cost_reward:  -175.1398
train/buy_cost_reward:   -310811.8891	train/ep_length:          24.0000	train/episode:           2620.0000	train/episode_limit:       1.0000
train/generate_cost_reward:-37.4701	train/grid_purchase_cost:310811.8891	train/mean_soc:            0.2708	train/return_mean:       -311.9482
train/return_std:         35.1218	train/soc_reserve_reward:  0.0000	train/soc_violation:      43.2432	train/t_env:             115728.0000
train/total_power_loss:  14307.9835	
[INFO 21:02:25] root Recent Stats | t_env:     117312 | Episode:     2653
battery_punishment_reward_mean:-3283.8449	battle_won_mean:           1.0000	bess_cost_reward_mean:   -168.4727	buffer/episodes:         4844.0000
buy_cost_reward_mean:    -311844.7814	ep_length_mean:           24.0000	episode_limit_mean:        1.0000	eval/best_reward:        -307.1931
eval/best_win_rate:        1.0000	eval/ea_reward:          -308.6382	eval/ea_win_rate:          1.0000	eval/rl_reward:          -310.7455
eval/rl_win_rate:          1.0000	generate_cost_reward_mean:-36.5627	grid_purchase_cost_mean: 311844.7814	mean_soc_mean:             0.2953
return_mean:             -313.0087	return_std:               35.7617	soc_reserve_reward_mean:   0.0000	soc_violation_mean:       44.1729
test/battery_punishment_reward:-3224.7713	test/battle_won:           1.0000	test/bess_cost_reward:   -193.8260	test/buy_cost_reward:    -307235.6057
test/ep_length:           24.0000	test/episode_limit:        1.0000	test/generate_cost_reward:-33.6232	test/grid_purchase_cost: 307235.6057
test/mean_soc:             0.2016	test/return_mean:        -308.3872	test/return_std:          31.1531	test/soc_reserve_reward:   0.0000
test/soc_violation:       43.4012	test/total_power_loss:   14148.8558	test_battery_punishment_reward_mean:-3224.7713	test_battle_won_mean:      1.0000
test_bess_cost_reward_mean:-193.8260	test_buy_cost_reward_mean:-307235.6057	test_ep_length_mean:      24.0000	test_episode_limit_mean:   1.0000
test_generate_cost_reward_mean:-33.6232	test_grid_purchase_cost_mean:307235.6057	test_mean_soc_mean:        0.2016	test_return_mean:        -308.3872
test_return_std:          31.1531	test_soc_reserve_reward_mean:  0.0000	test_soc_violation_mean:  43.4012	test_total_power_loss_mean:14148.8558
total_power_loss_mean:   14362.2620	train/battery_punishment_reward:-3283.8449	train/battle_won:          1.0000	train/bess_cost_reward:  -168.4727
train/buy_cost_reward:   -311844.7814	train/ep_length:          24.0000	train/episode:           2631.0000	train/episode_limit:       1.0000
train/generate_cost_reward:-36.5627	train/grid_purchase_cost:311844.7814	train/mean_soc:            0.2953	train/return_mean:       -313.0087
train/return_std:         35.7617	train/soc_reserve_reward:  0.0000	train/soc_violation:      44.1729	train/t_env:             116256.0000
train/total_power_loss:  14362.2620	
[INFO 21:02:35] root Recent Stats | t_env:     117816 | Episode:     2664
battery_punishment_reward_mean:-3460.2080	battle_won_mean:           1.0000	bess_cost_reward_mean:   -168.2823	buffer/episodes:         4866.0000
buy_cost_reward_mean:    -314948.1855	ep_length_mean:           24.0000	episode_limit_mean:        1.0000	eval/best_reward:        -307.1931
eval/best_win_rate:        1.0000	eval/ea_reward:          -308.6382	eval/ea_win_rate:          1.0000	eval/rl_reward:          -310.7455
eval/rl_win_rate:          1.0000	generate_cost_reward_mean:-36.7883	grid_purchase_cost_mean: 314948.1855	mean_soc_mean:             0.2958
return_mean:             -316.1709	return_std:               34.0325	soc_reserve_reward_mean:   0.0000	soc_violation_mean:       45.9310
test/battery_punishment_reward:-3224.7713	test/battle_won:           1.0000	test/bess_cost_reward:   -193.8260	test/buy_cost_reward:    -307235.6057
test/ep_length:           24.0000	test/episode_limit:        1.0000	test/generate_cost_reward:-33.6232	test/grid_purchase_cost: 307235.6057
test/mean_soc:             0.2016	test/return_mean:        -308.3872	test/return_std:          31.1531	test/soc_reserve_reward:   0.0000
test/soc_violation:       43.4012	test/total_power_loss:   14148.8558	test_battery_punishment_reward_mean:-3224.7713	test_battle_won_mean:      1.0000
test_bess_cost_reward_mean:-193.8260	test_buy_cost_reward_mean:-307235.6057	test_ep_length_mean:      24.0000	test_episode_limit_mean:   1.0000
test_generate_cost_reward_mean:-33.6232	test_grid_purchase_cost_mean:307235.6057	test_mean_soc_mean:        0.2016	test_return_mean:        -308.3872
test_return_std:          31.1531	test_soc_reserve_reward_mean:  0.0000	test_soc_violation_mean:  43.4012	test_total_power_loss_mean:14148.8558
total_power_loss_mean:   14487.8070	train/battery_punishment_reward:-3460.2080	train/battle_won:          1.0000	train/bess_cost_reward:  -168.2823
train/buy_cost_reward:   -314948.1855	train/ep_length:          24.0000	train/episode:           2642.0000	train/episode_limit:       1.0000
train/generate_cost_reward:-36.7883	train/grid_purchase_cost:314948.1855	train/mean_soc:            0.2958	train/return_mean:       -316.1709
train/return_std:         34.0325	train/soc_reserve_reward:  0.0000	train/soc_violation:      45.9310	train/t_env:             116784.0000
train/total_power_loss:  14487.8070	
[INFO 21:02:43] root t_env: 118320 / 300000
[INFO 21:02:43] root Estimated time left: 57 minutes, 12 seconds. Time passed: 36 minutes, 56 seconds
[INFO 21:02:45] root Recent Stats | t_env:     118320 | Episode:     2675
battery_punishment_reward_mean:-3746.8277	battle_won_mean:           1.0000	bess_cost_reward_mean:   -168.0987	buffer/episodes:         4888.0000
buy_cost_reward_mean:    -317007.4019	ep_length_mean:           24.0000	episode_limit_mean:        1.0000	eval/best_reward:        -309.3125
eval/best_win_rate:        1.0000	eval/ea_reward:          -310.3288	eval/ea_win_rate:          1.0000	eval/rl_reward:          -312.8649
eval/rl_win_rate:          1.0000	generate_cost_reward_mean:-36.5613	grid_purchase_cost_mean: 317007.4019	mean_soc_mean:             0.2969
return_mean:             -318.3255	return_std:               34.8134	soc_reserve_reward_mean:   0.0000	soc_violation_mean:       48.8752
test/battery_punishment_reward:-4112.2522	test/battle_won:           1.0000	test/bess_cost_reward:   -191.2028	test/buy_cost_reward:    -316305.9073
test/ep_length:           24.0000	test/episode_limit:        1.0000	test/generate_cost_reward:-30.0675	test/grid_purchase_cost: 316305.9073
test/mean_soc:             0.2158	test/return_mean:        -317.7512	test/return_std:          31.3623	test/soc_reserve_reward:   0.0000
test/soc_violation:       52.5223	test/total_power_loss:   14532.7400	test_battery_punishment_reward_mean:-4112.2522	test_battle_won_mean:      1.0000
test_bess_cost_reward_mean:-191.2028	test_buy_cost_reward_mean:-316305.9073	test_ep_length_mean:      24.0000	test_episode_limit_mean:   1.0000
test_generate_cost_reward_mean:-30.0675	test_grid_purchase_cost_mean:316305.9073	test_mean_soc_mean:        0.2158	test_return_mean:        -317.7512
test_return_std:          31.3623	test_soc_reserve_reward_mean:  0.0000	test_soc_violation_mean:  52.5223	test_total_power_loss_mean:14532.7400
total_power_loss_mean:   14574.5878	train/battery_punishment_reward:-3746.8277	train/battle_won:          1.0000	train/bess_cost_reward:  -168.0987
train/buy_cost_reward:   -317007.4019	train/ep_length:          24.0000	train/episode:           2653.0000	train/episode_limit:       1.0000
train/generate_cost_reward:-36.5613	train/grid_purchase_cost:317007.4019	train/mean_soc:            0.2969	train/return_mean:       -318.3255
train/return_std:         34.8134	train/soc_reserve_reward:  0.0000	train/soc_violation:      48.8752	train/t_env:             117312.0000
train/total_power_loss:  14574.5878	
[INFO 21:03:00] root Recent Stats | t_env:     118944 | Episode:     2686
battery_punishment_reward_mean:-3882.1934	battle_won_mean:           1.0000	bess_cost_reward_mean:   -171.6856	buffer/episodes:         4910.0000
buy_cost_reward_mean:    -315641.7152	ep_length_mean:           24.0000	episode_limit_mean:        1.0000	eval/best_reward:        -309.3125
eval/best_win_rate:        1.0000	eval/ea_reward:          -310.3288	eval/ea_win_rate:          1.0000	eval/rl_reward:          -312.8649
eval/rl_win_rate:          1.0000	generate_cost_reward_mean:-33.4063	grid_purchase_cost_mean: 315641.7152	mean_soc_mean:             0.2843
return_mean:             -317.0050	return_std:               33.6539	soc_reserve_reward_mean:   0.0000	soc_violation_mean:       50.2387
test/battery_punishment_reward:-4112.2522	test/battle_won:           1.0000	test/bess_cost_reward:   -191.2028	test/buy_cost_reward:    -316305.9073
test/ep_length:           24.0000	test/episode_limit:        1.0000	test/generate_cost_reward:-30.0675	test/grid_purchase_cost: 316305.9073
test/mean_soc:             0.2158	test/return_mean:        -317.7512	test/return_std:          31.3623	test/soc_reserve_reward:   0.0000
test/soc_violation:       52.5223	test/total_power_loss:   14532.7400	test_battery_punishment_reward_mean:-4112.2522	test_battle_won_mean:      1.0000
test_bess_cost_reward_mean:-191.2028	test_buy_cost_reward_mean:-316305.9073	test_ep_length_mean:      24.0000	test_episode_limit_mean:   1.0000
test_generate_cost_reward_mean:-30.0675	test_grid_purchase_cost_mean:316305.9073	test_mean_soc_mean:        0.2158	test_return_mean:        -317.7512
test_return_std:          31.3623	test_soc_reserve_reward_mean:  0.0000	test_soc_violation_mean:  52.5223	test_total_power_loss_mean:14532.7400
total_power_loss_mean:   14503.2663	train/battery_punishment_reward:-3882.1934	train/battle_won:          1.0000	train/bess_cost_reward:  -171.6856
train/buy_cost_reward:   -315641.7152	train/ep_length:          24.0000	train/episode:           2664.0000	train/episode_limit:       1.0000
train/generate_cost_reward:-33.4063	train/grid_purchase_cost:315641.7152	train/mean_soc:            0.2843	train/return_mean:       -317.0050
train/return_std:         33.6539	train/soc_reserve_reward:  0.0000	train/soc_violation:      50.2387	train/t_env:             117840.0000
train/total_power_loss:  14503.2663	
[INFO 21:03:10] root Recent Stats | t_env:     119448 | Episode:     2697
battery_punishment_reward_mean:-4028.6867	battle_won_mean:           1.0000	bess_cost_reward_mean:   -176.5474	buffer/episodes:         4932.0000
buy_cost_reward_mean:    -313778.1367	ep_length_mean:           24.0000	episode_limit_mean:        1.0000	eval/best_reward:        -309.3125
eval/best_win_rate:        1.0000	eval/ea_reward:          -310.3288	eval/ea_win_rate:          1.0000	eval/rl_reward:          -312.8649
eval/rl_win_rate:          1.0000	generate_cost_reward_mean:-37.1361	grid_purchase_cost_mean: 313778.1367	mean_soc_mean:             0.2672
return_mean:             -315.1932	return_std:               31.6721	soc_reserve_reward_mean:   0.0000	soc_violation_mean:       51.7737
test/battery_punishment_reward:-4112.2522	test/battle_won:           1.0000	test/bess_cost_reward:   -191.2028	test/buy_cost_reward:    -316305.9073
test/ep_length:           24.0000	test/episode_limit:        1.0000	test/generate_cost_reward:-30.0675	test/grid_purchase_cost: 316305.9073
test/mean_soc:             0.2158	test/return_mean:        -317.7512	test/return_std:          31.3623	test/soc_reserve_reward:   0.0000
test/soc_violation:       52.5223	test/total_power_loss:   14532.7400	test_battery_punishment_reward_mean:-4112.2522	test_battle_won_mean:      1.0000
test_bess_cost_reward_mean:-191.2028	test_buy_cost_reward_mean:-316305.9073	test_ep_length_mean:      24.0000	test_episode_limit_mean:   1.0000
test_generate_cost_reward_mean:-30.0675	test_grid_purchase_cost_mean:316305.9073	test_mean_soc_mean:        0.2158	test_return_mean:        -317.7512
test_return_std:          31.3623	test_soc_reserve_reward_mean:  0.0000	test_soc_violation_mean:  52.5223	test_total_power_loss_mean:14532.7400
total_power_loss_mean:   14418.9082	train/battery_punishment_reward:-4028.6867	train/battle_won:          1.0000	train/bess_cost_reward:  -176.5474
train/buy_cost_reward:   -313778.1367	train/ep_length:          24.0000	train/episode:           2675.0000	train/episode_limit:       1.0000
train/generate_cost_reward:-37.1361	train/grid_purchase_cost:313778.1367	train/mean_soc:            0.2672	train/return_mean:       -315.1932
train/return_std:         31.6721	train/soc_reserve_reward:  0.0000	train/soc_violation:      51.7737	train/t_env:             118368.0000
train/total_power_loss:  14418.9082	
[INFO 21:03:18] root Recent Stats | t_env:     119952 | Episode:     2708
battery_punishment_reward_mean:-4123.1712	battle_won_mean:           1.0000	bess_cost_reward_mean:   -178.0851	buffer/episodes:         4954.0000
buy_cost_reward_mean:    -312393.1536	ep_length_mean:           24.0000	episode_limit_mean:        1.0000	eval/best_reward:        -309.3125
eval/best_win_rate:        1.0000	eval/ea_reward:          -310.3288	eval/ea_win_rate:          1.0000	eval/rl_reward:          -312.8649
eval/rl_win_rate:          1.0000	generate_cost_reward_mean:-37.8314	grid_purchase_cost_mean: 312393.1536	mean_soc_mean:             0.2617
return_mean:             -313.8405	return_std:               32.8115	soc_reserve_reward_mean:   0.0000	soc_violation_mean:       52.6715
test/battery_punishment_reward:-4112.2522	test/battle_won:           1.0000	test/bess_cost_reward:   -191.2028	test/buy_cost_reward:    -316305.9073
test/ep_length:           24.0000	test/episode_limit:        1.0000	test/generate_cost_reward:-30.0675	test/grid_purchase_cost: 316305.9073
test/mean_soc:             0.2158	test/return_mean:        -317.7512	test/return_std:          31.3623	test/soc_reserve_reward:   0.0000
test/soc_violation:       52.5223	test/total_power_loss:   14532.7400	test_battery_punishment_reward_mean:-4112.2522	test_battle_won_mean:      1.0000
test_bess_cost_reward_mean:-191.2028	test_buy_cost_reward_mean:-316305.9073	test_ep_length_mean:      24.0000	test_episode_limit_mean:   1.0000
test_generate_cost_reward_mean:-30.0675	test_grid_purchase_cost_mean:316305.9073	test_mean_soc_mean:        0.2158	test_return_mean:        -317.7512
test_return_std:          31.3623	test_soc_reserve_reward_mean:  0.0000	test_soc_violation_mean:  52.5223	test_total_power_loss_mean:14532.7400
total_power_loss_mean:   14362.7387	train/battery_punishment_reward:-4123.1712	train/battle_won:          1.0000	train/bess_cost_reward:  -178.0851
train/buy_cost_reward:   -312393.1536	train/ep_length:          24.0000	train/episode:           2686.0000	train/episode_limit:       1.0000
train/generate_cost_reward:-37.8314	train/grid_purchase_cost:312393.1536	train/mean_soc:            0.2617	train/return_mean:       -313.8405
train/return_std:         32.8115	train/soc_reserve_reward:  0.0000	train/soc_violation:      52.6715	train/t_env:             118896.0000
train/total_power_loss:  14362.7387	
[INFO 21:03:24] root Updated all target networks (soft update tau=0.002)
[INFO 21:03:24] root Updated all target networks (soft update tau=0.002)
[INFO 21:03:25] root Updated all target networks (soft update tau=0.002)
[INFO 21:03:25] root Updated all target networks (soft update tau=0.002)
[INFO 21:03:26] root Updated all target networks (soft update tau=0.002)
[INFO 21:03:27] root Updated all target networks (soft update tau=0.002)
[INFO 21:03:27] root Updated all target networks (soft update tau=0.002)
[INFO 21:03:28] root Updated all target networks (soft update tau=0.002)
[INFO 21:03:28] root Updated all target networks (soft update tau=0.002)
[INFO 21:03:29] root Updated all target networks (soft update tau=0.002)
[INFO 21:03:34] root Updated all target networks (soft update tau=0.002)
[INFO 21:03:35] root Updated all target networks (soft update tau=0.002)
[INFO 21:03:35] root Updated all target networks (soft update tau=0.002)
[INFO 21:03:36] root Updated all target networks (soft update tau=0.002)
[INFO 21:03:36] root Updated all target networks (soft update tau=0.002)
[INFO 21:03:37] root Updated all target networks (soft update tau=0.002)
[INFO 21:03:37] root t_env: 120384 / 300000
[INFO 21:03:37] root Estimated time left: 1 hours, 17 minutes, 53 seconds. Time passed: 37 minutes, 50 seconds
[INFO 21:03:39] root Updated all target networks (soft update tau=0.002)
[INFO 21:03:40] root Updated all target networks (soft update tau=0.002)
[INFO 21:03:40] root Updated all target networks (soft update tau=0.002)
[INFO 21:03:40] root Recent Stats | t_env:     120456 | Episode:     2719
agent_grad_norm:         298.7304	battery_punishment_reward_mean:-4010.2804	battle_won_mean:           1.0000	bess_cost_reward_mean:   -176.1441
buffer/episodes:         4976.0000	buy_cost_reward_mean:    -313110.5767	critic_grad_norm:        181636144.0000	critic_loss:             7953932.5000
ep_length_mean:           24.0000	episode_limit_mean:        1.0000	eval/best_reward:        -307.7538	eval/best_win_rate:        1.0000
eval/ea_reward:          -308.7701	eval/ea_win_rate:          1.0000	eval/rl_reward:          -312.0658	eval/rl_win_rate:          1.0000
generate_cost_reward_mean:-38.2648	grad/agent_norm:         298.7304	grad/critic_norm:        181636144.0000	grid_purchase_cost_mean: 313110.5767
loss/critic_loss:        7953932.5000	loss/policy_loss:        -6914.0576	mean_soc_mean:             0.2687	pg_loss:                 -6914.0576
return_mean:             -314.5198	return_std:               32.8927	soc_reserve_reward_mean:   0.0000	soc_violation_mean:       51.5206
target_mean:             7288.1439	test/battery_punishment_reward:-4282.1578	test/battle_won:           1.0000	test/bess_cost_reward:   -188.8826
test/buy_cost_reward:    -313341.1522	test/ep_length:           24.0000	test/episode_limit:        1.0000	test/generate_cost_reward:-25.6383
test/grid_purchase_cost: 313341.1522	test/mean_soc:             0.2233	test/return_mean:        -314.8406	test/return_std:          33.2128
test/soc_reserve_reward:   0.0000	test/soc_violation:       53.9419	test/total_power_loss:   14415.2794	test_battery_punishment_reward_mean:-4282.1578
test_battle_won_mean:      1.0000	test_bess_cost_reward_mean:-188.8826	test_buy_cost_reward_mean:-313341.1522	test_ep_length_mean:      24.0000
test_episode_limit_mean:   1.0000	test_generate_cost_reward_mean:-25.6383	test_grid_purchase_cost_mean:313341.1522	test_mean_soc_mean:        0.2233
test_return_mean:        -314.8406	test_return_std:          33.2128	test_soc_reserve_reward_mean:  0.0000	test_soc_violation_mean:  53.9419
test_total_power_loss_mean:14415.2794	total_power_loss_mean:   14391.8433	train/battery_punishment_reward:-4010.2804	train/battle_won:          1.0000
train/bess_cost_reward:  -176.1441	train/buy_cost_reward:   -313110.5767	train/ep_length:          24.0000	train/episode:           2697.0000
train/episode_limit:       1.0000	train/generate_cost_reward:-38.2648	train/grid_purchase_cost:313110.5767	train/mean_soc:            0.2687
train/return_mean:       -314.5198	train/return_std:         32.8927	train/soc_reserve_reward:  0.0000	train/soc_violation:      51.5206
train/t_env:             119424.0000	train/total_power_loss:  14391.8433	value/target_mean:       7288.1439	
[INFO 21:03:41] root Updated all target networks (soft update tau=0.002)
[INFO 21:03:47] root Updated all target networks (soft update tau=0.002)
[INFO 21:03:47] root Updated all target networks (soft update tau=0.002)
[INFO 21:03:48] root Updated all target networks (soft update tau=0.002)
[INFO 21:03:48] root Updated all target networks (soft update tau=0.002)
[INFO 21:03:49] root Updated all target networks (soft update tau=0.002)
[INFO 21:03:49] root Updated all target networks (soft update tau=0.002)
[INFO 21:03:50] root Updated all target networks (soft update tau=0.002)
[INFO 21:03:51] root Updated all target networks (soft update tau=0.002)
[INFO 21:03:51] root Updated all target networks (soft update tau=0.002)
[INFO 21:03:52] root Updated all target networks (soft update tau=0.002)
[INFO 21:03:57] root Updated all target networks (soft update tau=0.002)
[INFO 21:03:57] root Updated all target networks (soft update tau=0.002)
[INFO 21:03:58] root Updated all target networks (soft update tau=0.002)
[INFO 21:03:58] root Updated all target networks (soft update tau=0.002)
[INFO 21:03:59] root Updated all target networks (soft update tau=0.002)
[INFO 21:03:59] root Updated all target networks (soft update tau=0.002)
[INFO 21:03:59] root Saving models to results\models\facmac_smac__2026-06-15_20-25-46\120864
[INFO 21:04:00] root Updated all target networks (soft update tau=0.002)
[INFO 21:04:01] root Updated all target networks (soft update tau=0.002)
[INFO 21:04:01] root Updated all target networks (soft update tau=0.002)
[INFO 21:04:02] root Updated all target networks (soft update tau=0.002)
[INFO 21:04:02] root Recent Stats | t_env:     120960 | Episode:     2730
agent_grad_norm:         172.9512	battery_punishment_reward_mean:-3794.5400	battle_won_mean:           1.0000	bess_cost_reward_mean:   -172.0459
buffer/episodes:         4998.0000	buy_cost_reward_mean:    -312194.8305	critic_grad_norm:        127306448.0000	critic_loss:             7200825.2500
ep_length_mean:           24.0000	episode_limit_mean:        1.0000	eval/best_reward:        -307.7538	eval/best_win_rate:        1.0000
eval/ea_reward:          -308.7701	eval/ea_win_rate:          1.0000	eval/rl_reward:          -312.0658	eval/rl_win_rate:          1.0000
generate_cost_reward_mean:-37.4875	grad/agent_norm:         172.9512	grad/critic_norm:        127306448.0000	grid_purchase_cost_mean: 312194.8305
loss/critic_loss:        7200825.2500	loss/policy_loss:        -6978.0896	mean_soc_mean:             0.2832	pg_loss:                 -6978.0896
return_mean:             -313.5305	return_std:               32.7454	soc_reserve_reward_mean:   0.0000	soc_violation_mean:       49.2741
target_mean:             7274.2842	test/battery_punishment_reward:-4282.1578	test/battle_won:           1.0000	test/bess_cost_reward:   -188.8826
test/buy_cost_reward:    -313341.1522	test/ep_length:           24.0000	test/episode_limit:        1.0000	test/generate_cost_reward:-25.6383
test/grid_purchase_cost: 313341.1522	test/mean_soc:             0.2233	test/return_mean:        -314.8406	test/return_std:          33.2128
test/soc_reserve_reward:   0.0000	test/soc_violation:       53.9419	test/total_power_loss:   14415.2794	test_battery_punishment_reward_mean:-4282.1578
test_battle_won_mean:      1.0000	test_bess_cost_reward_mean:-188.8826	test_buy_cost_reward_mean:-313341.1522	test_ep_length_mean:      24.0000
test_episode_limit_mean:   1.0000	test_generate_cost_reward_mean:-25.6383	test_grid_purchase_cost_mean:313341.1522	test_mean_soc_mean:        0.2233
test_return_mean:        -314.8406	test_return_std:          33.2128	test_soc_reserve_reward_mean:  0.0000	test_soc_violation_mean:  53.9419
test_total_power_loss_mean:14415.2794	total_power_loss_mean:   14357.3250	train/battery_punishment_reward:-3794.5400	train/battle_won:          1.0000
train/bess_cost_reward:  -172.0459	train/buy_cost_reward:   -312194.8305	train/ep_length:          24.0000	train/episode:           2708.0000
train/episode_limit:       1.0000	train/generate_cost_reward:-37.4875	train/grid_purchase_cost:312194.8305	train/mean_soc:            0.2832
train/return_mean:       -313.5305	train/return_std:         32.7454	train/soc_reserve_reward:  0.0000	train/soc_violation:      49.2741
train/t_env:             119952.0000	train/total_power_loss:  14357.3250	value/target_mean:       7274.2842	
[INFO 21:04:06] root Updated all target networks (soft update tau=0.002)
[INFO 21:04:07] root Updated all target networks (soft update tau=0.002)
[INFO 21:04:07] root Updated all target networks (soft update tau=0.002)
[INFO 21:04:08] root Updated all target networks (soft update tau=0.002)
[INFO 21:04:08] root Updated all target networks (soft update tau=0.002)
[INFO 21:04:09] root Updated all target networks (soft update tau=0.002)
[INFO 21:04:09] root Updated all target networks (soft update tau=0.002)
[INFO 21:04:10] root Updated all target networks (soft update tau=0.002)
[INFO 21:04:11] root Updated all target networks (soft update tau=0.002)
[INFO 21:04:11] root Updated all target networks (soft update tau=0.002)
[INFO 21:04:16] root Updated all target networks (soft update tau=0.002)
[INFO 21:04:17] root Updated all target networks (soft update tau=0.002)
[INFO 21:04:17] root Updated all target networks (soft update tau=0.002)
[INFO 21:04:18] root Updated all target networks (soft update tau=0.002)
[INFO 21:04:18] root Updated all target networks (soft update tau=0.002)
[INFO 21:04:19] root Updated all target networks (soft update tau=0.002)
[INFO 21:04:20] root Updated all target networks (soft update tau=0.002)
[INFO 21:04:20] root Updated all target networks (soft update tau=0.002)
[INFO 21:04:21] root Updated all target networks (soft update tau=0.002)
[INFO 21:04:21] root Updated all target networks (soft update tau=0.002)
[INFO 21:04:26] root Updated all target networks (soft update tau=0.002)
[INFO 21:04:27] root Updated all target networks (soft update tau=0.002)
[INFO 21:04:27] root Updated all target networks (soft update tau=0.002)
[INFO 21:04:28] root Updated all target networks (soft update tau=0.002)
[INFO 21:04:28] root Updated all target networks (soft update tau=0.002)
[INFO 21:04:29] root Updated all target networks (soft update tau=0.002)
[INFO 21:04:29] root Recent Stats | t_env:     121584 | Episode:     2741
agent_grad_norm:         120.8751	battery_punishment_reward_mean:-3981.5914	battle_won_mean:           1.0000	bess_cost_reward_mean:   -167.2006
buffer/episodes:         5020.0000	buy_cost_reward_mean:    -312670.9038	critic_grad_norm:        92193576.6667	critic_loss:             6539648.3333
ep_length_mean:           24.0000	episode_limit_mean:        1.0000	eval/best_reward:        -307.7538	eval/best_win_rate:        1.0000
eval/ea_reward:          -308.7701	eval/ea_win_rate:          1.0000	eval/rl_reward:          -312.0658	eval/rl_win_rate:          1.0000
generate_cost_reward_mean:-29.8965	grad/agent_norm:         120.8751	grad/critic_norm:        92193576.6667	grid_purchase_cost_mean: 312670.9038
loss/critic_loss:        6539648.3333	loss/policy_loss:        -7022.0911	mean_soc_mean:             0.2996	pg_loss:                 -7022.0911
return_mean:             -314.0645	return_std:               35.7080	soc_reserve_reward_mean:   0.0000	soc_violation_mean:       50.9310
target_mean:             7271.3455	test/battery_punishment_reward:-4282.1578	test/battle_won:           1.0000	test/bess_cost_reward:   -188.8826
test/buy_cost_reward:    -313341.1522	test/ep_length:           24.0000	test/episode_limit:        1.0000	test/generate_cost_reward:-25.6383
test/grid_purchase_cost: 313341.1522	test/mean_soc:             0.2233	test/return_mean:        -314.8406	test/return_std:          33.2128
test/soc_reserve_reward:   0.0000	test/soc_violation:       53.9419	test/total_power_loss:   14415.2794	test_battery_punishment_reward_mean:-4282.1578
test_battle_won_mean:      1.0000	test_bess_cost_reward_mean:-188.8826	test_buy_cost_reward_mean:-313341.1522	test_ep_length_mean:      24.0000
test_episode_limit_mean:   1.0000	test_generate_cost_reward_mean:-25.6383	test_grid_purchase_cost_mean:313341.1522	test_mean_soc_mean:        0.2233
test_return_mean:        -314.8406	test_return_std:          33.2128	test_soc_reserve_reward_mean:  0.0000	test_soc_violation_mean:  53.9419
test_total_power_loss_mean:14415.2794	total_power_loss_mean:   14391.7087	train/battery_punishment_reward:-3981.5914	train/battle_won:          1.0000
train/bess_cost_reward:  -167.2006	train/buy_cost_reward:   -312670.9038	train/ep_length:          24.0000	train/episode:           2719.0000
train/episode_limit:       1.0000	train/generate_cost_reward:-29.8965	train/grid_purchase_cost:312670.9038	train/mean_soc:            0.2996
train/return_mean:       -314.0645	train/return_std:         35.7080	train/soc_reserve_reward:  0.0000	train/soc_violation:      50.9310
train/t_env:             120480.0000	train/total_power_loss:  14391.7087	value/target_mean:       7271.3455	
[INFO 21:04:29] root Updated all target networks (soft update tau=0.002)
[INFO 21:04:30] root Updated all target networks (soft update tau=0.002)
[INFO 21:04:30] root Updated all target networks (soft update tau=0.002)
[INFO 21:04:31] root Updated all target networks (soft update tau=0.002)
[INFO 21:04:37] root Updated all target networks (soft update tau=0.002)
[INFO 21:04:37] root Updated all target networks (soft update tau=0.002)
[INFO 21:04:38] root Updated all target networks (soft update tau=0.002)
[INFO 21:04:38] root Updated all target networks (soft update tau=0.002)
[INFO 21:04:39] root Updated all target networks (soft update tau=0.002)
[INFO 21:04:39] root Updated all target networks (soft update tau=0.002)
[INFO 21:04:40] root Updated all target networks (soft update tau=0.002)
[INFO 21:04:40] root Updated all target networks (soft update tau=0.002)
[INFO 21:04:41] root Updated all target networks (soft update tau=0.002)
[INFO 21:04:42] root Updated all target networks (soft update tau=0.002)
[INFO 21:04:47] root Updated all target networks (soft update tau=0.002)
[INFO 21:04:47] root Updated all target networks (soft update tau=0.002)
[INFO 21:04:48] root Updated all target networks (soft update tau=0.002)
[INFO 21:04:48] root Updated all target networks (soft update tau=0.002)
[INFO 21:04:49] root Updated all target networks (soft update tau=0.002)
[INFO 21:04:50] root Updated all target networks (soft update tau=0.002)
[INFO 21:04:50] root Updated all target networks (soft update tau=0.002)
[INFO 21:04:50] root Recent Stats | t_env:     122088 | Episode:     2752
agent_grad_norm:         301.7447	battery_punishment_reward_mean:-4142.5488	battle_won_mean:           1.0000	bess_cost_reward_mean:   -170.6747
buffer/episodes:         5042.0000	buy_cost_reward_mean:    -311764.7934	critic_grad_norm:        103749290.5000	critic_loss:             6026063.1250
ep_length_mean:           24.0000	episode_limit_mean:        1.0000	eval/best_reward:        -307.7538	eval/best_win_rate:        1.0000
eval/ea_reward:          -308.7701	eval/ea_win_rate:          1.0000	eval/rl_reward:          -312.0658	eval/rl_win_rate:          1.0000
generate_cost_reward_mean:-30.9479	grad/agent_norm:         301.7447	grad/critic_norm:        103749290.5000	grid_purchase_cost_mean: 311764.7934
loss/critic_loss:        6026063.1250	loss/policy_loss:        -7127.0291	mean_soc_mean:             0.2867	pg_loss:                 -7127.0291
return_mean:             -313.2136	return_std:               34.0128	soc_reserve_reward_mean:   0.0000	soc_violation_mean:       52.4490
target_mean:             7284.8870	test/battery_punishment_reward:-4282.1578	test/battle_won:           1.0000	test/bess_cost_reward:   -188.8826
test/buy_cost_reward:    -313341.1522	test/ep_length:           24.0000	test/episode_limit:        1.0000	test/generate_cost_reward:-25.6383
test/grid_purchase_cost: 313341.1522	test/mean_soc:             0.2233	test/return_mean:        -314.8406	test/return_std:          33.2128
test/soc_reserve_reward:   0.0000	test/soc_violation:       53.9419	test/total_power_loss:   14415.2794	test_battery_punishment_reward_mean:-4282.1578
test_battle_won_mean:      1.0000	test_bess_cost_reward_mean:-188.8826	test_buy_cost_reward_mean:-313341.1522	test_ep_length_mean:      24.0000
test_episode_limit_mean:   1.0000	test_generate_cost_reward_mean:-25.6383	test_grid_purchase_cost_mean:313341.1522	test_mean_soc_mean:        0.2233
test_return_mean:        -314.8406	test_return_std:          33.2128	test_soc_reserve_reward_mean:  0.0000	test_soc_violation_mean:  53.9419
test_total_power_loss_mean:14415.2794	total_power_loss_mean:   14355.6458	train/battery_punishment_reward:-4142.5488	train/battle_won:          1.0000
train/bess_cost_reward:  -170.6747	train/buy_cost_reward:   -311764.7934	train/ep_length:          24.0000	train/episode:           2730.0000
train/episode_limit:       1.0000	train/generate_cost_reward:-30.9479	train/grid_purchase_cost:311764.7934	train/mean_soc:            0.2867
train/return_mean:       -313.2136	train/return_std:         34.0128	train/soc_reserve_reward:  0.0000	train/soc_violation:      52.4490
train/t_env:             121008.0000	train/total_power_loss:  14355.6458	value/target_mean:       7284.8870	
[INFO 21:04:51] root Updated all target networks (soft update tau=0.002)
[INFO 21:04:51] root Updated all target networks (soft update tau=0.002)
[INFO 21:04:52] root Updated all target networks (soft update tau=0.002)
[INFO 21:04:57] root Updated all target networks (soft update tau=0.002)
[INFO 21:04:58] root Updated all target networks (soft update tau=0.002)
[INFO 21:04:58] root Updated all target networks (soft update tau=0.002)
[INFO 21:04:59] root Updated all target networks (soft update tau=0.002)
[INFO 21:04:59] root Updated all target networks (soft update tau=0.002)
[INFO 21:05:00] root Updated all target networks (soft update tau=0.002)
[INFO 21:05:00] root Updated all target networks (soft update tau=0.002)
[INFO 21:05:01] root Updated all target networks (soft update tau=0.002)
[INFO 21:05:01] root Updated all target networks (soft update tau=0.002)
[INFO 21:05:02] root Updated all target networks (soft update tau=0.002)
[INFO 21:05:02] root t_env: 122400 / 300000
[INFO 21:05:02] root Estimated time left: 2 hours, 4 minutes, 51 seconds. Time passed: 39 minutes, 15 seconds
[INFO 21:05:09] root Updated all target networks (soft update tau=0.002)
[INFO 21:05:09] root Updated all target networks (soft update tau=0.002)
[INFO 21:05:10] root Updated all target networks (soft update tau=0.002)
[INFO 21:05:10] root Updated all target networks (soft update tau=0.002)
[INFO 21:05:11] root Updated all target networks (soft update tau=0.002)
[INFO 21:05:11] root Updated all target networks (soft update tau=0.002)
[INFO 21:05:12] root Updated all target networks (soft update tau=0.002)
[INFO 21:05:13] root Updated all target networks (soft update tau=0.002)
[INFO 21:05:13] root Recent Stats | t_env:     122592 | Episode:     2763
agent_grad_norm:         373.7369	battery_punishment_reward_mean:-4394.6046	battle_won_mean:           1.0000	bess_cost_reward_mean:   -177.1870
buffer/episodes:         5064.0000	buy_cost_reward_mean:    -308123.3399	critic_grad_norm:        180357474.0000	critic_loss:             5743628.2000
ep_length_mean:           24.0000	episode_limit_mean:        1.0000	eval/best_reward:        -305.9189	eval/best_win_rate:        1.0000
eval/ea_reward:          -306.9352	eval/ea_win_rate:          1.0000	eval/rl_reward:          -310.4736	eval/rl_win_rate:          1.0000
generate_cost_reward_mean:-36.9995	grad/agent_norm:         373.7369	grad/critic_norm:        180357474.0000	grid_purchase_cost_mean: 308123.3399
loss/critic_loss:        5743628.2000	loss/policy_loss:        -7330.7984	mean_soc_mean:             0.2627	pg_loss:                 -7330.7984
return_mean:             -309.6605	return_std:               35.4162	soc_reserve_reward_mean:   0.0000	soc_violation_mean:       54.8807
target_mean:             7317.9466	test/battery_punishment_reward:-4879.8632	test/battle_won:           1.0000	test/bess_cost_reward:   -192.1199
test/buy_cost_reward:    -305761.1710	test/ep_length:           24.0000	test/episode_limit:        1.0000	test/generate_cost_reward:-56.2919
test/grid_purchase_cost: 305761.1710	test/mean_soc:             0.2075	test/return_mean:        -307.4721	test/return_std:          34.1055
test/soc_reserve_reward:   0.0000	test/soc_violation:       59.7736	test/total_power_loss:   14085.6173	test_battery_punishment_reward_mean:-4879.8632
test_battle_won_mean:      1.0000	test_bess_cost_reward_mean:-192.1199	test_buy_cost_reward_mean:-305761.1710	test_ep_length_mean:      24.0000
test_episode_limit_mean:   1.0000	test_generate_cost_reward_mean:-56.2919	test_grid_purchase_cost_mean:305761.1710	test_mean_soc_mean:        0.2075
test_return_mean:        -307.4721	test_return_std:          34.1055	test_soc_reserve_reward_mean:  0.0000	test_soc_violation_mean:  59.7736
test_total_power_loss_mean:14085.6173	total_power_loss_mean:   14209.7526	train/battery_punishment_reward:-4394.6046	train/battle_won:          1.0000
train/bess_cost_reward:  -177.1870	train/buy_cost_reward:   -308123.3399	train/ep_length:          24.0000	train/episode:           2741.0000
train/episode_limit:       1.0000	train/generate_cost_reward:-36.9995	train/grid_purchase_cost:308123.3399	train/mean_soc:            0.2627
train/return_mean:       -309.6605	train/return_std:         35.4162	train/soc_reserve_reward:  0.0000	train/soc_violation:      54.8807
train/t_env:             121536.0000	train/total_power_loss:  14209.7526	value/target_mean:       7317.9466	
[INFO 21:05:13] root Updated all target networks (soft update tau=0.002)
[INFO 21:05:14] root Updated all target networks (soft update tau=0.002)
[INFO 21:05:19] root Updated all target networks (soft update tau=0.002)
[INFO 21:05:20] root Updated all target networks (soft update tau=0.002)
[INFO 21:05:20] root Updated all target networks (soft update tau=0.002)
[INFO 21:05:21] root Updated all target networks (soft update tau=0.002)
[INFO 21:05:22] root Updated all target networks (soft update tau=0.002)
[INFO 21:05:22] root Updated all target networks (soft update tau=0.002)
[INFO 21:05:23] root Updated all target networks (soft update tau=0.002)
[INFO 21:05:23] root Updated all target networks (soft update tau=0.002)
[INFO 21:05:24] root Updated all target networks (soft update tau=0.002)
[INFO 21:05:24] root Updated all target networks (soft update tau=0.002)
[INFO 21:05:30] root Updated all target networks (soft update tau=0.002)
[INFO 21:05:31] root Updated all target networks (soft update tau=0.002)
[INFO 21:05:31] root Updated all target networks (soft update tau=0.002)
[INFO 21:05:32] root Updated all target networks (soft update tau=0.002)
[INFO 21:05:32] root Updated all target networks (soft update tau=0.002)
[INFO 21:05:33] root Updated all target networks (soft update tau=0.002)
[INFO 21:05:33] root Updated all target networks (soft update tau=0.002)
[INFO 21:05:34] root Updated all target networks (soft update tau=0.002)
[INFO 21:05:34] root Updated all target networks (soft update tau=0.002)
[INFO 21:05:34] root Recent Stats | t_env:     123096 | Episode:     2774
agent_grad_norm:         328.9686	battery_punishment_reward_mean:-4821.2898	battle_won_mean:           1.0000	bess_cost_reward_mean:   -179.8524
buffer/episodes:         5086.0000	buy_cost_reward_mean:    -306488.9962	critic_grad_norm:        216379435.6000	critic_loss:             5065167.7000
ep_length_mean:           24.0000	episode_limit_mean:        1.0000	eval/best_reward:        -305.9189	eval/best_win_rate:        1.0000
eval/ea_reward:          -306.9352	eval/ea_win_rate:          1.0000	eval/rl_reward:          -310.4736	eval/rl_win_rate:          1.0000
generate_cost_reward_mean:-42.9340	grad/agent_norm:         328.9686	grad/critic_norm:        216379435.6000	grid_purchase_cost_mean: 306488.9962
loss/critic_loss:        5065167.7000	loss/policy_loss:        -7512.7961	mean_soc_mean:             0.2533	pg_loss:                 -7512.7961
return_mean:             -308.1715	return_std:               33.4118	soc_reserve_reward_mean:   0.0000	soc_violation_mean:       59.1461
target_mean:             7371.3406	test/battery_punishment_reward:-4879.8632	test/battle_won:           1.0000	test/bess_cost_reward:   -192.1199
test/buy_cost_reward:    -305761.1710	test/ep_length:           24.0000	test/episode_limit:        1.0000	test/generate_cost_reward:-56.2919
test/grid_purchase_cost: 305761.1710	test/mean_soc:             0.2075	test/return_mean:        -307.4721	test/return_std:          34.1055
test/soc_reserve_reward:   0.0000	test/soc_violation:       59.7736	test/total_power_loss:   14085.6173	test_battery_punishment_reward_mean:-4879.8632
test_battle_won_mean:      1.0000	test_bess_cost_reward_mean:-192.1199	test_buy_cost_reward_mean:-305761.1710	test_ep_length_mean:      24.0000
test_episode_limit_mean:   1.0000	test_generate_cost_reward_mean:-56.2919	test_grid_purchase_cost_mean:305761.1710	test_mean_soc_mean:        0.2075
test_return_mean:        -307.4721	test_return_std:          34.1055	test_soc_reserve_reward_mean:  0.0000	test_soc_violation_mean:  59.7736
test_total_power_loss_mean:14085.6173	total_power_loss_mean:   14136.7103	train/battery_punishment_reward:-4821.2898	train/battle_won:          1.0000
train/bess_cost_reward:  -179.8524	train/buy_cost_reward:   -306488.9962	train/ep_length:          24.0000	train/episode:           2752.0000
train/episode_limit:       1.0000	train/generate_cost_reward:-42.9340	train/grid_purchase_cost:306488.9962	train/mean_soc:            0.2533
train/return_mean:       -308.1715	train/return_std:         33.4118	train/soc_reserve_reward:  0.0000	train/soc_violation:      59.1461
train/t_env:             122064.0000	train/total_power_loss:  14136.7103	value/target_mean:       7371.3406	
[INFO 21:05:35] root Updated all target networks (soft update tau=0.002)
[INFO 21:05:41] root Updated all target networks (soft update tau=0.002)
[INFO 21:05:41] root Updated all target networks (soft update tau=0.002)
[INFO 21:05:42] root Updated all target networks (soft update tau=0.002)
[INFO 21:05:43] root Updated all target networks (soft update tau=0.002)
[INFO 21:05:43] root Updated all target networks (soft update tau=0.002)
[INFO 21:05:44] root Updated all target networks (soft update tau=0.002)
[INFO 21:05:44] root Updated all target networks (soft update tau=0.002)
[INFO 21:05:45] root Updated all target networks (soft update tau=0.002)
[INFO 21:05:45] root Updated all target networks (soft update tau=0.002)
[INFO 21:05:46] root Updated all target networks (soft update tau=0.002)
[INFO 21:05:51] root Updated all target networks (soft update tau=0.002)
[INFO 21:05:51] root Updated all target networks (soft update tau=0.002)
[INFO 21:05:52] root Updated all target networks (soft update tau=0.002)
[INFO 21:05:52] root Updated all target networks (soft update tau=0.002)
[INFO 21:05:53] root Updated all target networks (soft update tau=0.002)
[INFO 21:05:53] root Updated all target networks (soft update tau=0.002)
[INFO 21:05:54] root Updated all target networks (soft update tau=0.002)
[INFO 21:05:55] root Updated all target networks (soft update tau=0.002)
[INFO 21:05:55] root Updated all target networks (soft update tau=0.002)
[INFO 21:05:56] root Updated all target networks (soft update tau=0.002)
[INFO 21:05:56] root Recent Stats | t_env:     123600 | Episode:     2785
agent_grad_norm:         323.0989	battery_punishment_reward_mean:-4990.1945	battle_won_mean:           1.0000	bess_cost_reward_mean:   -182.5184
buffer/episodes:         5108.0000	buy_cost_reward_mean:    -305252.6124	critic_grad_norm:        247742216.4000	critic_loss:             4690550.8000
ep_length_mean:           24.0000	episode_limit_mean:        1.0000	eval/best_reward:        -305.9189	eval/best_win_rate:        1.0000
eval/ea_reward:          -306.9352	eval/ea_win_rate:          1.0000	eval/rl_reward:          -310.4736	eval/rl_win_rate:          1.0000
generate_cost_reward_mean:-50.9727	grad/agent_norm:         323.0989	grad/critic_norm:        247742216.4000	grid_purchase_cost_mean: 305252.6124
loss/critic_loss:        4690550.8000	loss/policy_loss:        -7767.4683	mean_soc_mean:             0.2443	pg_loss:                 -7767.4683
return_mean:             -306.9952	return_std:               33.0615	soc_reserve_reward_mean:   0.0000	soc_violation_mean:       60.8320
target_mean:             7458.1146	test/battery_punishment_reward:-4879.8632	test/battle_won:           1.0000	test/bess_cost_reward:   -192.1199
test/buy_cost_reward:    -305761.1710	test/ep_length:           24.0000	test/episode_limit:        1.0000	test/generate_cost_reward:-56.2919
test/grid_purchase_cost: 305761.1710	test/mean_soc:             0.2075	test/return_mean:        -307.4721	test/return_std:          34.1055
test/soc_reserve_reward:   0.0000	test/soc_violation:       59.7736	test/total_power_loss:   14085.6173	test_battery_punishment_reward_mean:-4879.8632
test_battle_won_mean:      1.0000	test_bess_cost_reward_mean:-192.1199	test_buy_cost_reward_mean:-305761.1710	test_ep_length_mean:      24.0000
test_episode_limit_mean:   1.0000	test_generate_cost_reward_mean:-56.2919	test_grid_purchase_cost_mean:305761.1710	test_mean_soc_mean:        0.2075
test_return_mean:        -307.4721	test_return_std:          34.1055	test_soc_reserve_reward_mean:  0.0000	test_soc_violation_mean:  59.7736
test_total_power_loss_mean:14085.6173	total_power_loss_mean:   14084.0853	train/battery_punishment_reward:-4990.1945	train/battle_won:          1.0000
train/bess_cost_reward:  -182.5184	train/buy_cost_reward:   -305252.6124	train/ep_length:          24.0000	train/episode:           2763.0000
train/episode_limit:       1.0000	train/generate_cost_reward:-50.9727	train/grid_purchase_cost:305252.6124	train/mean_soc:            0.2443
train/return_mean:       -306.9952	train/return_std:         33.0615	train/soc_reserve_reward:  0.0000	train/soc_violation:      60.8320
train/t_env:             122592.0000	train/total_power_loss:  14084.0853	value/target_mean:       7458.1146	
[INFO 21:06:01] root Updated all target networks (soft update tau=0.002)
[INFO 21:06:02] root Updated all target networks (soft update tau=0.002)
[INFO 21:06:02] root Updated all target networks (soft update tau=0.002)
[INFO 21:06:03] root Updated all target networks (soft update tau=0.002)
[INFO 21:06:03] root Updated all target networks (soft update tau=0.002)
[INFO 21:06:04] root Updated all target networks (soft update tau=0.002)
[INFO 21:06:04] root Updated all target networks (soft update tau=0.002)
[INFO 21:06:05] root Updated all target networks (soft update tau=0.002)
[INFO 21:06:05] root Updated all target networks (soft update tau=0.002)
[INFO 21:06:06] root Updated all target networks (soft update tau=0.002)
[INFO 21:06:12] root Updated all target networks (soft update tau=0.002)
[INFO 21:06:12] root Updated all target networks (soft update tau=0.002)
[INFO 21:06:13] root Updated all target networks (soft update tau=0.002)
[INFO 21:06:13] root Updated all target networks (soft update tau=0.002)
[INFO 21:06:14] root Updated all target networks (soft update tau=0.002)
[INFO 21:06:14] root Updated all target networks (soft update tau=0.002)
[INFO 21:06:15] root Updated all target networks (soft update tau=0.002)
[INFO 21:06:15] root Updated all target networks (soft update tau=0.002)
[INFO 21:06:16] root Updated all target networks (soft update tau=0.002)
[INFO 21:06:17] root Updated all target networks (soft update tau=0.002)
[INFO 21:06:22] root Updated all target networks (soft update tau=0.002)
[INFO 21:06:23] root Updated all target networks (soft update tau=0.002)
[INFO 21:06:23] root Updated all target networks (soft update tau=0.002)
[INFO 21:06:24] root Updated all target networks (soft update tau=0.002)
[INFO 21:06:24] root Updated all target networks (soft update tau=0.002)
[INFO 21:06:25] root Updated all target networks (soft update tau=0.002)
[INFO 21:06:25] root Recent Stats | t_env:     124224 | Episode:     2796
agent_grad_norm:         321.0801	battery_punishment_reward_mean:-4969.3803	battle_won_mean:           1.0000	bess_cost_reward_mean:   -182.6269
buffer/episodes:         5130.0000	buy_cost_reward_mean:    -305425.5117	critic_grad_norm:        325830422.4000	critic_loss:             4588190.5000
ep_length_mean:           24.0000	episode_limit_mean:        1.0000	eval/best_reward:        -305.9189	eval/best_win_rate:        1.0000
eval/ea_reward:          -306.9352	eval/ea_win_rate:          1.0000	eval/rl_reward:          -310.4736	eval/rl_win_rate:          1.0000
generate_cost_reward_mean:-61.0027	grad/agent_norm:         321.0801	grad/critic_norm:        325830422.4000	grid_purchase_cost_mean: 305425.5117
loss/critic_loss:        4588190.5000	loss/policy_loss:        -7923.3860	mean_soc_mean:             0.2441	pg_loss:                 -7923.3860
return_mean:             -307.1649	return_std:               31.9099	soc_reserve_reward_mean:   0.0000	soc_violation_mean:       60.6035
target_mean:             7565.4668	test/battery_punishment_reward:-4879.8632	test/battle_won:           1.0000	test/bess_cost_reward:   -192.1199
test/buy_cost_reward:    -305761.1710	test/ep_length:           24.0000	test/episode_limit:        1.0000	test/generate_cost_reward:-56.2919
test/grid_purchase_cost: 305761.1710	test/mean_soc:             0.2075	test/return_mean:        -307.4721	test/return_std:          34.1055
test/soc_reserve_reward:   0.0000	test/soc_violation:       59.7736	test/total_power_loss:   14085.6173	test_battery_punishment_reward_mean:-4879.8632
test_battle_won_mean:      1.0000	test_bess_cost_reward_mean:-192.1199	test_buy_cost_reward_mean:-305761.1710	test_ep_length_mean:      24.0000
test_episode_limit_mean:   1.0000	test_generate_cost_reward_mean:-56.2919	test_grid_purchase_cost_mean:305761.1710	test_mean_soc_mean:        0.2075
test_return_mean:        -307.4721	test_return_std:          34.1055	test_soc_reserve_reward_mean:  0.0000	test_soc_violation_mean:  59.7736
test_total_power_loss_mean:14085.6173	total_power_loss_mean:   14085.2659	train/battery_punishment_reward:-4969.3803	train/battle_won:          1.0000
train/bess_cost_reward:  -182.6269	train/buy_cost_reward:   -305425.5117	train/ep_length:          24.0000	train/episode:           2774.0000
train/episode_limit:       1.0000	train/generate_cost_reward:-61.0027	train/grid_purchase_cost:305425.5117	train/mean_soc:            0.2441
train/return_mean:       -307.1649	train/return_std:         31.9099	train/soc_reserve_reward:  0.0000	train/soc_violation:      60.6035
train/t_env:             123120.0000	train/total_power_loss:  14085.2659	value/target_mean:       7565.4668	
[INFO 21:06:25] root Updated all target networks (soft update tau=0.002)
[INFO 21:06:26] root Updated all target networks (soft update tau=0.002)
[INFO 21:06:26] root Updated all target networks (soft update tau=0.002)
[INFO 21:06:27] root Updated all target networks (soft update tau=0.002)
[INFO 21:06:32] root Updated all target networks (soft update tau=0.002)
[INFO 21:06:33] root Updated all target networks (soft update tau=0.002)
[INFO 21:06:33] root Updated all target networks (soft update tau=0.002)
[INFO 21:06:34] root Updated all target networks (soft update tau=0.002)
[INFO 21:06:34] root Updated all target networks (soft update tau=0.002)
[INFO 21:06:35] root Updated all target networks (soft update tau=0.002)
[INFO 21:06:35] root t_env: 124464 / 300000
[INFO 21:06:35] root Estimated time left: 2 hours, 11 minutes, 17 seconds. Time passed: 40 minutes, 48 seconds
[INFO 21:06:37] root Updated all target networks (soft update tau=0.002)
[INFO 21:06:38] root Updated all target networks (soft update tau=0.002)
[INFO 21:06:38] root Updated all target networks (soft update tau=0.002)
[INFO 21:06:39] root Updated all target networks (soft update tau=0.002)
[INFO 21:06:44] root Updated all target networks (soft update tau=0.002)
[INFO 21:06:45] root Updated all target networks (soft update tau=0.002)
[INFO 21:06:45] root Updated all target networks (soft update tau=0.002)
[INFO 21:06:46] root Updated all target networks (soft update tau=0.002)
[INFO 21:06:46] root Updated all target networks (soft update tau=0.002)
[INFO 21:06:47] root Updated all target networks (soft update tau=0.002)
[INFO 21:06:47] root Updated all target networks (soft update tau=0.002)
[INFO 21:06:47] root Recent Stats | t_env:     124728 | Episode:     2807
agent_grad_norm:         152.7677	battery_punishment_reward_mean:-4980.7606	battle_won_mean:           1.0000	bess_cost_reward_mean:   -176.8708
buffer/episodes:         5152.0000	buy_cost_reward_mean:    -307063.4770	critic_grad_norm:        392166905.6000	critic_loss:             4649355.3000
ep_length_mean:           24.0000	episode_limit_mean:        1.0000	eval/best_reward:        -307.3127	eval/best_win_rate:        1.0000
eval/ea_reward:          -309.5142	eval/ea_win_rate:          1.0000	eval/rl_reward:          -308.7818	eval/rl_win_rate:          1.0000
generate_cost_reward_mean:-67.9540	grad/agent_norm:         152.7677	grad/critic_norm:        392166905.6000	grid_purchase_cost_mean: 307063.4770
loss/critic_loss:        4649355.3000	loss/policy_loss:        -8115.8149	mean_soc_mean:             0.2654	pg_loss:                 -8115.8149
return_mean:             -308.8072	return_std:               31.7714	soc_reserve_reward_mean:   0.0000	soc_violation_mean:       60.6747
target_mean:             7681.6262	test/battery_punishment_reward:-5471.3408	test/battle_won:           1.0000	test/bess_cost_reward:   -161.7363
test/buy_cost_reward:    -307359.5680	test/ep_length:           24.0000	test/episode_limit:        1.0000	test/generate_cost_reward:-73.9368
test/grid_purchase_cost: 307359.5680	test/mean_soc:             0.3200	test/return_mean:        -309.2640	test/return_std:          30.8174
test/soc_reserve_reward:   0.0000	test/soc_violation:       65.6262	test/total_power_loss:   14158.2378	test_battery_punishment_reward_mean:-5471.3408
test_battle_won_mean:      1.0000	test_bess_cost_reward_mean:-161.7363	test_buy_cost_reward_mean:-307359.5680	test_ep_length_mean:      24.0000
test_episode_limit_mean:   1.0000	test_generate_cost_reward_mean:-73.9368	test_grid_purchase_cost_mean:307359.5680	test_mean_soc_mean:        0.3200
test_return_mean:        -309.2640	test_return_std:          30.8174	test_soc_reserve_reward_mean:  0.0000	test_soc_violation_mean:  65.6262
test_total_power_loss_mean:14158.2378	total_power_loss_mean:   14144.7991	train/battery_punishment_reward:-4980.7606	train/battle_won:          1.0000
train/bess_cost_reward:  -176.8708	train/buy_cost_reward:   -307063.4770	train/ep_length:          24.0000	train/episode:           2785.0000
train/episode_limit:       1.0000	train/generate_cost_reward:-67.9540	train/grid_purchase_cost:307063.4770	train/mean_soc:            0.2654
train/return_mean:       -308.8072	train/return_std:         31.7714	train/soc_reserve_reward:  0.0000	train/soc_violation:      60.6747
train/t_env:             123648.0000	train/total_power_loss:  14144.7991	value/target_mean:       7681.6262	
[INFO 21:06:48] root Updated all target networks (soft update tau=0.002)
[INFO 21:06:49] root Updated all target networks (soft update tau=0.002)
[INFO 21:06:49] root Updated all target networks (soft update tau=0.002)
[INFO 21:06:53] root Updated all target networks (soft update tau=0.002)
[INFO 21:06:54] root Updated all target networks (soft update tau=0.002)
[INFO 21:06:55] root Updated all target networks (soft update tau=0.002)
[INFO 21:06:55] root Updated all target networks (soft update tau=0.002)
[INFO 21:06:56] root Updated all target networks (soft update tau=0.002)
[INFO 21:06:56] root Updated all target networks (soft update tau=0.002)
[INFO 21:06:57] root Updated all target networks (soft update tau=0.002)
[INFO 21:06:57] root Updated all target networks (soft update tau=0.002)
[INFO 21:06:58] root Updated all target networks (soft update tau=0.002)
[INFO 21:06:58] root Updated all target networks (soft update tau=0.002)
[INFO 21:07:04] root Updated all target networks (soft update tau=0.002)
[INFO 21:07:04] root Updated all target networks (soft update tau=0.002)
[INFO 21:07:05] root Updated all target networks (soft update tau=0.002)
[INFO 21:07:05] root Updated all target networks (soft update tau=0.002)
[INFO 21:07:06] root Updated all target networks (soft update tau=0.002)
[INFO 21:07:06] root Updated all target networks (soft update tau=0.002)
[INFO 21:07:07] root Updated all target networks (soft update tau=0.002)
[INFO 21:07:07] root Updated all target networks (soft update tau=0.002)
[INFO 21:07:07] root Recent Stats | t_env:     125232 | Episode:     2818
agent_grad_norm:          20.7568	battery_punishment_reward_mean:-5080.4521	battle_won_mean:           1.0000	bess_cost_reward_mean:   -173.9847
buffer/episodes:         5174.0000	buy_cost_reward_mean:    -302431.1657	critic_grad_norm:        308298014.4000	critic_loss:             4658100.7000
ep_length_mean:           24.0000	episode_limit_mean:        1.0000	eval/best_reward:        -307.3127	eval/best_win_rate:        1.0000
eval/ea_reward:          -309.5142	eval/ea_win_rate:          1.0000	eval/rl_reward:          -308.7818	eval/rl_win_rate:          1.0000
generate_cost_reward_mean:-69.3236	grad/agent_norm:          20.7568	grad/critic_norm:        308298014.4000	grid_purchase_cost_mean: 302431.1657
loss/critic_loss:        4658100.7000	loss/policy_loss:        -8169.3729	mean_soc_mean:             0.2761	pg_loss:                 -8169.3729
return_mean:             -304.2077	return_std:               31.5981	soc_reserve_reward_mean:   0.0000	soc_violation_mean:       61.6963
target_mean:             7791.8560	test/battery_punishment_reward:-5471.3408	test/battle_won:           1.0000	test/bess_cost_reward:   -161.7363
test/buy_cost_reward:    -307359.5680	test/ep_length:           24.0000	test/episode_limit:        1.0000	test/generate_cost_reward:-73.9368
test/grid_purchase_cost: 307359.5680	test/mean_soc:             0.3200	test/return_mean:        -309.2640	test/return_std:          30.8174
test/soc_reserve_reward:   0.0000	test/soc_violation:       65.6262	test/total_power_loss:   14158.2378	test_battery_punishment_reward_mean:-5471.3408
test_battle_won_mean:      1.0000	test_bess_cost_reward_mean:-161.7363	test_buy_cost_reward_mean:-307359.5680	test_ep_length_mean:      24.0000
test_episode_limit_mean:   1.0000	test_generate_cost_reward_mean:-73.9368	test_grid_purchase_cost_mean:307359.5680	test_mean_soc_mean:        0.3200
test_return_mean:        -309.2640	test_return_std:          30.8174	test_soc_reserve_reward_mean:  0.0000	test_soc_violation_mean:  65.6262
test_total_power_loss_mean:14158.2378	total_power_loss_mean:   13952.5827	train/battery_punishment_reward:-5080.4521	train/battle_won:          1.0000
train/bess_cost_reward:  -173.9847	train/buy_cost_reward:   -302431.1657	train/ep_length:          24.0000	train/episode:           2796.0000
train/episode_limit:       1.0000	train/generate_cost_reward:-69.3236	train/grid_purchase_cost:302431.1657	train/mean_soc:            0.2761
train/return_mean:       -304.2077	train/return_std:         31.5981	train/soc_reserve_reward:  0.0000	train/soc_violation:      61.6963
train/t_env:             124176.0000	train/total_power_loss:  13952.5827	value/target_mean:       7791.8560	
[INFO 21:07:08] root Updated all target networks (soft update tau=0.002)
[INFO 21:07:08] root Updated all target networks (soft update tau=0.002)
[INFO 21:07:13] root Updated all target networks (soft update tau=0.002)
[INFO 21:07:14] root Updated all target networks (soft update tau=0.002)
[INFO 21:07:14] root Updated all target networks (soft update tau=0.002)
[INFO 21:07:15] root Updated all target networks (soft update tau=0.002)
[INFO 21:07:15] root Updated all target networks (soft update tau=0.002)
[INFO 21:07:16] root Updated all target networks (soft update tau=0.002)
[INFO 21:07:16] root Updated all target networks (soft update tau=0.002)
[INFO 21:07:17] root Updated all target networks (soft update tau=0.002)
[INFO 21:07:17] root Updated all target networks (soft update tau=0.002)
[INFO 21:07:18] root Updated all target networks (soft update tau=0.002)
[INFO 21:07:22] root Updated all target networks (soft update tau=0.002)
[INFO 21:07:23] root Updated all target networks (soft update tau=0.002)
[INFO 21:07:23] root Updated all target networks (soft update tau=0.002)
[INFO 21:07:24] root Updated all target networks (soft update tau=0.002)
[INFO 21:07:24] root Updated all target networks (soft update tau=0.002)
[INFO 21:07:25] root Updated all target networks (soft update tau=0.002)
[INFO 21:07:26] root Updated all target networks (soft update tau=0.002)
[INFO 21:07:26] root Updated all target networks (soft update tau=0.002)
[INFO 21:07:27] root Updated all target networks (soft update tau=0.002)
[INFO 21:07:27] root Recent Stats | t_env:     125736 | Episode:     2829
agent_grad_norm:           6.0243	battery_punishment_reward_mean:-5048.1602	battle_won_mean:           1.0000	bess_cost_reward_mean:   -176.2115
buffer/episodes:         5196.0000	buy_cost_reward_mean:    -305926.3947	critic_grad_norm:        304126443.2000	critic_loss:             4690489.4000
ep_length_mean:           24.0000	episode_limit_mean:        1.0000	eval/best_reward:        -307.3127	eval/best_win_rate:        1.0000
eval/ea_reward:          -309.5142	eval/ea_win_rate:          1.0000	eval/rl_reward:          -308.7818	eval/rl_win_rate:          1.0000
generate_cost_reward_mean:-70.4639	grad/agent_norm:           6.0243	grad/critic_norm:        304126443.2000	grid_purchase_cost_mean: 305926.3947
loss/critic_loss:        4690489.4000	loss/policy_loss:        -8237.7563	mean_soc_mean:             0.2678	pg_loss:                 -8237.7563
return_mean:             -307.6933	return_std:               33.4714	soc_reserve_reward_mean:   0.0000	soc_violation_mean:       61.3769
target_mean:             7897.1251	test/battery_punishment_reward:-5471.3408	test/battle_won:           1.0000	test/bess_cost_reward:   -161.7363
test/buy_cost_reward:    -307359.5680	test/ep_length:           24.0000	test/episode_limit:        1.0000	test/generate_cost_reward:-73.9368
test/grid_purchase_cost: 307359.5680	test/mean_soc:             0.3200	test/return_mean:        -309.2640	test/return_std:          30.8174
test/soc_reserve_reward:   0.0000	test/soc_violation:       65.6262	test/total_power_loss:   14158.2378	test_battery_punishment_reward_mean:-5471.3408
test_battle_won_mean:      1.0000	test_bess_cost_reward_mean:-161.7363	test_buy_cost_reward_mean:-307359.5680	test_ep_length_mean:      24.0000
test_episode_limit_mean:   1.0000	test_generate_cost_reward_mean:-73.9368	test_grid_purchase_cost_mean:307359.5680	test_mean_soc_mean:        0.3200
test_return_mean:        -309.2640	test_return_std:          30.8174	test_soc_reserve_reward_mean:  0.0000	test_soc_violation_mean:  65.6262
test_total_power_loss_mean:14158.2378	total_power_loss_mean:   14098.9557	train/battery_punishment_reward:-5048.1602	train/battle_won:          1.0000
train/bess_cost_reward:  -176.2115	train/buy_cost_reward:   -305926.3947	train/ep_length:          24.0000	train/episode:           2807.0000
train/episode_limit:       1.0000	train/generate_cost_reward:-70.4639	train/grid_purchase_cost:305926.3947	train/mean_soc:            0.2678
train/return_mean:       -307.6933	train/return_std:         33.4714	train/soc_reserve_reward:  0.0000	train/soc_violation:      61.3769
train/t_env:             124704.0000	train/total_power_loss:  14098.9557	value/target_mean:       7897.1251	
[INFO 21:07:27] root Updated all target networks (soft update tau=0.002)
[INFO 21:07:32] root Updated all target networks (soft update tau=0.002)
[INFO 21:07:32] root Updated all target networks (soft update tau=0.002)
[INFO 21:07:33] root Updated all target networks (soft update tau=0.002)
[INFO 21:07:33] root Updated all target networks (soft update tau=0.002)
[INFO 21:07:34] root Updated all target networks (soft update tau=0.002)
[INFO 21:07:34] root Updated all target networks (soft update tau=0.002)
[INFO 21:07:35] root Updated all target networks (soft update tau=0.002)
[INFO 21:07:35] root Updated all target networks (soft update tau=0.002)
[INFO 21:07:36] root Updated all target networks (soft update tau=0.002)
[INFO 21:07:37] root Updated all target networks (soft update tau=0.002)
[INFO 21:07:42] root Updated all target networks (soft update tau=0.002)
[INFO 21:07:42] root Updated all target networks (soft update tau=0.002)
[INFO 21:07:43] root Updated all target networks (soft update tau=0.002)
[INFO 21:07:44] root Updated all target networks (soft update tau=0.002)
[INFO 21:07:44] root Updated all target networks (soft update tau=0.002)
[INFO 21:07:45] root Updated all target networks (soft update tau=0.002)
[INFO 21:07:45] root Updated all target networks (soft update tau=0.002)
[INFO 21:07:46] root Updated all target networks (soft update tau=0.002)
[INFO 21:07:46] root Updated all target networks (soft update tau=0.002)
[INFO 21:07:47] root Updated all target networks (soft update tau=0.002)
[INFO 21:07:47] root Recent Stats | t_env:     126240 | Episode:     2840
agent_grad_norm:           2.6369	battery_punishment_reward_mean:-4964.8134	battle_won_mean:           1.0000	bess_cost_reward_mean:   -170.8220
buffer/episodes:         5218.0000	buy_cost_reward_mean:    -309403.5784	critic_grad_norm:        274054635.2000	critic_loss:             4712058.0000
ep_length_mean:           24.0000	episode_limit_mean:        1.0000	eval/best_reward:        -307.3127	eval/best_win_rate:        1.0000
eval/ea_reward:          -309.5142	eval/ea_win_rate:          1.0000	eval/rl_reward:          -308.7818	eval/rl_win_rate:          1.0000
generate_cost_reward_mean:-69.1880	grad/agent_norm:           2.6369	grad/critic_norm:        274054635.2000	grid_purchase_cost_mean: 309403.5784
loss/critic_loss:        4712058.0000	loss/policy_loss:        -8305.1629	mean_soc_mean:             0.2868	pg_loss:                 -8305.1629
return_mean:             -311.1404	return_std:               32.0210	soc_reserve_reward_mean:   0.0000	soc_violation_mean:       60.4749
target_mean:             8004.8456	test/battery_punishment_reward:-5471.3408	test/battle_won:           1.0000	test/bess_cost_reward:   -161.7363
test/buy_cost_reward:    -307359.5680	test/ep_length:           24.0000	test/episode_limit:        1.0000	test/generate_cost_reward:-73.9368
test/grid_purchase_cost: 307359.5680	test/mean_soc:             0.3200	test/return_mean:        -309.2640	test/return_std:          30.8174
test/soc_reserve_reward:   0.0000	test/soc_violation:       65.6262	test/total_power_loss:   14158.2378	test_battery_punishment_reward_mean:-5471.3408
test_battle_won_mean:      1.0000	test_bess_cost_reward_mean:-161.7363	test_buy_cost_reward_mean:-307359.5680	test_ep_length_mean:      24.0000
test_episode_limit_mean:   1.0000	test_generate_cost_reward_mean:-73.9368	test_grid_purchase_cost_mean:307359.5680	test_mean_soc_mean:        0.3200
test_return_mean:        -309.2640	test_return_std:          30.8174	test_soc_reserve_reward_mean:  0.0000	test_soc_violation_mean:  65.6262
test_total_power_loss_mean:14158.2378	total_power_loss_mean:   14248.0950	train/battery_punishment_reward:-4964.8134	train/battle_won:          1.0000
train/bess_cost_reward:  -170.8220	train/buy_cost_reward:   -309403.5784	train/ep_length:          24.0000	train/episode:           2818.0000
train/episode_limit:       1.0000	train/generate_cost_reward:-69.1880	train/grid_purchase_cost:309403.5784	train/mean_soc:            0.2868
train/return_mean:       -311.1404	train/return_std:         32.0210	train/soc_reserve_reward:  0.0000	train/soc_violation:      60.4749
train/t_env:             125232.0000	train/total_power_loss:  14248.0950	value/target_mean:       8004.8456	
[INFO 21:07:53] root Updated all target networks (soft update tau=0.002)
[INFO 21:07:53] root Updated all target networks (soft update tau=0.002)
[INFO 21:07:54] root Updated all target networks (soft update tau=0.002)
[INFO 21:07:54] root Updated all target networks (soft update tau=0.002)
[INFO 21:07:55] root Updated all target networks (soft update tau=0.002)
[INFO 21:07:55] root Updated all target networks (soft update tau=0.002)
[INFO 21:07:56] root Updated all target networks (soft update tau=0.002)
[INFO 21:07:56] root Updated all target networks (soft update tau=0.002)
[INFO 21:07:57] root Updated all target networks (soft update tau=0.002)
[INFO 21:07:58] root Updated all target networks (soft update tau=0.002)
[INFO 21:07:58] root t_env: 126480 / 300000
[INFO 21:07:58] root Estimated time left: 1 hours, 58 minutes, 55 seconds. Time passed: 42 minutes, 11 seconds
[INFO 21:08:04] root Updated all target networks (soft update tau=0.002)
[INFO 21:08:05] root Updated all target networks (soft update tau=0.002)
[INFO 21:08:05] root Updated all target networks (soft update tau=0.002)
[INFO 21:08:06] root Updated all target networks (soft update tau=0.002)
[INFO 21:08:06] root Updated all target networks (soft update tau=0.002)
[INFO 21:08:07] root Updated all target networks (soft update tau=0.002)
[INFO 21:08:08] root Updated all target networks (soft update tau=0.002)
[INFO 21:08:08] root Updated all target networks (soft update tau=0.002)
[INFO 21:08:09] root Updated all target networks (soft update tau=0.002)
[INFO 21:08:09] root Updated all target networks (soft update tau=0.002)
[INFO 21:08:15] root Updated all target networks (soft update tau=0.002)
[INFO 21:08:16] root Updated all target networks (soft update tau=0.002)
[INFO 21:08:16] root Updated all target networks (soft update tau=0.002)
[INFO 21:08:17] root Updated all target networks (soft update tau=0.002)
[INFO 21:08:17] root Updated all target networks (soft update tau=0.002)
[INFO 21:08:18] root Updated all target networks (soft update tau=0.002)
[INFO 21:08:18] root Recent Stats | t_env:     126864 | Episode:     2851
agent_grad_norm:           1.4459	battery_punishment_reward_mean:-5078.6705	battle_won_mean:           1.0000	bess_cost_reward_mean:   -166.0886
buffer/episodes:         5240.0000	buy_cost_reward_mean:    -308511.5651	critic_grad_norm:        198651680.8000	critic_loss:             4708730.1000
ep_length_mean:           24.0000	episode_limit_mean:        1.0000	eval/best_reward:        -308.5073	eval/best_win_rate:        1.0000
eval/ea_reward:          -310.7088	eval/ea_win_rate:          1.0000	eval/rl_reward:          -310.2510	eval/rl_win_rate:          1.0000
generate_cost_reward_mean:-67.9875	grad/agent_norm:           1.4459	grad/critic_norm:        198651680.8000	grid_purchase_cost_mean: 308511.5651
loss/critic_loss:        4708730.1000	loss/policy_loss:        -8382.3890	mean_soc_mean:             0.3042	pg_loss:                 -8382.3890
return_mean:             -310.2844	return_std:               32.7004	soc_reserve_reward_mean:   0.0000	soc_violation_mean:       61.5877
target_mean:             8110.7672	test/battery_punishment_reward:-5692.6310	test/battle_won:           1.0000	test/bess_cost_reward:   -161.7231
test/buy_cost_reward:    -310699.7591	test/ep_length:           24.0000	test/episode_limit:        1.0000	test/generate_cost_reward:-65.7785
test/grid_purchase_cost: 310699.7591	test/mean_soc:             0.3200	test/return_mean:        -312.6750	test/return_std:          28.2869
test/soc_reserve_reward:   0.0000	test/soc_violation:       67.7288	test/total_power_loss:   14300.3070	test_battery_punishment_reward_mean:-5692.6310
test_battle_won_mean:      1.0000	test_bess_cost_reward_mean:-161.7231	test_buy_cost_reward_mean:-310699.7591	test_ep_length_mean:      24.0000
test_episode_limit_mean:   1.0000	test_generate_cost_reward_mean:-65.7785	test_grid_purchase_cost_mean:310699.7591	test_mean_soc_mean:        0.3200
test_return_mean:        -312.6750	test_return_std:          28.2869	test_soc_reserve_reward_mean:  0.0000	test_soc_violation_mean:  67.7288
test_total_power_loss_mean:14300.3070	total_power_loss_mean:   14213.7530	train/battery_punishment_reward:-5078.6705	train/battle_won:          1.0000
train/bess_cost_reward:  -166.0886	train/buy_cost_reward:   -308511.5651	train/ep_length:          24.0000	train/episode:           2829.0000
train/episode_limit:       1.0000	train/generate_cost_reward:-67.9875	train/grid_purchase_cost:308511.5651	train/mean_soc:            0.3042
train/return_mean:       -310.2844	train/return_std:         32.7004	train/soc_reserve_reward:  0.0000	train/soc_violation:      61.5877
train/t_env:             125760.0000	train/total_power_loss:  14213.7530	value/target_mean:       8110.7672	
[INFO 21:08:18] root Updated all target networks (soft update tau=0.002)
[INFO 21:08:19] root Updated all target networks (soft update tau=0.002)
[INFO 21:08:19] root Updated all target networks (soft update tau=0.002)
[INFO 21:08:20] root Updated all target networks (soft update tau=0.002)
[INFO 21:08:25] root Updated all target networks (soft update tau=0.002)
[INFO 21:08:26] root Updated all target networks (soft update tau=0.002)
[INFO 21:08:26] root Updated all target networks (soft update tau=0.002)
[INFO 21:08:27] root Updated all target networks (soft update tau=0.002)
[INFO 21:08:28] root Updated all target networks (soft update tau=0.002)
[INFO 21:08:28] root Updated all target networks (soft update tau=0.002)
[INFO 21:08:29] root Updated all target networks (soft update tau=0.002)
[INFO 21:08:29] root Updated all target networks (soft update tau=0.002)
[INFO 21:08:30] root Updated all target networks (soft update tau=0.002)
[INFO 21:08:30] root Updated all target networks (soft update tau=0.002)
[INFO 21:08:36] root Updated all target networks (soft update tau=0.002)
[INFO 21:08:36] root Updated all target networks (soft update tau=0.002)
[INFO 21:08:37] root Updated all target networks (soft update tau=0.002)
[INFO 21:08:37] root Updated all target networks (soft update tau=0.002)
[INFO 21:08:38] root Updated all target networks (soft update tau=0.002)
[INFO 21:08:38] root Updated all target networks (soft update tau=0.002)
[INFO 21:08:39] root Updated all target networks (soft update tau=0.002)
[INFO 21:08:39] root Recent Stats | t_env:     127368 | Episode:     2862
agent_grad_norm:           0.9984	battery_punishment_reward_mean:-5122.7824	battle_won_mean:           1.0000	bess_cost_reward_mean:   -171.7712
buffer/episodes:         5262.0000	buy_cost_reward_mean:    -308147.5449	critic_grad_norm:        128966461.6000	critic_loss:             4693540.1000
ep_length_mean:           24.0000	episode_limit_mean:        1.0000	eval/best_reward:        -308.5073	eval/best_win_rate:        1.0000
eval/ea_reward:          -310.7088	eval/ea_win_rate:          1.0000	eval/rl_reward:          -310.2510	eval/rl_win_rate:          1.0000
generate_cost_reward_mean:-66.9917	grad/agent_norm:           0.9984	grad/critic_norm:        128966461.6000	grid_purchase_cost_mean: 308147.5449
loss/critic_loss:        4693540.1000	loss/policy_loss:        -8416.7907	mean_soc_mean:             0.2833	pg_loss:                 -8416.7907
return_mean:             -309.9366	return_std:               32.8549	soc_reserve_reward_mean:   0.0000	soc_violation_mean:       62.0683
target_mean:             8217.7092	test/battery_punishment_reward:-5692.6310	test/battle_won:           1.0000	test/bess_cost_reward:   -161.7231
test/buy_cost_reward:    -310699.7591	test/ep_length:           24.0000	test/episode_limit:        1.0000	test/generate_cost_reward:-65.7785
test/grid_purchase_cost: 310699.7591	test/mean_soc:             0.3200	test/return_mean:        -312.6750	test/return_std:          28.2869
test/soc_reserve_reward:   0.0000	test/soc_violation:       67.7288	test/total_power_loss:   14300.3070	test_battery_punishment_reward_mean:-5692.6310
test_battle_won_mean:      1.0000	test_bess_cost_reward_mean:-161.7231	test_buy_cost_reward_mean:-310699.7591	test_ep_length_mean:      24.0000
test_episode_limit_mean:   1.0000	test_generate_cost_reward_mean:-65.7785	test_grid_purchase_cost_mean:310699.7591	test_mean_soc_mean:        0.3200
test_return_mean:        -312.6750	test_return_std:          28.2869	test_soc_reserve_reward_mean:  0.0000	test_soc_violation_mean:  67.7288
test_total_power_loss_mean:14300.3070	total_power_loss_mean:   14199.9224	train/battery_punishment_reward:-5122.7824	train/battle_won:          1.0000
train/bess_cost_reward:  -171.7712	train/buy_cost_reward:   -308147.5449	train/ep_length:          24.0000	train/episode:           2840.0000
train/episode_limit:       1.0000	train/generate_cost_reward:-66.9917	train/grid_purchase_cost:308147.5449	train/mean_soc:            0.2833
train/return_mean:       -309.9366	train/return_std:         32.8549	train/soc_reserve_reward:  0.0000	train/soc_violation:      62.0683
train/t_env:             126288.0000	train/total_power_loss:  14199.9224	value/target_mean:       8217.7092	
[INFO 21:08:40] root Updated all target networks (soft update tau=0.002)
[INFO 21:08:40] root Updated all target networks (soft update tau=0.002)
[INFO 21:08:41] root Updated all target networks (soft update tau=0.002)
[INFO 21:08:46] root Updated all target networks (soft update tau=0.002)
[INFO 21:08:46] root Updated all target networks (soft update tau=0.002)
[INFO 21:08:47] root Updated all target networks (soft update tau=0.002)
[INFO 21:08:47] root Updated all target networks (soft update tau=0.002)
[INFO 21:08:48] root Updated all target networks (soft update tau=0.002)
[INFO 21:08:48] root Updated all target networks (soft update tau=0.002)
[INFO 21:08:49] root Updated all target networks (soft update tau=0.002)
[INFO 21:08:49] root Updated all target networks (soft update tau=0.002)
[INFO 21:08:50] root Updated all target networks (soft update tau=0.002)
[INFO 21:08:51] root Updated all target networks (soft update tau=0.002)
[INFO 21:08:56] root Updated all target networks (soft update tau=0.002)
[INFO 21:08:56] root Updated all target networks (soft update tau=0.002)
[INFO 21:08:57] root Updated all target networks (soft update tau=0.002)
[INFO 21:08:58] root Updated all target networks (soft update tau=0.002)
[INFO 21:08:58] root Updated all target networks (soft update tau=0.002)
[INFO 21:08:59] root Updated all target networks (soft update tau=0.002)
[INFO 21:08:59] root Updated all target networks (soft update tau=0.002)
[INFO 21:09:00] root Updated all target networks (soft update tau=0.002)
[INFO 21:09:00] root Recent Stats | t_env:     127872 | Episode:     2873
agent_grad_norm:           0.8762	battery_punishment_reward_mean:-5093.4101	battle_won_mean:           1.0000	bess_cost_reward_mean:   -173.1268
buffer/episodes:         5284.0000	buy_cost_reward_mean:    -315589.5725	critic_grad_norm:        127619559.2000	critic_loss:             4707481.9000
ep_length_mean:           24.0000	episode_limit_mean:        1.0000	eval/best_reward:        -308.5073	eval/best_win_rate:        1.0000
eval/ea_reward:          -310.7088	eval/ea_win_rate:          1.0000	eval/rl_reward:          -310.2510	eval/rl_win_rate:          1.0000
generate_cost_reward_mean:-65.4789	grad/agent_norm:           0.8762	grad/critic_norm:        127619559.2000	grid_purchase_cost_mean: 315589.5725
loss/critic_loss:        4707481.9000	loss/policy_loss:        -8435.6192	mean_soc_mean:             0.2786	pg_loss:                 -8435.6192
return_mean:             -317.3687	return_std:               30.3483	soc_reserve_reward_mean:   0.0000	soc_violation_mean:       61.7333
target_mean:             8327.4220	test/battery_punishment_reward:-5692.6310	test/battle_won:           1.0000	test/bess_cost_reward:   -161.7231
test/buy_cost_reward:    -310699.7591	test/ep_length:           24.0000	test/episode_limit:        1.0000	test/generate_cost_reward:-65.7785
test/grid_purchase_cost: 310699.7591	test/mean_soc:             0.3200	test/return_mean:        -312.6750	test/return_std:          28.2869
test/soc_reserve_reward:   0.0000	test/soc_violation:       67.7288	test/total_power_loss:   14300.3070	test_battery_punishment_reward_mean:-5692.6310
test_battle_won_mean:      1.0000	test_bess_cost_reward_mean:-161.7231	test_buy_cost_reward_mean:-310699.7591	test_ep_length_mean:      24.0000
test_episode_limit_mean:   1.0000	test_generate_cost_reward_mean:-65.7785	test_grid_purchase_cost_mean:310699.7591	test_mean_soc_mean:        0.3200
test_return_mean:        -312.6750	test_return_std:          28.2869	test_soc_reserve_reward_mean:  0.0000	test_soc_violation_mean:  67.7288
test_total_power_loss_mean:14300.3070	total_power_loss_mean:   14503.2724	train/battery_punishment_reward:-5093.4101	train/battle_won:          1.0000
train/bess_cost_reward:  -173.1268	train/buy_cost_reward:   -315589.5725	train/ep_length:          24.0000	train/episode:           2851.0000
train/episode_limit:       1.0000	train/generate_cost_reward:-65.4789	train/grid_purchase_cost:315589.5725	train/mean_soc:            0.2786
train/return_mean:       -317.3687	train/return_std:         30.3483	train/soc_reserve_reward:  0.0000	train/soc_violation:      61.7333
train/t_env:             126816.0000	train/total_power_loss:  14503.2724	value/target_mean:       8327.4220	
[INFO 21:09:00] root Updated all target networks (soft update tau=0.002)
[INFO 21:09:01] root Updated all target networks (soft update tau=0.002)
[INFO 21:09:06] root Updated all target networks (soft update tau=0.002)
[INFO 21:09:07] root Updated all target networks (soft update tau=0.002)
[INFO 21:09:07] root Updated all target networks (soft update tau=0.002)
[INFO 21:09:08] root Updated all target networks (soft update tau=0.002)
[INFO 21:09:08] root Updated all target networks (soft update tau=0.002)
[INFO 21:09:09] root Updated all target networks (soft update tau=0.002)
[INFO 21:09:09] root Updated all target networks (soft update tau=0.002)
[INFO 21:09:10] root Updated all target networks (soft update tau=0.002)
[INFO 21:09:10] root Updated all target networks (soft update tau=0.002)
[INFO 21:09:11] root Updated all target networks (soft update tau=0.002)
[INFO 21:09:17] root Updated all target networks (soft update tau=0.002)
[INFO 21:09:17] root Updated all target networks (soft update tau=0.002)
[INFO 21:09:18] root Updated all target networks (soft update tau=0.002)
[INFO 21:09:18] root Updated all target networks (soft update tau=0.002)
[INFO 21:09:19] root Updated all target networks (soft update tau=0.002)
[INFO 21:09:19] root Updated all target networks (soft update tau=0.002)
[INFO 21:09:20] root Updated all target networks (soft update tau=0.002)
[INFO 21:09:20] root Updated all target networks (soft update tau=0.002)
[INFO 21:09:21] root Updated all target networks (soft update tau=0.002)
[INFO 21:09:21] root Recent Stats | t_env:     128376 | Episode:     2884
agent_grad_norm:           0.9426	battery_punishment_reward_mean:-5128.1348	battle_won_mean:           1.0000	bess_cost_reward_mean:   -170.3316
buffer/episodes:         5306.0000	buy_cost_reward_mean:    -315302.6150	critic_grad_norm:        108409021.6000	critic_loss:             4712126.2000
ep_length_mean:           24.0000	episode_limit_mean:        1.0000	eval/best_reward:        -308.5073	eval/best_win_rate:        1.0000
eval/ea_reward:          -310.7088	eval/ea_win_rate:          1.0000	eval/rl_reward:          -310.2510	eval/rl_win_rate:          1.0000
generate_cost_reward_mean:-64.5182	grad/agent_norm:           0.9426	grad/critic_norm:        108409021.6000	grid_purchase_cost_mean: 315302.6150
loss/critic_loss:        4712126.2000	loss/policy_loss:        -8591.8443	mean_soc_mean:             0.2889	pg_loss:                 -8591.8443
return_mean:             -317.0921	return_std:               30.1493	soc_reserve_reward_mean:   0.0000	soc_violation_mean:       62.0583
target_mean:             8440.5353	test/battery_punishment_reward:-5692.6310	test/battle_won:           1.0000	test/bess_cost_reward:   -161.7231
test/buy_cost_reward:    -310699.7591	test/ep_length:           24.0000	test/episode_limit:        1.0000	test/generate_cost_reward:-65.7785
test/grid_purchase_cost: 310699.7591	test/mean_soc:             0.3200	test/return_mean:        -312.6750	test/return_std:          28.2869
test/soc_reserve_reward:   0.0000	test/soc_violation:       67.7288	test/total_power_loss:   14300.3070	test_battery_punishment_reward_mean:-5692.6310
test_battle_won_mean:      1.0000	test_bess_cost_reward_mean:-161.7231	test_buy_cost_reward_mean:-310699.7591	test_ep_length_mean:      24.0000
test_episode_limit_mean:   1.0000	test_generate_cost_reward_mean:-65.7785	test_grid_purchase_cost_mean:310699.7591	test_mean_soc_mean:        0.3200
test_return_mean:        -312.6750	test_return_std:          28.2869	test_soc_reserve_reward_mean:  0.0000	test_soc_violation_mean:  67.7288
test_total_power_loss_mean:14300.3070	total_power_loss_mean:   14489.8285	train/battery_punishment_reward:-5128.1348	train/battle_won:          1.0000
train/bess_cost_reward:  -170.3316	train/buy_cost_reward:   -315302.6150	train/ep_length:          24.0000	train/episode:           2862.0000
train/episode_limit:       1.0000	train/generate_cost_reward:-64.5182	train/grid_purchase_cost:315302.6150	train/mean_soc:            0.2889
train/return_mean:       -317.0921	train/return_std:         30.1493	train/soc_reserve_reward:  0.0000	train/soc_violation:      62.0583
train/t_env:             127344.0000	train/total_power_loss:  14489.8285	value/target_mean:       8440.5353	
[INFO 21:09:21] root Updated all target networks (soft update tau=0.002)
[INFO 21:09:26] root Updated all target networks (soft update tau=0.002)
[INFO 21:09:27] root Updated all target networks (soft update tau=0.002)
[INFO 21:09:27] root Updated all target networks (soft update tau=0.002)
[INFO 21:09:28] root Updated all target networks (soft update tau=0.002)
[INFO 21:09:28] root Updated all target networks (soft update tau=0.002)
[INFO 21:09:29] root Updated all target networks (soft update tau=0.002)
[INFO 21:09:29] root t_env: 128544 / 300000
[INFO 21:09:29] root Estimated time left: 2 hours, 6 minutes, 34 seconds. Time passed: 43 minutes, 42 seconds
[INFO 21:09:31] root Updated all target networks (soft update tau=0.002)
[INFO 21:09:32] root Updated all target networks (soft update tau=0.002)
[INFO 21:09:32] root Updated all target networks (soft update tau=0.002)
[INFO 21:09:33] root Updated all target networks (soft update tau=0.002)
[INFO 21:09:38] root Updated all target networks (soft update tau=0.002)
[INFO 21:09:38] root Updated all target networks (soft update tau=0.002)
[INFO 21:09:39] root Updated all target networks (soft update tau=0.002)
[INFO 21:09:39] root Updated all target networks (soft update tau=0.002)
[INFO 21:09:40] root Updated all target networks (soft update tau=0.002)
[INFO 21:09:40] root Updated all target networks (soft update tau=0.002)
[INFO 21:09:41] root Updated all target networks (soft update tau=0.002)
[INFO 21:09:41] root Updated all target networks (soft update tau=0.002)
[INFO 21:09:42] root Updated all target networks (soft update tau=0.002)
[INFO 21:09:42] root Updated all target networks (soft update tau=0.002)
[INFO 21:09:42] root Recent Stats | t_env:     128880 | Episode:     2895
agent_grad_norm:           1.8352	battery_punishment_reward_mean:-5282.9569	battle_won_mean:           1.0000	bess_cost_reward_mean:   -176.7175
buffer/episodes:         5328.0000	buy_cost_reward_mean:    -311609.2878	critic_grad_norm:        187637450.4000	critic_loss:             4743212.1000
ep_length_mean:           24.0000	episode_limit_mean:        1.0000	eval/best_reward:        -307.7286	eval/best_win_rate:        1.0000
eval/ea_reward:          -309.7596	eval/ea_win_rate:          1.0000	eval/rl_reward:          -309.4723	eval/rl_win_rate:          1.0000
generate_cost_reward_mean:-68.0695	grad/agent_norm:           1.8352	grad/critic_norm:        187637450.4000	grid_purchase_cost_mean: 311609.2878
loss/critic_loss:        4743212.1000	loss/policy_loss:        -8583.1861	mean_soc_mean:             0.2658	pg_loss:                 -8583.1861
return_mean:             -313.4538	return_std:               30.1605	soc_reserve_reward_mean:   0.0000	soc_violation_mean:       63.6554
target_mean:             8547.6717	test/battery_punishment_reward:-5431.1526	test/battle_won:           1.0000	test/bess_cost_reward:   -194.4583
test/buy_cost_reward:    -310855.0422	test/ep_length:           24.0000	test/episode_limit:        1.0000	test/generate_cost_reward:-66.7146
test/grid_purchase_cost: 310855.0422	test/mean_soc:             0.2000	test/return_mean:        -312.7543	test/return_std:          28.3441
test/soc_reserve_reward:   0.0000	test/soc_violation:       65.2537	test/total_power_loss:   14297.3829	test_battery_punishment_reward_mean:-5431.1526
test_battle_won_mean:      1.0000	test_bess_cost_reward_mean:-194.4583	test_buy_cost_reward_mean:-310855.0422	test_ep_length_mean:      24.0000
test_episode_limit_mean:   1.0000	test_generate_cost_reward_mean:-66.7146	test_grid_purchase_cost_mean:310855.0422	test_mean_soc_mean:        0.2000
test_return_mean:        -312.7543	test_return_std:          28.3441	test_soc_reserve_reward_mean:  0.0000	test_soc_violation_mean:  65.2537
test_total_power_loss_mean:14297.3829	total_power_loss_mean:   14337.0159	train/battery_punishment_reward:-5282.9569	train/battle_won:          1.0000
train/bess_cost_reward:  -176.7175	train/buy_cost_reward:   -311609.2878	train/ep_length:          24.0000	train/episode:           2873.0000
train/episode_limit:       1.0000	train/generate_cost_reward:-68.0695	train/grid_purchase_cost:311609.2878	train/mean_soc:            0.2658
train/return_mean:       -313.4538	train/return_std:         30.1605	train/soc_reserve_reward:  0.0000	train/soc_violation:      63.6554
train/t_env:             127872.0000	train/total_power_loss:  14337.0159	value/target_mean:       8547.6717	
[INFO 21:09:47] root Updated all target networks (soft update tau=0.002)
[INFO 21:09:47] root Updated all target networks (soft update tau=0.002)
[INFO 21:09:48] root Updated all target networks (soft update tau=0.002)
[INFO 21:09:48] root Updated all target networks (soft update tau=0.002)
[INFO 21:09:49] root Updated all target networks (soft update tau=0.002)
[INFO 21:09:50] root Updated all target networks (soft update tau=0.002)
[INFO 21:09:50] root Updated all target networks (soft update tau=0.002)
[INFO 21:09:51] root Updated all target networks (soft update tau=0.002)
[INFO 21:09:51] root Updated all target networks (soft update tau=0.002)
[INFO 21:09:52] root Updated all target networks (soft update tau=0.002)
[INFO 21:09:55] root Updated all target networks (soft update tau=0.002)
[INFO 21:09:56] root Updated all target networks (soft update tau=0.002)
[INFO 21:09:57] root Updated all target networks (soft update tau=0.002)
[INFO 21:09:57] root Updated all target networks (soft update tau=0.002)
[INFO 21:09:58] root Updated all target networks (soft update tau=0.002)
[INFO 21:09:58] root Updated all target networks (soft update tau=0.002)
[INFO 21:09:59] root Updated all target networks (soft update tau=0.002)
[INFO 21:09:59] root Updated all target networks (soft update tau=0.002)
[INFO 21:10:00] root Updated all target networks (soft update tau=0.002)
[INFO 21:10:00] root Updated all target networks (soft update tau=0.002)
[INFO 21:10:06] root Updated all target networks (soft update tau=0.002)
[INFO 21:10:07] root Updated all target networks (soft update tau=0.002)
[INFO 21:10:07] root Updated all target networks (soft update tau=0.002)
[INFO 21:10:08] root Updated all target networks (soft update tau=0.002)
[INFO 21:10:08] root Updated all target networks (soft update tau=0.002)
[INFO 21:10:09] root Updated all target networks (soft update tau=0.002)
[INFO 21:10:09] root Recent Stats | t_env:     129504 | Episode:     2906
agent_grad_norm:           2.5329	battery_punishment_reward_mean:-5246.7581	battle_won_mean:           1.0000	bess_cost_reward_mean:   -183.9519
buffer/episodes:         5350.0000	buy_cost_reward_mean:    -310301.8763	critic_grad_norm:        248255924.8000	critic_loss:             4761547.5000
ep_length_mean:           24.0000	episode_limit_mean:        1.0000	eval/best_reward:        -307.7286	eval/best_win_rate:        1.0000
eval/ea_reward:          -309.7596	eval/ea_win_rate:          1.0000	eval/rl_reward:          -309.4723	eval/rl_win_rate:          1.0000
generate_cost_reward_mean:-70.0790	grad/agent_norm:           2.5329	grad/critic_norm:        248255924.8000	grid_purchase_cost_mean: 310301.8763
loss/critic_loss:        4761547.5000	loss/policy_loss:        -8779.2168	mean_soc_mean:             0.2392	pg_loss:                 -8779.2168
return_mean:             -312.1374	return_std:               31.2528	soc_reserve_reward_mean:   0.0000	soc_violation_mean:       63.3668
target_mean:             8653.7103	test/battery_punishment_reward:-5431.1526	test/battle_won:           1.0000	test/bess_cost_reward:   -194.4583
test/buy_cost_reward:    -310855.0422	test/ep_length:           24.0000	test/episode_limit:        1.0000	test/generate_cost_reward:-66.7146
test/grid_purchase_cost: 310855.0422	test/mean_soc:             0.2000	test/return_mean:        -312.7543	test/return_std:          28.3441
test/soc_reserve_reward:   0.0000	test/soc_violation:       65.2537	test/total_power_loss:   14297.3829	test_battery_punishment_reward_mean:-5431.1526
test_battle_won_mean:      1.0000	test_bess_cost_reward_mean:-194.4583	test_buy_cost_reward_mean:-310855.0422	test_ep_length_mean:      24.0000
test_episode_limit_mean:   1.0000	test_generate_cost_reward_mean:-66.7146	test_grid_purchase_cost_mean:310855.0422	test_mean_soc_mean:        0.2000
test_return_mean:        -312.7543	test_return_std:          28.3441	test_soc_reserve_reward_mean:  0.0000	test_soc_violation_mean:  65.2537
test_total_power_loss_mean:14297.3829	total_power_loss_mean:   14283.8187	train/battery_punishment_reward:-5246.7581	train/battle_won:          1.0000
train/bess_cost_reward:  -183.9519	train/buy_cost_reward:   -310301.8763	train/ep_length:          24.0000	train/episode:           2884.0000
train/episode_limit:       1.0000	train/generate_cost_reward:-70.0790	train/grid_purchase_cost:310301.8763	train/mean_soc:            0.2392
train/return_mean:       -312.1374	train/return_std:         31.2528	train/soc_reserve_reward:  0.0000	train/soc_violation:      63.3668
train/t_env:             128400.0000	train/total_power_loss:  14283.8187	value/target_mean:       8653.7103	
[INFO 21:10:09] root Updated all target networks (soft update tau=0.002)
[INFO 21:10:10] root Updated all target networks (soft update tau=0.002)
[INFO 21:10:10] root Updated all target networks (soft update tau=0.002)
[INFO 21:10:11] root Updated all target networks (soft update tau=0.002)
[INFO 21:10:16] root Updated all target networks (soft update tau=0.002)
[INFO 21:10:17] root Updated all target networks (soft update tau=0.002)
[INFO 21:10:17] root Updated all target networks (soft update tau=0.002)
[INFO 21:10:18] root Updated all target networks (soft update tau=0.002)
[INFO 21:10:18] root Updated all target networks (soft update tau=0.002)
[INFO 21:10:19] root Updated all target networks (soft update tau=0.002)
[INFO 21:10:20] root Updated all target networks (soft update tau=0.002)
[INFO 21:10:20] root Updated all target networks (soft update tau=0.002)
[INFO 21:10:21] root Updated all target networks (soft update tau=0.002)
[INFO 21:10:21] root Updated all target networks (soft update tau=0.002)
[INFO 21:10:26] root Updated all target networks (soft update tau=0.002)
[INFO 21:10:27] root Updated all target networks (soft update tau=0.002)
[INFO 21:10:27] root Updated all target networks (soft update tau=0.002)
[INFO 21:10:28] root Updated all target networks (soft update tau=0.002)
[INFO 21:10:28] root Updated all target networks (soft update tau=0.002)
[INFO 21:10:29] root Updated all target networks (soft update tau=0.002)
[INFO 21:10:29] root Updated all target networks (soft update tau=0.002)
[INFO 21:10:29] root Recent Stats | t_env:     130008 | Episode:     2917
agent_grad_norm:           4.1727	battery_punishment_reward_mean:-5133.2639	battle_won_mean:           1.0000	bess_cost_reward_mean:   -186.5853
buffer/episodes:         5372.0000	buy_cost_reward_mean:    -310131.9784	critic_grad_norm:        419238392.0000	critic_loss:             4842348.2000
ep_length_mean:           24.0000	episode_limit_mean:        1.0000	eval/best_reward:        -307.7286	eval/best_win_rate:        1.0000
eval/ea_reward:          -309.7596	eval/ea_win_rate:          1.0000	eval/rl_reward:          -309.4723	eval/rl_win_rate:          1.0000
generate_cost_reward_mean:-71.8193	grad/agent_norm:           4.1727	grad/critic_norm:        419238392.0000	grid_purchase_cost_mean: 310131.9784
loss/critic_loss:        4842348.2000	loss/policy_loss:        -9028.5574	mean_soc_mean:             0.2293	pg_loss:                 -9028.5574
return_mean:             -311.9312	return_std:               30.2265	soc_reserve_reward_mean:   0.0000	soc_violation_mean:       62.2210
target_mean:             8757.4931	test/battery_punishment_reward:-5431.1526	test/battle_won:           1.0000	test/bess_cost_reward:   -194.4583
test/buy_cost_reward:    -310855.0422	test/ep_length:           24.0000	test/episode_limit:        1.0000	test/generate_cost_reward:-66.7146
test/grid_purchase_cost: 310855.0422	test/mean_soc:             0.2000	test/return_mean:        -312.7543	test/return_std:          28.3441
test/soc_reserve_reward:   0.0000	test/soc_violation:       65.2537	test/total_power_loss:   14297.3829	test_battery_punishment_reward_mean:-5431.1526
test_battle_won_mean:      1.0000	test_bess_cost_reward_mean:-194.4583	test_buy_cost_reward_mean:-310855.0422	test_ep_length_mean:      24.0000
test_episode_limit_mean:   1.0000	test_generate_cost_reward_mean:-66.7146	test_grid_purchase_cost_mean:310855.0422	test_mean_soc_mean:        0.2000
test_return_mean:        -312.7543	test_return_std:          28.3441	test_soc_reserve_reward_mean:  0.0000	test_soc_violation_mean:  65.2537
test_total_power_loss_mean:14297.3829	total_power_loss_mean:   14276.0560	train/battery_punishment_reward:-5133.2639	train/battle_won:          1.0000
train/bess_cost_reward:  -186.5853	train/buy_cost_reward:   -310131.9784	train/ep_length:          24.0000	train/episode:           2895.0000
train/episode_limit:       1.0000	train/generate_cost_reward:-71.8193	train/grid_purchase_cost:310131.9784	train/mean_soc:            0.2293
train/return_mean:       -311.9312	train/return_std:         30.2265	train/soc_reserve_reward:  0.0000	train/soc_violation:      62.2210
train/t_env:             128928.0000	train/total_power_loss:  14276.0560	value/target_mean:       8757.4931	
[INFO 21:10:30] root Updated all target networks (soft update tau=0.002)
[INFO 21:10:30] root Updated all target networks (soft update tau=0.002)
[INFO 21:10:31] root Updated all target networks (soft update tau=0.002)
[INFO 21:10:37] root Updated all target networks (soft update tau=0.002)
[INFO 21:10:37] root Updated all target networks (soft update tau=0.002)
[INFO 21:10:38] root Updated all target networks (soft update tau=0.002)
[INFO 21:10:39] root Updated all target networks (soft update tau=0.002)
[INFO 21:10:39] root Updated all target networks (soft update tau=0.002)
[INFO 21:10:40] root Updated all target networks (soft update tau=0.002)
[INFO 21:10:40] root Updated all target networks (soft update tau=0.002)
[INFO 21:10:41] root Updated all target networks (soft update tau=0.002)
[INFO 21:10:41] root Updated all target networks (soft update tau=0.002)
[INFO 21:10:42] root Updated all target networks (soft update tau=0.002)
[INFO 21:10:47] root Updated all target networks (soft update tau=0.002)
[INFO 21:10:48] root Updated all target networks (soft update tau=0.002)
[INFO 21:10:48] root Updated all target networks (soft update tau=0.002)
[INFO 21:10:49] root Updated all target networks (soft update tau=0.002)
[INFO 21:10:49] root Updated all target networks (soft update tau=0.002)
[INFO 21:10:50] root Updated all target networks (soft update tau=0.002)
[INFO 21:10:51] root Updated all target networks (soft update tau=0.002)
[INFO 21:10:51] root Updated all target networks (soft update tau=0.002)
[INFO 21:10:51] root Recent Stats | t_env:     130512 | Episode:     2928
agent_grad_norm:           4.8357	battery_punishment_reward_mean:-5037.7347	battle_won_mean:           1.0000	bess_cost_reward_mean:   -187.5269
buffer/episodes:         5394.0000	buy_cost_reward_mean:    -306827.0676	critic_grad_norm:        408936991.4000	critic_loss:             4842574.6000
ep_length_mean:           24.0000	episode_limit_mean:        1.0000	eval/best_reward:        -307.7286	eval/best_win_rate:        1.0000
eval/ea_reward:          -309.7596	eval/ea_win_rate:          1.0000	eval/rl_reward:          -309.4723	eval/rl_win_rate:          1.0000
generate_cost_reward_mean:-73.6243	grad/agent_norm:           4.8357	grad/critic_norm:        408936991.4000	grid_purchase_cost_mean: 306827.0676
loss/critic_loss:        4842574.6000	loss/policy_loss:        -9187.7633	mean_soc_mean:             0.2256	pg_loss:                 -9187.7633
return_mean:             -308.5954	return_std:               32.8231	soc_reserve_reward_mean:   0.0000	soc_violation_mean:       61.3263
target_mean:             8861.2066	test/battery_punishment_reward:-5431.1526	test/battle_won:           1.0000	test/bess_cost_reward:   -194.4583
test/buy_cost_reward:    -310855.0422	test/ep_length:           24.0000	test/episode_limit:        1.0000	test/generate_cost_reward:-66.7146
test/grid_purchase_cost: 310855.0422	test/mean_soc:             0.2000	test/return_mean:        -312.7543	test/return_std:          28.3441
test/soc_reserve_reward:   0.0000	test/soc_violation:       65.2537	test/total_power_loss:   14297.3829	test_battery_punishment_reward_mean:-5431.1526
test_battle_won_mean:      1.0000	test_bess_cost_reward_mean:-194.4583	test_buy_cost_reward_mean:-310855.0422	test_ep_length_mean:      24.0000
test_episode_limit_mean:   1.0000	test_generate_cost_reward_mean:-66.7146	test_grid_purchase_cost_mean:310855.0422	test_mean_soc_mean:        0.2000
test_return_mean:        -312.7543	test_return_std:          28.3441	test_soc_reserve_reward_mean:  0.0000	test_soc_violation_mean:  65.2537
test_total_power_loss_mean:14297.3829	total_power_loss_mean:   14143.4403	train/battery_punishment_reward:-5037.7347	train/battle_won:          1.0000
train/bess_cost_reward:  -187.5269	train/buy_cost_reward:   -306827.0676	train/ep_length:          24.0000	train/episode:           2906.0000
train/episode_limit:       1.0000	train/generate_cost_reward:-73.6243	train/grid_purchase_cost:306827.0676	train/mean_soc:            0.2256
train/return_mean:       -308.5954	train/return_std:         32.8231	train/soc_reserve_reward:  0.0000	train/soc_violation:      61.3263
train/t_env:             129456.0000	train/total_power_loss:  14143.4403	value/target_mean:       8861.2066	
[INFO 21:10:52] root Updated all target networks (soft update tau=0.002)
[INFO 21:10:52] root Updated all target networks (soft update tau=0.002)
[INFO 21:10:52] root t_env: 130560 / 300000
[INFO 21:10:52] root Estimated time left: 1 hours, 56 minutes, 29 seconds. Time passed: 45 minutes, 5 seconds
[INFO 21:10:59] root Updated all target networks (soft update tau=0.002)
[INFO 21:11:00] root Updated all target networks (soft update tau=0.002)
[INFO 21:11:00] root Updated all target networks (soft update tau=0.002)
[INFO 21:11:01] root Updated all target networks (soft update tau=0.002)
[INFO 21:11:02] root Updated all target networks (soft update tau=0.002)
[INFO 21:11:02] root Updated all target networks (soft update tau=0.002)
[INFO 21:11:03] root Updated all target networks (soft update tau=0.002)
[INFO 21:11:03] root Updated all target networks (soft update tau=0.002)
[INFO 21:11:04] root Updated all target networks (soft update tau=0.002)
[INFO 21:11:04] root Updated all target networks (soft update tau=0.002)
[INFO 21:11:10] root Updated all target networks (soft update tau=0.002)
[INFO 21:11:11] root Updated all target networks (soft update tau=0.002)
[INFO 21:11:12] root Updated all target networks (soft update tau=0.002)
[INFO 21:11:12] root Updated all target networks (soft update tau=0.002)
[INFO 21:11:13] root Updated all target networks (soft update tau=0.002)
[INFO 21:11:14] root Updated all target networks (soft update tau=0.002)
[INFO 21:11:14] root Saving models to results\models\facmac_smac__2026-06-15_20-25-46\130944
[INFO 21:11:14] root Updated all target networks (soft update tau=0.002)
[INFO 21:11:15] root Updated all target networks (soft update tau=0.002)
[INFO 21:11:16] root Updated all target networks (soft update tau=0.002)
[INFO 21:11:16] root Recent Stats | t_env:     131016 | Episode:     2939
agent_grad_norm:           6.3302	battery_punishment_reward_mean:-5028.5876	battle_won_mean:           1.0000	bess_cost_reward_mean:   -188.7267
buffer/episodes:         5416.0000	buy_cost_reward_mean:    -305783.0787	critic_grad_norm:        380704393.0000	critic_loss:             4838056.5000
ep_length_mean:           24.0000	episode_limit_mean:        1.0000	eval/best_reward:        -307.6164	eval/best_win_rate:        1.0000
eval/ea_reward:          -311.2026	eval/ea_win_rate:          1.0000	eval/rl_reward:          -308.4009	eval/rl_win_rate:          1.0000
generate_cost_reward_mean:-75.0889	grad/agent_norm:           6.3302	grad/critic_norm:        380704393.0000	grid_purchase_cost_mean: 305783.0787
loss/critic_loss:        4838056.5000	loss/policy_loss:        -9224.6750	mean_soc_mean:             0.2210	pg_loss:                 -9224.6750
return_mean:             -307.5493	return_std:               34.7199	soc_reserve_reward_mean:   0.0000	soc_violation_mean:       61.2609
target_mean:             8963.9171	test/battery_punishment_reward:-5411.9848	test/battle_won:           1.0000	test/bess_cost_reward:   -194.4489
test/buy_cost_reward:    -307440.7783	test/ep_length:           24.0000	test/episode_limit:        1.0000	test/generate_cost_reward:-76.2537
test/grid_purchase_cost: 307440.7783	test/mean_soc:             0.2000	test/return_mean:        -309.3372	test/return_std:          30.7186
test/soc_reserve_reward:   0.0000	test/soc_violation:       65.0719	test/total_power_loss:   14154.0426	test_battery_punishment_reward_mean:-5411.9848
test_battle_won_mean:      1.0000	test_bess_cost_reward_mean:-194.4489	test_buy_cost_reward_mean:-307440.7783	test_ep_length_mean:      24.0000
test_episode_limit_mean:   1.0000	test_generate_cost_reward_mean:-76.2537	test_grid_purchase_cost_mean:307440.7783	test_mean_soc_mean:        0.2000
test_return_mean:        -309.3372	test_return_std:          30.7186	test_soc_reserve_reward_mean:  0.0000	test_soc_violation_mean:  65.0719
test_total_power_loss_mean:14154.0426	total_power_loss_mean:   14107.8461	train/battery_punishment_reward:-5028.5876	train/battle_won:          1.0000
train/bess_cost_reward:  -188.7267	train/buy_cost_reward:   -305783.0787	train/ep_length:          24.0000	train/episode:           2917.0000
train/episode_limit:       1.0000	train/generate_cost_reward:-75.0889	train/grid_purchase_cost:305783.0787	train/mean_soc:            0.2210
train/return_mean:       -307.5493	train/return_std:         34.7199	train/soc_reserve_reward:  0.0000	train/soc_violation:      61.2609
train/t_env:             129984.0000	train/total_power_loss:  14107.8461	value/target_mean:       8963.9171	
[INFO 21:11:17] root Updated all target networks (soft update tau=0.002)
[INFO 21:11:22] root Updated all target networks (soft update tau=0.002)
[INFO 21:11:23] root Updated all target networks (soft update tau=0.002)
[INFO 21:11:24] root Updated all target networks (soft update tau=0.002)
[INFO 21:11:24] root Updated all target networks (soft update tau=0.002)
[INFO 21:11:25] root Updated all target networks (soft update tau=0.002)
[INFO 21:11:25] root Updated all target networks (soft update tau=0.002)
[INFO 21:11:26] root Updated all target networks (soft update tau=0.002)
[INFO 21:11:26] root Updated all target networks (soft update tau=0.002)
[INFO 21:11:27] root Updated all target networks (soft update tau=0.002)
[INFO 21:11:27] root Updated all target networks (soft update tau=0.002)
[INFO 21:11:33] root Updated all target networks (soft update tau=0.002)
[INFO 21:11:34] root Updated all target networks (soft update tau=0.002)
[INFO 21:11:34] root Updated all target networks (soft update tau=0.002)
[INFO 21:11:35] root Updated all target networks (soft update tau=0.002)
[INFO 21:11:35] root Updated all target networks (soft update tau=0.002)
[INFO 21:11:36] root Updated all target networks (soft update tau=0.002)
[INFO 21:11:37] root Updated all target networks (soft update tau=0.002)
[INFO 21:11:37] root Updated all target networks (soft update tau=0.002)
[INFO 21:11:38] root Updated all target networks (soft update tau=0.002)
[INFO 21:11:38] root Updated all target networks (soft update tau=0.002)
[INFO 21:11:38] root Recent Stats | t_env:     131520 | Episode:     2950
agent_grad_norm:           5.9895	battery_punishment_reward_mean:-5058.3725	battle_won_mean:           1.0000	bess_cost_reward_mean:   -188.6042
buffer/episodes:         5438.0000	buy_cost_reward_mean:    -309306.3420	critic_grad_norm:        321799589.8000	critic_loss:             4814784.6000
ep_length_mean:           24.0000	episode_limit_mean:        1.0000	eval/best_reward:        -307.6164	eval/best_win_rate:        1.0000
eval/ea_reward:          -311.2026	eval/ea_win_rate:          1.0000	eval/rl_reward:          -308.4009	eval/rl_win_rate:          1.0000
generate_cost_reward_mean:-72.5160	grad/agent_norm:           5.9895	grad/critic_norm:        321799589.8000	grid_purchase_cost_mean: 309306.3420
loss/critic_loss:        4814784.6000	loss/policy_loss:        -9378.5195	mean_soc_mean:             0.2214	pg_loss:                 -9378.5195
return_mean:             -311.0815	return_std:               35.9499	soc_reserve_reward_mean:   0.0000	soc_violation_mean:       61.5713
target_mean:             9065.6652	test/battery_punishment_reward:-5411.9848	test/battle_won:           1.0000	test/bess_cost_reward:   -194.4489
test/buy_cost_reward:    -307440.7783	test/ep_length:           24.0000	test/episode_limit:        1.0000	test/generate_cost_reward:-76.2537
test/grid_purchase_cost: 307440.7783	test/mean_soc:             0.2000	test/return_mean:        -309.3372	test/return_std:          30.7186
test/soc_reserve_reward:   0.0000	test/soc_violation:       65.0719	test/total_power_loss:   14154.0426	test_battery_punishment_reward_mean:-5411.9848
test_battle_won_mean:      1.0000	test_bess_cost_reward_mean:-194.4489	test_buy_cost_reward_mean:-307440.7783	test_ep_length_mean:      24.0000
test_episode_limit_mean:   1.0000	test_generate_cost_reward_mean:-76.2537	test_grid_purchase_cost_mean:307440.7783	test_mean_soc_mean:        0.2000
test_return_mean:        -309.3372	test_return_std:          30.7186	test_soc_reserve_reward_mean:  0.0000	test_soc_violation_mean:  65.0719
test_total_power_loss_mean:14154.0426	total_power_loss_mean:   14246.9630	train/battery_punishment_reward:-5058.3725	train/battle_won:          1.0000
train/bess_cost_reward:  -188.6042	train/buy_cost_reward:   -309306.3420	train/ep_length:          24.0000	train/episode:           2928.0000
train/episode_limit:       1.0000	train/generate_cost_reward:-72.5160	train/grid_purchase_cost:309306.3420	train/mean_soc:            0.2214
train/return_mean:       -311.0815	train/return_std:         35.9499	train/soc_reserve_reward:  0.0000	train/soc_violation:      61.5713
train/t_env:             130512.0000	train/total_power_loss:  14246.9630	value/target_mean:       9065.6652	
[INFO 21:11:43] root Updated all target networks (soft update tau=0.002)
[INFO 21:11:44] root Updated all target networks (soft update tau=0.002)
[INFO 21:11:44] root Updated all target networks (soft update tau=0.002)
[INFO 21:11:45] root Updated all target networks (soft update tau=0.002)
[INFO 21:11:45] root Updated all target networks (soft update tau=0.002)
[INFO 21:11:46] root Updated all target networks (soft update tau=0.002)
[INFO 21:11:46] root Updated all target networks (soft update tau=0.002)
[INFO 21:11:47] root Updated all target networks (soft update tau=0.002)
[INFO 21:11:47] root Updated all target networks (soft update tau=0.002)
[INFO 21:11:48] root Updated all target networks (soft update tau=0.002)
[INFO 21:11:53] root Updated all target networks (soft update tau=0.002)
[INFO 21:11:54] root Updated all target networks (soft update tau=0.002)
[INFO 21:11:54] root Updated all target networks (soft update tau=0.002)
[INFO 21:11:55] root Updated all target networks (soft update tau=0.002)
[INFO 21:11:55] root Updated all target networks (soft update tau=0.002)
[INFO 21:11:56] root Updated all target networks (soft update tau=0.002)
[INFO 21:11:56] root Updated all target networks (soft update tau=0.002)
[INFO 21:11:57] root Updated all target networks (soft update tau=0.002)
[INFO 21:11:57] root Updated all target networks (soft update tau=0.002)
[INFO 21:11:58] root Updated all target networks (soft update tau=0.002)
[INFO 21:12:03] root Updated all target networks (soft update tau=0.002)
[INFO 21:12:03] root Updated all target networks (soft update tau=0.002)
[INFO 21:12:04] root Updated all target networks (soft update tau=0.002)
[INFO 21:12:05] root Updated all target networks (soft update tau=0.002)
[INFO 21:12:05] root Updated all target networks (soft update tau=0.002)
[INFO 21:12:06] root Updated all target networks (soft update tau=0.002)
[INFO 21:12:06] root Recent Stats | t_env:     132144 | Episode:     2961
agent_grad_norm:           7.6297	battery_punishment_reward_mean:-5250.6284	battle_won_mean:           1.0000	bess_cost_reward_mean:   -186.0087
buffer/episodes:         5460.0000	buy_cost_reward_mean:    -309280.0996	critic_grad_norm:        261530029.0000	critic_loss:             4787532.2000
ep_length_mean:           24.0000	episode_limit_mean:        1.0000	eval/best_reward:        -307.6164	eval/best_win_rate:        1.0000
eval/ea_reward:          -311.2026	eval/ea_win_rate:          1.0000	eval/rl_reward:          -308.4009	eval/rl_win_rate:          1.0000
generate_cost_reward_mean:-66.9870	grad/agent_norm:           7.6297	grad/critic_norm:        261530029.0000	grid_purchase_cost_mean: 309280.0996
loss/critic_loss:        4787532.2000	loss/policy_loss:        -9428.9672	mean_soc_mean:             0.2313	pg_loss:                 -9428.9672
return_mean:             -311.1165	return_std:               35.1408	soc_reserve_reward_mean:   0.0000	soc_violation_mean:       63.4448
target_mean:             9163.3548	test/battery_punishment_reward:-5411.9848	test/battle_won:           1.0000	test/bess_cost_reward:   -194.4489
test/buy_cost_reward:    -307440.7783	test/ep_length:           24.0000	test/episode_limit:        1.0000	test/generate_cost_reward:-76.2537
test/grid_purchase_cost: 307440.7783	test/mean_soc:             0.2000	test/return_mean:        -309.3372	test/return_std:          30.7186
test/soc_reserve_reward:   0.0000	test/soc_violation:       65.0719	test/total_power_loss:   14154.0426	test_battery_punishment_reward_mean:-5411.9848
test_battle_won_mean:      1.0000	test_bess_cost_reward_mean:-194.4489	test_buy_cost_reward_mean:-307440.7783	test_ep_length_mean:      24.0000
test_episode_limit_mean:   1.0000	test_generate_cost_reward_mean:-76.2537	test_grid_purchase_cost_mean:307440.7783	test_mean_soc_mean:        0.2000
test_return_mean:        -309.3372	test_return_std:          30.7186	test_soc_reserve_reward_mean:  0.0000	test_soc_violation_mean:  65.0719
test_total_power_loss_mean:14154.0426	total_power_loss_mean:   14229.7649	train/battery_punishment_reward:-5250.6284	train/battle_won:          1.0000
train/bess_cost_reward:  -186.0087	train/buy_cost_reward:   -309280.0996	train/ep_length:          24.0000	train/episode:           2939.0000
train/episode_limit:       1.0000	train/generate_cost_reward:-66.9870	train/grid_purchase_cost:309280.0996	train/mean_soc:            0.2313
train/return_mean:       -311.1165	train/return_std:         35.1408	train/soc_reserve_reward:  0.0000	train/soc_violation:      63.4448
train/t_env:             131040.0000	train/total_power_loss:  14229.7649	value/target_mean:       9163.3548	
[INFO 21:12:06] root Updated all target networks (soft update tau=0.002)
[INFO 21:12:07] root Updated all target networks (soft update tau=0.002)
[INFO 21:12:07] root Updated all target networks (soft update tau=0.002)
[INFO 21:12:08] root Updated all target networks (soft update tau=0.002)
[INFO 21:12:13] root Updated all target networks (soft update tau=0.002)
[INFO 21:12:14] root Updated all target networks (soft update tau=0.002)
[INFO 21:12:15] root Updated all target networks (soft update tau=0.002)
[INFO 21:12:15] root Updated all target networks (soft update tau=0.002)
[INFO 21:12:16] root Updated all target networks (soft update tau=0.002)
[INFO 21:12:16] root Updated all target networks (soft update tau=0.002)
[INFO 21:12:17] root Updated all target networks (soft update tau=0.002)
[INFO 21:12:17] root Updated all target networks (soft update tau=0.002)
[INFO 21:12:18] root Updated all target networks (soft update tau=0.002)
[INFO 21:12:18] root Updated all target networks (soft update tau=0.002)
[INFO 21:12:23] root Updated all target networks (soft update tau=0.002)
[INFO 21:12:24] root Updated all target networks (soft update tau=0.002)
[INFO 21:12:24] root Updated all target networks (soft update tau=0.002)
[INFO 21:12:25] root Updated all target networks (soft update tau=0.002)
[INFO 21:12:26] root Updated all target networks (soft update tau=0.002)
[INFO 21:12:26] root Updated all target networks (soft update tau=0.002)
[INFO 21:12:26] root t_env: 132624 / 300000
[INFO 21:12:26] root Estimated time left: 2 hours, 6 minutes, 54 seconds. Time passed: 46 minutes, 39 seconds
[INFO 21:12:28] root Updated all target networks (soft update tau=0.002)
[INFO 21:12:29] root Recent Stats | t_env:     132648 | Episode:     2972
agent_grad_norm:           6.7518	battery_punishment_reward_mean:-5195.4940	battle_won_mean:           1.0000	bess_cost_reward_mean:   -180.3667
buffer/episodes:         5482.0000	buy_cost_reward_mean:    -305979.8799	critic_grad_norm:        198246675.4000	critic_loss:             4720089.8000
ep_length_mean:           24.0000	episode_limit_mean:        1.0000	eval/best_reward:        -307.6740	eval/best_win_rate:        1.0000
eval/ea_reward:          -311.2602	eval/ea_win_rate:          1.0000	eval/rl_reward:          -309.4603	eval/rl_win_rate:          1.0000
generate_cost_reward_mean:-65.8053	grad/agent_norm:           6.7518	grad/critic_norm:        198246675.4000	grid_purchase_cost_mean: 305979.8799
loss/critic_loss:        4720089.8000	loss/policy_loss:        -9296.6676	mean_soc_mean:             0.2519	pg_loss:                 -9296.6676
return_mean:             -307.7956	return_std:               34.6298	soc_reserve_reward_mean:   0.0000	soc_violation_mean:       62.8974
target_mean:             9259.7008	test/battery_punishment_reward:-4834.3441	test/battle_won:           1.0000	test/bess_cost_reward:   -161.7302
test/buy_cost_reward:    -305426.3418	test/ep_length:           24.0000	test/episode_limit:        1.0000	test/generate_cost_reward:-78.2818
test/grid_purchase_cost: 305426.3418	test/mean_soc:             0.3198	test/return_mean:        -307.1200	test/return_std:          29.4651
test/soc_reserve_reward:   0.0000	test/soc_violation:       59.2345	test/total_power_loss:   14078.9974	test_battery_punishment_reward_mean:-4834.3441
test_battle_won_mean:      1.0000	test_bess_cost_reward_mean:-161.7302	test_buy_cost_reward_mean:-305426.3418	test_ep_length_mean:      24.0000
test_episode_limit_mean:   1.0000	test_generate_cost_reward_mean:-78.2818	test_grid_purchase_cost_mean:305426.3418	test_mean_soc_mean:        0.3198
test_return_mean:        -307.1200	test_return_std:          29.4651	test_soc_reserve_reward_mean:  0.0000	test_soc_violation_mean:  59.2345
test_total_power_loss_mean:14078.9974	total_power_loss_mean:   14093.5517	train/battery_punishment_reward:-5195.4940	train/battle_won:          1.0000
train/bess_cost_reward:  -180.3667	train/buy_cost_reward:   -305979.8799	train/ep_length:          24.0000	train/episode:           2950.0000
train/episode_limit:       1.0000	train/generate_cost_reward:-65.8053	train/grid_purchase_cost:305979.8799	train/mean_soc:            0.2519
train/return_mean:       -307.7956	train/return_std:         34.6298	train/soc_reserve_reward:  0.0000	train/soc_violation:      62.8974
train/t_env:             131568.0000	train/total_power_loss:  14093.5517	value/target_mean:       9259.7008	
[INFO 21:12:29] root Updated all target networks (soft update tau=0.002)
[INFO 21:12:30] root Updated all target networks (soft update tau=0.002)
[INFO 21:12:30] root Updated all target networks (soft update tau=0.002)
[INFO 21:12:36] root Updated all target networks (soft update tau=0.002)
[INFO 21:12:37] root Updated all target networks (soft update tau=0.002)
[INFO 21:12:37] root Updated all target networks (soft update tau=0.002)
[INFO 21:12:38] root Updated all target networks (soft update tau=0.002)
[INFO 21:12:38] root Updated all target networks (soft update tau=0.002)
[INFO 21:12:39] root Updated all target networks (soft update tau=0.002)
[INFO 21:12:39] root Updated all target networks (soft update tau=0.002)
[INFO 21:12:40] root Updated all target networks (soft update tau=0.002)
[INFO 21:12:41] root Updated all target networks (soft update tau=0.002)
[INFO 21:12:41] root Updated all target networks (soft update tau=0.002)
[INFO 21:12:47] root Updated all target networks (soft update tau=0.002)
[INFO 21:12:48] root Updated all target networks (soft update tau=0.002)
[INFO 21:12:49] root Updated all target networks (soft update tau=0.002)
[INFO 21:12:49] root Updated all target networks (soft update tau=0.002)
[INFO 21:12:50] root Updated all target networks (soft update tau=0.002)
[INFO 21:12:50] root Updated all target networks (soft update tau=0.002)
[INFO 21:12:51] root Updated all target networks (soft update tau=0.002)
[INFO 21:12:51] root Updated all target networks (soft update tau=0.002)
[INFO 21:12:51] root Recent Stats | t_env:     133152 | Episode:     2983
agent_grad_norm:           7.6451	battery_punishment_reward_mean:-5176.4220	battle_won_mean:           1.0000	bess_cost_reward_mean:   -177.2809
buffer/episodes:         5504.0000	buy_cost_reward_mean:    -305075.5418	critic_grad_norm:        247893988.0000	critic_loss:             4693500.2000
ep_length_mean:           24.0000	episode_limit_mean:        1.0000	eval/best_reward:        -307.6740	eval/best_win_rate:        1.0000
eval/ea_reward:          -311.2602	eval/ea_win_rate:          1.0000	eval/rl_reward:          -309.4603	eval/rl_win_rate:          1.0000
generate_cost_reward_mean:-68.2712	grad/agent_norm:           7.6451	grad/critic_norm:        247893988.0000	grid_purchase_cost_mean: 305075.5418
loss/critic_loss:        4693500.2000	loss/policy_loss:        -9356.2084	mean_soc_mean:             0.2631	pg_loss:                 -9356.2084
return_mean:             -306.8848	return_std:               33.7537	soc_reserve_reward_mean:   0.0000	soc_violation_mean:       62.6836
target_mean:             9350.9749	test/battery_punishment_reward:-4834.3441	test/battle_won:           1.0000	test/bess_cost_reward:   -161.7302
test/buy_cost_reward:    -305426.3418	test/ep_length:           24.0000	test/episode_limit:        1.0000	test/generate_cost_reward:-78.2818
test/grid_purchase_cost: 305426.3418	test/mean_soc:             0.3198	test/return_mean:        -307.1200	test/return_std:          29.4651
test/soc_reserve_reward:   0.0000	test/soc_violation:       59.2345	test/total_power_loss:   14078.9974	test_battery_punishment_reward_mean:-4834.3441
test_battle_won_mean:      1.0000	test_bess_cost_reward_mean:-161.7302	test_buy_cost_reward_mean:-305426.3418	test_ep_length_mean:      24.0000
test_episode_limit_mean:   1.0000	test_generate_cost_reward_mean:-78.2818	test_grid_purchase_cost_mean:305426.3418	test_mean_soc_mean:        0.3198
test_return_mean:        -307.1200	test_return_std:          29.4651	test_soc_reserve_reward_mean:  0.0000	test_soc_violation_mean:  59.2345
test_total_power_loss_mean:14078.9974	total_power_loss_mean:   14043.6907	train/battery_punishment_reward:-5176.4220	train/battle_won:          1.0000
train/bess_cost_reward:  -177.2809	train/buy_cost_reward:   -305075.5418	train/ep_length:          24.0000	train/episode:           2961.0000
train/episode_limit:       1.0000	train/generate_cost_reward:-68.2712	train/grid_purchase_cost:305075.5418	train/mean_soc:            0.2631
train/return_mean:       -306.8848	train/return_std:         33.7537	train/soc_reserve_reward:  0.0000	train/soc_violation:      62.6836
train/t_env:             132096.0000	train/total_power_loss:  14043.6907	value/target_mean:       9350.9749	
[INFO 21:12:52] root Updated all target networks (soft update tau=0.002)
[INFO 21:12:52] root Updated all target networks (soft update tau=0.002)
[INFO 21:12:58] root Updated all target networks (soft update tau=0.002)
[INFO 21:12:58] root Updated all target networks (soft update tau=0.002)
[INFO 21:12:59] root Updated all target networks (soft update tau=0.002)
[INFO 21:12:59] root Updated all target networks (soft update tau=0.002)
[INFO 21:13:00] root Updated all target networks (soft update tau=0.002)
[INFO 21:13:00] root Updated all target networks (soft update tau=0.002)
[INFO 21:13:01] root Updated all target networks (soft update tau=0.002)
[INFO 21:13:01] root Updated all target networks (soft update tau=0.002)
[INFO 21:13:02] root Updated all target networks (soft update tau=0.002)
[INFO 21:13:03] root Updated all target networks (soft update tau=0.002)
[INFO 21:13:08] root Updated all target networks (soft update tau=0.002)
[INFO 21:13:09] root Updated all target networks (soft update tau=0.002)
[INFO 21:13:09] root Updated all target networks (soft update tau=0.002)
[INFO 21:13:10] root Updated all target networks (soft update tau=0.002)
[INFO 21:13:11] root Updated all target networks (soft update tau=0.002)
[INFO 21:13:11] root Updated all target networks (soft update tau=0.002)
[INFO 21:13:12] root Updated all target networks (soft update tau=0.002)
[INFO 21:13:12] root Updated all target networks (soft update tau=0.002)
[INFO 21:13:13] root Updated all target networks (soft update tau=0.002)
[INFO 21:13:13] root Recent Stats | t_env:     133656 | Episode:     2994
agent_grad_norm:           6.7484	battery_punishment_reward_mean:-5116.3398	battle_won_mean:           1.0000	bess_cost_reward_mean:   -174.0994
buffer/episodes:         5526.0000	buy_cost_reward_mean:    -304432.8077	critic_grad_norm:        361858743.2000	critic_loss:             4682157.8000
ep_length_mean:           24.0000	episode_limit_mean:        1.0000	eval/best_reward:        -307.6740	eval/best_win_rate:        1.0000
eval/ea_reward:          -311.2602	eval/ea_win_rate:          1.0000	eval/rl_reward:          -309.4603	eval/rl_win_rate:          1.0000
generate_cost_reward_mean:-70.7038	grad/agent_norm:           6.7484	grad/critic_norm:        361858743.2000	grid_purchase_cost_mean: 304432.8077
loss/critic_loss:        4682157.8000	loss/policy_loss:        -9493.7484	mean_soc_mean:             0.2753	pg_loss:                 -9493.7484
return_mean:             -306.2218	return_std:               32.3401	soc_reserve_reward_mean:   0.0000	soc_violation_mean:       62.0835
target_mean:             9435.7439	test/battery_punishment_reward:-4834.3441	test/battle_won:           1.0000	test/bess_cost_reward:   -161.7302
test/buy_cost_reward:    -305426.3418	test/ep_length:           24.0000	test/episode_limit:        1.0000	test/generate_cost_reward:-78.2818
test/grid_purchase_cost: 305426.3418	test/mean_soc:             0.3198	test/return_mean:        -307.1200	test/return_std:          29.4651
test/soc_reserve_reward:   0.0000	test/soc_violation:       59.2345	test/total_power_loss:   14078.9974	test_battery_punishment_reward_mean:-4834.3441
test_battle_won_mean:      1.0000	test_bess_cost_reward_mean:-161.7302	test_buy_cost_reward_mean:-305426.3418	test_ep_length_mean:      24.0000
test_episode_limit_mean:   1.0000	test_generate_cost_reward_mean:-78.2818	test_grid_purchase_cost_mean:305426.3418	test_mean_soc_mean:        0.3198
test_return_mean:        -307.1200	test_return_std:          29.4651	test_soc_reserve_reward_mean:  0.0000	test_soc_violation_mean:  59.2345
test_total_power_loss_mean:14078.9974	total_power_loss_mean:   14025.9094	train/battery_punishment_reward:-5116.3398	train/battle_won:          1.0000
train/bess_cost_reward:  -174.0994	train/buy_cost_reward:   -304432.8077	train/ep_length:          24.0000	train/episode:           2972.0000
train/episode_limit:       1.0000	train/generate_cost_reward:-70.7038	train/grid_purchase_cost:304432.8077	train/mean_soc:            0.2753
train/return_mean:       -306.2218	train/return_std:         32.3401	train/soc_reserve_reward:  0.0000	train/soc_violation:      62.0835
train/t_env:             132624.0000	train/total_power_loss:  14025.9094	value/target_mean:       9435.7439	
[INFO 21:13:13] root Updated all target networks (soft update tau=0.002)
[INFO 21:13:19] root Updated all target networks (soft update tau=0.002)
[INFO 21:13:19] root Updated all target networks (soft update tau=0.002)
[INFO 21:13:20] root Updated all target networks (soft update tau=0.002)
[INFO 21:13:20] root Updated all target networks (soft update tau=0.002)
[INFO 21:13:21] root Updated all target networks (soft update tau=0.002)
[INFO 21:13:21] root Updated all target networks (soft update tau=0.002)
[INFO 21:13:22] root Updated all target networks (soft update tau=0.002)
[INFO 21:13:22] root Updated all target networks (soft update tau=0.002)
[INFO 21:13:23] root Updated all target networks (soft update tau=0.002)
[INFO 21:13:24] root Updated all target networks (soft update tau=0.002)
[INFO 21:13:29] root Updated all target networks (soft update tau=0.002)
[INFO 21:13:29] root Updated all target networks (soft update tau=0.002)
[INFO 21:13:30] root Updated all target networks (soft update tau=0.002)
[INFO 21:13:30] root Updated all target networks (soft update tau=0.002)
[INFO 21:13:31] root Updated all target networks (soft update tau=0.002)
[INFO 21:13:31] root Updated all target networks (soft update tau=0.002)
[INFO 21:13:32] root Updated all target networks (soft update tau=0.002)
[INFO 21:13:32] root Updated all target networks (soft update tau=0.002)
[INFO 21:13:33] root Updated all target networks (soft update tau=0.002)
[INFO 21:13:33] root Updated all target networks (soft update tau=0.002)
[INFO 21:13:33] root Recent Stats | t_env:     134160 | Episode:     3005
agent_grad_norm:           7.0447	battery_punishment_reward_mean:-5059.8602	battle_won_mean:           1.0000	bess_cost_reward_mean:   -170.1913
buffer/episodes:         5548.0000	buy_cost_reward_mean:    -302350.8191	critic_grad_norm:        412860077.6000	critic_loss:             4642141.4000
ep_length_mean:           24.0000	episode_limit_mean:        1.0000	eval/best_reward:        -307.6740	eval/best_win_rate:        1.0000
eval/ea_reward:          -311.2602	eval/ea_win_rate:          1.0000	eval/rl_reward:          -309.4603	eval/rl_win_rate:          1.0000
generate_cost_reward_mean:-71.5508	grad/agent_norm:           7.0447	grad/critic_norm:        412860077.6000	grid_purchase_cost_mean: 302350.8191
loss/critic_loss:        4642141.4000	loss/policy_loss:        -9581.9082	mean_soc_mean:             0.2898	pg_loss:                 -9581.9082
return_mean:             -304.1200	return_std:               33.5016	soc_reserve_reward_mean:   0.0000	soc_violation_mean:       61.5235
target_mean:             9515.8332	test/battery_punishment_reward:-4834.3441	test/battle_won:           1.0000	test/bess_cost_reward:   -161.7302
test/buy_cost_reward:    -305426.3418	test/ep_length:           24.0000	test/episode_limit:        1.0000	test/generate_cost_reward:-78.2818
test/grid_purchase_cost: 305426.3418	test/mean_soc:             0.3198	test/return_mean:        -307.1200	test/return_std:          29.4651
test/soc_reserve_reward:   0.0000	test/soc_violation:       59.2345	test/total_power_loss:   14078.9974	test_battery_punishment_reward_mean:-4834.3441
test_battle_won_mean:      1.0000	test_bess_cost_reward_mean:-161.7302	test_buy_cost_reward_mean:-305426.3418	test_ep_length_mean:      24.0000
test_episode_limit_mean:   1.0000	test_generate_cost_reward_mean:-78.2818	test_grid_purchase_cost_mean:305426.3418	test_mean_soc_mean:        0.3198
test_return_mean:        -307.1200	test_return_std:          29.4651	test_soc_reserve_reward_mean:  0.0000	test_soc_violation_mean:  59.2345
test_total_power_loss_mean:14078.9974	total_power_loss_mean:   13937.6917	train/battery_punishment_reward:-5059.8602	train/battle_won:          1.0000
train/bess_cost_reward:  -170.1913	train/buy_cost_reward:   -302350.8191	train/ep_length:          24.0000	train/episode:           2983.0000
train/episode_limit:       1.0000	train/generate_cost_reward:-71.5508	train/grid_purchase_cost:302350.8191	train/mean_soc:            0.2898
train/return_mean:       -304.1200	train/return_std:         33.5016	train/soc_reserve_reward:  0.0000	train/soc_violation:      61.5235
train/t_env:             133152.0000	train/total_power_loss:  13937.6917	value/target_mean:       9515.8332	
[INFO 21:13:38] root Updated all target networks (soft update tau=0.002)
[INFO 21:13:38] root Updated all target networks (soft update tau=0.002)
[INFO 21:13:39] root Updated all target networks (soft update tau=0.002)
[INFO 21:13:39] root Updated all target networks (soft update tau=0.002)
[INFO 21:13:40] root Updated all target networks (soft update tau=0.002)
[INFO 21:13:40] root Updated all target networks (soft update tau=0.002)
[INFO 21:13:41] root Updated all target networks (soft update tau=0.002)
[INFO 21:13:41] root Updated all target networks (soft update tau=0.002)
[INFO 21:13:42] root Updated all target networks (soft update tau=0.002)
[INFO 21:13:42] root Updated all target networks (soft update tau=0.002)
[INFO 21:13:46] root Updated all target networks (soft update tau=0.002)
[INFO 21:13:47] root Updated all target networks (soft update tau=0.002)
[INFO 21:13:48] root Updated all target networks (soft update tau=0.002)
[INFO 21:13:48] root Updated all target networks (soft update tau=0.002)
[INFO 21:13:49] root Updated all target networks (soft update tau=0.002)
[INFO 21:13:49] root Updated all target networks (soft update tau=0.002)
[INFO 21:13:50] root Updated all target networks (soft update tau=0.002)
[INFO 21:13:50] root Updated all target networks (soft update tau=0.002)
[INFO 21:13:51] root Updated all target networks (soft update tau=0.002)
[INFO 21:13:52] root Updated all target networks (soft update tau=0.002)
[INFO 21:13:52] root t_env: 134640 / 300000
[INFO 21:13:52] root Estimated time left: 1 hours, 56 minutes, 55 seconds. Time passed: 48 minutes, 5 seconds
[INFO 21:13:59] root Updated all target networks (soft update tau=0.002)
[INFO 21:13:59] root Updated all target networks (soft update tau=0.002)
[INFO 21:14:00] root Updated all target networks (soft update tau=0.002)
[INFO 21:14:00] root Updated all target networks (soft update tau=0.002)
[INFO 21:14:01] root Updated all target networks (soft update tau=0.002)
[INFO 21:14:01] root Updated all target networks (soft update tau=0.002)
[INFO 21:14:01] root Recent Stats | t_env:     134784 | Episode:     3016
agent_grad_norm:           6.4476	battery_punishment_reward_mean:-5027.7667	battle_won_mean:           1.0000	bess_cost_reward_mean:   -172.4462
buffer/episodes:         5570.0000	buy_cost_reward_mean:    -300909.2593	critic_grad_norm:        502203091.2000	critic_loss:             4607958.5000
ep_length_mean:           24.0000	episode_limit_mean:        1.0000	eval/best_reward:        -307.3013	eval/best_win_rate:        1.0000
eval/ea_reward:          -310.6695	eval/ea_win_rate:          1.0000	eval/rl_reward:          -309.0875	eval/rl_win_rate:          1.0000
generate_cost_reward_mean:-73.1869	grad/agent_norm:           6.4476	grad/critic_norm:        502203091.2000	grid_purchase_cost_mean: 300909.2593
loss/critic_loss:        4607958.5000	loss/policy_loss:        -9628.3086	mean_soc_mean:             0.2814	pg_loss:                 -9628.3086
return_mean:             -302.6691	return_std:               33.3942	soc_reserve_reward_mean:   0.0000	soc_violation_mean:       61.2311
target_mean:             9589.4340	test/battery_punishment_reward:-3885.3767	test/battle_won:           1.0000	test/bess_cost_reward:   -160.4029
test/buy_cost_reward:    -303893.7807	test/ep_length:           24.0000	test/episode_limit:        1.0000	test/generate_cost_reward:-81.0104
test/grid_purchase_cost: 303893.7807	test/mean_soc:             0.3240	test/return_mean:        -305.2717	test/return_std:          33.0591
test/soc_reserve_reward:   0.0000	test/soc_violation:       49.6926	test/total_power_loss:   14019.0467	test_battery_punishment_reward_mean:-3885.3767
test_battle_won_mean:      1.0000	test_bess_cost_reward_mean:-160.4029	test_buy_cost_reward_mean:-303893.7807	test_ep_length_mean:      24.0000
test_episode_limit_mean:   1.0000	test_generate_cost_reward_mean:-81.0104	test_grid_purchase_cost_mean:303893.7807	test_mean_soc_mean:        0.3240
test_return_mean:        -305.2717	test_return_std:          33.0591	test_soc_reserve_reward_mean:  0.0000	test_soc_violation_mean:  49.6926
test_total_power_loss_mean:14019.0467	total_power_loss_mean:   13883.0892	train/battery_punishment_reward:-5027.7667	train/battle_won:          1.0000
train/bess_cost_reward:  -172.4462	train/buy_cost_reward:   -300909.2593	train/ep_length:          24.0000	train/episode:           2994.0000
train/episode_limit:       1.0000	train/generate_cost_reward:-73.1869	train/grid_purchase_cost:300909.2593	train/mean_soc:            0.2814
train/return_mean:       -302.6691	train/return_std:         33.3942	train/soc_reserve_reward:  0.0000	train/soc_violation:      61.2311
train/t_env:             133680.0000	train/total_power_loss:  13883.0892	value/target_mean:       9589.4340	
[INFO 21:14:02] root Updated all target networks (soft update tau=0.002)
[INFO 21:14:03] root Updated all target networks (soft update tau=0.002)
[INFO 21:14:03] root Updated all target networks (soft update tau=0.002)
[INFO 21:14:04] root Updated all target networks (soft update tau=0.002)
[INFO 21:14:09] root Updated all target networks (soft update tau=0.002)
[INFO 21:14:09] root Updated all target networks (soft update tau=0.002)
[INFO 21:14:10] root Updated all target networks (soft update tau=0.002)
[INFO 21:14:10] root Updated all target networks (soft update tau=0.002)
[INFO 21:14:11] root Updated all target networks (soft update tau=0.002)
[INFO 21:14:11] root Updated all target networks (soft update tau=0.002)
[INFO 21:14:12] root Updated all target networks (soft update tau=0.002)
[INFO 21:14:13] root Updated all target networks (soft update tau=0.002)
[INFO 21:14:13] root Updated all target networks (soft update tau=0.002)
[INFO 21:14:14] root Updated all target networks (soft update tau=0.002)
[INFO 21:14:18] root Updated all target networks (soft update tau=0.002)
[INFO 21:14:19] root Updated all target networks (soft update tau=0.002)
[INFO 21:14:19] root Updated all target networks (soft update tau=0.002)
[INFO 21:14:20] root Updated all target networks (soft update tau=0.002)
[INFO 21:14:20] root Updated all target networks (soft update tau=0.002)
[INFO 21:14:21] root Updated all target networks (soft update tau=0.002)
[INFO 21:14:22] root Updated all target networks (soft update tau=0.002)
[INFO 21:14:22] root Recent Stats | t_env:     135288 | Episode:     3027
agent_grad_norm:           6.1707	battery_punishment_reward_mean:-5040.5439	battle_won_mean:           1.0000	bess_cost_reward_mean:   -176.4834
buffer/episodes:         5592.0000	buy_cost_reward_mean:    -307293.4345	critic_grad_norm:        522668256.0000	critic_loss:             4558574.2000
ep_length_mean:           24.0000	episode_limit_mean:        1.0000	eval/best_reward:        -307.3013	eval/best_win_rate:        1.0000
eval/ea_reward:          -310.6695	eval/ea_win_rate:          1.0000	eval/rl_reward:          -309.0875	eval/rl_win_rate:          1.0000
generate_cost_reward_mean:-73.6982	grad/agent_norm:           6.1707	grad/critic_norm:        522668256.0000	grid_purchase_cost_mean: 307293.4345
loss/critic_loss:        4558574.2000	loss/policy_loss:        -9812.8621	mean_soc_mean:             0.2666	pg_loss:                 -9812.8621
return_mean:             -309.0591	return_std:               32.0421	soc_reserve_reward_mean:   0.0000	soc_violation_mean:       61.3237
target_mean:             9659.1324	test/battery_punishment_reward:-3885.3767	test/battle_won:           1.0000	test/bess_cost_reward:   -160.4029
test/buy_cost_reward:    -303893.7807	test/ep_length:           24.0000	test/episode_limit:        1.0000	test/generate_cost_reward:-81.0104
test/grid_purchase_cost: 303893.7807	test/mean_soc:             0.3240	test/return_mean:        -305.2717	test/return_std:          33.0591
test/soc_reserve_reward:   0.0000	test/soc_violation:       49.6926	test/total_power_loss:   14019.0467	test_battery_punishment_reward_mean:-3885.3767
test_battle_won_mean:      1.0000	test_bess_cost_reward_mean:-160.4029	test_buy_cost_reward_mean:-303893.7807	test_ep_length_mean:      24.0000
test_episode_limit_mean:   1.0000	test_generate_cost_reward_mean:-81.0104	test_grid_purchase_cost_mean:303893.7807	test_mean_soc_mean:        0.3240
test_return_mean:        -305.2717	test_return_std:          33.0591	test_soc_reserve_reward_mean:  0.0000	test_soc_violation_mean:  49.6926
test_total_power_loss_mean:14019.0467	total_power_loss_mean:   14141.9055	train/battery_punishment_reward:-5040.5439	train/battle_won:          1.0000
train/bess_cost_reward:  -176.4834	train/buy_cost_reward:   -307293.4345	train/ep_length:          24.0000	train/episode:           3005.0000
train/episode_limit:       1.0000	train/generate_cost_reward:-73.6982	train/grid_purchase_cost:307293.4345	train/mean_soc:            0.2666
train/return_mean:       -309.0591	train/return_std:         32.0421	train/soc_reserve_reward:  0.0000	train/soc_violation:      61.3237
train/t_env:             134208.0000	train/total_power_loss:  14141.9055	value/target_mean:       9659.1324	
[INFO 21:14:22] root Updated all target networks (soft update tau=0.002)
[INFO 21:14:23] root Updated all target networks (soft update tau=0.002)
[INFO 21:14:24] root Updated all target networks (soft update tau=0.002)
[INFO 21:14:29] root Updated all target networks (soft update tau=0.002)
[INFO 21:14:29] root Updated all target networks (soft update tau=0.002)
[INFO 21:14:30] root Updated all target networks (soft update tau=0.002)
[INFO 21:14:30] root Updated all target networks (soft update tau=0.002)
[INFO 21:14:31] root Updated all target networks (soft update tau=0.002)
[INFO 21:14:31] root Updated all target networks (soft update tau=0.002)
[INFO 21:14:32] root Updated all target networks (soft update tau=0.002)
[INFO 21:14:32] root Updated all target networks (soft update tau=0.002)
[INFO 21:14:33] root Updated all target networks (soft update tau=0.002)
[INFO 21:14:33] root Updated all target networks (soft update tau=0.002)
[INFO 21:14:39] root Updated all target networks (soft update tau=0.002)
[INFO 21:14:39] root Updated all target networks (soft update tau=0.002)
[INFO 21:14:40] root Updated all target networks (soft update tau=0.002)
[INFO 21:14:40] root Updated all target networks (soft update tau=0.002)
[INFO 21:14:41] root Updated all target networks (soft update tau=0.002)
[INFO 21:14:41] root Updated all target networks (soft update tau=0.002)
[INFO 21:14:42] root Updated all target networks (soft update tau=0.002)
[INFO 21:14:43] root Updated all target networks (soft update tau=0.002)
[INFO 21:14:43] root Recent Stats | t_env:     135792 | Episode:     3038
agent_grad_norm:           5.9424	battery_punishment_reward_mean:-4974.9888	battle_won_mean:           1.0000	bess_cost_reward_mean:   -181.2259
buffer/episodes:         5614.0000	buy_cost_reward_mean:    -309628.6150	critic_grad_norm:        554285158.4000	critic_loss:             4510206.4000
ep_length_mean:           24.0000	episode_limit_mean:        1.0000	eval/best_reward:        -307.3013	eval/best_win_rate:        1.0000
eval/ea_reward:          -310.6695	eval/ea_win_rate:          1.0000	eval/rl_reward:          -309.0875	eval/rl_win_rate:          1.0000
generate_cost_reward_mean:-70.8943	grad/agent_norm:           5.9424	grad/critic_norm:        554285158.4000	grid_purchase_cost_mean: 309628.6150
loss/critic_loss:        4510206.4000	loss/policy_loss:        -9865.3670	mean_soc_mean:             0.2492	pg_loss:                 -9865.3670
return_mean:             -311.3730	return_std:               30.5379	soc_reserve_reward_mean:   0.0000	soc_violation_mean:       60.5802
target_mean:             9722.7924	test/battery_punishment_reward:-3885.3767	test/battle_won:           1.0000	test/bess_cost_reward:   -160.4029
test/buy_cost_reward:    -303893.7807	test/ep_length:           24.0000	test/episode_limit:        1.0000	test/generate_cost_reward:-81.0104
test/grid_purchase_cost: 303893.7807	test/mean_soc:             0.3240	test/return_mean:        -305.2717	test/return_std:          33.0591
test/soc_reserve_reward:   0.0000	test/soc_violation:       49.6926	test/total_power_loss:   14019.0467	test_battery_punishment_reward_mean:-3885.3767
test_battle_won_mean:      1.0000	test_bess_cost_reward_mean:-160.4029	test_buy_cost_reward_mean:-303893.7807	test_ep_length_mean:      24.0000
test_episode_limit_mean:   1.0000	test_generate_cost_reward_mean:-81.0104	test_grid_purchase_cost_mean:303893.7807	test_mean_soc_mean:        0.3240
test_return_mean:        -305.2717	test_return_std:          33.0591	test_soc_reserve_reward_mean:  0.0000	test_soc_violation_mean:  49.6926
test_total_power_loss_mean:14019.0467	total_power_loss_mean:   14238.9735	train/battery_punishment_reward:-4974.9888	train/battle_won:          1.0000
train/bess_cost_reward:  -181.2259	train/buy_cost_reward:   -309628.6150	train/ep_length:          24.0000	train/episode:           3016.0000
train/episode_limit:       1.0000	train/generate_cost_reward:-70.8943	train/grid_purchase_cost:309628.6150	train/mean_soc:            0.2492
train/return_mean:       -311.3730	train/return_std:         30.5379	train/soc_reserve_reward:  0.0000	train/soc_violation:      60.5802
train/t_env:             134736.0000	train/total_power_loss:  14238.9735	value/target_mean:       9722.7924	
[INFO 21:14:43] root Updated all target networks (soft update tau=0.002)
[INFO 21:14:44] root Updated all target networks (soft update tau=0.002)
[INFO 21:14:49] root Updated all target networks (soft update tau=0.002)
[INFO 21:14:50] root Updated all target networks (soft update tau=0.002)
[INFO 21:14:51] root Updated all target networks (soft update tau=0.002)
[INFO 21:14:51] root Updated all target networks (soft update tau=0.002)
[INFO 21:14:52] root Updated all target networks (soft update tau=0.002)
[INFO 21:14:52] root Updated all target networks (soft update tau=0.002)
[INFO 21:14:53] root Updated all target networks (soft update tau=0.002)
[INFO 21:14:53] root Updated all target networks (soft update tau=0.002)
[INFO 21:14:54] root Updated all target networks (soft update tau=0.002)
[INFO 21:14:54] root Updated all target networks (soft update tau=0.002)
[INFO 21:15:00] root Updated all target networks (soft update tau=0.002)
[INFO 21:15:01] root Updated all target networks (soft update tau=0.002)
[INFO 21:15:01] root Updated all target networks (soft update tau=0.002)
[INFO 21:15:02] root Updated all target networks (soft update tau=0.002)
[INFO 21:15:02] root Updated all target networks (soft update tau=0.002)
[INFO 21:15:03] root Updated all target networks (soft update tau=0.002)
[INFO 21:15:03] root Updated all target networks (soft update tau=0.002)
[INFO 21:15:04] root Updated all target networks (soft update tau=0.002)
[INFO 21:15:04] root Updated all target networks (soft update tau=0.002)
[INFO 21:15:05] root Recent Stats | t_env:     136296 | Episode:     3049
agent_grad_norm:           7.7261	battery_punishment_reward_mean:-4734.5239	battle_won_mean:           1.0000	bess_cost_reward_mean:   -179.0300
buffer/episodes:         5636.0000	buy_cost_reward_mean:    -308877.3818	critic_grad_norm:        446233619.2000	critic_loss:             4425842.8000
ep_length_mean:           24.0000	episode_limit_mean:        1.0000	eval/best_reward:        -307.3013	eval/best_win_rate:        1.0000
eval/ea_reward:          -310.6695	eval/ea_win_rate:          1.0000	eval/rl_reward:          -309.0875	eval/rl_win_rate:          1.0000
generate_cost_reward_mean:-69.9986	grad/agent_norm:           7.7261	grad/critic_norm:        446233619.2000	grid_purchase_cost_mean: 308877.3818
loss/critic_loss:        4425842.8000	loss/policy_loss:        -9888.7010	mean_soc_mean:             0.2572	pg_loss:                 -9888.7010
return_mean:             -310.5405	return_std:               32.4838	soc_reserve_reward_mean:   0.0000	soc_violation_mean:       58.1423
target_mean:             9781.8723	test/battery_punishment_reward:-3885.3767	test/battle_won:           1.0000	test/bess_cost_reward:   -160.4029
test/buy_cost_reward:    -303893.7807	test/ep_length:           24.0000	test/episode_limit:        1.0000	test/generate_cost_reward:-81.0104
test/grid_purchase_cost: 303893.7807	test/mean_soc:             0.3240	test/return_mean:        -305.2717	test/return_std:          33.0591
test/soc_reserve_reward:   0.0000	test/soc_violation:       49.6926	test/total_power_loss:   14019.0467	test_battery_punishment_reward_mean:-3885.3767
test_battle_won_mean:      1.0000	test_bess_cost_reward_mean:-160.4029	test_buy_cost_reward_mean:-303893.7807	test_ep_length_mean:      24.0000
test_episode_limit_mean:   1.0000	test_generate_cost_reward_mean:-81.0104	test_grid_purchase_cost_mean:303893.7807	test_mean_soc_mean:        0.3240
test_return_mean:        -305.2717	test_return_std:          33.0591	test_soc_reserve_reward_mean:  0.0000	test_soc_violation_mean:  49.6926
test_total_power_loss_mean:14019.0467	total_power_loss_mean:   14200.2802	train/battery_punishment_reward:-4734.5239	train/battle_won:          1.0000
train/bess_cost_reward:  -179.0300	train/buy_cost_reward:   -308877.3818	train/ep_length:          24.0000	train/episode:           3027.0000
train/episode_limit:       1.0000	train/generate_cost_reward:-69.9986	train/grid_purchase_cost:308877.3818	train/mean_soc:            0.2572
train/return_mean:       -310.5405	train/return_std:         32.4838	train/soc_reserve_reward:  0.0000	train/soc_violation:      58.1423
train/t_env:             135264.0000	train/total_power_loss:  14200.2802	value/target_mean:       9781.8723	
[INFO 21:15:05] root Updated all target networks (soft update tau=0.002)
[INFO 21:15:11] root Updated all target networks (soft update tau=0.002)
[INFO 21:15:11] root Updated all target networks (soft update tau=0.002)
[INFO 21:15:12] root Updated all target networks (soft update tau=0.002)
[INFO 21:15:12] root Updated all target networks (soft update tau=0.002)
[INFO 21:15:13] root Updated all target networks (soft update tau=0.002)
[INFO 21:15:14] root Updated all target networks (soft update tau=0.002)
[INFO 21:15:14] root Updated all target networks (soft update tau=0.002)
[INFO 21:15:15] root Updated all target networks (soft update tau=0.002)
[INFO 21:15:15] root Updated all target networks (soft update tau=0.002)
[INFO 21:15:16] root Updated all target networks (soft update tau=0.002)
[INFO 21:15:21] root Updated all target networks (soft update tau=0.002)
[INFO 21:15:21] root Updated all target networks (soft update tau=0.002)
[INFO 21:15:22] root Updated all target networks (soft update tau=0.002)
[INFO 21:15:23] root Updated all target networks (soft update tau=0.002)
[INFO 21:15:23] root Updated all target networks (soft update tau=0.002)
[INFO 21:15:24] root Updated all target networks (soft update tau=0.002)
[INFO 21:15:24] root t_env: 136704 / 300000
[INFO 21:15:24] root Estimated time left: 2 hours, 1 minutes, 21 seconds. Time passed: 49 minutes, 37 seconds
[INFO 21:15:26] root Updated all target networks (soft update tau=0.002)
[INFO 21:15:27] root Updated all target networks (soft update tau=0.002)
[INFO 21:15:27] root Updated all target networks (soft update tau=0.002)
[INFO 21:15:28] root Updated all target networks (soft update tau=0.002)
[INFO 21:15:28] root Recent Stats | t_env:     136800 | Episode:     3060
agent_grad_norm:           9.5756	battery_punishment_reward_mean:-4480.4377	battle_won_mean:           1.0000	bess_cost_reward_mean:   -175.3183
buffer/episodes:         5658.0000	buy_cost_reward_mean:    -314701.6009	critic_grad_norm:        559326220.8000	critic_loss:             4417380.0000
ep_length_mean:           24.0000	episode_limit_mean:        1.0000	eval/best_reward:        -305.6001	eval/best_win_rate:        1.0000
eval/ea_reward:          -311.3389	eval/ea_win_rate:          1.0000	eval/rl_reward:          -306.8776	eval/rl_win_rate:          1.0000
generate_cost_reward_mean:-69.1004	grad/agent_norm:           9.5756	grad/critic_norm:        559326220.8000	grid_purchase_cost_mean: 314701.6009
loss/critic_loss:        4417380.0000	loss/policy_loss:        -9991.2576	mean_soc_mean:             0.2707	pg_loss:                 -9991.2576
return_mean:             -316.2785	return_std:               31.2225	soc_reserve_reward_mean:   0.0000	soc_violation_mean:       55.5422
target_mean:             9840.4654	test/battery_punishment_reward:-3618.3256	test/battle_won:           1.0000	test/bess_cost_reward:   -159.5984
test/buy_cost_reward:    -308150.6680	test/ep_length:           24.0000	test/episode_limit:        1.0000	test/generate_cost_reward:-63.5079
test/grid_purchase_cost: 308150.6680	test/mean_soc:             0.3281	test/return_mean:        -309.4329	test/return_std:          32.8859
test/soc_reserve_reward:   0.0000	test/soc_violation:       46.0944	test/total_power_loss:   14194.6649	test_battery_punishment_reward_mean:-3618.3256
test_battle_won_mean:      1.0000	test_bess_cost_reward_mean:-159.5984	test_buy_cost_reward_mean:-308150.6680	test_ep_length_mean:      24.0000
test_episode_limit_mean:   1.0000	test_generate_cost_reward_mean:-63.5079	test_grid_purchase_cost_mean:308150.6680	test_mean_soc_mean:        0.3281
test_return_mean:        -309.4329	test_return_std:          32.8859	test_soc_reserve_reward_mean:  0.0000	test_soc_violation_mean:  46.0944
test_total_power_loss_mean:14194.6649	total_power_loss_mean:   14450.1950	train/battery_punishment_reward:-4480.4377	train/battle_won:          1.0000
train/bess_cost_reward:  -175.3183	train/buy_cost_reward:   -314701.6009	train/ep_length:          24.0000	train/episode:           3038.0000
train/episode_limit:       1.0000	train/generate_cost_reward:-69.1004	train/grid_purchase_cost:314701.6009	train/mean_soc:            0.2707
train/return_mean:       -316.2785	train/return_std:         31.2225	train/soc_reserve_reward:  0.0000	train/soc_violation:      55.5422
train/t_env:             135792.0000	train/total_power_loss:  14450.1950	value/target_mean:       9840.4654	
[INFO 21:15:32] root Updated all target networks (soft update tau=0.002)
[INFO 21:15:33] root Updated all target networks (soft update tau=0.002)
[INFO 21:15:33] root Updated all target networks (soft update tau=0.002)
[INFO 21:15:34] root Updated all target networks (soft update tau=0.002)
[INFO 21:15:34] root Updated all target networks (soft update tau=0.002)
[INFO 21:15:35] root Updated all target networks (soft update tau=0.002)
[INFO 21:15:36] root Updated all target networks (soft update tau=0.002)
[INFO 21:15:36] root Updated all target networks (soft update tau=0.002)
[INFO 21:15:37] root Updated all target networks (soft update tau=0.002)
[INFO 21:15:37] root Updated all target networks (soft update tau=0.002)
[INFO 21:15:43] root Updated all target networks (soft update tau=0.002)
[INFO 21:15:43] root Updated all target networks (soft update tau=0.002)
[INFO 21:15:44] root Updated all target networks (soft update tau=0.002)
[INFO 21:15:44] root Updated all target networks (soft update tau=0.002)
[INFO 21:15:45] root Updated all target networks (soft update tau=0.002)
[INFO 21:15:45] root Updated all target networks (soft update tau=0.002)
[INFO 21:15:46] root Updated all target networks (soft update tau=0.002)
[INFO 21:15:47] root Updated all target networks (soft update tau=0.002)
[INFO 21:15:47] root Updated all target networks (soft update tau=0.002)
[INFO 21:15:48] root Updated all target networks (soft update tau=0.002)
[INFO 21:15:52] root Updated all target networks (soft update tau=0.002)
[INFO 21:15:53] root Updated all target networks (soft update tau=0.002)
[INFO 21:15:54] root Updated all target networks (soft update tau=0.002)
[INFO 21:15:54] root Updated all target networks (soft update tau=0.002)
[INFO 21:15:55] root Updated all target networks (soft update tau=0.002)
[INFO 21:15:55] root Updated all target networks (soft update tau=0.002)
[INFO 21:15:55] root Recent Stats | t_env:     137424 | Episode:     3071
agent_grad_norm:           9.7067	battery_punishment_reward_mean:-4300.1632	battle_won_mean:           1.0000	bess_cost_reward_mean:   -168.9077
buffer/episodes:         5680.0000	buy_cost_reward_mean:    -314540.1310	critic_grad_norm:        804994899.2000	critic_loss:             4515469.6000
ep_length_mean:           24.0000	episode_limit_mean:        1.0000	eval/best_reward:        -305.6001	eval/best_win_rate:        1.0000
eval/ea_reward:          -311.3389	eval/ea_win_rate:          1.0000	eval/rl_reward:          -306.8776	eval/rl_win_rate:          1.0000
generate_cost_reward_mean:-65.9216	grad/agent_norm:           9.7067	grad/critic_norm:        804994899.2000	grid_purchase_cost_mean: 314540.1310
loss/critic_loss:        4515469.6000	loss/policy_loss:        -9911.0256	mean_soc_mean:             0.2947	pg_loss:                 -9911.0256
return_mean:             -316.0536	return_std:               31.5201	soc_reserve_reward_mean:   0.0000	soc_violation_mean:       53.5894
target_mean:             9895.2059	test/battery_punishment_reward:-3618.3256	test/battle_won:           1.0000	test/bess_cost_reward:   -159.5984
test/buy_cost_reward:    -308150.6680	test/ep_length:           24.0000	test/episode_limit:        1.0000	test/generate_cost_reward:-63.5079
test/grid_purchase_cost: 308150.6680	test/mean_soc:             0.3281	test/return_mean:        -309.4329	test/return_std:          32.8859
test/soc_reserve_reward:   0.0000	test/soc_violation:       46.0944	test/total_power_loss:   14194.6649	test_battery_punishment_reward_mean:-3618.3256
test_battle_won_mean:      1.0000	test_bess_cost_reward_mean:-159.5984	test_buy_cost_reward_mean:-308150.6680	test_ep_length_mean:      24.0000
test_episode_limit_mean:   1.0000	test_generate_cost_reward_mean:-63.5079	test_grid_purchase_cost_mean:308150.6680	test_mean_soc_mean:        0.3281
test_return_mean:        -309.4329	test_return_std:          32.8859	test_soc_reserve_reward_mean:  0.0000	test_soc_violation_mean:  46.0944
test_total_power_loss_mean:14194.6649	total_power_loss_mean:   14449.2208	train/battery_punishment_reward:-4300.1632	train/battle_won:          1.0000
train/bess_cost_reward:  -168.9077	train/buy_cost_reward:   -314540.1310	train/ep_length:          24.0000	train/episode:           3049.0000
train/episode_limit:       1.0000	train/generate_cost_reward:-65.9216	train/grid_purchase_cost:314540.1310	train/mean_soc:            0.2947
train/return_mean:       -316.0536	train/return_std:         31.5201	train/soc_reserve_reward:  0.0000	train/soc_violation:      53.5894
train/t_env:             136320.0000	train/total_power_loss:  14449.2208	value/target_mean:       9895.2059	
[INFO 21:15:56] root Updated all target networks (soft update tau=0.002)
[INFO 21:15:56] root Updated all target networks (soft update tau=0.002)
[INFO 21:15:57] root Updated all target networks (soft update tau=0.002)
[INFO 21:15:57] root Updated all target networks (soft update tau=0.002)
[INFO 21:16:03] root Updated all target networks (soft update tau=0.002)
[INFO 21:16:03] root Updated all target networks (soft update tau=0.002)
[INFO 21:16:04] root Updated all target networks (soft update tau=0.002)
[INFO 21:16:04] root Updated all target networks (soft update tau=0.002)
[INFO 21:16:05] root Updated all target networks (soft update tau=0.002)
[INFO 21:16:06] root Updated all target networks (soft update tau=0.002)
[INFO 21:16:06] root Updated all target networks (soft update tau=0.002)
[INFO 21:16:07] root Updated all target networks (soft update tau=0.002)
[INFO 21:16:07] root Updated all target networks (soft update tau=0.002)
[INFO 21:16:08] root Updated all target networks (soft update tau=0.002)
