Gym has been unmaintained since 2022 and does not support NumPy 2.0 amongst other critical functionality.
Please upgrade to Gymnasium, the maintained drop-in replacement of Gym, or contact the authors of your software and request that they upgrade.
Users of this version of Gym should be able to simply replace 'import gym' with 'import gymnasium as gym' in the vast majority of cases.
See the migration guide at https://gymnasium.farama.org/introduction/migration_guide/ for additional information.
C:\Users\xyx\Desktop\GDE-main\.venv\lib\site-packages\torch\__init__.py:1331: UserWarning: torch.set_default_tensor_type() is deprecated as of PyTorch 2.1, please use torch.set_default_dtype() and torch.set_default_device() as alternatives. (Triggered internally at C:\actions-runner\_work\pytorch\pytorch\torch\csrc\tensor\python_tensor.cpp:436.)
  _C._set_default_tensor_type(t)
[INFO 16:09:09] root Saving to FileStorageObserver in results/sacred.
[DEBUG 16:09:11] pymarl Using capture mode "no"
[INFO 16:09:11] pymarl Running command 'my_main'
[INFO 16:09:11] pymarl Started run with ID "29"
[DEBUG 16:09:11] pymarl Starting Heartbeat
[DEBUG 16:09:11] my_main Started
[INFO 16:09:11] my_main Experiment Parameters:
[INFO 16:09:11] my_main 

{   'EA': 0,
    'EA_alpha': 1.0,
    'EA_freq': 1,
    'N_type': 1,
    'Org_alpha': 1.0,
    'SAME': 0,
    'act_noise': 0.1,
    'action_range': None,
    'action_selector': 'gumbel',
    'agent': 'qmixrnn',
    'agent_output_type': 'pi_logits',
    'agent_return_logits': False,
    'batch_size': 64,
    'batch_size_run': 1,
    'buffer_algo': None,
    'buffer_chunk_size': None,
    'buffer_cpu_only': True,
    'buffer_device': None,
    'buffer_mode': 'transitions',
    'buffer_size': 20000,
    'buffer_warmup': 0,
    'checkpoint_path': '',
    'continuous_actions': False,
    'critic_lr': 0.0002,
    'critic_spectral': 'ynn',
    'critic_train_reps': 1,
    'debug': False,
    'discretize_actions': False,
    'double_q': False,
    'elite_fraction': 0.2,
    'env': 'microgrid',
    'env_args': {   'action_bins': 7,
                    'battery_punishment_weight': 20.0,
                    'bess_cost_weight': 1.0,
                    'buy_cost_weight': 1.0,
                    'data': [   {   'agent_name': 'agent1',
                                    'battery_cap': 5.0,
                                    'battery_punishment_param': 1.0,
                                    'bessa': 0.01,
                                    'bessb': 0.1,
                                    'bessc': 0.05,
                                    'costa': 0.02,
                                    'costb': 0.5,
                                    'costc': 0.1,
                                    'dg_max': 2.0,
                                    'env_param': 0.05,
                                    'high_action': [   1.0,
                                                       1.0],
                                    'high_state': [   5.0,
                                                      5.0,
                                                      0.8],
                                    'low_action': [   0.0,
                                                      -1.0],
                                    'low_state': [   0.0,
                                                     0.0,
                                                     0.2],
                                    'raw_ch': 0.95,
                                    'raw_dis': 0.95,
                                    'split_ratio': 0.25},
                                {   'agent_name': 'agent2',
                                    'battery_cap': 5.0,
                                    'battery_punishment_param': 1.0,
                                    'bessa': 0.01,
                                    'bessb': 0.1,
                                    'bessc': 0.05,
                                    'costa': 0.02,
                                    'costb': 0.5,
                                    'costc': 0.1,
                                    'dg_max': 2.0,
                                    'env_param': 0.05,
                                    'high_action': [   1.0,
                                                       1.0],
                                    'high_state': [   5.0,
                                                      5.0,
                                                      0.8],
                                    'low_action': [   0.0,
                                                      -1.0],
                                    'low_state': [   0.0,
                                                     0.0,
                                                     0.2],
                                    'raw_ch': 0.95,
                                    'raw_dis': 0.95,
                                    'split_ratio': 0.25},
                                {   'agent_name': 'agent3',
                                    'battery_cap': 5.0,
                                    'battery_punishment_param': 1.0,
                                    'bessa': 0.01,
                                    'bessb': 0.1,
                                    'bessc': 0.05,
                                    'costa': 0.02,
                                    'costb': 0.5,
                                    'costc': 0.1,
                                    'dg_max': 2.0,
                                    'env_param': 0.05,
                                    'high_action': [   1.0,
                                                       1.0],
                                    'high_state': [   5.0,
                                                      5.0,
                                                      0.8],
                                    'low_action': [   0.0,
                                                      -1.0],
                                    'low_state': [   0.0,
                                                     0.0,
                                                     0.2],
                                    'raw_ch': 0.95,
                                    'raw_dis': 0.95,
                                    'split_ratio': 0.25}],
                    'env_reward_weight': 1.0,
                    'generate_cost_weight': 1.0,
                    'log_trajectories': False,
                    'log_trajectories_mode': 'test',
                    'result_dir': './results',
                    'reward_aggregate': 'mean',
                    'reward_scale': 0.001,
                    'run_id': '29',
                    'seed': 655032496,
                    'soc_reserve_target': 0.35,
                    'soc_reserve_weight': 0.0,
                    'state_last_action': False},
    'epsilon_anneal_time': 100000,
    'epsilon_decay_mode': None,
    'epsilon_finish': 0.05,
    'epsilon_start': 0.5,
    'evaluate': False,
    'exploration_mode': 'gaussian',
    'final_ou_noise_scale': 0.0,
    'frac': 1.0,
    'gamma': 0.99,
    'gated': False,
    'grad_norm_clip': 5,
    'hyper_initialization_nonzeros': 0,
    'hypernet_embed': 64,
    'hypernet_layers': 2,
    'label': 'default_label',
    'learn_interval': 1,
    'learner': 'facmac_learner_discrete',
    'learner_log_interval': 2000,
    'load_step': 0,
    'local_results_path': 'results',
    'log_interval': 2000,
    'lr': 0.0005,
    'mac': 'basic_mac',
    'mask_before_softmax': True,
    'mixer': 'graph',
    'mixing_embed_dim': 32,
    'mutation_prob': 0.9,
    'n_runners': None,
    'n_train': 1,
    'name': 'facmac_smac',
    'obs_agent_id': True,
    'obs_last_action': True,
    'optim_alpha': 0.99,
    'optim_eps': 1e-05,
    'optimizer': 'adam',
    'ou_noise_scale': 0.3,
    'ou_sigma': 0.2,
    'ou_stop_episode': 100,
    'ou_theta': 0.15,
    'plot_loss_network': False,
    'policy_spectral': 'nnnn',
    'pop_size': 5,
    'pr_dim': 64,
    'prob_reset_and_sup': 0.05,
    'q_embed_dim': 1,
    'q_nstep': 0,
    'recurrent_critic': False,
    'repeat_id': 1,
    'rl_to_ea_synch_period': 1,
    'rnn_hidden_dim': 64,
    'run_mode': None,
    'runner': 'episode',
    'runner_log_interval': 2000,
    'runner_scope': 'episodic',
    'save_model': False,
    'save_model_interval': 10000,
    'save_replay': False,
    'seed': 655032496,
    'skip_connections': False,
    'spectral_regularization': False,
    'start_steps': 0,
    'start_timesteps': 10000,
    'state_alpha': 0.1,
    't_max': 160000,
    'target_update_interval': 200,
    'target_update_mode': 'soft',
    'target_update_tau': 0.005,
    'td_lambda': 0.8,
    'test_greedy': True,
    'test_interval': 10000,
    'test_nepisode': 32,
    'testing_on': True,
    'use_buffer_compression': False,
    'use_cuda': False,
    'use_tensorboard': True,
    'verbose': False,
    'weight_decay': True,
    'weight_decay_factor': 0.0001}

[INFO 16:09:23] my_main Beginning training for 160000 timesteps
C:\Users\xyx\Desktop\GDE-main\src\components\episode_buffer.py:97: UserWarning: Using a non-tuple sequence for multidimensional indexing is deprecated and will be changed in pytorch 2.9; use x[tuple(seq)] instead of x[seq]. In pytorch 2.9 this will be interpreted as tensor index, x[torch.tensor(seq)], which will result either in an error or a different result (Triggered internally at C:\actions-runner\_work\pytorch\pytorch\torch\csrc\autograd\python_variable_indexing.cpp:353.)
  target["filled"][slices] = 1
C:\Users\xyx\Desktop\GDE-main\src\components\episode_buffer.py:108: UserWarning: Creating a tensor from a list of numpy.ndarrays is extremely slow. Please consider converting the list to a single numpy.ndarray with numpy.array() before converting to a tensor. (Triggered internally at C:\actions-runner\_work\pytorch\pytorch\torch\csrc\utils\tensor_new.cpp:256.)
  v = th.tensor(v, dtype=dtype, device=self.device)
C:\Users\xyx\Desktop\GDE-main\src\components\episode_buffer.py:110: UserWarning: Using a non-tuple sequence for multidimensional indexing is deprecated and will be changed in pytorch 2.9; use x[tuple(seq)] instead of x[seq]. In pytorch 2.9 this will be interpreted as tensor index, x[torch.tensor(seq)], which will result either in an error or a different result (Triggered internally at C:\actions-runner\_work\pytorch\pytorch\torch\csrc\autograd\python_variable_indexing.cpp:353.)
  self._check_safe_view(v, target[k][_slices])
C:\Users\xyx\Desktop\GDE-main\src\components\episode_buffer.py:114: UserWarning: Using a non-tuple sequence for multidimensional indexing is deprecated and will be changed in pytorch 2.9; use x[tuple(seq)] instead of x[seq]. In pytorch 2.9 this will be interpreted as tensor index, x[torch.tensor(seq)], which will result either in an error or a different result (Triggered internally at C:\actions-runner\_work\pytorch\pytorch\torch\csrc\autograd\python_variable_indexing.cpp:353.)
  target[k][_slices] = v.view_as(target[k][_slices])
C:\Users\xyx\Desktop\GDE-main\src\components\episode_buffer.py:108: UserWarning: To copy construct from a tensor, it is recommended to use sourceTensor.detach().clone() or sourceTensor.detach().clone().requires_grad_(True), rather than torch.tensor(sourceTensor).
  v = th.tensor(v, dtype=dtype, device=self.device)
C:\Users\xyx\Desktop\GDE-main\src\components\episode_buffer.py:122: UserWarning: Using a non-tuple sequence for multidimensional indexing is deprecated and will be changed in pytorch 2.9; use x[tuple(seq)] instead of x[seq]. In pytorch 2.9 this will be interpreted as tensor index, x[torch.tensor(seq)], which will result either in an error or a different result (Triggered internally at C:\actions-runner\_work\pytorch\pytorch\torch\csrc\autograd\python_variable_indexing.cpp:353.)
  v = target[k][_slices]
C:\Users\xyx\Desktop\GDE-main\src\components\episode_buffer.py:125: UserWarning: Using a non-tuple sequence for multidimensional indexing is deprecated and will be changed in pytorch 2.9; use x[tuple(seq)] instead of x[seq]. In pytorch 2.9 this will be interpreted as tensor index, x[torch.tensor(seq)], which will result either in an error or a different result (Triggered internally at C:\actions-runner\_work\pytorch\pytorch\torch\csrc\autograd\python_variable_indexing.cpp:353.)
  target[new_k][_slices] = v.view_as(target[new_k][_slices])
[INFO 16:09:23] my_main t_env: 24 / 160000
[INFO 16:09:23] my_main Estimated time left: 0 seconds. Time passed: 0 seconds
C:\Users\xyx\Desktop\GDE-main\src\components\episode_buffer.py:165: UserWarning: Using a non-tuple sequence for multidimensional indexing is deprecated and will be changed in pytorch 2.9; use x[tuple(seq)] instead of x[seq]. In pytorch 2.9 this will be interpreted as tensor index, x[torch.tensor(seq)], which will result either in an error or a different result (Triggered internally at C:\actions-runner\_work\pytorch\pytorch\torch\csrc\autograd\python_variable_indexing.cpp:353.)
  new_data.transition_data[k] = v[item]
[INFO 16:09:27] my_main Recent Stats | t_env:       2016 | Episode:       84
battery_punishment_reward_mean:-1630.9703	battle_won_mean:           1.0000	bess_cost_reward_mean:   -112.6993	buy_cost_reward_mean:    -305526.5063
critic_grad_norm:        108446.7031	critic_loss:             4305.9067	ep_length_mean:           24.0000	episode_limit_mean:        1.0000
epsilon:                   0.5000	generate_cost_reward_mean:-40.3689	grid_purchase_cost_mean: 305526.5063	mean_soc_mean:             0.5289
return_mean:             -306.1222	return_std:                0.0000	soc_reserve_reward_mean:   0.0000	soc_violation_mean:       23.8764
target_mean:             -12.3472	td_error_abs:             58.6808	test_battery_punishment_reward_mean:-2650.5171	test_battle_won_mean:      1.0000
test_bess_cost_reward_mean:-187.6606	test_buy_cost_reward_mean:-306888.4973	test_ep_length_mean:      24.0000	test_episode_limit_mean:   1.0000
test_generate_cost_reward_mean:-23.4325	test_grid_purchase_cost_mean:306888.4973	test_mean_soc_mean:        0.2204	test_return_mean:        -307.8429
test_return_std:          33.0671	test_soc_reserve_reward_mean:  0.0000	test_soc_violation_mean:  35.9401	test_total_power_loss_mean:14141.8163
total_power_loss_mean:   13811.2091	
[INFO 16:09:34] my_main Recent Stats | t_env:       4032 | Episode:      168
battery_punishment_reward_mean:-1591.1385	battle_won_mean:           1.0000	bess_cost_reward_mean:   -115.7562	buy_cost_reward_mean:    -305385.8071
critic_grad_norm:        55036.4588	critic_loss:             2249.9139	ep_length_mean:           24.0000	episode_limit_mean:        1.0000
epsilon:                   0.4909	generate_cost_reward_mean:-42.5459	grid_purchase_cost_mean: 305385.8071	mean_soc_mean:             0.5127
return_mean:             -305.9701	return_std:               17.1039	soc_reserve_reward_mean:   0.0000	soc_violation_mean:       23.1469
target_mean:             -15.5848	td_error_abs:             35.2239	test_battery_punishment_reward_mean:-2650.5171	test_battle_won_mean:      1.0000
test_bess_cost_reward_mean:-187.6606	test_buy_cost_reward_mean:-306888.4973	test_ep_length_mean:      24.0000	test_episode_limit_mean:   1.0000
test_generate_cost_reward_mean:-23.4325	test_grid_purchase_cost_mean:306888.4973	test_mean_soc_mean:        0.2204	test_return_mean:        -307.8429
test_return_std:          33.0671	test_soc_reserve_reward_mean:  0.0000	test_soc_violation_mean:  35.9401	test_total_power_loss_mean:14141.8163
total_power_loss_mean:   13945.9920	
[INFO 16:09:40] my_main Recent Stats | t_env:       6048 | Episode:      252
battery_punishment_reward_mean:-1595.8328	battle_won_mean:           1.0000	bess_cost_reward_mean:   -121.9388	buy_cost_reward_mean:    -305402.0787
critic_grad_norm:        44654.4517	critic_loss:             1563.9821	ep_length_mean:           24.0000	episode_limit_mean:        1.0000
epsilon:                   0.4819	generate_cost_reward_mean:-42.9267	grid_purchase_cost_mean: 305402.0787	mean_soc_mean:             0.4878
return_mean:             -305.9901	return_std:               23.5460	soc_reserve_reward_mean:   0.0000	soc_violation_mean:       23.2543
target_mean:             -18.9322	td_error_abs:             27.1132	test_battery_punishment_reward_mean:-2650.5171	test_battle_won_mean:      1.0000
test_bess_cost_reward_mean:-187.6606	test_buy_cost_reward_mean:-306888.4973	test_ep_length_mean:      24.0000	test_episode_limit_mean:   1.0000
test_generate_cost_reward_mean:-23.4325	test_grid_purchase_cost_mean:306888.4973	test_mean_soc_mean:        0.2204	test_return_mean:        -307.8429
test_return_std:          33.0671	test_soc_reserve_reward_mean:  0.0000	test_soc_violation_mean:  35.9401	test_total_power_loss_mean:14141.8163
total_power_loss_mean:   13992.3227	
[INFO 16:09:47] my_main Recent Stats | t_env:       8064 | Episode:      336
battery_punishment_reward_mean:-1586.9020	battle_won_mean:           1.0000	bess_cost_reward_mean:   -121.7751	buy_cost_reward_mean:    -307296.7906
critic_grad_norm:        37344.9562	critic_loss:             1259.9394	ep_length_mean:           24.0000	episode_limit_mean:        1.0000
epsilon:                   0.4728	generate_cost_reward_mean:-44.6386	grid_purchase_cost_mean: 307296.7906	mean_soc_mean:             0.4868
return_mean:             -307.8824	return_std:               26.5048	soc_reserve_reward_mean:   0.0000	soc_violation_mean:       23.2883
target_mean:             -22.6278	td_error_abs:             23.5803	test_battery_punishment_reward_mean:-2650.5171	test_battle_won_mean:      1.0000
test_bess_cost_reward_mean:-187.6606	test_buy_cost_reward_mean:-306888.4973	test_ep_length_mean:      24.0000	test_episode_limit_mean:   1.0000
test_generate_cost_reward_mean:-23.4325	test_grid_purchase_cost_mean:306888.4973	test_mean_soc_mean:        0.2204	test_return_mean:        -307.8429
test_return_std:          33.0671	test_soc_reserve_reward_mean:  0.0000	test_soc_violation_mean:  35.9401	test_total_power_loss_mean:14141.8163
total_power_loss_mean:   14093.7791	
[INFO 16:09:53] my_main t_env: 10032 / 160000
[INFO 16:09:53] my_main Estimated time left: 7 minutes, 35 seconds. Time passed: 30 seconds
[INFO 16:09:54] my_main Recent Stats | t_env:      10080 | Episode:      420
battery_punishment_reward_mean:-1519.4214	battle_won_mean:           1.0000	bess_cost_reward_mean:   -112.2658	buy_cost_reward_mean:    -308186.1677
critic_grad_norm:        51390.8853	critic_loss:             1130.1761	ep_length_mean:           24.0000	episode_limit_mean:        1.0000
epsilon:                   0.4637	generate_cost_reward_mean:-45.4005	grid_purchase_cost_mean: 308186.1677	mean_soc_mean:             0.5195
return_mean:             -308.7464	return_std:               28.4969	soc_reserve_reward_mean:   0.0000	soc_violation_mean:       22.7646
target_mean:             -26.4759	td_error_abs:             22.2866	test_battery_punishment_reward_mean:-4138.5262	test_battle_won_mean:      1.0000
test_bess_cost_reward_mean:-109.2138	test_buy_cost_reward_mean:-306296.3669	test_ep_length_mean:      24.0000	test_episode_limit_mean:   1.0000
test_generate_cost_reward_mean:-54.1963	test_grid_purchase_cost_mean:306296.3669	test_mean_soc_mean:        0.5102	test_return_mean:        -307.7318
test_return_std:          32.1273	test_soc_reserve_reward_mean:  0.0000	test_soc_violation_mean:  51.5027	test_total_power_loss_mean:14112.5147
total_power_loss_mean:   14143.0697	
[INFO 16:10:01] my_main Recent Stats | t_env:      12096 | Episode:      504
battery_punishment_reward_mean:-1562.3452	battle_won_mean:           1.0000	bess_cost_reward_mean:   -104.1947	buy_cost_reward_mean:    -310156.1364
critic_grad_norm:        63544.5353	critic_loss:             457.8937	ep_length_mean:           24.0000	episode_limit_mean:        1.0000
epsilon:                   0.4546	generate_cost_reward_mean:-48.2945	grid_purchase_cost_mean: 310156.1364	mean_soc_mean:             0.5459
return_mean:             -310.7290	return_std:               35.7680	soc_reserve_reward_mean:   0.0000	soc_violation_mean:       23.3770
target_mean:             -33.6207	td_error_abs:             14.6845	test_battery_punishment_reward_mean:-4138.5262	test_battle_won_mean:      1.0000
test_bess_cost_reward_mean:-109.2138	test_buy_cost_reward_mean:-306296.3669	test_ep_length_mean:      24.0000	test_episode_limit_mean:   1.0000
test_generate_cost_reward_mean:-54.1963	test_grid_purchase_cost_mean:306296.3669	test_mean_soc_mean:        0.5102	test_return_mean:        -307.7318
test_return_std:          32.1273	test_soc_reserve_reward_mean:  0.0000	test_soc_violation_mean:  51.5027	test_total_power_loss_mean:14112.5147
total_power_loss_mean:   14277.2159	
[INFO 16:10:08] my_main Recent Stats | t_env:      14112 | Episode:      588
battery_punishment_reward_mean:-1768.2185	battle_won_mean:           1.0000	bess_cost_reward_mean:   -94.7180	buy_cost_reward_mean:    -311898.4198
critic_grad_norm:        100152.6205	critic_loss:             661.6519	ep_length_mean:           24.0000	episode_limit_mean:        1.0000
epsilon:                   0.4456	generate_cost_reward_mean:-50.3461	grid_purchase_cost_mean: 311898.4198	mean_soc_mean:             0.5803
return_mean:             -312.5375	return_std:               36.1117	soc_reserve_reward_mean:   0.0000	soc_violation_mean:       25.8337
target_mean:             -40.5791	td_error_abs:             16.8397	test_battery_punishment_reward_mean:-4138.5262	test_battle_won_mean:      1.0000
test_bess_cost_reward_mean:-109.2138	test_buy_cost_reward_mean:-306296.3669	test_ep_length_mean:      24.0000	test_episode_limit_mean:   1.0000
test_generate_cost_reward_mean:-54.1963	test_grid_purchase_cost_mean:306296.3669	test_mean_soc_mean:        0.5102	test_return_mean:        -307.7318
test_return_std:          32.1273	test_soc_reserve_reward_mean:  0.0000	test_soc_violation_mean:  51.5027	test_total_power_loss_mean:14112.5147
total_power_loss_mean:   14351.0994	
[INFO 16:10:14] my_main Recent Stats | t_env:      16128 | Episode:      672
battery_punishment_reward_mean:-1758.6839	battle_won_mean:           1.0000	bess_cost_reward_mean:   -89.2573	buy_cost_reward_mean:    -314097.4950
critic_grad_norm:        142006.7330	critic_loss:             933.7795	ep_length_mean:           24.0000	episode_limit_mean:        1.0000
epsilon:                   0.4365	generate_cost_reward_mean:-49.9954	grid_purchase_cost_mean: 314097.4950	mean_soc_mean:             0.6006
return_mean:             -314.7315	return_std:               35.2531	soc_reserve_reward_mean:   0.0000	soc_violation_mean:       25.7886
target_mean:             -47.1038	td_error_abs:             19.7380	test_battery_punishment_reward_mean:-4138.5262	test_battle_won_mean:      1.0000
test_bess_cost_reward_mean:-109.2138	test_buy_cost_reward_mean:-306296.3669	test_ep_length_mean:      24.0000	test_episode_limit_mean:   1.0000
test_generate_cost_reward_mean:-54.1963	test_grid_purchase_cost_mean:306296.3669	test_mean_soc_mean:        0.5102	test_return_mean:        -307.7318
test_return_std:          32.1273	test_soc_reserve_reward_mean:  0.0000	test_soc_violation_mean:  51.5027	test_total_power_loss_mean:14112.5147
total_power_loss_mean:   14439.8512	
[INFO 16:10:21] my_main Recent Stats | t_env:      18144 | Episode:      756
battery_punishment_reward_mean:-1726.3007	battle_won_mean:           1.0000	bess_cost_reward_mean:   -88.1832	buy_cost_reward_mean:    -313011.5125
critic_grad_norm:        187394.8672	critic_loss:             1216.3456	ep_length_mean:           24.0000	episode_limit_mean:        1.0000
epsilon:                   0.4274	generate_cost_reward_mean:-47.9203	grid_purchase_cost_mean: 313011.5125	mean_soc_mean:             0.6045
return_mean:             -313.6336	return_std:               34.7057	soc_reserve_reward_mean:   0.0000	soc_violation_mean:       25.4379
target_mean:             -52.6292	td_error_abs:             22.4616	test_battery_punishment_reward_mean:-4138.5262	test_battle_won_mean:      1.0000
test_bess_cost_reward_mean:-109.2138	test_buy_cost_reward_mean:-306296.3669	test_ep_length_mean:      24.0000	test_episode_limit_mean:   1.0000
test_generate_cost_reward_mean:-54.1963	test_grid_purchase_cost_mean:306296.3669	test_mean_soc_mean:        0.5102	test_return_mean:        -307.7318
test_return_std:          32.1273	test_soc_reserve_reward_mean:  0.0000	test_soc_violation_mean:  51.5027	test_total_power_loss_mean:14112.5147
total_power_loss_mean:   14394.8425	
[INFO 16:10:27] my_main t_env: 20040 / 160000
[INFO 16:10:27] my_main Estimated time left: 7 minutes, 50 seconds. Time passed: 1 minutes, 4 seconds
[INFO 16:10:28] my_main Recent Stats | t_env:      20160 | Episode:      840
battery_punishment_reward_mean:-1768.3285	battle_won_mean:           1.0000	bess_cost_reward_mean:   -99.4422	buy_cost_reward_mean:    -312356.4166
critic_grad_norm:        200922.2781	critic_loss:             1464.3898	ep_length_mean:           24.0000	episode_limit_mean:        1.0000
epsilon:                   0.4184	generate_cost_reward_mean:-46.9263	grid_purchase_cost_mean: 312356.4166	mean_soc_mean:             0.5650
return_mean:             -312.9959	return_std:               34.0621	soc_reserve_reward_mean:   0.0000	soc_violation_mean:       25.7148
target_mean:             -56.9631	td_error_abs:             24.4329	test_battery_punishment_reward_mean:-3655.7069	test_battle_won_mean:      1.0000
test_bess_cost_reward_mean:-121.8716	test_buy_cost_reward_mean:-307573.5271	test_ep_length_mean:      24.0000	test_episode_limit_mean:   1.0000
test_generate_cost_reward_mean:-58.6831	test_grid_purchase_cost_mean:307573.5271	test_mean_soc_mean:        0.4686	test_return_mean:        -308.8539
test_return_std:          32.3339	test_soc_reserve_reward_mean:  0.0000	test_soc_violation_mean:  47.1103	test_total_power_loss_mean:14170.3930
total_power_loss_mean:   14368.7007	
[INFO 16:10:35] my_main Recent Stats | t_env:      22176 | Episode:      924
battery_punishment_reward_mean:-1719.3408	battle_won_mean:           1.0000	bess_cost_reward_mean:   -113.7315	buy_cost_reward_mean:    -311897.7750
critic_grad_norm:        204964.1750	critic_loss:             1688.7293	ep_length_mean:           24.0000	episode_limit_mean:        1.0000
epsilon:                   0.4093	generate_cost_reward_mean:-45.3156	grid_purchase_cost_mean: 311897.7750	mean_soc_mean:             0.5138
return_mean:             -312.5251	return_std:               34.1133	soc_reserve_reward_mean:   0.0000	soc_violation_mean:       25.0976
target_mean:             -60.7239	td_error_abs:             26.0007	test_battery_punishment_reward_mean:-3655.7069	test_battle_won_mean:      1.0000
test_bess_cost_reward_mean:-121.8716	test_buy_cost_reward_mean:-307573.5271	test_ep_length_mean:      24.0000	test_episode_limit_mean:   1.0000
test_generate_cost_reward_mean:-58.6831	test_grid_purchase_cost_mean:307573.5271	test_mean_soc_mean:        0.4686	test_return_mean:        -308.8539
test_return_std:          32.3339	test_soc_reserve_reward_mean:  0.0000	test_soc_violation_mean:  47.1103	test_total_power_loss_mean:14170.3930
total_power_loss_mean:   14349.1315	
[INFO 16:10:41] my_main Recent Stats | t_env:      24192 | Episode:     1008
battery_punishment_reward_mean:-1554.2481	battle_won_mean:           1.0000	bess_cost_reward_mean:   -128.8386	buy_cost_reward_mean:    -313092.7045
critic_grad_norm:        206293.6250	critic_loss:             1864.4448	ep_length_mean:           24.0000	episode_limit_mean:        1.0000
epsilon:                   0.4002	generate_cost_reward_mean:-43.9153	grid_purchase_cost_mean: 313092.7045	mean_soc_mean:             0.4585
return_mean:             -313.6695	return_std:               33.1471	soc_reserve_reward_mean:   0.0000	soc_violation_mean:       23.2962
target_mean:             -63.8425	td_error_abs:             27.2157	test_battery_punishment_reward_mean:-3655.7069	test_battle_won_mean:      1.0000
test_bess_cost_reward_mean:-121.8716	test_buy_cost_reward_mean:-307573.5271	test_ep_length_mean:      24.0000	test_episode_limit_mean:   1.0000
test_generate_cost_reward_mean:-58.6831	test_grid_purchase_cost_mean:307573.5271	test_mean_soc_mean:        0.4686	test_return_mean:        -308.8539
test_return_std:          32.3339	test_soc_reserve_reward_mean:  0.0000	test_soc_violation_mean:  47.1103	test_total_power_loss_mean:14170.3930
total_power_loss_mean:   14395.8126	
[INFO 16:10:48] my_main Recent Stats | t_env:      26208 | Episode:     1092
battery_punishment_reward_mean:-1589.1966	battle_won_mean:           1.0000	bess_cost_reward_mean:   -136.5701	buy_cost_reward_mean:    -312204.4194
critic_grad_norm:        204055.6500	critic_loss:             2001.0777	ep_length_mean:           24.0000	episode_limit_mean:        1.0000
epsilon:                   0.3911	generate_cost_reward_mean:-45.1933	grid_purchase_cost_mean: 312204.4194	mean_soc_mean:             0.4300
return_mean:             -312.7959	return_std:               33.8092	soc_reserve_reward_mean:   0.0000	soc_violation_mean:       23.7589
target_mean:             -66.6685	td_error_abs:             28.0391	test_battery_punishment_reward_mean:-3655.7069	test_battle_won_mean:      1.0000
test_bess_cost_reward_mean:-121.8716	test_buy_cost_reward_mean:-307573.5271	test_ep_length_mean:      24.0000	test_episode_limit_mean:   1.0000
test_generate_cost_reward_mean:-58.6831	test_grid_purchase_cost_mean:307573.5271	test_mean_soc_mean:        0.4686	test_return_mean:        -308.8539
test_return_std:          32.3339	test_soc_reserve_reward_mean:  0.0000	test_soc_violation_mean:  47.1103	test_total_power_loss_mean:14170.3930
total_power_loss_mean:   14358.8361	
[INFO 16:10:55] my_main Recent Stats | t_env:      28224 | Episode:     1176
battery_punishment_reward_mean:-1664.2970	battle_won_mean:           1.0000	bess_cost_reward_mean:   -141.3600	buy_cost_reward_mean:    -311864.4715
critic_grad_norm:        197908.5562	critic_loss:             2115.9582	ep_length_mean:           24.0000	episode_limit_mean:        1.0000
epsilon:                   0.3821	generate_cost_reward_mean:-47.2331	grid_purchase_cost_mean: 311864.4715	mean_soc_mean:             0.4132
return_mean:             -312.4834	return_std:               34.3016	soc_reserve_reward_mean:   0.0000	soc_violation_mean:       24.5952
target_mean:             -69.5591	td_error_abs:             28.6912	test_battery_punishment_reward_mean:-3655.7069	test_battle_won_mean:      1.0000
test_bess_cost_reward_mean:-121.8716	test_buy_cost_reward_mean:-307573.5271	test_ep_length_mean:      24.0000	test_episode_limit_mean:   1.0000
test_generate_cost_reward_mean:-58.6831	test_grid_purchase_cost_mean:307573.5271	test_mean_soc_mean:        0.4686	test_return_mean:        -308.8539
test_return_std:          32.3339	test_soc_reserve_reward_mean:  0.0000	test_soc_violation_mean:  47.1103	test_total_power_loss_mean:14170.3930
total_power_loss_mean:   14341.0964	
[INFO 16:11:00] my_main t_env: 30048 / 160000
[INFO 16:11:00] my_main Estimated time left: 7 minutes, 16 seconds. Time passed: 1 minutes, 37 seconds
[INFO 16:11:02] my_main Recent Stats | t_env:      30240 | Episode:     1260
battery_punishment_reward_mean:-1805.3579	battle_won_mean:           1.0000	bess_cost_reward_mean:   -136.5048	buy_cost_reward_mean:    -312558.7657
critic_grad_norm:        199778.2094	critic_loss:             2197.6348	ep_length_mean:           24.0000	episode_limit_mean:        1.0000
epsilon:                   0.3730	generate_cost_reward_mean:-49.5870	grid_purchase_cost_mean: 312558.7657	mean_soc_mean:             0.4318
return_mean:             -313.2239	return_std:               34.8911	soc_reserve_reward_mean:   0.0000	soc_violation_mean:       26.1081
target_mean:             -72.1839	td_error_abs:             29.2817	test_battery_punishment_reward_mean:-3411.3762	test_battle_won_mean:      1.0000
test_bess_cost_reward_mean:-102.7506	test_buy_cost_reward_mean:-305707.9891	test_ep_length_mean:      24.0000	test_episode_limit_mean:   1.0000
test_generate_cost_reward_mean:-63.2130	test_grid_purchase_cost_mean:305707.9891	test_mean_soc_mean:        0.5440	test_return_mean:        -306.9022
test_return_std:          32.8410	test_soc_reserve_reward_mean:  0.0000	test_soc_violation_mean:  44.4916	test_total_power_loss_mean:14089.9581
total_power_loss_mean:   14368.5155	
[INFO 16:11:09] my_main Recent Stats | t_env:      32256 | Episode:     1344
battery_punishment_reward_mean:-1976.8551	battle_won_mean:           1.0000	bess_cost_reward_mean:   -125.7585	buy_cost_reward_mean:    -310098.2621
critic_grad_norm:        189084.9156	critic_loss:             2215.8590	ep_length_mean:           24.0000	episode_limit_mean:        1.0000
epsilon:                   0.3639	generate_cost_reward_mean:-51.9207	grid_purchase_cost_mean: 310098.2621	mean_soc_mean:             0.4717
return_mean:             -310.8178	return_std:               34.4345	soc_reserve_reward_mean:   0.0000	soc_violation_mean:       27.9079
target_mean:             -74.7510	td_error_abs:             29.4744	test_battery_punishment_reward_mean:-3411.3762	test_battle_won_mean:      1.0000
test_bess_cost_reward_mean:-102.7506	test_buy_cost_reward_mean:-305707.9891	test_ep_length_mean:      24.0000	test_episode_limit_mean:   1.0000
test_generate_cost_reward_mean:-63.2130	test_grid_purchase_cost_mean:305707.9891	test_mean_soc_mean:        0.5440	test_return_mean:        -306.9022
test_return_std:          32.8410	test_soc_reserve_reward_mean:  0.0000	test_soc_violation_mean:  44.4916	test_total_power_loss_mean:14089.9581
total_power_loss_mean:   14266.1831	
[INFO 16:11:16] my_main Recent Stats | t_env:      34272 | Episode:     1428
battery_punishment_reward_mean:-2173.6187	battle_won_mean:           1.0000	bess_cost_reward_mean:   -110.8298	buy_cost_reward_mean:    -309061.8492
critic_grad_norm:        191456.3750	critic_loss:             2177.2047	ep_length_mean:           24.0000	episode_limit_mean:        1.0000
epsilon:                   0.3548	generate_cost_reward_mean:-54.2248	grid_purchase_cost_mean: 309061.8492	mean_soc_mean:             0.5260
return_mean:             -309.8429	return_std:               34.8794	soc_reserve_reward_mean:   0.0000	soc_violation_mean:       29.9894
target_mean:             -76.9796	td_error_abs:             29.5234	test_battery_punishment_reward_mean:-3411.3762	test_battle_won_mean:      1.0000
test_bess_cost_reward_mean:-102.7506	test_buy_cost_reward_mean:-305707.9891	test_ep_length_mean:      24.0000	test_episode_limit_mean:   1.0000
test_generate_cost_reward_mean:-63.2130	test_grid_purchase_cost_mean:305707.9891	test_mean_soc_mean:        0.5440	test_return_mean:        -306.9022
test_return_std:          32.8410	test_soc_reserve_reward_mean:  0.0000	test_soc_violation_mean:  44.4916	test_total_power_loss_mean:14089.9581
total_power_loss_mean:   14221.2001	
[INFO 16:11:22] my_main Recent Stats | t_env:      36288 | Episode:     1512
battery_punishment_reward_mean:-2374.8485	battle_won_mean:           1.0000	bess_cost_reward_mean:   -94.8924	buy_cost_reward_mean:    -308453.5334
critic_grad_norm:        173910.4656	critic_loss:             2098.5772	ep_length_mean:           24.0000	episode_limit_mean:        1.0000
epsilon:                   0.3458	generate_cost_reward_mean:-56.3549	grid_purchase_cost_mean: 308453.5334	mean_soc_mean:             0.5836
return_mean:             -309.2971	return_std:               34.6550	soc_reserve_reward_mean:   0.0000	soc_violation_mean:       32.1243
target_mean:             -79.4251	td_error_abs:             29.2587	test_battery_punishment_reward_mean:-3411.3762	test_battle_won_mean:      1.0000
test_bess_cost_reward_mean:-102.7506	test_buy_cost_reward_mean:-305707.9891	test_ep_length_mean:      24.0000	test_episode_limit_mean:   1.0000
test_generate_cost_reward_mean:-63.2130	test_grid_purchase_cost_mean:305707.9891	test_mean_soc_mean:        0.5440	test_return_mean:        -306.9022
test_return_std:          32.8410	test_soc_reserve_reward_mean:  0.0000	test_soc_violation_mean:  44.4916	test_total_power_loss_mean:14089.9581
total_power_loss_mean:   14197.9883	
[INFO 16:11:29] my_main Recent Stats | t_env:      38304 | Episode:     1596
battery_punishment_reward_mean:-2558.6736	battle_won_mean:           1.0000	bess_cost_reward_mean:   -80.9632	buy_cost_reward_mean:    -308663.0189
critic_grad_norm:        172487.9250	critic_loss:             1954.5260	ep_length_mean:           24.0000	episode_limit_mean:        1.0000
epsilon:                   0.3367	generate_cost_reward_mean:-58.3259	grid_purchase_cost_mean: 308663.0189	mean_soc_mean:             0.6341
return_mean:             -309.5639	return_std:               34.4235	soc_reserve_reward_mean:   0.0000	soc_violation_mean:       34.1480
target_mean:             -81.6898	td_error_abs:             28.4749	test_battery_punishment_reward_mean:-3411.3762	test_battle_won_mean:      1.0000
test_bess_cost_reward_mean:-102.7506	test_buy_cost_reward_mean:-305707.9891	test_ep_length_mean:      24.0000	test_episode_limit_mean:   1.0000
test_generate_cost_reward_mean:-63.2130	test_grid_purchase_cost_mean:305707.9891	test_mean_soc_mean:        0.5440	test_return_mean:        -306.9022
test_return_std:          32.8410	test_soc_reserve_reward_mean:  0.0000	test_soc_violation_mean:  44.4916	test_total_power_loss_mean:14089.9581
total_power_loss_mean:   14206.1502	
[INFO 16:11:35] my_main t_env: 40056 / 160000
[INFO 16:11:35] my_main Estimated time left: 6 minutes, 52 seconds. Time passed: 2 minutes, 12 seconds
[INFO 16:11:37] my_main Recent Stats | t_env:      40320 | Episode:     1680
battery_punishment_reward_mean:-2642.3977	battle_won_mean:           1.0000	bess_cost_reward_mean:   -73.7047	buy_cost_reward_mean:    -308641.9877
critic_grad_norm:        181682.5875	critic_loss:             1784.6541	ep_length_mean:           24.0000	episode_limit_mean:        1.0000
epsilon:                   0.3276	generate_cost_reward_mean:-58.9099	grid_purchase_cost_mean: 308641.9877	mean_soc_mean:             0.6593
return_mean:             -309.5686	return_std:               35.0277	soc_reserve_reward_mean:   0.0000	soc_violation_mean:       35.1792
target_mean:             -84.0678	td_error_abs:             27.4946	test_battery_punishment_reward_mean:-3037.2844	test_battle_won_mean:      1.0000
test_bess_cost_reward_mean:-82.1281	test_buy_cost_reward_mean:-306835.3228	test_ep_length_mean:      24.0000	test_episode_limit_mean:   1.0000
test_generate_cost_reward_mean:-56.5687	test_grid_purchase_cost_mean:306835.3228	test_mean_soc_mean:        0.6225	test_return_mean:        -307.8955
test_return_std:          34.4738	test_soc_reserve_reward_mean:  0.0000	test_soc_violation_mean:  41.0361	test_total_power_loss_mean:14130.7516
total_power_loss_mean:   14207.3559	
[INFO 16:11:44] my_main Recent Stats | t_env:      42336 | Episode:     1764
battery_punishment_reward_mean:-2627.0320	battle_won_mean:           1.0000	bess_cost_reward_mean:   -70.3162	buy_cost_reward_mean:    -309368.3036
critic_grad_norm:        202009.1688	critic_loss:             1609.2507	ep_length_mean:           24.0000	episode_limit_mean:        1.0000
epsilon:                   0.3186	generate_cost_reward_mean:-57.7132	grid_purchase_cost_mean: 309368.3036	mean_soc_mean:             0.6708
return_mean:             -310.2882	return_std:               35.2189	soc_reserve_reward_mean:   0.0000	soc_violation_mean:       35.2127
target_mean:             -86.4019	td_error_abs:             26.4428	test_battery_punishment_reward_mean:-3037.2844	test_battle_won_mean:      1.0000
test_bess_cost_reward_mean:-82.1281	test_buy_cost_reward_mean:-306835.3228	test_ep_length_mean:      24.0000	test_episode_limit_mean:   1.0000
test_generate_cost_reward_mean:-56.5687	test_grid_purchase_cost_mean:306835.3228	test_mean_soc_mean:        0.6225	test_return_mean:        -307.8955
test_return_std:          34.4738	test_soc_reserve_reward_mean:  0.0000	test_soc_violation_mean:  41.0361	test_total_power_loss_mean:14130.7516
total_power_loss_mean:   14237.3365	
[INFO 16:11:50] my_main Recent Stats | t_env:      44352 | Episode:     1848
battery_punishment_reward_mean:-2528.9844	battle_won_mean:           1.0000	bess_cost_reward_mean:   -73.3522	buy_cost_reward_mean:    -307981.3076
critic_grad_norm:        190708.2313	critic_loss:             1412.6008	ep_length_mean:           24.0000	episode_limit_mean:        1.0000
epsilon:                   0.3095	generate_cost_reward_mean:-55.1572	grid_purchase_cost_mean: 307981.3076	mean_soc_mean:             0.6609
return_mean:             -308.8686	return_std:               35.3236	soc_reserve_reward_mean:   0.0000	soc_violation_mean:       34.3173
target_mean:             -89.2400	td_error_abs:             24.8096	test_battery_punishment_reward_mean:-3037.2844	test_battle_won_mean:      1.0000
test_bess_cost_reward_mean:-82.1281	test_buy_cost_reward_mean:-306835.3228	test_ep_length_mean:      24.0000	test_episode_limit_mean:   1.0000
test_generate_cost_reward_mean:-56.5687	test_grid_purchase_cost_mean:306835.3228	test_mean_soc_mean:        0.6225	test_return_mean:        -307.8955
test_return_std:          34.4738	test_soc_reserve_reward_mean:  0.0000	test_soc_violation_mean:  41.0361	test_total_power_loss_mean:14130.7516
total_power_loss_mean:   14176.2012	
[INFO 16:11:58] my_main Recent Stats | t_env:      46368 | Episode:     1932
battery_punishment_reward_mean:-2427.3355	battle_won_mean:           1.0000	bess_cost_reward_mean:   -77.4241	buy_cost_reward_mean:    -309141.6958
critic_grad_norm:        196943.0844	critic_loss:             1195.9267	ep_length_mean:           24.0000	episode_limit_mean:        1.0000
epsilon:                   0.3004	generate_cost_reward_mean:-52.5396	grid_purchase_cost_mean: 309141.6958	mean_soc_mean:             0.6475
return_mean:             -309.9955	return_std:               35.3082	soc_reserve_reward_mean:   0.0000	soc_violation_mean:       33.3922
target_mean:             -91.9016	td_error_abs:             23.0684	test_battery_punishment_reward_mean:-3037.2844	test_battle_won_mean:      1.0000
test_bess_cost_reward_mean:-82.1281	test_buy_cost_reward_mean:-306835.3228	test_ep_length_mean:      24.0000	test_episode_limit_mean:   1.0000
test_generate_cost_reward_mean:-56.5687	test_grid_purchase_cost_mean:306835.3228	test_mean_soc_mean:        0.6225	test_return_mean:        -307.8955
test_return_std:          34.4738	test_soc_reserve_reward_mean:  0.0000	test_soc_violation_mean:  41.0361	test_total_power_loss_mean:14130.7516
total_power_loss_mean:   14224.9798	
[INFO 16:12:04] my_main Recent Stats | t_env:      48384 | Episode:     2016
battery_punishment_reward_mean:-2345.2474	battle_won_mean:           1.0000	bess_cost_reward_mean:   -79.8841	buy_cost_reward_mean:    -309790.6518
critic_grad_norm:        184597.0531	critic_loss:             991.0144	ep_length_mean:           24.0000	episode_limit_mean:        1.0000
epsilon:                   0.2913	generate_cost_reward_mean:-49.8110	grid_purchase_cost_mean: 309790.6518	mean_soc_mean:             0.6394
return_mean:             -310.6170	return_std:               35.5737	soc_reserve_reward_mean:   0.0000	soc_violation_mean:       32.6288
target_mean:             -95.1564	td_error_abs:             21.4323	test_battery_punishment_reward_mean:-3037.2844	test_battle_won_mean:      1.0000
test_bess_cost_reward_mean:-82.1281	test_buy_cost_reward_mean:-306835.3228	test_ep_length_mean:      24.0000	test_episode_limit_mean:   1.0000
test_generate_cost_reward_mean:-56.5687	test_grid_purchase_cost_mean:306835.3228	test_mean_soc_mean:        0.6225	test_return_mean:        -307.8955
test_return_std:          34.4738	test_soc_reserve_reward_mean:  0.0000	test_soc_violation_mean:  41.0361	test_total_power_loss_mean:14130.7516
total_power_loss_mean:   14249.9439	
[INFO 16:12:10] my_main t_env: 50064 / 160000
[INFO 16:12:10] my_main Estimated time left: 6 minutes, 24 seconds. Time passed: 2 minutes, 47 seconds
[INFO 16:12:12] my_main Recent Stats | t_env:      50400 | Episode:     2100
battery_punishment_reward_mean:-2295.3981	battle_won_mean:           1.0000	bess_cost_reward_mean:   -81.9516	buy_cost_reward_mean:    -310138.8400
critic_grad_norm:        165410.7469	critic_loss:             808.2591	ep_length_mean:           24.0000	episode_limit_mean:        1.0000
epsilon:                   0.2823	generate_cost_reward_mean:-47.5179	grid_purchase_cost_mean: 310138.8400	mean_soc_mean:             0.6326
return_mean:             -310.9484	return_std:               34.9830	soc_reserve_reward_mean:   0.0000	soc_violation_mean:       32.1893
target_mean:             -99.7525	td_error_abs:             19.6319	test_battery_punishment_reward_mean:-3133.4796	test_battle_won_mean:      1.0000
test_bess_cost_reward_mean:-55.5896	test_buy_cost_reward_mean:-307783.8249	test_ep_length_mean:      24.0000	test_episode_limit_mean:   1.0000
test_generate_cost_reward_mean:-53.7022	test_grid_purchase_cost_mean:307783.8249	test_mean_soc_mean:        0.7218	test_return_mean:        -308.8662
test_return_std:          35.9786	test_soc_reserve_reward_mean:  0.0000	test_soc_violation_mean:  42.4096	test_total_power_loss_mean:14172.7840
total_power_loss_mean:   14259.0960	
[INFO 16:12:19] my_main Recent Stats | t_env:      52416 | Episode:     2184
battery_punishment_reward_mean:-2310.6673	battle_won_mean:           1.0000	bess_cost_reward_mean:   -82.2769	buy_cost_reward_mean:    -312069.3268
critic_grad_norm:        205744.8219	critic_loss:             703.5849	ep_length_mean:           24.0000	episode_limit_mean:        1.0000
epsilon:                   0.2732	generate_cost_reward_mean:-46.7620	grid_purchase_cost_mean: 312069.3268	mean_soc_mean:             0.6318
return_mean:             -312.8838	return_std:               34.5960	soc_reserve_reward_mean:   0.0000	soc_violation_mean:       32.3839
target_mean:             -104.9883	td_error_abs:             19.3634	test_battery_punishment_reward_mean:-3133.4796	test_battle_won_mean:      1.0000
test_bess_cost_reward_mean:-55.5896	test_buy_cost_reward_mean:-307783.8249	test_ep_length_mean:      24.0000	test_episode_limit_mean:   1.0000
test_generate_cost_reward_mean:-53.7022	test_grid_purchase_cost_mean:307783.8249	test_mean_soc_mean:        0.7218	test_return_mean:        -308.8662
test_return_std:          35.9786	test_soc_reserve_reward_mean:  0.0000	test_soc_violation_mean:  42.4096	test_total_power_loss_mean:14172.7840
total_power_loss_mean:   14341.8717	
[INFO 16:12:26] my_main Recent Stats | t_env:      54432 | Episode:     2268
battery_punishment_reward_mean:-2370.3543	battle_won_mean:           1.0000	bess_cost_reward_mean:   -78.6341	buy_cost_reward_mean:    -313874.5256
critic_grad_norm:        181150.8703	critic_loss:             617.1759	ep_length_mean:           24.0000	episode_limit_mean:        1.0000
epsilon:                   0.2641	generate_cost_reward_mean:-47.5709	grid_purchase_cost_mean: 313874.5256	mean_soc_mean:             0.6444
return_mean:             -314.7080	return_std:               35.0262	soc_reserve_reward_mean:   0.0000	soc_violation_mean:       33.0434
target_mean:             -110.4697	td_error_abs:             18.3616	test_battery_punishment_reward_mean:-3133.4796	test_battle_won_mean:      1.0000
test_bess_cost_reward_mean:-55.5896	test_buy_cost_reward_mean:-307783.8249	test_ep_length_mean:      24.0000	test_episode_limit_mean:   1.0000
test_generate_cost_reward_mean:-53.7022	test_grid_purchase_cost_mean:307783.8249	test_mean_soc_mean:        0.7218	test_return_mean:        -308.8662
test_return_std:          35.9786	test_soc_reserve_reward_mean:  0.0000	test_soc_violation_mean:  42.4096	test_total_power_loss_mean:14172.7840
total_power_loss_mean:   14422.5404	
[INFO 16:12:32] my_main Recent Stats | t_env:      56448 | Episode:     2352
battery_punishment_reward_mean:-2439.5838	battle_won_mean:           1.0000	bess_cost_reward_mean:   -73.9462	buy_cost_reward_mean:    -312633.2802
critic_grad_norm:        153579.4234	critic_loss:             548.3910	ep_length_mean:           24.0000	episode_limit_mean:        1.0000
epsilon:                   0.2551	generate_cost_reward_mean:-49.7585	grid_purchase_cost_mean: 312633.2802	mean_soc_mean:             0.6600
return_mean:             -313.4890	return_std:               34.8315	soc_reserve_reward_mean:   0.0000	soc_violation_mean:       33.7303
target_mean:             -116.3978	td_error_abs:             17.3143	test_battery_punishment_reward_mean:-3133.4796	test_battle_won_mean:      1.0000
test_bess_cost_reward_mean:-55.5896	test_buy_cost_reward_mean:-307783.8249	test_ep_length_mean:      24.0000	test_episode_limit_mean:   1.0000
test_generate_cost_reward_mean:-53.7022	test_grid_purchase_cost_mean:307783.8249	test_mean_soc_mean:        0.7218	test_return_mean:        -308.8662
test_return_std:          35.9786	test_soc_reserve_reward_mean:  0.0000	test_soc_violation_mean:  42.4096	test_total_power_loss_mean:14172.7840
total_power_loss_mean:   14368.2036	
[INFO 16:12:39] my_main Recent Stats | t_env:      58464 | Episode:     2436
battery_punishment_reward_mean:-2485.4656	battle_won_mean:           1.0000	bess_cost_reward_mean:   -70.1468	buy_cost_reward_mean:    -313196.1102
critic_grad_norm:        130135.5035	critic_loss:             512.0971	ep_length_mean:           24.0000	episode_limit_mean:        1.0000
epsilon:                   0.2460	generate_cost_reward_mean:-52.0506	grid_purchase_cost_mean: 313196.1102	mean_soc_mean:             0.6723
return_mean:             -314.0667	return_std:               34.5670	soc_reserve_reward_mean:   0.0000	soc_violation_mean:       34.1806
target_mean:             -122.4130	td_error_abs:             16.5494	test_battery_punishment_reward_mean:-3133.4796	test_battle_won_mean:      1.0000
test_bess_cost_reward_mean:-55.5896	test_buy_cost_reward_mean:-307783.8249	test_ep_length_mean:      24.0000	test_episode_limit_mean:   1.0000
test_generate_cost_reward_mean:-53.7022	test_grid_purchase_cost_mean:307783.8249	test_mean_soc_mean:        0.7218	test_return_mean:        -308.8662
test_return_std:          35.9786	test_soc_reserve_reward_mean:  0.0000	test_soc_violation_mean:  42.4096	test_total_power_loss_mean:14172.7840
total_power_loss_mean:   14399.9743	
[INFO 16:12:44] my_main t_env: 60072 / 160000
[INFO 16:12:44] my_main Estimated time left: 5 minutes, 42 seconds. Time passed: 3 minutes, 21 seconds
[INFO 16:12:47] my_main Recent Stats | t_env:      60480 | Episode:     2520
battery_punishment_reward_mean:-2466.9444	battle_won_mean:           1.0000	bess_cost_reward_mean:   -67.6224	buy_cost_reward_mean:    -313384.3516
critic_grad_norm:        108220.1988	critic_loss:             496.4387	ep_length_mean:           24.0000	episode_limit_mean:        1.0000
epsilon:                   0.2369	generate_cost_reward_mean:-53.7419	grid_purchase_cost_mean: 313384.3516	mean_soc_mean:             0.6802
return_mean:             -314.2486	return_std:               34.3723	soc_reserve_reward_mean:   0.0000	soc_violation_mean:       33.9436
target_mean:             -127.6605	td_error_abs:             16.1543	test_battery_punishment_reward_mean:-2820.3692	test_battle_won_mean:      1.0000
test_bess_cost_reward_mean:-49.6913	test_buy_cost_reward_mean:-308239.6272	test_ep_length_mean:      24.0000	test_episode_limit_mean:   1.0000
test_generate_cost_reward_mean:-52.4642	test_grid_purchase_cost_mean:308239.6272	test_mean_soc_mean:        0.7379	test_return_mean:        -309.2152
test_return_std:          34.1567	test_soc_reserve_reward_mean:  0.0000	test_soc_violation_mean:  38.9197	test_total_power_loss_mean:14194.4923
total_power_loss_mean:   14413.7546	
[INFO 16:12:53] my_main Recent Stats | t_env:      62496 | Episode:     2604
battery_punishment_reward_mean:-2390.5450	battle_won_mean:           1.0000	bess_cost_reward_mean:   -66.1526	buy_cost_reward_mean:    -313009.7797
critic_grad_norm:        78468.2176	critic_loss:             444.6907	ep_length_mean:           24.0000	episode_limit_mean:        1.0000
epsilon:                   0.2278	generate_cost_reward_mean:-54.5131	grid_purchase_cost_mean: 313009.7797	mean_soc_mean:             0.6841
return_mean:             -313.8483	return_std:               33.5930	soc_reserve_reward_mean:   0.0000	soc_violation_mean:       33.0859
target_mean:             -132.5709	td_error_abs:             15.1029	test_battery_punishment_reward_mean:-2820.3692	test_battle_won_mean:      1.0000
test_bess_cost_reward_mean:-49.6913	test_buy_cost_reward_mean:-308239.6272	test_ep_length_mean:      24.0000	test_episode_limit_mean:   1.0000
test_generate_cost_reward_mean:-52.4642	test_grid_purchase_cost_mean:308239.6272	test_mean_soc_mean:        0.7379	test_return_mean:        -309.2152
test_return_std:          34.1567	test_soc_reserve_reward_mean:  0.0000	test_soc_violation_mean:  38.9197	test_total_power_loss_mean:14194.4923
total_power_loss_mean:   14397.5727	
[INFO 16:13:00] my_main Recent Stats | t_env:      64512 | Episode:     2688
battery_punishment_reward_mean:-2298.8224	battle_won_mean:           1.0000	bess_cost_reward_mean:   -67.4025	buy_cost_reward_mean:    -312994.3291
critic_grad_norm:        171307.4316	critic_loss:             492.9468	ep_length_mean:           24.0000	episode_limit_mean:        1.0000
epsilon:                   0.2188	generate_cost_reward_mean:-54.5441	grid_purchase_cost_mean: 312994.3291	mean_soc_mean:             0.6794
return_mean:             -313.8027	return_std:               34.2887	soc_reserve_reward_mean:   0.0000	soc_violation_mean:       32.0862
target_mean:             -137.2316	td_error_abs:             16.5128	test_battery_punishment_reward_mean:-2820.3692	test_battle_won_mean:      1.0000
test_bess_cost_reward_mean:-49.6913	test_buy_cost_reward_mean:-308239.6272	test_ep_length_mean:      24.0000	test_episode_limit_mean:   1.0000
test_generate_cost_reward_mean:-52.4642	test_grid_purchase_cost_mean:308239.6272	test_mean_soc_mean:        0.7379	test_return_mean:        -309.2152
test_return_std:          34.1567	test_soc_reserve_reward_mean:  0.0000	test_soc_violation_mean:  38.9197	test_total_power_loss_mean:14194.4923
total_power_loss_mean:   14397.6621	
[INFO 16:13:08] my_main Recent Stats | t_env:      66528 | Episode:     2772
battery_punishment_reward_mean:-2231.5705	battle_won_mean:           1.0000	bess_cost_reward_mean:   -70.3725	buy_cost_reward_mean:    -314663.0787
critic_grad_norm:        181278.9848	critic_loss:             484.1330	ep_length_mean:           24.0000	episode_limit_mean:        1.0000
epsilon:                   0.2097	generate_cost_reward_mean:-53.4350	grid_purchase_cost_mean: 314663.0787	mean_soc_mean:             0.6697
return_mean:             -315.4497	return_std:               34.8840	soc_reserve_reward_mean:   0.0000	soc_violation_mean:       31.3882
target_mean:             -141.3199	td_error_abs:             16.3248	test_battery_punishment_reward_mean:-2820.3692	test_battle_won_mean:      1.0000
test_bess_cost_reward_mean:-49.6913	test_buy_cost_reward_mean:-308239.6272	test_ep_length_mean:      24.0000	test_episode_limit_mean:   1.0000
test_generate_cost_reward_mean:-52.4642	test_grid_purchase_cost_mean:308239.6272	test_mean_soc_mean:        0.7379	test_return_mean:        -309.2152
test_return_std:          34.1567	test_soc_reserve_reward_mean:  0.0000	test_soc_violation_mean:  38.9197	test_total_power_loss_mean:14194.4923
total_power_loss_mean:   14472.4728	
[INFO 16:13:15] my_main Recent Stats | t_env:      68544 | Episode:     2856
battery_punishment_reward_mean:-2176.7626	battle_won_mean:           1.0000	bess_cost_reward_mean:   -73.9011	buy_cost_reward_mean:    -313903.6058
critic_grad_norm:        215147.6766	critic_loss:             476.3977	ep_length_mean:           24.0000	episode_limit_mean:        1.0000
epsilon:                   0.2006	generate_cost_reward_mean:-51.9327	grid_purchase_cost_mean: 313903.6058	mean_soc_mean:             0.6582
return_mean:             -314.6725	return_std:               34.1827	soc_reserve_reward_mean:   0.0000	soc_violation_mean:       30.8519
target_mean:             -144.9301	td_error_abs:             16.4231	test_battery_punishment_reward_mean:-2820.3692	test_battle_won_mean:      1.0000
test_bess_cost_reward_mean:-49.6913	test_buy_cost_reward_mean:-308239.6272	test_ep_length_mean:      24.0000	test_episode_limit_mean:   1.0000
test_generate_cost_reward_mean:-52.4642	test_grid_purchase_cost_mean:308239.6272	test_mean_soc_mean:        0.7379	test_return_mean:        -309.2152
test_return_std:          34.1567	test_soc_reserve_reward_mean:  0.0000	test_soc_violation_mean:  38.9197	test_total_power_loss_mean:14194.4923
total_power_loss_mean:   14436.1909	
[INFO 16:13:20] my_main t_env: 70080 / 160000
[INFO 16:13:20] my_main Estimated time left: 5 minutes, 19 seconds. Time passed: 3 minutes, 56 seconds
[INFO 16:13:23] my_main Recent Stats | t_env:      70560 | Episode:     2940
battery_punishment_reward_mean:-2242.7346	battle_won_mean:           1.0000	bess_cost_reward_mean:   -76.5865	buy_cost_reward_mean:    -311712.1334
critic_grad_norm:        263670.2344	critic_loss:             483.3941	ep_length_mean:           24.0000	episode_limit_mean:        1.0000
epsilon:                   0.1916	generate_cost_reward_mean:-51.6810	grid_purchase_cost_mean: 311712.1334	mean_soc_mean:             0.6498
return_mean:             -312.5039	return_std:               34.3851	soc_reserve_reward_mean:   0.0000	soc_violation_mean:       31.5848
target_mean:             -148.2893	td_error_abs:             16.8985	test_battery_punishment_reward_mean:-2623.2760	test_battle_won_mean:      1.0000
test_bess_cost_reward_mean:-59.9467	test_buy_cost_reward_mean:-306968.2715	test_ep_length_mean:      24.0000	test_episode_limit_mean:   1.0000
test_generate_cost_reward_mean:-52.0045	test_grid_purchase_cost_mean:306968.2715	test_mean_soc_mean:        0.7024	test_return_mean:        -307.8814
test_return_std:          32.0467	test_soc_reserve_reward_mean:  0.0000	test_soc_violation_mean:  36.6198	test_total_power_loss_mean:14130.7793
total_power_loss_mean:   14343.7581	
[INFO 16:13:29] my_main Recent Stats | t_env:      72576 | Episode:     3024
battery_punishment_reward_mean:-2306.4636	battle_won_mean:           1.0000	bess_cost_reward_mean:   -80.1987	buy_cost_reward_mean:    -312061.3416
critic_grad_norm:        252748.6562	critic_loss:             460.9221	ep_length_mean:           24.0000	episode_limit_mean:        1.0000
epsilon:                   0.1825	generate_cost_reward_mean:-51.3137	grid_purchase_cost_mean: 312061.3416	mean_soc_mean:             0.6381
return_mean:             -312.8754	return_std:               34.6866	soc_reserve_reward_mean:   0.0000	soc_violation_mean:       32.2434
target_mean:             -151.6118	td_error_abs:             16.3018	test_battery_punishment_reward_mean:-2623.2760	test_battle_won_mean:      1.0000
test_bess_cost_reward_mean:-59.9467	test_buy_cost_reward_mean:-306968.2715	test_ep_length_mean:      24.0000	test_episode_limit_mean:   1.0000
test_generate_cost_reward_mean:-52.0045	test_grid_purchase_cost_mean:306968.2715	test_mean_soc_mean:        0.7024	test_return_mean:        -307.8814
test_return_std:          32.0467	test_soc_reserve_reward_mean:  0.0000	test_soc_violation_mean:  36.6198	test_total_power_loss_mean:14130.7793
total_power_loss_mean:   14358.5965	
[INFO 16:13:36] my_main Recent Stats | t_env:      74592 | Episode:     3108
battery_punishment_reward_mean:-2324.3511	battle_won_mean:           1.0000	bess_cost_reward_mean:   -81.4089	buy_cost_reward_mean:    -311949.3927
critic_grad_norm:        201284.0969	critic_loss:             394.7696	ep_length_mean:           24.0000	episode_limit_mean:        1.0000
epsilon:                   0.1734	generate_cost_reward_mean:-50.7294	grid_purchase_cost_mean: 311949.3927	mean_soc_mean:             0.6337
return_mean:             -312.7696	return_std:               33.3763	soc_reserve_reward_mean:   0.0000	soc_violation_mean:       32.3730
target_mean:             -154.7524	td_error_abs:             14.7076	test_battery_punishment_reward_mean:-2623.2760	test_battle_won_mean:      1.0000
test_bess_cost_reward_mean:-59.9467	test_buy_cost_reward_mean:-306968.2715	test_ep_length_mean:      24.0000	test_episode_limit_mean:   1.0000
test_generate_cost_reward_mean:-52.0045	test_grid_purchase_cost_mean:306968.2715	test_mean_soc_mean:        0.7024	test_return_mean:        -307.8814
test_return_std:          32.0467	test_soc_reserve_reward_mean:  0.0000	test_soc_violation_mean:  36.6198	test_total_power_loss_mean:14130.7793
total_power_loss_mean:   14352.0978	
[INFO 16:13:43] my_main Recent Stats | t_env:      76608 | Episode:     3192
battery_punishment_reward_mean:-2337.1155	battle_won_mean:           1.0000	bess_cost_reward_mean:   -81.5737	buy_cost_reward_mean:    -309725.9696
critic_grad_norm:        231463.4000	critic_loss:             403.0732	ep_length_mean:           24.0000	episode_limit_mean:        1.0000
epsilon:                   0.1643	generate_cost_reward_mean:-50.5098	grid_purchase_cost_mean: 309725.9696	mean_soc_mean:             0.6326
return_mean:             -310.5504	return_std:               33.3796	soc_reserve_reward_mean:   0.0000	soc_violation_mean:       32.4110
target_mean:             -157.7706	td_error_abs:             15.0196	test_battery_punishment_reward_mean:-2623.2760	test_battle_won_mean:      1.0000
test_bess_cost_reward_mean:-59.9467	test_buy_cost_reward_mean:-306968.2715	test_ep_length_mean:      24.0000	test_episode_limit_mean:   1.0000
test_generate_cost_reward_mean:-52.0045	test_grid_purchase_cost_mean:306968.2715	test_mean_soc_mean:        0.7024	test_return_mean:        -307.8814
test_return_std:          32.0467	test_soc_reserve_reward_mean:  0.0000	test_soc_violation_mean:  36.6198	test_total_power_loss_mean:14130.7793
total_power_loss_mean:   14253.9821	
[INFO 16:13:50] my_main Recent Stats | t_env:      78624 | Episode:     3276
battery_punishment_reward_mean:-2358.9961	battle_won_mean:           1.0000	bess_cost_reward_mean:   -79.4895	buy_cost_reward_mean:    -310472.1333
critic_grad_norm:        236834.4375	critic_loss:             411.3568	ep_length_mean:           24.0000	episode_limit_mean:        1.0000
epsilon:                   0.1553	generate_cost_reward_mean:-50.9097	grid_purchase_cost_mean: 310472.1333	mean_soc_mean:             0.6389
return_mean:             -311.3033	return_std:               33.7760	soc_reserve_reward_mean:   0.0000	soc_violation_mean:       32.5376
target_mean:             -160.5900	td_error_abs:             15.1780	test_battery_punishment_reward_mean:-2623.2760	test_battle_won_mean:      1.0000
test_bess_cost_reward_mean:-59.9467	test_buy_cost_reward_mean:-306968.2715	test_ep_length_mean:      24.0000	test_episode_limit_mean:   1.0000
test_generate_cost_reward_mean:-52.0045	test_grid_purchase_cost_mean:306968.2715	test_mean_soc_mean:        0.7024	test_return_mean:        -307.8814
test_return_std:          32.0467	test_soc_reserve_reward_mean:  0.0000	test_soc_violation_mean:  36.6198	test_total_power_loss_mean:14130.7793
total_power_loss_mean:   14286.7682	
[INFO 16:13:55] my_main t_env: 80088 / 160000
[INFO 16:13:55] my_main Estimated time left: 4 minutes, 40 seconds. Time passed: 4 minutes, 32 seconds
[INFO 16:13:58] my_main Recent Stats | t_env:      80640 | Episode:     3360
battery_punishment_reward_mean:-2269.7346	battle_won_mean:           1.0000	bess_cost_reward_mean:   -76.7284	buy_cost_reward_mean:    -311785.0941
critic_grad_norm:        226580.4094	critic_loss:             399.8816	ep_length_mean:           24.0000	episode_limit_mean:        1.0000
epsilon:                   0.1462	generate_cost_reward_mean:-50.0500	grid_purchase_cost_mean: 311785.0941	mean_soc_mean:             0.6477
return_mean:             -312.5853	return_std:               34.1198	soc_reserve_reward_mean:   0.0000	soc_violation_mean:       31.5617
target_mean:             -163.2690	td_error_abs:             14.8105	test_battery_punishment_reward_mean:-2591.6093	test_battle_won_mean:      1.0000
test_bess_cost_reward_mean:-61.5959	test_buy_cost_reward_mean:-302538.4174	test_ep_length_mean:      24.0000	test_episode_limit_mean:   1.0000
test_generate_cost_reward_mean:-51.9824	test_grid_purchase_cost_mean:302538.4174	test_mean_soc_mean:        0.6979	test_return_mean:        -303.4416
test_return_std:          32.1357	test_soc_reserve_reward_mean:  0.0000	test_soc_violation_mean:  36.0582	test_total_power_loss_mean:13953.9471
total_power_loss_mean:   14340.6801	
[INFO 16:14:04] my_main Recent Stats | t_env:      82656 | Episode:     3444
battery_punishment_reward_mean:-2257.9155	battle_won_mean:           1.0000	bess_cost_reward_mean:   -73.5856	buy_cost_reward_mean:    -311898.3007
critic_grad_norm:        233641.5000	critic_loss:             410.6562	ep_length_mean:           24.0000	episode_limit_mean:        1.0000
epsilon:                   0.1371	generate_cost_reward_mean:-50.2348	grid_purchase_cost_mean: 311898.3007	mean_soc_mean:             0.6579
return_mean:             -312.6936	return_std:               35.6476	soc_reserve_reward_mean:   0.0000	soc_violation_mean:       31.3906
target_mean:             -165.9193	td_error_abs:             14.9776	test_battery_punishment_reward_mean:-2591.6093	test_battle_won_mean:      1.0000
test_bess_cost_reward_mean:-61.5959	test_buy_cost_reward_mean:-302538.4174	test_ep_length_mean:      24.0000	test_episode_limit_mean:   1.0000
test_generate_cost_reward_mean:-51.9824	test_grid_purchase_cost_mean:302538.4174	test_mean_soc_mean:        0.6979	test_return_mean:        -303.4416
test_return_std:          32.1357	test_soc_reserve_reward_mean:  0.0000	test_soc_violation_mean:  36.0582	test_total_power_loss_mean:13953.9471
total_power_loss_mean:   14347.6025	
[INFO 16:14:11] my_main Recent Stats | t_env:      84672 | Episode:     3528
battery_punishment_reward_mean:-2285.5379	battle_won_mean:           1.0000	bess_cost_reward_mean:   -72.9861	buy_cost_reward_mean:    -310341.4609
critic_grad_norm:        240943.7031	critic_loss:             417.2677	ep_length_mean:           24.0000	episode_limit_mean:        1.0000
epsilon:                   0.1280	generate_cost_reward_mean:-51.0108	grid_purchase_cost_mean: 310341.4609	mean_soc_mean:             0.6594
return_mean:             -311.1460	return_std:               36.4885	soc_reserve_reward_mean:   0.0000	soc_violation_mean:       31.7589
target_mean:             -168.5711	td_error_abs:             15.1003	test_battery_punishment_reward_mean:-2591.6093	test_battle_won_mean:      1.0000
test_bess_cost_reward_mean:-61.5959	test_buy_cost_reward_mean:-302538.4174	test_ep_length_mean:      24.0000	test_episode_limit_mean:   1.0000
test_generate_cost_reward_mean:-51.9824	test_grid_purchase_cost_mean:302538.4174	test_mean_soc_mean:        0.6979	test_return_mean:        -303.4416
test_return_std:          32.1357	test_soc_reserve_reward_mean:  0.0000	test_soc_violation_mean:  36.0582	test_total_power_loss_mean:13953.9471
total_power_loss_mean:   14287.5318	
[INFO 16:14:17] my_main Recent Stats | t_env:      86688 | Episode:     3612
battery_punishment_reward_mean:-2155.4806	battle_won_mean:           1.0000	bess_cost_reward_mean:   -80.0512	buy_cost_reward_mean:    -310805.2550
critic_grad_norm:        247048.2938	critic_loss:             410.4538	ep_length_mean:           24.0000	episode_limit_mean:        1.0000
epsilon:                   0.1190	generate_cost_reward_mean:-49.7496	grid_purchase_cost_mean: 310805.2550	mean_soc_mean:             0.6325
return_mean:             -311.5684	return_std:               36.3630	soc_reserve_reward_mean:   0.0000	soc_violation_mean:       30.4444
target_mean:             -171.3252	td_error_abs:             15.0565	test_battery_punishment_reward_mean:-2591.6093	test_battle_won_mean:      1.0000
test_bess_cost_reward_mean:-61.5959	test_buy_cost_reward_mean:-302538.4174	test_ep_length_mean:      24.0000	test_episode_limit_mean:   1.0000
test_generate_cost_reward_mean:-51.9824	test_grid_purchase_cost_mean:302538.4174	test_mean_soc_mean:        0.6979	test_return_mean:        -303.4416
test_return_std:          32.1357	test_soc_reserve_reward_mean:  0.0000	test_soc_violation_mean:  36.0582	test_total_power_loss_mean:13953.9471
total_power_loss_mean:   14305.6909	
[INFO 16:14:24] my_main Recent Stats | t_env:      88704 | Episode:     3696
battery_punishment_reward_mean:-1865.0195	battle_won_mean:           1.0000	bess_cost_reward_mean:   -77.2559	buy_cost_reward_mean:    -310182.9008
critic_grad_norm:        259395.6156	critic_loss:             402.1114	ep_length_mean:           24.0000	episode_limit_mean:        1.0000
epsilon:                   0.1099	generate_cost_reward_mean:-48.0804	grid_purchase_cost_mean: 310182.9008	mean_soc_mean:             0.6415
return_mean:             -310.8476	return_std:               37.1055	soc_reserve_reward_mean:   0.0000	soc_violation_mean:       27.7176
target_mean:             -174.1621	td_error_abs:             14.9831	test_battery_punishment_reward_mean:-2591.6093	test_battle_won_mean:      1.0000
test_bess_cost_reward_mean:-61.5959	test_buy_cost_reward_mean:-302538.4174	test_ep_length_mean:      24.0000	test_episode_limit_mean:   1.0000
test_generate_cost_reward_mean:-51.9824	test_grid_purchase_cost_mean:302538.4174	test_mean_soc_mean:        0.6979	test_return_mean:        -303.4416
test_return_std:          32.1357	test_soc_reserve_reward_mean:  0.0000	test_soc_violation_mean:  36.0582	test_total_power_loss_mean:13953.9471
total_power_loss_mean:   14281.3707	
[INFO 16:14:29] my_main t_env: 90096 / 160000
[INFO 16:14:29] my_main Estimated time left: 3 minutes, 55 seconds. Time passed: 5 minutes, 5 seconds
[INFO 16:14:32] my_main Recent Stats | t_env:      90720 | Episode:     3780
battery_punishment_reward_mean:-1625.1571	battle_won_mean:           1.0000	bess_cost_reward_mean:   -74.8149	buy_cost_reward_mean:    -309285.0356
critic_grad_norm:        274668.7875	critic_loss:             398.4958	ep_length_mean:           24.0000	episode_limit_mean:        1.0000
epsilon:                   0.1008	generate_cost_reward_mean:-47.0284	grid_purchase_cost_mean: 309285.0356	mean_soc_mean:             0.6490
return_mean:             -309.8686	return_std:               35.8547	soc_reserve_reward_mean:   0.0000	soc_violation_mean:       25.5301
target_mean:             -176.9675	td_error_abs:             15.0737	test_battery_punishment_reward_mean:-2003.0590	test_battle_won_mean:      1.0000
test_bess_cost_reward_mean:-58.2016	test_buy_cost_reward_mean:-303494.0263	test_ep_length_mean:      24.0000	test_episode_limit_mean:   1.0000
test_generate_cost_reward_mean:-49.3864	test_grid_purchase_cost_mean:303494.0263	test_mean_soc_mean:        0.7124	test_return_mean:        -304.1989
test_return_std:          32.3893	test_soc_reserve_reward_mean:  0.0000	test_soc_violation_mean:  30.6006	test_total_power_loss_mean:13992.9556
total_power_loss_mean:   14243.0582	
[INFO 16:14:39] my_main Recent Stats | t_env:      92736 | Episode:     3864
battery_punishment_reward_mean:-1363.8777	battle_won_mean:           1.0000	bess_cost_reward_mean:   -72.5888	buy_cost_reward_mean:    -307419.9600
critic_grad_norm:        284310.5687	critic_loss:             392.9729	ep_length_mean:           24.0000	episode_limit_mean:        1.0000
epsilon:                   0.0918	generate_cost_reward_mean:-46.0132	grid_purchase_cost_mean: 307419.9600	mean_soc_mean:             0.6562
return_mean:             -307.9154	return_std:               35.5647	soc_reserve_reward_mean:   0.0000	soc_violation_mean:       23.1650
target_mean:             -179.5856	td_error_abs:             15.1022	test_battery_punishment_reward_mean:-2003.0590	test_battle_won_mean:      1.0000
test_bess_cost_reward_mean:-58.2016	test_buy_cost_reward_mean:-303494.0263	test_ep_length_mean:      24.0000	test_episode_limit_mean:   1.0000
test_generate_cost_reward_mean:-49.3864	test_grid_purchase_cost_mean:303494.0263	test_mean_soc_mean:        0.7124	test_return_mean:        -304.1989
test_return_std:          32.3893	test_soc_reserve_reward_mean:  0.0000	test_soc_violation_mean:  30.6006	test_total_power_loss_mean:13992.9556
total_power_loss_mean:   14165.6843	
[INFO 16:14:46] my_main Recent Stats | t_env:      94752 | Episode:     3948
battery_punishment_reward_mean:-1102.3460	battle_won_mean:           1.0000	bess_cost_reward_mean:   -69.9982	buy_cost_reward_mean:    -309463.7206
critic_grad_norm:        294868.0625	critic_loss:             380.1616	ep_length_mean:           24.0000	episode_limit_mean:        1.0000
epsilon:                   0.0827	generate_cost_reward_mean:-44.5970	grid_purchase_cost_mean: 309463.7206	mean_soc_mean:             0.6651
return_mean:             -309.8706	return_std:               35.0188	soc_reserve_reward_mean:   0.0000	soc_violation_mean:       20.6296
target_mean:             -182.4378	td_error_abs:             15.0453	test_battery_punishment_reward_mean:-2003.0590	test_battle_won_mean:      1.0000
test_bess_cost_reward_mean:-58.2016	test_buy_cost_reward_mean:-303494.0263	test_ep_length_mean:      24.0000	test_episode_limit_mean:   1.0000
test_generate_cost_reward_mean:-49.3864	test_grid_purchase_cost_mean:303494.0263	test_mean_soc_mean:        0.7124	test_return_mean:        -304.1989
test_return_std:          32.3893	test_soc_reserve_reward_mean:  0.0000	test_soc_violation_mean:  30.6006	test_total_power_loss_mean:13992.9556
total_power_loss_mean:   14247.3217	
[INFO 16:14:53] my_main Recent Stats | t_env:      96768 | Episode:     4032
battery_punishment_reward_mean:-982.6694	battle_won_mean:           1.0000	bess_cost_reward_mean:   -60.9140	buy_cost_reward_mean:    -309145.8870
critic_grad_norm:        310809.5625	critic_loss:             380.3426	ep_length_mean:           24.0000	episode_limit_mean:        1.0000
epsilon:                   0.0736	generate_cost_reward_mean:-44.7393	grid_purchase_cost_mean: 309145.8870	mean_soc_mean:             0.6981
return_mean:             -309.5099	return_std:               34.4559	soc_reserve_reward_mean:   0.0000	soc_violation_mean:       19.6655
target_mean:             -185.1644	td_error_abs:             15.2381	test_battery_punishment_reward_mean:-2003.0590	test_battle_won_mean:      1.0000
test_bess_cost_reward_mean:-58.2016	test_buy_cost_reward_mean:-303494.0263	test_ep_length_mean:      24.0000	test_episode_limit_mean:   1.0000
test_generate_cost_reward_mean:-49.3864	test_grid_purchase_cost_mean:303494.0263	test_mean_soc_mean:        0.7124	test_return_mean:        -304.1989
test_return_std:          32.3893	test_soc_reserve_reward_mean:  0.0000	test_soc_violation_mean:  30.6006	test_total_power_loss_mean:13992.9556
total_power_loss_mean:   14236.5175	
[INFO 16:15:00] my_main Recent Stats | t_env:      98784 | Episode:     4116
battery_punishment_reward_mean:-1011.8187	battle_won_mean:           1.0000	bess_cost_reward_mean:   -64.9820	buy_cost_reward_mean:    -308612.3719
critic_grad_norm:        318348.0125	critic_loss:             382.8745	ep_length_mean:           24.0000	episode_limit_mean:        1.0000
epsilon:                   0.0645	generate_cost_reward_mean:-44.7092	grid_purchase_cost_mean: 308612.3719	mean_soc_mean:             0.6837
return_mean:             -308.9874	return_std:               33.6992	soc_reserve_reward_mean:   0.0000	soc_violation_mean:       19.8714
target_mean:             -187.6812	td_error_abs:             15.3765	test_battery_punishment_reward_mean:-2003.0590	test_battle_won_mean:      1.0000
test_bess_cost_reward_mean:-58.2016	test_buy_cost_reward_mean:-303494.0263	test_ep_length_mean:      24.0000	test_episode_limit_mean:   1.0000
test_generate_cost_reward_mean:-49.3864	test_grid_purchase_cost_mean:303494.0263	test_mean_soc_mean:        0.7124	test_return_mean:        -304.1989
test_return_std:          32.3893	test_soc_reserve_reward_mean:  0.0000	test_soc_violation_mean:  30.6006	test_total_power_loss_mean:13992.9556
total_power_loss_mean:   14210.9118	
[INFO 16:15:04] my_main t_env: 100104 / 160000
[INFO 16:15:04] my_main Estimated time left: 3 minutes, 30 seconds. Time passed: 5 minutes, 41 seconds
[INFO 16:15:07] my_main Recent Stats | t_env:     100800 | Episode:     4200
battery_punishment_reward_mean:-1017.8577	battle_won_mean:           1.0000	bess_cost_reward_mean:   -69.9278	buy_cost_reward_mean:    -309916.3373
critic_grad_norm:        320289.5812	critic_loss:             377.2347	ep_length_mean:           24.0000	episode_limit_mean:        1.0000
epsilon:                   0.0555	generate_cost_reward_mean:-44.0506	grid_purchase_cost_mean: 309916.3373	mean_soc_mean:             0.6660
return_mean:             -310.2948	return_std:               33.2791	soc_reserve_reward_mean:   0.0000	soc_violation_mean:       19.7442
target_mean:             -190.4927	td_error_abs:             15.2716	test_battery_punishment_reward_mean:-1328.7463	test_battle_won_mean:      1.0000
test_bess_cost_reward_mean:-64.3139	test_buy_cost_reward_mean:-308055.6931	test_ep_length_mean:      24.0000	test_episode_limit_mean:   1.0000
test_generate_cost_reward_mean:-45.8855	test_grid_purchase_cost_mean:308055.6931	test_mean_soc_mean:        0.6859	test_return_mean:        -308.5366
test_return_std:          30.9555	test_soc_reserve_reward_mean:  0.0000	test_soc_violation_mean:  23.5483	test_total_power_loss_mean:14168.8934
total_power_loss_mean:   14267.2988	
[INFO 16:15:14] my_main Recent Stats | t_env:     102816 | Episode:     4284
battery_punishment_reward_mean:-1015.2650	battle_won_mean:           1.0000	bess_cost_reward_mean:   -75.4398	buy_cost_reward_mean:    -310382.4807
critic_grad_norm:        323442.4813	critic_loss:             365.7086	ep_length_mean:           24.0000	episode_limit_mean:        1.0000
epsilon:                   0.0500	generate_cost_reward_mean:-43.2511	grid_purchase_cost_mean: 310382.4807	mean_soc_mean:             0.6455
return_mean:             -310.7616	return_std:               31.9615	soc_reserve_reward_mean:   0.0000	soc_violation_mean:       19.5138
target_mean:             -193.0668	td_error_abs:             15.1570	test_battery_punishment_reward_mean:-1328.7463	test_battle_won_mean:      1.0000
test_bess_cost_reward_mean:-64.3139	test_buy_cost_reward_mean:-308055.6931	test_ep_length_mean:      24.0000	test_episode_limit_mean:   1.0000
test_generate_cost_reward_mean:-45.8855	test_grid_purchase_cost_mean:308055.6931	test_mean_soc_mean:        0.6859	test_return_mean:        -308.5366
test_return_std:          30.9555	test_soc_reserve_reward_mean:  0.0000	test_soc_violation_mean:  23.5483	test_total_power_loss_mean:14168.8934
total_power_loss_mean:   14286.4845	
[INFO 16:15:21] my_main Recent Stats | t_env:     104832 | Episode:     4368
battery_punishment_reward_mean:-1015.9822	battle_won_mean:           1.0000	bess_cost_reward_mean:   -81.9599	buy_cost_reward_mean:    -307302.7224
critic_grad_norm:        322674.1813	critic_loss:             361.7121	ep_length_mean:           24.0000	episode_limit_mean:        1.0000
epsilon:                   0.0500	generate_cost_reward_mean:-42.1901	grid_purchase_cost_mean: 307302.7224	mean_soc_mean:             0.6207
return_mean:             -307.6839	return_std:               31.4584	soc_reserve_reward_mean:   0.0000	soc_violation_mean:       19.3947
target_mean:             -195.5434	td_error_abs:             15.0677	test_battery_punishment_reward_mean:-1328.7463	test_battle_won_mean:      1.0000
test_bess_cost_reward_mean:-64.3139	test_buy_cost_reward_mean:-308055.6931	test_ep_length_mean:      24.0000	test_episode_limit_mean:   1.0000
test_generate_cost_reward_mean:-45.8855	test_grid_purchase_cost_mean:308055.6931	test_mean_soc_mean:        0.6859	test_return_mean:        -308.5366
test_return_std:          30.9555	test_soc_reserve_reward_mean:  0.0000	test_soc_violation_mean:  23.5483	test_total_power_loss_mean:14168.8934
total_power_loss_mean:   14159.3856	
[INFO 16:15:28] my_main Recent Stats | t_env:     106848 | Episode:     4452
battery_punishment_reward_mean:-1017.2764	battle_won_mean:           1.0000	bess_cost_reward_mean:   -88.0418	buy_cost_reward_mean:    -308195.2211
critic_grad_norm:        318046.3750	critic_loss:             353.2288	ep_length_mean:           24.0000	episode_limit_mean:        1.0000
epsilon:                   0.0500	generate_cost_reward_mean:-40.6988	grid_purchase_cost_mean: 308195.2211	mean_soc_mean:             0.5976
return_mean:             -308.5783	return_std:               30.7942	soc_reserve_reward_mean:   0.0000	soc_violation_mean:       19.3767
target_mean:             -197.9448	td_error_abs:             14.8599	test_battery_punishment_reward_mean:-1328.7463	test_battle_won_mean:      1.0000
test_bess_cost_reward_mean:-64.3139	test_buy_cost_reward_mean:-308055.6931	test_ep_length_mean:      24.0000	test_episode_limit_mean:   1.0000
test_generate_cost_reward_mean:-45.8855	test_grid_purchase_cost_mean:308055.6931	test_mean_soc_mean:        0.6859	test_return_mean:        -308.5366
test_return_std:          30.9555	test_soc_reserve_reward_mean:  0.0000	test_soc_violation_mean:  23.5483	test_total_power_loss_mean:14168.8934
total_power_loss_mean:   14196.6959	
[INFO 16:15:34] my_main Recent Stats | t_env:     108864 | Episode:     4536
battery_punishment_reward_mean:-1146.4508	battle_won_mean:           1.0000	bess_cost_reward_mean:   -97.5113	buy_cost_reward_mean:    -309788.7583
critic_grad_norm:        318956.7188	critic_loss:             341.4081	ep_length_mean:           24.0000	episode_limit_mean:        1.0000
epsilon:                   0.0500	generate_cost_reward_mean:-39.2428	grid_purchase_cost_mean: 309788.7583	mean_soc_mean:             0.5617
return_mean:             -310.2175	return_std:               30.2704	soc_reserve_reward_mean:   0.0000	soc_violation_mean:       20.8550
target_mean:             -200.4521	td_error_abs:             14.6488	test_battery_punishment_reward_mean:-1328.7463	test_battle_won_mean:      1.0000
test_bess_cost_reward_mean:-64.3139	test_buy_cost_reward_mean:-308055.6931	test_ep_length_mean:      24.0000	test_episode_limit_mean:   1.0000
test_generate_cost_reward_mean:-45.8855	test_grid_purchase_cost_mean:308055.6931	test_mean_soc_mean:        0.6859	test_return_mean:        -308.5366
test_return_std:          30.9555	test_soc_reserve_reward_mean:  0.0000	test_soc_violation_mean:  23.5483	test_total_power_loss_mean:14168.8934
total_power_loss_mean:   14266.2320	
[INFO 16:15:38] my_main t_env: 110112 / 160000
[INFO 16:15:38] my_main Estimated time left: 2 minutes, 51 seconds. Time passed: 6 minutes, 15 seconds
[INFO 16:15:42] my_main Recent Stats | t_env:     110880 | Episode:     4620
battery_punishment_reward_mean:-1298.7684	battle_won_mean:           1.0000	bess_cost_reward_mean:   -106.0863	buy_cost_reward_mean:    -310083.5366
critic_grad_norm:        329261.9000	critic_loss:             343.1908	ep_length_mean:           24.0000	episode_limit_mean:        1.0000
epsilon:                   0.0500	generate_cost_reward_mean:-38.4730	grid_purchase_cost_mean: 310083.5366	mean_soc_mean:             0.5296
return_mean:             -310.5656	return_std:               32.2650	soc_reserve_reward_mean:   0.0000	soc_violation_mean:       22.5808
target_mean:             -202.8534	td_error_abs:             14.7387	test_battery_punishment_reward_mean:-1264.1153	test_battle_won_mean:      1.0000
test_bess_cost_reward_mean:-92.7618	test_buy_cost_reward_mean:-308499.9832	test_ep_length_mean:      24.0000	test_episode_limit_mean:   1.0000
test_generate_cost_reward_mean:-41.2270	test_grid_purchase_cost_mean:308499.9832	test_mean_soc_mean:        0.5781	test_return_mean:        -308.9671
test_return_std:          31.7618	test_soc_reserve_reward_mean:  0.0000	test_soc_violation_mean:  22.6207	test_total_power_loss_mean:14193.1280
total_power_loss_mean:   14271.2475	
[INFO 16:15:49] my_main Recent Stats | t_env:     112896 | Episode:     4704
battery_punishment_reward_mean:-1448.2198	battle_won_mean:           1.0000	bess_cost_reward_mean:   -114.0070	buy_cost_reward_mean:    -309914.0052
critic_grad_norm:        328845.4125	critic_loss:             342.2339	ep_length_mean:           24.0000	episode_limit_mean:        1.0000
epsilon:                   0.0500	generate_cost_reward_mean:-37.5742	grid_purchase_cost_mean: 309914.0052	mean_soc_mean:             0.5001
return_mean:             -310.4482	return_std:               33.4947	soc_reserve_reward_mean:   0.0000	soc_violation_mean:       24.2580
target_mean:             -205.1149	td_error_abs:             14.6675	test_battery_punishment_reward_mean:-1264.1153	test_battle_won_mean:      1.0000
test_bess_cost_reward_mean:-92.7618	test_buy_cost_reward_mean:-308499.9832	test_ep_length_mean:      24.0000	test_episode_limit_mean:   1.0000
test_generate_cost_reward_mean:-41.2270	test_grid_purchase_cost_mean:308499.9832	test_mean_soc_mean:        0.5781	test_return_mean:        -308.9671
test_return_std:          31.7618	test_soc_reserve_reward_mean:  0.0000	test_soc_violation_mean:  22.6207	test_total_power_loss_mean:14193.1280
total_power_loss_mean:   14263.2544	
[INFO 16:15:56] my_main Recent Stats | t_env:     114912 | Episode:     4788
battery_punishment_reward_mean:-1591.0075	battle_won_mean:           1.0000	bess_cost_reward_mean:   -118.9086	buy_cost_reward_mean:    -311302.8989
critic_grad_norm:        335862.3187	critic_loss:             343.6070	ep_length_mean:           24.0000	episode_limit_mean:        1.0000
epsilon:                   0.0500	generate_cost_reward_mean:-37.3268	grid_purchase_cost_mean: 311302.8989	mean_soc_mean:             0.4818
return_mean:             -311.8863	return_std:               34.3163	soc_reserve_reward_mean:   0.0000	soc_violation_mean:       25.8347
target_mean:             -207.3948	td_error_abs:             14.7233	test_battery_punishment_reward_mean:-1264.1153	test_battle_won_mean:      1.0000
test_bess_cost_reward_mean:-92.7618	test_buy_cost_reward_mean:-308499.9832	test_ep_length_mean:      24.0000	test_episode_limit_mean:   1.0000
test_generate_cost_reward_mean:-41.2270	test_grid_purchase_cost_mean:308499.9832	test_mean_soc_mean:        0.5781	test_return_mean:        -308.9671
test_return_std:          31.7618	test_soc_reserve_reward_mean:  0.0000	test_soc_violation_mean:  22.6207	test_total_power_loss_mean:14193.1280
total_power_loss_mean:   14314.4754	
[INFO 16:16:03] my_main Recent Stats | t_env:     116928 | Episode:     4872
battery_punishment_reward_mean:-1708.7659	battle_won_mean:           1.0000	bess_cost_reward_mean:   -122.5565	buy_cost_reward_mean:    -312303.3850
critic_grad_norm:        338275.1250	critic_loss:             348.1276	ep_length_mean:           24.0000	episode_limit_mean:        1.0000
epsilon:                   0.0500	generate_cost_reward_mean:-37.5886	grid_purchase_cost_mean: 312303.3850	mean_soc_mean:             0.4684
return_mean:             -312.9273	return_std:               35.3007	soc_reserve_reward_mean:   0.0000	soc_violation_mean:       27.0252
target_mean:             -209.7397	td_error_abs:             14.7515	test_battery_punishment_reward_mean:-1264.1153	test_battle_won_mean:      1.0000
test_bess_cost_reward_mean:-92.7618	test_buy_cost_reward_mean:-308499.9832	test_ep_length_mean:      24.0000	test_episode_limit_mean:   1.0000
test_generate_cost_reward_mean:-41.2270	test_grid_purchase_cost_mean:308499.9832	test_mean_soc_mean:        0.5781	test_return_mean:        -308.9671
test_return_std:          31.7618	test_soc_reserve_reward_mean:  0.0000	test_soc_violation_mean:  22.6207	test_total_power_loss_mean:14193.1280
total_power_loss_mean:   14351.3911	
[INFO 16:16:09] my_main Recent Stats | t_env:     118944 | Episode:     4956
battery_punishment_reward_mean:-1704.0959	battle_won_mean:           1.0000	bess_cost_reward_mean:   -121.0002	buy_cost_reward_mean:    -311884.9459
critic_grad_norm:        335385.1063	critic_loss:             343.6951	ep_length_mean:           24.0000	episode_limit_mean:        1.0000
epsilon:                   0.0500	generate_cost_reward_mean:-38.1137	grid_purchase_cost_mean: 311884.9459	mean_soc_mean:             0.4744
return_mean:             -312.5070	return_std:               36.0186	soc_reserve_reward_mean:   0.0000	soc_violation_mean:       26.8932
target_mean:             -212.2045	td_error_abs:             14.5101	test_battery_punishment_reward_mean:-1264.1153	test_battle_won_mean:      1.0000
test_bess_cost_reward_mean:-92.7618	test_buy_cost_reward_mean:-308499.9832	test_ep_length_mean:      24.0000	test_episode_limit_mean:   1.0000
test_generate_cost_reward_mean:-41.2270	test_grid_purchase_cost_mean:308499.9832	test_mean_soc_mean:        0.5781	test_return_mean:        -308.9671
test_return_std:          31.7618	test_soc_reserve_reward_mean:  0.0000	test_soc_violation_mean:  22.6207	test_total_power_loss_mean:14193.1280
total_power_loss_mean:   14330.3152	
[INFO 16:16:13] my_main t_env: 120120 / 160000
[INFO 16:16:13] my_main Estimated time left: 2 minutes, 17 seconds. Time passed: 6 minutes, 49 seconds
[INFO 16:16:16] my_main Recent Stats | t_env:     120960 | Episode:     5040
battery_punishment_reward_mean:-1711.9767	battle_won_mean:           1.0000	bess_cost_reward_mean:   -121.0244	buy_cost_reward_mean:    -311212.9747
critic_grad_norm:        335174.1688	critic_loss:             338.4610	ep_length_mean:           24.0000	episode_limit_mean:        1.0000
epsilon:                   0.0500	generate_cost_reward_mean:-38.5532	grid_purchase_cost_mean: 311212.9747	mean_soc_mean:             0.4744
return_mean:             -311.8378	return_std:               36.4677	soc_reserve_reward_mean:   0.0000	soc_violation_mean:       26.9331
target_mean:             -214.3466	td_error_abs:             14.4038	test_battery_punishment_reward_mean:-1723.6806	test_battle_won_mean:      1.0000
test_bess_cost_reward_mean:-123.1860	test_buy_cost_reward_mean:-305785.1930	test_ep_length_mean:      24.0000	test_episode_limit_mean:   1.0000
test_generate_cost_reward_mean:-38.5708	test_grid_purchase_cost_mean:305785.1930	test_mean_soc_mean:        0.4649	test_return_mean:        -306.4147
test_return_std:          33.3132	test_soc_reserve_reward_mean:  0.0000	test_soc_violation_mean:  27.1949	test_total_power_loss_mean:14093.7887
total_power_loss_mean:   14309.5182	
[INFO 16:16:23] my_main Recent Stats | t_env:     122976 | Episode:     5124
battery_punishment_reward_mean:-1758.1067	battle_won_mean:           1.0000	bess_cost_reward_mean:   -123.4579	buy_cost_reward_mean:    -312215.4299
critic_grad_norm:        345799.8500	critic_loss:             340.2523	ep_length_mean:           24.0000	episode_limit_mean:        1.0000
epsilon:                   0.0500	generate_cost_reward_mean:-39.0932	grid_purchase_cost_mean: 312215.4299	mean_soc_mean:             0.4657
return_mean:             -312.8567	return_std:               36.0152	soc_reserve_reward_mean:   0.0000	soc_violation_mean:       27.3896
target_mean:             -216.6784	td_error_abs:             14.5404	test_battery_punishment_reward_mean:-1723.6806	test_battle_won_mean:      1.0000
test_bess_cost_reward_mean:-123.1860	test_buy_cost_reward_mean:-305785.1930	test_ep_length_mean:      24.0000	test_episode_limit_mean:   1.0000
test_generate_cost_reward_mean:-38.5708	test_grid_purchase_cost_mean:305785.1930	test_mean_soc_mean:        0.4649	test_return_mean:        -306.4147
test_return_std:          33.3132	test_soc_reserve_reward_mean:  0.0000	test_soc_violation_mean:  27.1949	test_total_power_loss_mean:14093.7887
total_power_loss_mean:   14350.1751	
[INFO 16:16:31] my_main Recent Stats | t_env:     124992 | Episode:     5208
battery_punishment_reward_mean:-1819.4549	battle_won_mean:           1.0000	bess_cost_reward_mean:   -126.4354	buy_cost_reward_mean:    -311704.8453
critic_grad_norm:        365398.3312	critic_loss:             350.4195	ep_length_mean:           24.0000	episode_limit_mean:        1.0000
epsilon:                   0.0500	generate_cost_reward_mean:-39.5604	grid_purchase_cost_mean: 311704.8453	mean_soc_mean:             0.4548
return_mean:             -312.3677	return_std:               36.1981	soc_reserve_reward_mean:   0.0000	soc_violation_mean:       28.0584
target_mean:             -219.0803	td_error_abs:             14.8700	test_battery_punishment_reward_mean:-1723.6806	test_battle_won_mean:      1.0000
test_bess_cost_reward_mean:-123.1860	test_buy_cost_reward_mean:-305785.1930	test_ep_length_mean:      24.0000	test_episode_limit_mean:   1.0000
test_generate_cost_reward_mean:-38.5708	test_grid_purchase_cost_mean:305785.1930	test_mean_soc_mean:        0.4649	test_return_mean:        -306.4147
test_return_std:          33.3132	test_soc_reserve_reward_mean:  0.0000	test_soc_violation_mean:  27.1949	test_total_power_loss_mean:14093.7887
total_power_loss_mean:   14330.8310	
[INFO 16:16:38] my_main Recent Stats | t_env:     127008 | Episode:     5292
battery_punishment_reward_mean:-1857.9928	battle_won_mean:           1.0000	bess_cost_reward_mean:   -128.5490	buy_cost_reward_mean:    -310856.5049
critic_grad_norm:        387622.1437	critic_loss:             356.3267	ep_length_mean:           24.0000	episode_limit_mean:        1.0000
epsilon:                   0.0500	generate_cost_reward_mean:-39.8593	grid_purchase_cost_mean: 310856.5049	mean_soc_mean:             0.4470
return_mean:             -311.5330	return_std:               36.1128	soc_reserve_reward_mean:   0.0000	soc_violation_mean:       28.4760
target_mean:             -221.3229	td_error_abs:             15.1961	test_battery_punishment_reward_mean:-1723.6806	test_battle_won_mean:      1.0000
test_bess_cost_reward_mean:-123.1860	test_buy_cost_reward_mean:-305785.1930	test_ep_length_mean:      24.0000	test_episode_limit_mean:   1.0000
test_generate_cost_reward_mean:-38.5708	test_grid_purchase_cost_mean:305785.1930	test_mean_soc_mean:        0.4649	test_return_mean:        -306.4147
test_return_std:          33.3132	test_soc_reserve_reward_mean:  0.0000	test_soc_violation_mean:  27.1949	test_total_power_loss_mean:14093.7887
total_power_loss_mean:   14300.9200	
[INFO 16:16:45] my_main Recent Stats | t_env:     129024 | Episode:     5376
battery_punishment_reward_mean:-1901.5242	battle_won_mean:           1.0000	bess_cost_reward_mean:   -131.3350	buy_cost_reward_mean:    -309875.5233
critic_grad_norm:        409302.5000	critic_loss:             374.4259	ep_length_mean:           24.0000	episode_limit_mean:        1.0000
epsilon:                   0.0500	generate_cost_reward_mean:-40.1774	grid_purchase_cost_mean: 309875.5233	mean_soc_mean:             0.4368
return_mean:             -310.5676	return_std:               36.6152	soc_reserve_reward_mean:   0.0000	soc_violation_mean:       28.9225
target_mean:             -223.2290	td_error_abs:             15.7910	test_battery_punishment_reward_mean:-1723.6806	test_battle_won_mean:      1.0000
test_bess_cost_reward_mean:-123.1860	test_buy_cost_reward_mean:-305785.1930	test_ep_length_mean:      24.0000	test_episode_limit_mean:   1.0000
test_generate_cost_reward_mean:-38.5708	test_grid_purchase_cost_mean:305785.1930	test_mean_soc_mean:        0.4649	test_return_mean:        -306.4147
test_return_std:          33.3132	test_soc_reserve_reward_mean:  0.0000	test_soc_violation_mean:  27.1949	test_total_power_loss_mean:14093.7887
total_power_loss_mean:   14260.3679	
[INFO 16:16:48] my_main t_env: 130128 / 160000
[INFO 16:16:48] my_main Estimated time left: 1 minutes, 45 seconds. Time passed: 7 minutes, 25 seconds
[INFO 16:16:52] my_main Recent Stats | t_env:     131040 | Episode:     5460
battery_punishment_reward_mean:-1943.8712	battle_won_mean:           1.0000	bess_cost_reward_mean:   -134.9846	buy_cost_reward_mean:    -311004.4847
critic_grad_norm:        419592.5938	critic_loss:             375.7369	ep_length_mean:           24.0000	episode_limit_mean:        1.0000
epsilon:                   0.0500	generate_cost_reward_mean:-40.4226	grid_purchase_cost_mean: 311004.4847	mean_soc_mean:             0.4239
return_mean:             -311.7120	return_std:               34.6229	soc_reserve_reward_mean:   0.0000	soc_violation_mean:       29.2575
target_mean:             -225.3944	td_error_abs:             15.9367	test_battery_punishment_reward_mean:-1989.8646	test_battle_won_mean:      1.0000
test_bess_cost_reward_mean:-140.3048	test_buy_cost_reward_mean:-306757.5243	test_ep_length_mean:      24.0000	test_episode_limit_mean:   1.0000
test_generate_cost_reward_mean:-37.8862	test_grid_purchase_cost_mean:306757.5243	test_mean_soc_mean:        0.4055	test_return_mean:        -307.4812
test_return_std:          33.3449	test_soc_reserve_reward_mean:  0.0000	test_soc_violation_mean:  29.6985	test_total_power_loss_mean:14137.6065
total_power_loss_mean:   14307.4346	
[INFO 16:16:59] my_main Recent Stats | t_env:     133056 | Episode:     5544
battery_punishment_reward_mean:-1951.7974	battle_won_mean:           1.0000	bess_cost_reward_mean:   -136.0534	buy_cost_reward_mean:    -310907.9125
critic_grad_norm:        416824.5062	critic_loss:             368.5352	ep_length_mean:           24.0000	episode_limit_mean:        1.0000
epsilon:                   0.0500	generate_cost_reward_mean:-40.4437	grid_purchase_cost_mean: 310907.9125	mean_soc_mean:             0.4206
return_mean:             -311.6184	return_std:               34.5324	soc_reserve_reward_mean:   0.0000	soc_violation_mean:       29.2664
target_mean:             -227.6033	td_error_abs:             15.7666	test_battery_punishment_reward_mean:-1989.8646	test_battle_won_mean:      1.0000
test_bess_cost_reward_mean:-140.3048	test_buy_cost_reward_mean:-306757.5243	test_ep_length_mean:      24.0000	test_episode_limit_mean:   1.0000
test_generate_cost_reward_mean:-37.8862	test_grid_purchase_cost_mean:306757.5243	test_mean_soc_mean:        0.4055	test_return_mean:        -307.4812
test_return_std:          33.3449	test_soc_reserve_reward_mean:  0.0000	test_soc_violation_mean:  29.6985	test_total_power_loss_mean:14137.6065
total_power_loss_mean:   14302.1758	
[INFO 16:17:05] my_main Recent Stats | t_env:     135072 | Episode:     5628
battery_punishment_reward_mean:-1944.5340	battle_won_mean:           1.0000	bess_cost_reward_mean:   -137.5546	buy_cost_reward_mean:    -311200.9403
critic_grad_norm:        411058.1750	critic_loss:             360.8323	ep_length_mean:           24.0000	episode_limit_mean:        1.0000
epsilon:                   0.0500	generate_cost_reward_mean:-40.4716	grid_purchase_cost_mean: 311200.9403	mean_soc_mean:             0.4159
return_mean:             -311.9095	return_std:               33.1523	soc_reserve_reward_mean:   0.0000	soc_violation_mean:       29.0362
target_mean:             -229.5668	td_error_abs:             15.5495	test_battery_punishment_reward_mean:-1989.8646	test_battle_won_mean:      1.0000
test_bess_cost_reward_mean:-140.3048	test_buy_cost_reward_mean:-306757.5243	test_ep_length_mean:      24.0000	test_episode_limit_mean:   1.0000
test_generate_cost_reward_mean:-37.8862	test_grid_purchase_cost_mean:306757.5243	test_mean_soc_mean:        0.4055	test_return_mean:        -307.4812
test_return_std:          33.3449	test_soc_reserve_reward_mean:  0.0000	test_soc_violation_mean:  29.6985	test_total_power_loss_mean:14137.6065
total_power_loss_mean:   14315.4672	
[INFO 16:17:12] my_main Recent Stats | t_env:     137088 | Episode:     5712
battery_punishment_reward_mean:-1977.7625	battle_won_mean:           1.0000	bess_cost_reward_mean:   -140.5946	buy_cost_reward_mean:    -311177.3208
critic_grad_norm:        405408.5812	critic_loss:             351.5077	ep_length_mean:           24.0000	episode_limit_mean:        1.0000
epsilon:                   0.0500	generate_cost_reward_mean:-40.6077	grid_purchase_cost_mean: 311177.3208	mean_soc_mean:             0.4051
return_mean:             -311.8980	return_std:               32.4304	soc_reserve_reward_mean:   0.0000	soc_violation_mean:       29.2805
target_mean:             -231.8079	td_error_abs:             15.3531	test_battery_punishment_reward_mean:-1989.8646	test_battle_won_mean:      1.0000
test_bess_cost_reward_mean:-140.3048	test_buy_cost_reward_mean:-306757.5243	test_ep_length_mean:      24.0000	test_episode_limit_mean:   1.0000
test_generate_cost_reward_mean:-37.8862	test_grid_purchase_cost_mean:306757.5243	test_mean_soc_mean:        0.4055	test_return_mean:        -307.4812
test_return_std:          33.3449	test_soc_reserve_reward_mean:  0.0000	test_soc_violation_mean:  29.6985	test_total_power_loss_mean:14137.6065
total_power_loss_mean:   14309.8853	
[INFO 16:17:19] my_main Recent Stats | t_env:     139104 | Episode:     5796
battery_punishment_reward_mean:-2016.0707	battle_won_mean:           1.0000	bess_cost_reward_mean:   -143.6813	buy_cost_reward_mean:    -310621.6373
critic_grad_norm:        413914.5938	critic_loss:             351.3096	ep_length_mean:           24.0000	episode_limit_mean:        1.0000
epsilon:                   0.0500	generate_cost_reward_mean:-40.7504	grid_purchase_cost_mean: 310621.6373	mean_soc_mean:             0.3940
return_mean:             -311.3562	return_std:               32.5893	soc_reserve_reward_mean:   0.0000	soc_violation_mean:       29.5711
target_mean:             -234.2819	td_error_abs:             15.3682	test_battery_punishment_reward_mean:-1989.8646	test_battle_won_mean:      1.0000
test_bess_cost_reward_mean:-140.3048	test_buy_cost_reward_mean:-306757.5243	test_ep_length_mean:      24.0000	test_episode_limit_mean:   1.0000
test_generate_cost_reward_mean:-37.8862	test_grid_purchase_cost_mean:306757.5243	test_mean_soc_mean:        0.4055	test_return_mean:        -307.4812
test_return_std:          33.3449	test_soc_reserve_reward_mean:  0.0000	test_soc_violation_mean:  29.6985	test_total_power_loss_mean:14137.6065
total_power_loss_mean:   14292.4582	
[INFO 16:17:22] my_main t_env: 140136 / 160000
[INFO 16:17:22] my_main Estimated time left: 1 minutes, 7 seconds. Time passed: 7 minutes, 59 seconds
[INFO 16:17:26] my_main Recent Stats | t_env:     141120 | Episode:     5880
battery_punishment_reward_mean:-2017.9663	battle_won_mean:           1.0000	bess_cost_reward_mean:   -144.3701	buy_cost_reward_mean:    -310611.9404
critic_grad_norm:        418308.8000	critic_loss:             350.7506	ep_length_mean:           24.0000	episode_limit_mean:        1.0000
epsilon:                   0.0500	generate_cost_reward_mean:-40.7197	grid_purchase_cost_mean: 310611.9404	mean_soc_mean:             0.3912
return_mean:             -311.3474	return_std:               33.7028	soc_reserve_reward_mean:   0.0000	soc_violation_mean:       29.5329
target_mean:             -236.4419	td_error_abs:             15.3655	test_battery_punishment_reward_mean:-2214.6687	test_battle_won_mean:      1.0000
test_bess_cost_reward_mean:-150.9417	test_buy_cost_reward_mean:-306628.3360	test_ep_length_mean:      24.0000	test_episode_limit_mean:   1.0000
test_generate_cost_reward_mean:-38.8983	test_grid_purchase_cost_mean:306628.3360	test_mean_soc_mean:        0.3670	test_return_mean:        -307.4309
test_return_std:          34.6587	test_soc_reserve_reward_mean:  0.0000	test_soc_violation_mean:  31.8722	test_total_power_loss_mean:14123.6200
total_power_loss_mean:   14289.3739	
[INFO 16:17:33] my_main Recent Stats | t_env:     143136 | Episode:     5964
battery_punishment_reward_mean:-2035.5810	battle_won_mean:           1.0000	bess_cost_reward_mean:   -145.8071	buy_cost_reward_mean:    -310843.4359
critic_grad_norm:        448935.6688	critic_loss:             367.8318	ep_length_mean:           24.0000	episode_limit_mean:        1.0000
epsilon:                   0.0500	generate_cost_reward_mean:-40.7601	grid_purchase_cost_mean: 310843.4359	mean_soc_mean:             0.3857
return_mean:             -311.5852	return_std:               34.2691	soc_reserve_reward_mean:   0.0000	soc_violation_mean:       29.6764
target_mean:             -239.0598	td_error_abs:             15.8711	test_battery_punishment_reward_mean:-2214.6687	test_battle_won_mean:      1.0000
test_bess_cost_reward_mean:-150.9417	test_buy_cost_reward_mean:-306628.3360	test_ep_length_mean:      24.0000	test_episode_limit_mean:   1.0000
test_generate_cost_reward_mean:-38.8983	test_grid_purchase_cost_mean:306628.3360	test_mean_soc_mean:        0.3670	test_return_mean:        -307.4309
test_return_std:          34.6587	test_soc_reserve_reward_mean:  0.0000	test_soc_violation_mean:  31.8722	test_total_power_loss_mean:14123.6200
total_power_loss_mean:   14300.2506	
[INFO 16:17:39] my_main Recent Stats | t_env:     145152 | Episode:     6048
battery_punishment_reward_mean:-2047.6921	battle_won_mean:           1.0000	bess_cost_reward_mean:   -145.6973	buy_cost_reward_mean:    -310837.0631
critic_grad_norm:        462889.8063	critic_loss:             370.8591	ep_length_mean:           24.0000	episode_limit_mean:        1.0000
epsilon:                   0.0500	generate_cost_reward_mean:-40.7511	grid_purchase_cost_mean: 310837.0631	mean_soc_mean:             0.3857
return_mean:             -311.5829	return_std:               34.9024	soc_reserve_reward_mean:   0.0000	soc_violation_mean:       29.8128
target_mean:             -241.3498	td_error_abs:             16.0107	test_battery_punishment_reward_mean:-2214.6687	test_battle_won_mean:      1.0000
test_bess_cost_reward_mean:-150.9417	test_buy_cost_reward_mean:-306628.3360	test_ep_length_mean:      24.0000	test_episode_limit_mean:   1.0000
test_generate_cost_reward_mean:-38.8983	test_grid_purchase_cost_mean:306628.3360	test_mean_soc_mean:        0.3670	test_return_mean:        -307.4309
test_return_std:          34.6587	test_soc_reserve_reward_mean:  0.0000	test_soc_violation_mean:  31.8722	test_total_power_loss_mean:14123.6200
total_power_loss_mean:   14301.3105	
[INFO 16:17:46] my_main Recent Stats | t_env:     147168 | Episode:     6132
battery_punishment_reward_mean:-2080.2287	battle_won_mean:           1.0000	bess_cost_reward_mean:   -148.5083	buy_cost_reward_mean:    -309418.4809
critic_grad_norm:        478855.5312	critic_loss:             382.8157	ep_length_mean:           24.0000	episode_limit_mean:        1.0000
epsilon:                   0.0500	generate_cost_reward_mean:-40.8177	grid_purchase_cost_mean: 309418.4809	mean_soc_mean:             0.3753
return_mean:             -310.1761	return_std:               35.1667	soc_reserve_reward_mean:   0.0000	soc_violation_mean:       30.0856
target_mean:             -243.3303	td_error_abs:             16.2838	test_battery_punishment_reward_mean:-2214.6687	test_battle_won_mean:      1.0000
test_bess_cost_reward_mean:-150.9417	test_buy_cost_reward_mean:-306628.3360	test_ep_length_mean:      24.0000	test_episode_limit_mean:   1.0000
test_generate_cost_reward_mean:-38.8983	test_grid_purchase_cost_mean:306628.3360	test_mean_soc_mean:        0.3670	test_return_mean:        -307.4309
test_return_std:          34.6587	test_soc_reserve_reward_mean:  0.0000	test_soc_violation_mean:  31.8722	test_total_power_loss_mean:14123.6200
total_power_loss_mean:   14252.6833	
[INFO 16:17:52] my_main Recent Stats | t_env:     149184 | Episode:     6216
battery_punishment_reward_mean:-2101.5680	battle_won_mean:           1.0000	bess_cost_reward_mean:   -150.1825	buy_cost_reward_mean:    -310461.3680
critic_grad_norm:        491934.8312	critic_loss:             387.0780	ep_length_mean:           24.0000	episode_limit_mean:        1.0000
epsilon:                   0.0500	generate_cost_reward_mean:-40.5355	grid_purchase_cost_mean: 310461.3680	mean_soc_mean:             0.3691
return_mean:             -311.2265	return_std:               35.1227	soc_reserve_reward_mean:   0.0000	soc_violation_mean:       30.2695
target_mean:             -245.4593	td_error_abs:             16.4154	test_battery_punishment_reward_mean:-2214.6687	test_battle_won_mean:      1.0000
test_bess_cost_reward_mean:-150.9417	test_buy_cost_reward_mean:-306628.3360	test_ep_length_mean:      24.0000	test_episode_limit_mean:   1.0000
test_generate_cost_reward_mean:-38.8983	test_grid_purchase_cost_mean:306628.3360	test_mean_soc_mean:        0.3670	test_return_mean:        -307.4309
test_return_std:          34.6587	test_soc_reserve_reward_mean:  0.0000	test_soc_violation_mean:  31.8722	test_total_power_loss_mean:14123.6200
total_power_loss_mean:   14293.8777	
[INFO 16:17:56] my_main t_env: 150144 / 160000
[INFO 16:17:56] my_main Estimated time left: 33 seconds. Time passed: 8 minutes, 32 seconds
[INFO 16:18:00] my_main Recent Stats | t_env:     151200 | Episode:     6300
battery_punishment_reward_mean:-2131.4119	battle_won_mean:           1.0000	bess_cost_reward_mean:   -151.7492	buy_cost_reward_mean:    -309270.3746
critic_grad_norm:        504723.7188	critic_loss:             392.1682	ep_length_mean:           24.0000	episode_limit_mean:        1.0000
epsilon:                   0.0500	generate_cost_reward_mean:-40.3301	grid_purchase_cost_mean: 309270.3746	mean_soc_mean:             0.3632
return_mean:             -310.0459	return_std:               33.7253	soc_reserve_reward_mean:   0.0000	soc_violation_mean:       30.5738
target_mean:             -247.6651	td_error_abs:             16.6085	test_battery_punishment_reward_mean:-2200.6289	test_battle_won_mean:      1.0000
test_bess_cost_reward_mean:-153.1717	test_buy_cost_reward_mean:-308385.6682	test_ep_length_mean:      24.0000	test_episode_limit_mean:   1.0000
test_generate_cost_reward_mean:-40.4588	test_grid_purchase_cost_mean:308385.6682	test_mean_soc_mean:        0.3571	test_return_mean:        -309.1848
test_return_std:          33.8256	test_soc_reserve_reward_mean:  0.0000	test_soc_violation_mean:  31.2471	test_total_power_loss_mean:14188.6065
total_power_loss_mean:   14245.3307	
[INFO 16:18:06] my_main Recent Stats | t_env:     153216 | Episode:     6384
battery_punishment_reward_mean:-2109.6390	battle_won_mean:           1.0000	bess_cost_reward_mean:   -152.0415	buy_cost_reward_mean:    -309107.4193
critic_grad_norm:        506763.7062	critic_loss:             390.3233	ep_length_mean:           24.0000	episode_limit_mean:        1.0000
epsilon:                   0.0500	generate_cost_reward_mean:-40.2063	grid_purchase_cost_mean: 309107.4193	mean_soc_mean:             0.3620
return_mean:             -309.8758	return_std:               32.6887	soc_reserve_reward_mean:   0.0000	soc_violation_mean:       30.2225
target_mean:             -249.1452	td_error_abs:             16.6006	test_battery_punishment_reward_mean:-2200.6289	test_battle_won_mean:      1.0000
test_bess_cost_reward_mean:-153.1717	test_buy_cost_reward_mean:-308385.6682	test_ep_length_mean:      24.0000	test_episode_limit_mean:   1.0000
test_generate_cost_reward_mean:-40.4588	test_grid_purchase_cost_mean:308385.6682	test_mean_soc_mean:        0.3571	test_return_mean:        -309.1848
test_return_std:          33.8256	test_soc_reserve_reward_mean:  0.0000	test_soc_violation_mean:  31.2471	test_total_power_loss_mean:14188.6065
total_power_loss_mean:   14236.8622	
[INFO 16:18:13] my_main Recent Stats | t_env:     155232 | Episode:     6468
battery_punishment_reward_mean:-2117.1247	battle_won_mean:           1.0000	bess_cost_reward_mean:   -154.1273	buy_cost_reward_mean:    -308428.7184
critic_grad_norm:        503535.6250	critic_loss:             380.8118	ep_length_mean:           24.0000	episode_limit_mean:        1.0000
epsilon:                   0.0500	generate_cost_reward_mean:-40.2472	grid_purchase_cost_mean: 308428.7184	mean_soc_mean:             0.3539
return_mean:             -309.2003	return_std:               33.6232	soc_reserve_reward_mean:   0.0000	soc_violation_mean:       30.2100
target_mean:             -250.8324	td_error_abs:             16.4336	test_battery_punishment_reward_mean:-2200.6289	test_battle_won_mean:      1.0000
test_bess_cost_reward_mean:-153.1717	test_buy_cost_reward_mean:-308385.6682	test_ep_length_mean:      24.0000	test_episode_limit_mean:   1.0000
test_generate_cost_reward_mean:-40.4588	test_grid_purchase_cost_mean:308385.6682	test_mean_soc_mean:        0.3571	test_return_mean:        -309.1848
test_return_std:          33.8256	test_soc_reserve_reward_mean:  0.0000	test_soc_violation_mean:  31.2471	test_total_power_loss_mean:14188.6065
total_power_loss_mean:   14214.0008	
[INFO 16:18:19] my_main Recent Stats | t_env:     157248 | Episode:     6552
battery_punishment_reward_mean:-2124.8528	battle_won_mean:           1.0000	bess_cost_reward_mean:   -154.9371	buy_cost_reward_mean:    -308613.4111
critic_grad_norm:        503699.2750	critic_loss:             376.8007	ep_length_mean:           24.0000	episode_limit_mean:        1.0000
epsilon:                   0.0500	generate_cost_reward_mean:-40.2165	grid_purchase_cost_mean: 308613.4111	mean_soc_mean:             0.3505
return_mean:             -309.3878	return_std:               34.0264	soc_reserve_reward_mean:   0.0000	soc_violation_mean:       30.2590
target_mean:             -252.5330	td_error_abs:             16.3364	test_battery_punishment_reward_mean:-2200.6289	test_battle_won_mean:      1.0000
test_bess_cost_reward_mean:-153.1717	test_buy_cost_reward_mean:-308385.6682	test_ep_length_mean:      24.0000	test_episode_limit_mean:   1.0000
test_generate_cost_reward_mean:-40.4588	test_grid_purchase_cost_mean:308385.6682	test_mean_soc_mean:        0.3571	test_return_mean:        -309.1848
test_return_std:          33.8256	test_soc_reserve_reward_mean:  0.0000	test_soc_violation_mean:  31.2471	test_total_power_loss_mean:14188.6065
total_power_loss_mean:   14211.9650	
[INFO 16:18:25] my_main Recent Stats | t_env:     159264 | Episode:     6636
battery_punishment_reward_mean:-2109.1765	battle_won_mean:           1.0000	bess_cost_reward_mean:   -155.2271	buy_cost_reward_mean:    -308428.4267
critic_grad_norm:        502053.4125	critic_loss:             369.8321	ep_length_mean:           24.0000	episode_limit_mean:        1.0000
epsilon:                   0.0500	generate_cost_reward_mean:-40.4012	grid_purchase_cost_mean: 308428.4267	mean_soc_mean:             0.3494
return_mean:             -309.1978	return_std:               33.4612	soc_reserve_reward_mean:   0.0000	soc_violation_mean:       30.0376
target_mean:             -254.5094	td_error_abs:             16.2323	test_battery_punishment_reward_mean:-2200.6289	test_battle_won_mean:      1.0000
test_bess_cost_reward_mean:-153.1717	test_buy_cost_reward_mean:-308385.6682	test_ep_length_mean:      24.0000	test_episode_limit_mean:   1.0000
test_generate_cost_reward_mean:-40.4588	test_grid_purchase_cost_mean:308385.6682	test_mean_soc_mean:        0.3571	test_return_mean:        -309.1848
test_return_std:          33.8256	test_soc_reserve_reward_mean:  0.0000	test_soc_violation_mean:  31.2471	test_total_power_loss_mean:14188.6065
total_power_loss_mean:   14199.7691	
[INFO 16:18:28] my_main Finished Training
