585.31,529.8499999999999,499.76,472.65,470.61,481.73,514.01,544.99,597.5699999999999,643.3,665.66,664.5,658.5899999999999,651.96,641.66,648.46,649.12,692.52,724.28,753.46,749.71,727.4,679.8499999999999,627.5400000000001
568.68,523.76,488.07,467.02,459.02,467.75,480.89,501.74999999999994,544.8,586.76,615.13,634.3399999999999,637.84,620.9399999999999,607.96,597.24,613.04,639.54,663.62,707.91,737.25,711.46,662.0600000000001,614.85
557.76,515.1,480.74,469.15000000000003,471.19,500.74,562.76,626.41,689.3699999999999,728.82,746.65,744.3499999999999,746.5699999999999,751.6,746.38,754.25,744.14,793.73,817.1,841.23,844.6700000000001,794.83,736.86,677.2
611.8299999999999,558.95,531.0699999999999,514.3000000000001,513.01,534.7,589.79,610.95,666.66,711.52,759.27,763.98,762.9399999999999,749.54,730.87,733.46,715.51,758.67,779.64,802.89,803.0999999999999,783.81,733.75,675.31
604.3399999999999,550.25,521.88,508.01,504.85,532.49,605.71,658.06,705.5699999999999,757.45,778.86,777.62,773.02,769.9200000000001,762.91,770.5600000000001,789.1600000000001,820.61,837.92,863.2099999999999,845.6400000000001,820.29,761.39,693.52
619.52,569.5899999999999,534.61,528.57,520.6,549.54,617.9300000000001,693.23,747.5200000000001,786.64,791.29,779.52,785.22,793.01,773.54,778.1,794.73,834.56,850.72,878.42,862.1099999999999,810.05,752.84,688.65
614.72,559.07,534.67,516.04,521.75,541.47,616.13,693.31,747.05,780.8799999999999,780.3599999999999,784.76,779.17,760.67,756.57,763.9300000000001,783.06,818.94,832.94,849.4,839.1700000000001,771.17,714.02,652.6
619.25,568.83,534.5,515.74,518.96,518.7,554.54,598.66,621.73,643.06,666.1899999999999,667.8799999999999,690.5699999999999,671.37,662.8599999999999,660.5799999999999,650.76,692.78,727.3700000000001,760.3399999999999,769.74,723.8399999999999,676.94,624.32
578.99,533.96,500.58,482.97,474.65999999999997,481.82000000000005,499.73,522.3199999999999,568.81,618.27,655.24,678.4,669.09,644.8900000000001,628.89,626.22,631.13,641.85,674.19,735.3900000000001,737.52,717.32,674.88,630.21
572.39,524.98,498.46999999999997,486.81000000000006,489.33,519.93,600.44,671.96,688.81,720.0,725.3299999999999,744.4300000000001,747.1700000000001,741.26,724.0899999999999,721.99,747.24,798.0,815.79,844.3499999999999,827.6099999999999,784.19,726.49,672.39
601.23,551.42,525.03,514.89,513.27,538.28,613.29,686.0400000000001,732.23,759.6899999999999,754.96,749.12,743.78,744.3299999999999,726.8800000000001,743.85,752.11,784.1,799.4300000000001,821.71,804.8499999999999,779.91,724.54,645.5699999999999
574.0799999999999,523.71,491.33000000000004,506.93,511.23,535.54,614.3100000000001,682.24,731.35,765.98,768.91,754.82,751.7800000000001,743.54,735.0,750.4,770.72,812.3,832.27,854.3299999999999,843.67,787.64,739.07,672.3499999999999
610.06,565.3399999999999,539.0,534.8399999999999,531.25,553.3399999999999,623.29,695.85,740.54,767.5600000000001,766.8199999999999,761.52,756.24,757.01,731.38,744.4200000000001,764.25,804.05,820.2,850.59,841.3000000000001,768.8299999999999,701.84,639.02
610.38,562.23,533.21,523.26,525.05,543.4200000000001,621.1099999999999,686.67,730.43,747.1700000000001,762.78,768.33,754.99,748.0899999999999,747.52,755.48,753.14,782.8599999999999,800.4599999999999,824.2,821.71,772.01,717.86,658.96
599.74,549.53,514.28,502.03000000000003,491.40999999999997,501.02,539.0,582.44,631.87,661.08,674.22,685.74,683.72,673.47,665.78,649.96,664.72,704.37,727.39,748.26,759.55,719.6600000000001,662.3199999999999,621.13
574.06,527.45,494.35,471.02000000000004,468.13,473.32,498.62999999999994,523.49,564.31,612.14,660.4300000000001,686.27,682.05,661.74,627.34,618.42,629.74,641.47,675.19,705.79,719.89,701.25,658.69,603.5
549.47,505.36,480.15,464.84000000000003,469.42,494.64000000000004,576.6400000000001,656.5699999999999,703.25,710.4200000000001,745.35,746.72,748.3,737.41,722.55,741.54,759.81,774.4599999999999,797.5,816.71,829.5899999999999,771.17,725.26,660.63
592.24,538.89,513.94,502.30999999999995,501.66,520.43,607.1299999999999,671.19,718.59,743.79,747.12,765.62,755.14,756.28,747.5,746.1,762.46,781.8,798.05,855.52,841.66,792.98,744.17,680.52
613.83,560.0899999999999,530.13,518.96,516.96,543.34,615.34,691.79,740.5,784.43,791.8499999999999,787.5699999999999,783.55,785.0799999999999,768.19,780.28,788.8799999999999,798.9599999999999,819.04,846.1399999999999,850.97,794.5799999999999,745.9300000000001,680.61
616.28,565.6700000000001,532.4200000000001,516.99,519.62,541.9000000000001,616.1,703.77,754.26,779.27,781.86,786.7800000000001,799.51,774.8,783.5,792.5,803.91,833.6200000000001,844.64,870.16,849.1899999999999,798.36,745.6500000000001,680.3699999999999
610.76,563.27,535.38,525.8199999999999,526.02,546.65,616.72,694.27,717.6999999999999,751.75,791.9100000000001,811.4000000000001,797.3,789.54,787.9100000000001,792.68,798.85,802.2,813.1700000000001,832.27,811.45,779.23,728.6,665.6400000000001
615.84,560.81,532.9200000000001,515.19,511.54999999999995,513.1999999999999,552.75,597.51,646.6400000000001,683.77,711.21,722.05,706.1800000000001,687.6600000000001,681.94,681.27,655.55,687.77,719.24,754.44,745.76,729.18,677.22,630.99
581.4,535.63,503.93,484.81999999999994,477.02000000000004,474.78000000000003,495.01000000000005,519.62,571.95,617.87,656.9,667.24,670.03,637.96,616.22,615.37,608.3000000000001,629.5799999999999,665.82,728.47,741.1800000000001,721.16,682.53,629.5899999999999
573.45,510.6,486.23,488.73,481.24,470.79,596.67,674.4200000000001,709.71,757.8199999999999,753.27,726.51,733.22,736.03,723.75,728.56,735.23,776.28,795.9000000000001,827.8699999999999,814.24,796.3199999999999,736.04,671.3199999999999
600.16,555.5600000000001,530.27,523.56,521.17,547.26,623.04,696.88,730.1899999999999,748.17,759.5,758.87,758.1899999999999,779.11,776.11,775.53,777.9300000000001,811.47,832.01,867.98,848.25,802.51,747.4300000000001,666.86
587.82,540.74,532.73,521.74,526.09,549.21,631.09,702.78,751.71,776.6899999999999,753.11,785.79,772.21,768.1,761.63,776.6700000000001,787.0200000000001,801.0200000000001,823.72,873.1,865.5600000000001,810.5899999999999,753.6700000000001,690.3
626.4,573.6,550.86,538.89,540.2,562.74,631.78,701.35,753.23,799.52,796.25,796.76,803.73,787.5500000000001,780.47,790.9,804.8399999999999,829.4699999999999,853.8799999999999,873.23,858.58,809.06,749.04,686.56
620.48,566.59,541.22,523.3,529.66,552.97,627.0,698.95,749.6500000000001,792.71,783.8199999999999,784.32,789.53,785.1600000000001,773.51,777.25,784.28,816.44,824.4300000000001,842.52,825.9300000000001,777.3700000000001,724.21,668.74
611.26,564.08,529.8800000000001,522.22,516.9,528.23,562.66,606.52,662.36,710.86,726.8899999999999,730.03,733.85,719.38,701.88,699.14,670.75,702.06,723.26,755.95,751.69,706.21,652.27,628.62
581.9100000000001,541.53,507.82000000000005,491.18000000000006,480.84000000000003,489.21,505.76,528.28,575.95,627.55,670.83,698.09,697.01,682.52,644.54,642.78,636.0,674.93,708.06,745.88,755.0799999999999,726.7,684.11,624.08
568.05,523.9300000000001,501.01000000000005,489.48,490.49,516.75,601.3399999999999,673.26,738.21,762.1899999999999,777.24,755.02,751.54,759.5799999999999,779.1600000000001,771.27,762.22,798.35,851.3299999999999,879.55,853.3599999999999,809.14,749.53,685.31
612.42,566.4,531.81,520.6,522.57,547.71,620.6,695.3399999999999,748.48,782.75,803.43,821.12,819.1800000000001,822.58,810.75,808.8599999999999,795.2,818.58,837.98,859.45,844.1099999999999,818.8100000000001,765.22,692.6800000000001
620.99,574.2,546.2,534.6200000000001,537.3499999999999,556.8900000000001,637.01,707.14,759.48,790.13,795.26,796.4399999999999,789.89,771.23,777.47,769.84,760.04,794.39,828.15,846.95,844.4100000000001,818.98,759.9799999999999,693.23
614.4,568.9000000000001,539.24,530.45,528.24,556.42,628.75,695.0799999999999,745.75,783.2199999999999,803.6300000000001,793.77,789.25,778.46,769.95,791.49,800.0899999999999,809.04,847.78,870.1400000000001,864.17,817.98,758.16,688.83
627.54,572.72,550.3199999999999,534.77,537.81,561.29,624.96,695.48,750.26,808.4799999999999,822.6400000000001,816.3500000000001,816.56,812.4100000000001,795.3100000000001,793.4399999999999,806.9399999999999,838.14,864.24,881.7199999999999,867.03,822.5799999999999,764.69,702.45
625.75,575.6800000000001,543.05,523.46,516.11,524.3199999999999,561.12,609.08,665.78,698.0799999999999,732.06,736.53,736.02,733.3,720.0,698.3,698.01,727.55,770.29,807.86,809.56,767.1200000000001,721.41,667.96
606.98,562.21,525.35,508.45000000000005,501.53000000000003,504.01000000000005,534.26,556.77,563.9200000000001,604.48,630.86,722.73,717.1899999999999,680.39,666.8,653.0,659.58,683.76,731.76,772.71,786.79,742.89,699.01,645.14
578.53,532.1800000000001,523.4200000000001,523.43,515.4200000000001,512.6700000000001,614.34,694.94,764.99,816.5,827.13,832.54,823.54,800.23,811.34,796.08,816.02,836.96,867.69,897.6899999999999,889.23,838.8,781.37,708.78
617.32,554.67,552.91,575.26,563.25,567.8799999999999,650.6800000000001,716.56,777.87,821.6200000000001,826.23,825.3299999999999,827.3599999999999,814.73,772.59,799.5899999999999,810.2900000000001,807.6199999999999,841.6500000000001,867.4,866.45,836.33,781.22,718.01
640.53,590.0799999999999,559.21,547.39,545.13,569.84,644.24,714.99,773.3800000000001,811.2,807.55,776.5899999999999,772.97,771.1800000000001,757.11,791.0,798.9399999999999,803.85,845.0100000000001,870.0,884.34,834.38,776.63,709.12
629.3,575.2,546.8,531.11,535.91,558.24,632.5799999999999,701.79,748.28,783.39,762.71,786.22,784.92,779.1600000000001,752.49,757.0699999999999,764.36,787.3699999999999,814.29,840.8499999999999,859.55,813.4399999999999,758.46,695.72
630.73,577.62,545.66,536.15,530.94,559.6700000000001,629.02,697.6499999999999,748.19,754.3599999999999,752.42,754.52,758.55,754.76,753.13,750.1099999999999,763.8900000000001,787.67,813.4699999999999,834.69,843.47,793.03,735.5,681.4100000000001
627.61,576.48,544.52,526.61,522.4000000000001,527.74,563.19,611.61,667.88,660.15,715.71,725.8600000000001,722.01,696.74,690.61,703.44,707.0799999999999,731.38,742.13,770.47,784.04,739.54,681.23,639.29
583.9200000000001,542.23,506.62,491.49,477.01,483.28999999999996,497.95000000000005,525.4200000000001,565.7,606.98,629.95,655.82,657.25,626.79,617.04,603.9300000000001,606.78,626.59,678.6400000000001,711.79,730.98,701.42,657.05,609.32
559.03,518.6800000000001,492.72,483.14,482.2,510.51,580.26,645.3299999999999,695.5699999999999,732.76,744.52,750.4100000000001,750.23,749.02,722.92,728.09,742.23,746.69,779.8699999999999,798.01,787.75,742.87,716.05,663.63
598.92,551.0699999999999,521.3399999999999,511.3299999999999,518.1700000000001,536.91,605.6800000000001,647.9399999999999,681.93,722.14,753.5600000000001,731.5699999999999,727.5999999999999,715.68,692.8299999999999,693.75,693.19,721.22,752.39,785.53,805.92,763.65,707.35,657.9100000000001
594.69,555.33,525.54,521.72,520.33,541.68,617.89,677.9100000000001,733.51,753.9200000000001,796.78,796.61,803.9300000000001,786.71,770.87,770.02,772.2,802.64,826.2,851.3600000000001,846.22,796.69,741.56,678.11
610.38,557.72,536.0999999999999,523.79,525.92,548.21,619.28,680.01,726.13,756.99,751.1600000000001,747.3199999999999,748.76,735.9,715.3,719.4100000000001,741.2,737.76,778.6500000000001,805.65,803.95,787.11,733.73,671.03
605.46,554.06,527.65,518.95,515.64,542.76,612.11,652.91,704.06,733.1800000000001,731.1600000000001,715.1,713.92,693.21,695.76,709.09,721.21,740.02,787.1899999999999,806.83,800.49,780.87,725.3299999999999,667.3199999999999
601.0899999999999,554.78,526.7,508.5,506.42999999999995,519.76,552.71,589.8000000000001,643.6099999999999,685.65,702.9000000000001,712.79,716.6700000000001,699.54,689.03,682.35,689.66,710.41,742.33,772.5,769.78,717.99,672.78,623.38
582.61,531.87,498.08000000000004,484.45,478.11,482.47,494.28999999999996,519.99,572.2,630.95,666.72,686.88,709.09,678.4000000000001,669.23,639.4,625.47,647.38,683.6800000000001,715.03,728.42,693.02,652.1600000000001,599.0799999999999
548.03,504.93000000000006,484.06999999999994,470.88,471.31,496.15000000000003,574.67,646.52,673.47,720.74,730.04,735.02,745.86,743.0400000000001,746.96,748.4,759.44,772.48,802.21,825.6299999999999,817.7499999999999,774.69,718.0699999999999,653.35
596.8399999999999,546.31,521.98,510.75,509.08,532.6099999999999,603.15,673.21,731.88,769.0799999999999,778.03,784.51,795.01,793.98,759.5699999999999,761.2099999999999,751.3700000000001,769.34,801.98,822.6899999999999,817.1400000000001,785.23,730.66,664.75
600.5500000000001,547.81,524.03,511.7,515.5699999999999,537.24,607.06,654.84,712.53,756.95,772.56,758.09,804.9300000000001,800.48,766.39,746.44,759.22,775.1800000000001,800.75,823.4499999999999,821.4300000000001,775.1,737.48,676.76
607.21,558.4,535.6199999999999,520.02,522.64,545.9,613.62,656.2099999999999,723.45,770.19,770.38,758.03,783.28,765.6,739.75,752.33,765.3599999999999,759.3,796.15,823.73,841.2299999999999,788.49,733.24,672.0600000000001
607.81,558.02,531.38,518.7,519.8,544.73,607.39,655.1,709.97,744.5999999999999,756.4100000000001,741.53,740.6899999999999,738.55,702.62,698.48,713.84,724.01,770.88,793.79,794.6800000000001,775.54,717.76,654.3199999999999
594.2,545.4300000000001,521.05,505.56999999999994,499.94,504.85999999999996,540.31,585.78,639.61,667.62,671.02,667.85,670.42,654.84,652.16,646.73,639.25,661.0600000000001,684.28,725.7,748.63,705.67,658.3299999999999,612.56
560.63,515.55,481.54999999999995,468.85,456.23,462.26,475.02000000000004,502.3,546.25,578.98,614.51,619.46,633.71,602.8399999999999,595.08,596.75,591.14,605.4,662.25,697.75,709.6400000000001,685.36,636.71,591.6800000000001
529.3399999999999,494.78,472.12,466.41999999999996,462.75,496.03000000000003,566.62,622.46,667.26,703.76,698.22,708.12,718.4000000000001,708.3299999999999,690.5999999999999,699.71,719.08,734.53,764.8499999999999,785.93,785.5999999999999,759.74,708.4200000000001,647.2
587.1700000000001,537.23,514.21,499.45,504.39,531.33,596.01,663.11,708.81,726.85,712.39,704.09,695.25,697.85,690.4300000000001,700.26,705.5799999999999,697.8699999999999,744.04,772.71,798.05,752.74,697.48,637.0999999999999
566.65,527.0600000000001,505.51000000000005,493.26,496.90000000000003,521.91,588.45,630.74,670.09,691.0,689.98,723.68,715.63,703.02,700.8000000000001,707.51,708.78,696.47,722.76,748.3499999999999,752.17,727.94,676.5,621.6
566.0799999999999,523.95,503.38,494.38,497.02000000000004,522.51,590.04,628.44,668.82,713.6999999999999,734.8199999999999,729.82,735.8,722.4,705.1700000000001,713.66,687.4,704.73,745.45,772.2199999999999,773.03,751.04,691.13,634.22
586.3,540.1700000000001,512.6300000000001,502.28999999999996,501.21999999999997,529.8000000000001,586.95,625.52,659.47,688.7,719.3799999999999,719.69,723.49,718.21,703.95,701.6,710.1400000000001,703.48,741.41,760.45,783.17,734.84,685.97,631.46
572.16,531.81,505.17,490.20000000000005,489.46000000000004,496.07,485.99,578.55,626.38,661.62,661.4,649.22,641.52,633.71,612.16,611.23,619.9100000000001,615.3299999999999,665.16,691.8,685.8499999999999,644.69,631.22,588.26
531.78,501.59000000000003,435.35,459.87999999999994,451.7,460.0,469.45,493.85,536.09,584.8,606.47,619.14,613.99,592.05,559.88,557.98,559.06,578.1,634.37,675.28,685.96,661.6800000000001,617.55,570.95
517.9200000000001,482.45,431.6,421.97999999999996,459.81,487.40999999999997,559.8199999999999,629.7099999999999,684.69,719.3199999999999,710.14,707.73,706.6800000000001,707.38,700.8199999999999,703.95,715.11,689.6,729.41,763.1800000000001,761.71,716.93,683.31,631.39
563.11,520.9200000000001,496.52,487.64,491.19,518.68,580.67,631.52,673.08,692.47,696.17,712.54,709.88,700.79,693.83,709.16,711.73,691.98,737.23,767.6800000000001,774.7,723.44,687.4300000000001,593.04
532.5799999999999,525.77,503.72,493.24,498.3299999999999,526.96,587.4100000000001,638.47,682.12,715.75,731.8900000000001,737.9,720.33,729.6600000000001,724.0699999999999,729.8299999999999,721.59,726.91,742.0799999999999,771.73,772.1,752.1800000000001,696.65,636.28
569.48,530.55,504.89000000000004,497.28,499.99,524.3000000000001,587.49,626.47,675.61,716.9100000000001,721.2,711.29,728.74,725.1600000000001,709.04,724.61,719.64,706.61,751.79,783.5799999999999,788.06,754.79,695.6,630.32
566.85,528.28,499.76000000000005,497.16,497.15,521.36,580.75,625.96,665.14,685.96,698.09,693.28,689.54,683.27,670.6400000000001,684.38,689.36,699.06,717.5899999999999,746.62,773.64,729.8100000000001,672.9200000000001,616.8
559.91,519.4000000000001,496.01,481.42999999999995,481.23,489.23,518.45,561.1800000000001,612.29,635.15,625.83,620.92,610.73,608.61,598.12,588.73,602.95,617.63,643.14,679.9100000000001,707.44,671.03,626.25,576.34
538.14,500.59,469.99000000000007,455.13,453.36999999999995,460.74999999999994,472.93,497.39,547.65,589.37,614.95,633.25,609.91,584.4000000000001,577.3199999999999,571.23,562.74,567.09,588.23,628.6500000000001,657.49,658.29,625.73,577.78
524.0899999999999,491.41,464.06,460.9,453.85,483.46,553.02,620.14,673.53,708.39,725.14,735.3399999999999,748.65,740.01,708.4399999999999,692.2,699.63,713.6899999999999,739.1399999999999,757.6800000000001,764.8399999999999,734.8199999999999,680.5699999999999,621.24
565.9,514.14,502.19,490.80999999999995,496.26,518.8199999999999,581.91,617.1,695.48,706.5600000000001,714.44,743.72,736.97,710.47,698.8,690.06,688.26,705.1700000000001,735.26,781.14,796.74,751.79,697.76,637.0799999999999
574.72,495.52,472.19000000000005,461.96,502.38,522.08,588.26,649.77,694.61,709.86,714.22,710.88,721.1600000000001,716.23,709.61,702.4,714.79,694.56,742.63,766.96,775.89,743.07,695.11,633.11
578.06,529.5,508.36,496.88,501.84000000000003,522.13,582.48,636.15,665.8299999999999,705.54,697.79,699.7900000000001,693.3800000000001,690.6800000000001,674.97,688.6500000000001,690.7,663.44,710.8199999999999,738.1500000000001,748.83,724.1,673.28,590.33
534.04,524.08,501.85,487.98,489.90999999999997,512.4200000000001,572.9,616.1200000000001,660.78,686.63,694.8299999999999,691.76,690.5799999999999,683.22,665.6800000000001,662.1700000000001,680.44,665.51,707.06,740.66,739.97,720.77,661.9,610.27
570.29,531.65,500.24,488.28,453.78,494.41,517.62,564.25,616.3,641.02,638.34,636.22,640.6,622.52,608.73,597.84,596.06,602.99,635.69,673.19,705.6300000000001,659.39,620.35,577.3699999999999
536.3599999999999,499.72,476.26,452.55999999999995,453.83000000000004,458.35,464.86,493.27000000000004,546.95,603.42,619.46,624.01,626.9300000000001,608.06,571.77,553.49,536.99,555.21,604.14,626.47,649.0,620.58,597.39,550.9399999999999
500.07,465.70000000000005,449.52,438.78999999999996,445.48999999999995,470.17999999999995,540.24,598.0,635.17,652.28,654.89,653.8900000000001,665.53,652.44,642.34,651.6,666.58,670.21,711.61,749.38,754.83,713.1700000000001,653.5899999999999,603.3900000000001
550.49,513.53,488.49,481.72999999999996,484.68,508.66999999999996,564.6700000000001,622.6400000000001,668.98,706.5,707.02,711.75,716.77,717.56,701.17,703.9,703.59,706.3900000000001,736.95,770.71,772.97,727.3199999999999,670.02,613.36
557.87,523.6400000000001,506.18000000000006,495.03,500.36,519.29,576.91,626.77,683.94,715.9399999999999,741.0999999999999,739.24,748.03,738.55,715.14,725.14,682.35,684.02,714.29,759.61,757.1700000000001,712.23,655.63,616.47
561.49,517.31,498.27,485.33000000000004,496.11,514.02,569.1500000000001,626.9399999999999,666.68,691.16,709.49,714.51,702.45,683.56,674.6099999999999,679.34,687.01,693.64,723.79,747.12,746.47,701.36,649.09,598.04
536.83,492.76000000000005,471.18000000000006,460.08,462.85,485.34999999999997,543.62,628.52,685.6299999999999,718.8599999999999,739.25,737.86,747.3199999999999,728.11,708.21,669.0799999999999,677.1600000000001,664.45,695.21,742.33,751.8800000000001,684.67,631.63,582.36
520.56,483.99,487.46,474.73,464.71,475.02,505.94999999999993,539.07,590.45,614.78,623.93,625.3499999999999,621.74,601.75,591.46,588.73,594.82,595.9,608.48,653.97,667.69,628.3,607.6400000000001,566.64
500.33000000000004,457.49,451.95,454.91999999999996,457.9200000000001,460.90999999999997,479.74,515.53,542.28,556.29,570.61,576.13,550.3,530.25,517.87,523.44,513.47,509.0,567.8800000000001,612.69,618.3199999999999,611.11,563.04,514.77
474.94,451.31,441.12,445.65999999999997,472.53,543.1400000000001,597.44,639.8500000000001,653.4100000000001,658.23,657.1,654.3399999999999,649.42,661.34,659.97,647.4200000000001,654.1800000000001,665.55,708.26,730.4200000000001,689.57,653.14,589.1400000000001,553.16
515.12,488.55,478.97999999999996,481.12,498.08,566.5,617.89,621.13,639.59,641.3199999999999,642.99,638.11,626.67,637.4300000000001,646.12,641.4100000000001,645.55,640.1400000000001,677.65,703.12,710.72,665.05,612.23,552.5
506.08000000000004,485.57000000000005,479.12,481.15,501.14,558.51,613.64,647.14,669.62,668.95,670.48,678.48,658.63,635.9300000000001,639.41,636.85,645.02,650.9100000000001,700.6600000000001,725.0799999999999,709.64,657.33,601.16,549.85
512.74,489.59999999999997,476.69000000000005,475.78,504.48999999999995,554.95,603.5899999999999,640.91,669.1,665.09,669.5799999999999,678.76,665.96,656.53,663.3,671.7,671.0699999999999,643.8,677.71,698.17,690.27,653.76,595.04,545.3199999999999
502.99,477.24,472.11,469.2,493.96000000000004,541.59,578.34,604.61,616.4499999999999,611.2,614.03,603.33,583.46,576.54,585.0799999999999,598.8299999999999,592.73,601.29,631.48,655.78,636.9000000000001,601.0699999999999,571.81,523.11
487.84999999999997,461.51,446.13000000000005,435.53000000000003,441.25,463.84,501.71000000000004,542.8299999999999,573.8900000000001,590.43,600.03,609.8399999999999,591.96,579.32,569.5600000000001,568.99,565.4599999999999,550.46,584.8800000000001,612.6,619.59,584.15,535.07,495.51
455.77,428.45000000000005,415.02,409.92999999999995,410.64,419.89000000000004,437.3,473.41,498.69,523.5799999999999,534.09,526.0899999999999,486.66,445.95,430.77,432.48999999999995,452.25,469.02,508.74,553.53,560.8000000000001,538.26,507.5,463.58000000000004
435.51,413.95,406.88,400.13,409.59,424.46000000000004,433.12,488.13,531.58,552.46,557.9,559.81,530.9000000000001,493.56,502.79999999999995,498.32,514.95,507.45,551.6500000000001,598.25,599.1600000000001,594.89,544.79,497.87
459.76,440.37,427.62999999999994,435.17999999999995,467.02,531.56,560.04,616.1400000000001,649.37,653.35,665.14,664.99,663.58,634.46,633.89,633.56,630.45,659.72,706.53,740.13,718.69,668.53,604.1800000000001,546.78
507.54999999999995,487.39000000000004,479.73999999999995,477.24,507.8,568.9300000000001,632.4000000000001,676.71,695.7,695.0600000000001,705.7,707.0699999999999,708.9399999999999,681.28,678.74,688.43,679.1800000000001,683.26,727.5,762.6500000000001,730.6200000000001,679.98,616.21,559.3599999999999
518.04,494.23,488.52,490.15,515.1200000000001,576.96,636.1399999999999,675.28,712.19,699.6700000000001,702.81,689.73,673.17,664.09,663.89,663.24,666.02,658.76,684.74,718.5699999999999,698.07,669.31,606.53,547.26
512.21,491.07,480.66999999999996,484.36999999999995,505.44,567.22,629.0699999999999,664.1400000000001,687.5,672.49,649.37,648.3,633.05,640.2,644.48,651.23,658.05,643.21,681.3,722.1800000000001,705.49,674.1500000000001,617.79,547.04
503.61,481.9,467.08000000000004,458.36,475.66999999999996,501.24,545.16,578.39,601.46,595.4399999999999,589.03,593.0999999999999,577.84,562.55,557.42,560.84,562.47,558.0600000000001,596.27,638.98,625.53,593.9,553.65,513.64
475.37,446.6,434.17999999999995,432.66999999999996,431.66999999999996,440.01,466.28,507.32,520.7,555.8900000000001,555.74,558.09,537.53,513.9200000000001,501.46999999999997,501.03999999999996,498.38,523.59,537.34,595.72,598.28,568.04,514.08,486.41999999999996
447.32,422.21999999999997,412.13,412.55999999999995,440.06,502.45,564.38,617.55,608.74,639.78,643.3900000000001,646.12,624.53,612.89,593.02,622.38,601.45,607.54,637.02,682.53,685.09,634.41,578.87,522.1
485.86,466.38,454.08000000000004,460.21000000000004,478.19,535.3,595.08,636.19,657.67,651.58,653.29,647.8299999999999,634.74,621.64,625.31,634.8299999999999,608.8399999999999,613.35,645.82,683.6800000000001,660.15,636.27,574.05,525.5
483.80000000000007,462.77000000000004,457.8,456.03000000000003,484.09000000000003,541.97,599.64,609.85,651.49,641.95,650.5,647.23,629.95,622.2,624.56,625.82,638.51,642.28,647.68,686.72,661.28,643.71,587.0699999999999,542.76
500.84,481.54,471.86,475.81,496.84999999999997,548.2,609.03,619.52,631.13,645.64,652.9,659.28,638.8399999999999,636.25,648.4,651.74,642.25,621.3,654.83,696.46,669.75,649.4000000000001,591.02,532.0
493.59000000000003,473.27,465.12000000000006,467.25000000000006,488.61,540.6700000000001,571.1600000000001,636.85,667.46,666.77,674.21,679.5,658.05,643.8399999999999,646.77,654.5799999999999,652.46,624.47,653.6500000000001,677.86,654.17,612.77,579.1,537.98
497.27000000000004,477.61,464.93,461.41999999999996,466.14,491.22,533.85,587.0,617.83,623.71,630.01,630.59,616.59,594.64,584.06,580.38,559.47,568.21,593.05,628.51,603.6,568.84,552.3199999999999,514.3399999999999
476.26,449.53000000000003,436.95,436.58000000000004,433.54999999999995,443.39,471.37,506.94000000000005,550.3,568.9300000000001,576.83,561.9300000000001,538.23,509.62,498.02000000000004,486.71999999999997,505.20000000000005,532.14,571.3900000000001,617.74,620.36,591.02,551.27,500.0
470.56,450.70000000000005,445.46,447.59,469.53,531.35,588.63,622.48,640.75,637.1,635.77,640.97,624.22,618.52,625.6,639.49,647.9,633.06,651.04,687.94,667.93,621.9,566.42,532.85
497.02000000000004,481.20000000000005,470.14,476.8,505.74,584.39,605.23,644.3199999999999,663.25,664.61,674.1600000000001,669.14,651.41,662.28,663.07,674.16,675.34,665.49,679.4200000000001,718.01,685.03,668.3399999999999,603.01,538.21
500.15999999999997,474.0,460.54,461.66999999999996,476.43,530.7,577.06,611.4300000000001,649.84,639.72,648.69,662.71,638.5799999999999,619.4200000000001,613.1400000000001,620.71,612.38,633.25,670.39,723.6999999999999,703.5,660.3199999999999,600.98,546.81
507.37,488.12,477.99,483.24,501.98999999999995,561.03,608.1400000000001,633.48,643.48,642.8199999999999,646.8599999999999,644.51,633.25,624.8199999999999,653.1400000000001,653.09,656.51,660.78,690.6500000000001,706.45,703.1500000000001,656.4,601.66,549.15
509.93000000000006,486.67,482.60999999999996,481.75,506.20000000000005,554.0699999999999,614.87,645.3399999999999,671.87,666.53,677.01,681.04,673.0899999999999,672.14,671.99,668.86,666.84,666.97,682.19,714.72,696.21,653.35,599.5999999999999,545.02
508.22999999999996,480.92,466.07000000000005,462.61,467.88,482.50000000000006,519.77,555.52,576.06,584.73,579.1600000000001,573.89,559.1400000000001,531.67,525.76,543.24,546.12,563.4300000000001,569.54,615.74,620.14,590.67,546.39,504.68
467.85,447.13,425.76,423.5,424.46999999999997,427.85,447.12,480.99,517.8199999999999,526.1700000000001,547.76,556.86,530.3399999999999,514.64,502.6,496.48,509.23,498.69,529.3100000000001,577.83,579.6800000000001,574.94,531.14,483.48
451.23,438.48,427.77000000000004,425.78,437.59000000000003,459.76,483.52,534.56,577.79,605.1800000000001,598.8299999999999,615.36,590.73,586.98,594.01,593.97,601.25,603.05,628.22,664.21,655.1800000000001,614.6299999999999,560.3299999999999,508.67
473.19,451.90999999999997,447.65,453.11,471.91999999999996,517.44,565.23,583.39,616.9200000000001,625.8299999999999,638.46,640.71,650.8900000000001,637.62,643.16,644.18,648.6300000000001,646.85,662.33,685.28,660.26,627.36,576.42,528.87
532.34,464.02,453.71,462.45,474.48,512.73,564.89,610.71,632.9000000000001,626.4200000000001,634.61,633.21,612.66,606.68,614.53,622.0999999999999,620.09,628.74,642.54,684.83,669.5,630.24,580.15,540.95
478.09000000000003,455.78000000000003,447.69,450.09000000000003,466.31000000000006,483.31,532.21,583.62,612.52,607.96,626.51,639.9399999999999,619.73,598.88,616.13,617.8,601.01,597.7,609.48,631.12,612.4,603.1800000000001,553.5,503.0
467.15,445.09999999999997,428.70000000000005,424.77,427.03000000000003,423.71000000000004,449.19000000000005,484.68,515.1,522.2,528.89,537.21,516.23,506.56999999999994,492.82,494.05,497.33,512.9,527.53,576.23,575.27,558.4300000000001,513.5699999999999,471.71000000000004
438.47,419.48999999999995,409.90999999999997,402.99,408.72,423.27,463.84,517.42,531.08,543.49,552.16,552.31,540.7099999999999,526.8,531.48,527.16,528.22,524.91,552.86,587.79,592.3399999999999,565.21,531.29,484.45000000000005
445.32,425.39000000000004,414.23,410.02,410.58,411.01,437.2,486.38,521.18,542.29,561.64,563.95,543.24,516.13,510.5,509.53,522.9,541.33,569.8599999999999,614.27,604.35,585.12,532.91,495.94
482.22,443.21999999999997,435.41,439.91,466.26000000000005,523.38,557.83,596.44,630.54,632.6700000000001,668.81,681.91,658.11,647.06,653.0,657.8399999999999,653.38,635.36,650.52,686.89,668.54,657.01,595.36,549.89
501.56,487.15999999999997,504.84,498.20000000000005,504.44,543.27,585.95,645.27,692.01,698.1600000000001,706.6099999999999,708.54,691.6800000000001,671.28,669.75,668.75,665.71,667.34,660.79,691.34,697.22,659.81,610.13,551.5799999999999
516.06,492.24,484.37,488.94,508.82000000000005,556.35,589.02,630.3599999999999,662.09,660.0699999999999,702.5699999999999,700.1899999999999,679.47,680.07,685.0,681.4300000000001,679.4200000000001,677.01,693.56,720.5799999999999,685.22,669.85,611.5,560.6
522.25,499.5,490.63,492.97,507.01000000000005,559.6199999999999,588.22,634.77,653.16,676.8,680.94,692.16,677.59,666.0699999999999,672.73,695.25,699.03,696.79,674.79,703.9,677.13,673.86,616.24,562.79
523.35,503.26,493.99999999999994,497.81,513.01,563.26,600.54,638.1800000000001,684.94,681.51,690.35,687.73,677.54,660.04,672.46,678.3,678.11,680.23,671.51,695.5699999999999,671.04,661.6,607.38,556.64
519.25,484.34000000000003,480.15,481.88,477.55999999999995,513.85,543.8199999999999,588.3399999999999,616.63,613.99,614.8199999999999,620.49,604.3,587.25,583.0600000000001,587.97,595.73,599.24,589.1700000000001,625.47,608.64,603.13,561.5,526.18
493.13,468.90999999999997,455.37,450.38000000000005,452.93,448.54999999999995,476.39,512.9300000000001,541.13,558.45,570.15,584.63,553.39,536.94,526.8499999999999,524.94,526.0,540.42,559.77,610.36,612.21,586.8199999999999,551.1099999999999,501.01
469.29,447.96000000000004,440.56,442.51,464.1,523.01,569.55,601.72,635.36,634.22,663.52,667.69,657.71,649.29,654.58,664.85,671.15,672.76,662.51,684.61,665.45,652.13,598.91,543.04
513.4300000000001,487.93,482.46000000000004,490.65000000000003,503.85,549.78,605.4499999999999,648.0,672.1800000000001,667.59,655.21,662.8800000000001,646.1500000000001,633.46,644.02,643.1500000000001,653.62,648.1700000000001,658.31,685.11,671.39,644.29,608.33,557.85
517.88,496.5,488.43999999999994,494.71000000000004,502.59000000000003,557.6800000000001,594.51,643.45,671.0799999999999,688.47,702.88,700.0899999999999,681.88,676.52,692.0699999999999,683.78,694.19,676.5,689.09,722.05,694.45,664.9300000000001,608.06,555.2
517.74,495.17,487.46,483.45000000000005,505.90999999999997,548.88,582.3900000000001,628.0899999999999,663.52,667.77,674.17,674.95,665.61,652.5,675.31,682.63,669.89,667.5699999999999,681.24,674.0,653.3499999999999,651.0699999999999,594.22,546.27
511.28999999999996,489.79,480.18,476.95000000000005,498.46,546.53,575.1800000000001,630.19,663.23,704.5799999999999,722.28,724.0600000000001,705.6099999999999,698.95,692.94,690.21,687.0,685.3199999999999,691.15,675.0799999999999,650.81,642.53,591.26,550.14
508.19000000000005,482.81,467.61,470.82,476.81999999999994,497.39,532.5,569.6800000000001,604.4200000000001,614.48,615.92,618.8299999999999,604.3199999999999,576.0,567.9300000000001,568.5,572.7,580.46,580.84,611.98,596.47,595.0,552.78,506.94000000000005
475.89,455.38000000000005,440.59999999999997,437.83,431.11999999999995,440.9,456.62,503.91,550.6899999999999,555.0600000000001,583.23,594.9300000000001,571.26,556.39,531.05,513.75,515.0,527.3399999999999,550.73,593.8,594.3299999999999,579.26,536.55,491.08000000000004
459.8,442.03,434.34,440.31,456.76,518.22,580.5699999999999,627.46,657.21,657.0600000000001,648.97,655.77,645.61,641.63,645.5799999999999,623.19,629.5999999999999,632.06,636.03,683.5699999999999,656.74,622.87,587.5,533.56
495.22,481.8299999999999,471.87,475.07,487.99,535.64,586.97,605.0999999999999,637.8499999999999,668.0500000000001,681.81,683.48,670.07,666.36,676.08,677.42,674.44,675.81,663.31,682.25,673.8399999999999,647.62,606.63,555.6099999999999
509.96,492.14,483.32,488.34,504.25,548.8199999999999,585.98,630.95,649.3900000000001,657.19,671.99,677.51,658.41,685.76,686.29,678.36,674.53,662.11,670.51,714.25,696.06,660.51,611.11,558.2
512.69,492.90999999999997,486.07000000000005,488.08000000000004,506.71000000000004,553.34,581.54,620.81,671.8399999999999,695.3699999999999,718.31,714.89,679.29,673.52,688.8,687.83,692.35,682.64,669.75,687.4300000000001,682.39,669.38,601.79,551.46
513.72,487.0,482.05999999999995,484.78999999999996,501.03000000000003,549.4300000000001,598.14,644.6500000000001,671.28,672.38,681.45,703.21,682.84,672.21,676.95,679.4,672.22,673.74,663.54,682.61,672.46,640.45,590.52,545.6800000000001
511.20000000000005,484.96000000000004,472.93999999999994,471.78999999999996,472.15,490.07,533.75,568.3399999999999,604.57,620.41,633.46,634.9100000000001,611.96,592.77,577.39,579.6099999999999,579.47,585.91,593.5799999999999,618.78,598.4100000000001,578.5899999999999,547.42,508.13000000000005
472.30999999999995,445.97,431.29,430.15000000000003,421.72,425.78000000000003,452.99,480.08,520.94,548.37,555.95,559.5,543.92,516.3599999999999,509.4,501.94,508.53999999999996,520.58,517.47,554.89,564.07,569.72,534.31,488.78
457.07,437.4,430.10999999999996,439.31,452.38000000000005,504.78,545.8,586.26,616.5,634.94,648.29,657.38,645.26,639.62,639.1800000000001,644.1800000000001,647.3199999999999,644.15,653.03,655.28,635.1800000000001,625.79,573.03,525.13
490.57000000000005,468.20000000000005,466.78000000000003,468.35,474.41999999999996,524.4200000000001,553.67,606.09,640.1600000000001,634.45,644.02,659.0899999999999,638.18,649.36,647.37,662.9100000000001,660.48,666.63,657.9000000000001,675.31,648.93,606.8299999999999,584.02,542.88
501.58000000000004,481.17999999999995,472.61,474.2,490.9,532.77,590.86,612.65,632.44,639.03,678.63,690.36,645.29,639.46,636.13,658.8199999999999,662.77,644.99,648.78,671.8699999999999,679.81,628.95,594.03,542.76
510.96,486.42,479.05,477.05,492.53,536.77,592.2,631.03,657.52,662.78,683.5500000000001,684.16,659.4000000000001,635.0699999999999,653.14,661.74,656.02,656.6400000000001,669.01,692.3299999999999,682.11,644.1600000000001,595.6700000000001,542.01
501.27,483.23,474.18,470.58000000000004,485.56,532.51,587.05,627.4200000000001,645.2,643.76,641.1600000000001,631.84,616.74,628.3100000000001,634.03,640.6600000000001,648.54,645.47,626.33,640.8,658.62,638.5699999999999,590.5799999999999,549.47
508.89,479.24,470.58,461.74,453.68999999999994,485.4,520.74,563.47,581.98,583.96,593.98,597.05,586.3299999999999,569.38,555.93,560.12,573.87,573.6700000000001,565.48,596.8599999999999,586.5999999999999,589.95,545.8399999999999,506.98
479.79999999999995,455.56000000000006,445.36,431.40999999999997,429.97,427.93,449.34,498.69,544.24,568.41,583.49,586.0799999999999,561.09,530.85,511.19,505.62,516.12,534.22,548.3,598.65,591.0699999999999,600.11,554.8,491.72999999999996
460.04,443.72,433.09000000000003,435.59,453.5,504.11,552.8100000000001,602.89,635.27,641.0699999999999,661.29,665.87,655.3100000000001,648.19,656.12,638.0899999999999,619.3299999999999,618.49,617.8,639.41,632.46,606.1700000000001,577.75,523.78
494.26,469.86,464.61,459.78000000000003,468.6,508.88,530.73,571.0699999999999,606.55,627.3499999999999,644.6700000000001,650.34,633.03,615.45,629.17,609.75,614.11,630.9000000000001,645.8299999999999,660.54,663.53,641.97,590.84,539.92
505.28,481.24,475.57,475.79999999999995,481.84999999999997,531.9300000000001,565.0,612.12,636.0,642.94,658.38,662.35,674.83,640.0699999999999,649.4100000000001,655.53,653.29,652.6800000000001,655.71,657.9100000000001,650.5799999999999,622.1199999999999,591.04,555.22
518.01,499.58000000000004,490.62,485.77000000000004,499.77,544.71,582.75,626.5,654.35,659.44,703.32,696.9100000000001,674.9,681.1700000000001,690.81,655.6600000000001,670.74,693.97,691.1500000000001,696.82,694.4100000000001,664.72,614.1800000000001,555.95
525.52,501.9,496.23,491.55,501.84,544.86,603.51,632.9300000000001,659.94,679.3700000000001,698.74,700.69,685.0,665.97,646.53,679.22,683.49,676.4599999999999,645.35,652.45,659.63,634.29,586.71,547.35
522.36,497.18,482.46000000000004,479.0,474.97,489.97,521.17,573.02,608.74,614.46,622.78,623.01,603.69,587.5699999999999,582.17,596.9200000000001,590.14,616.99,605.06,627.84,619.71,620.73,589.01,521.5899999999999
494.97,472.71,455.17999999999995,443.31,439.24,444.11,475.1,514.61,547.6600000000001,559.5899999999999,574.05,574.31,562.46,544.55,545.0799999999999,544.8299999999999,552.31,559.99,540.89,561.49,585.26,569.05,561.53,509.82
483.48,461.82,457.01,452.81999999999994,470.22,525.47,565.95,613.8599999999999,649.62,654.48,675.18,686.43,677.0699999999999,684.03,692.37,707.0,695.51,683.53,676.0799999999999,687.64,682.69,655.9100000000001,624.0999999999999,543.0600000000001
510.86,480.64,480.03999999999996,480.22,488.16,527.91,572.76,617.96,639.44,654.25,674.1,723.0,714.93,708.41,730.41,728.06,723.77,710.1800000000001,704.7,700.9100000000001,697.6600000000001,678.64,627.81,570.09
532.67,508.86,498.78000000000003,495.35,502.65999999999997,537.17,595.0600000000001,605.9200000000001,614.38,618.98,632.4,641.78,630.03,625.49,622.95,623.69,643.37,653.3299999999999,631.48,643.29,645.46,651.6800000000001,607.48,556.62
520.05,499.48999999999995,489.93,491.03,498.47999999999996,546.31,571.24,624.64,660.77,691.6199999999999,711.6,688.15,677.9300000000001,656.53,683.26,692.3100000000001,693.04,687.35,681.24,686.53,682.48,661.15,618.6,570.12
529.7,509.94,504.88,501.04999999999995,509.41,549.04,576.92,630.65,659.04,690.72,708.88,705.6700000000001,696.85,680.4000000000001,682.0899999999999,687.81,687.06,684.64,655.47,658.66,680.18,657.32,612.58,564.42
527.36,506.89,494.90999999999997,487.82,489.59,499.62,532.39,576.3199999999999,608.55,618.9300000000001,644.75,628.06,619.94,588.8499999999999,578.82,587.0,600.25,602.46,609.86,629.64,631.6700000000001,612.28,563.54,530.34
495.31000000000006,476.04,463.59000000000003,458.20000000000005,450.27000000000004,446.65999999999997,476.83000000000004,510.63,532.2,552.37,575.99,581.15,567.73,553.86,537.31,539.54,549.98,569.5,577.74,593.74,605.48,595.56,564.49,524.53
493.86,471.66,466.96000000000004,461.82,477.61,529.0,586.4100000000001,609.96,647.8299999999999,652.09,669.25,678.23,660.79,654.0699999999999,656.15,689.19,689.99,695.74,691.9000000000001,704.46,694.39,669.0699999999999,616.17,559.36
522.04,505.32,490.14,487.93,496.78,543.16,575.71,628.95,668.1700000000001,675.63,688.3199999999999,699.11,680.6400000000001,667.6300000000001,675.23,682.96,707.9,697.61,680.02,684.62,666.29,660.4,617.5799999999999,563.2
528.13,501.36,495.33000000000004,495.15,504.46999999999997,546.01,578.88,631.8,686.6800000000001,692.95,705.72,716.3,702.66,686.3199999999999,687.97,699.6,698.98,698.6999999999999,675.22,682.74,675.54,669.6600000000001,629.79,572.96
536.4200000000001,514.3,504.87,504.09999999999997,510.67,555.6800000000001,599.78,628.48,658.47,671.8599999999999,679.6400000000001,712.29,696.76,683.26,693.18,695.95,700.0,691.4499999999999,701.3499999999999,702.05,700.46,674.8299999999999,628.02,576.1500000000001
543.03,518.44,506.18,504.71000000000004,513.6700000000001,550.82,580.1700000000001,630.02,667.96,683.36,707.04,702.81,694.51,676.76,706.13,712.66,716.52,708.94,706.99,675.86,663.6,669.95,621.1500000000001,576.45
531.12,518.36,498.91,495.79999999999995,492.43,512.0,535.27,578.88,600.72,611.63,630.97,647.1700000000001,630.5899999999999,615.18,613.36,608.4300000000001,607.74,616.5699999999999,619.55,634.89,631.66,611.94,574.0,536.21
510.59999999999997,483.21999999999997,463.39,460.77,455.88,458.66999999999996,484.93000000000006,531.9300000000001,553.5,564.3199999999999,579.56,593.99,564.03,532.6800000000001,533.55,535.2,545.89,559.5999999999999,555.4200000000001,583.75,592.9000000000001,585.3199999999999,568.71,531.6700000000001
491.45,477.11,466.21999999999997,459.54,474.56000000000006,523.5699999999999,573.51,604.45,637.35,638.99,664.8499999999999,664.15,653.1600000000001,641.76,649.99,668.04,657.53,657.21,658.28,682.63,680.89,657.31,613.78,563.3199999999999
525.3699999999999,502.42999999999995,494.96999999999997,490.96,487.6,539.81,575.5,628.8800000000001,671.6099999999999,686.77,698.56,706.47,679.5899999999999,671.9100000000001,678.0,674.46,682.1600000000001,682.02,672.57,685.67,665.99,642.63,596.11,549.1800000000001
509.35,488.92,481.39000000000004,481.12,486.08,536.17,582.99,630.19,670.65,675.5600000000001,653.76,673.72,670.08,655.6500000000001,661.91,661.24,662.77,658.69,661.6500000000001,670.54,667.55,635.44,606.46,552.6600000000001
513.21,493.58,481.57000000000005,483.33000000000004,475.71,480.03999999999996,526.6199999999999,578.6,597.14,603.98,635.4300000000001,643.4200000000001,610.58,599.47,611.03,631.4200000000001,633.47,620.83,612.02,626.9,629.8000000000001,631.34,595.33,542.62
506.91,482.75,478.39000000000004,473.14,481.88,507.54,537.49,590.41,629.93,629.41,660.87,675.98,648.1899999999999,639.53,645.64,645.28,635.96,632.42,637.83,635.6199999999999,638.4,614.3,599.35,549.75
515.27,490.90999999999997,473.19000000000005,478.29999999999995,473.68,483.74999999999994,523.4000000000001,564.14,593.73,605.8,619.53,623.8,612.12,590.29,588.15,596.6700000000001,608.25,613.03,622.04,628.85,600.27,599.36,569.5799999999999,527.04
496.61,478.21,466.01,456.65999999999997,449.54999999999995,448.11,478.33,515.8299999999999,546.7,557.35,571.73,580.99,561.01,542.95,528.53,530.61,545.21,560.61,574.21,599.4,587.09,569.02,565.5699999999999,531.9
491.7,473.11,462.72,465.37,474.36,518.49,549.44,607.35,645.3499999999999,674.46,708.28,720.19,704.56,688.8599999999999,689.36,702.71,706.62,676.88,672.45,672.28,675.06,655.94,629.49,581.95
538.8000000000001,514.0,503.07,506.46000000000004,506.66999999999996,550.29,573.11,628.6400000000001,672.18,678.36,696.19,699.96,685.4200000000001,693.76,704.62,711.87,690.89,684.87,688.75,686.86,679.03,651.77,638.32,590.19
544.62,518.27,513.48,510.78,519.36,556.3499999999999,594.96,644.11,678.47,690.3,722.74,738.09,718.15,710.58,712.5500000000001,718.9,721.59,699.61,697.34,715.36,713.7,685.02,643.96,589.54
546.6,524.43,514.66,519.5699999999999,522.64,572.59,620.4399999999999,644.21,705.57,718.09,725.3800000000001,701.94,700.3199999999999,684.37,713.8,722.17,731.06,728.5400000000001,722.28,727.59,718.74,693.1400000000001,656.97,600.22
554.72,535.6700000000001,522.71,524.79,528.3599999999999,572.81,622.64,672.98,710.21,707.91,729.1099999999999,740.98,720.98,706.29,710.6800000000001,716.89,723.16,694.6400000000001,710.13,689.02,682.05,663.14,615.45,591.08
551.73,530.52,514.63,512.51,506.3,521.8199999999999,554.54,602.68,630.0,639.76,654.81,661.71,640.24,620.4100000000001,620.4300000000001,635.25,640.0,649.4200000000001,655.83,661.8100000000001,652.7,641.8199999999999,607.28,565.99
535.8399999999999,509.96000000000004,496.9,485.7,473.99,473.37,499.24,525.4100000000001,562.7,585.23,604.57,608.9200000000001,590.3,577.53,565.17,560.3,575.97,587.31,606.07,628.3499999999999,645.8299999999999,639.97,602.31,563.68
529.01,509.13,494.19,492.23,502.71000000000004,550.9,610.55,665.0799999999999,707.34,702.29,717.6800000000001,732.22,720.26,714.5,743.98,754.1800000000001,735.24,729.8199999999999,715.85,716.34,711.25,694.8599999999999,671.62,619.03
570.07,547.89,534.01,529.91,534.09,580.17,640.52,669.85,711.77,726.4200000000001,742.64,757.21,738.65,731.23,741.2,751.79,736.62,749.1800000000001,749.55,754.9,752.1,746.38,697.5,635.27
588.96,572.34,554.78,553.94,558.09,600.62,651.74,709.4,752.5500000000001,768.6700000000001,755.51,777.93,758.91,746.4,753.8900000000001,787.5100000000001,778.7800000000001,775.46,766.03,762.69,742.75,718.06,670.81,619.1700000000001
579.8900000000001,555.16,543.73,543.8199999999999,548.94,586.6800000000001,630.96,677.61,724.75,742.3299999999999,754.23,768.9100000000001,752.13,738.28,746.35,757.0699999999999,753.3,751.14,739.62,745.56,732.29,711.45,674.44,617.36
577.6099999999999,553.15,539.28,537.46,543.52,588.0799999999999,634.79,661.73,704.3799999999999,708.6,710.53,717.74,704.0699999999999,700.16,709.44,714.57,708.81,709.26,704.5,701.47,695.84,680.99,662.9,605.81
565.95,538.44,529.03,526.24,516.79,534.5799999999999,560.46,603.55,639.5699999999999,643.5799999999999,654.0799999999999,662.63,653.8699999999999,640.3299999999999,644.53,641.94,650.19,658.78,642.9100000000001,654.37,653.0699999999999,653.1300000000001,618.36,579.13
546.3299999999999,519.04,502.19000000000005,494.21,486.47,486.26,508.5,546.7,571.11,590.76,607.11,610.9,604.9200000000001,590.52,582.55,581.4,590.6,606.54,621.5699999999999,640.51,656.17,647.53,622.11,576.22
537.77,519.76,506.00000000000006,507.10999999999996,518.3,554.42,593.47,647.84,690.1,706.65,728.0899999999999,773.28,756.95,755.46,753.8,765.3,758.31,748.4200000000001,740.54,741.7099999999999,740.98,715.01,674.03,617.44
577.61,553.5699999999999,537.2,537.02,539.6,575.6,627.06,681.81,710.37,722.73,738.63,756.61,742.72,735.26,739.5799999999999,746.96,750.0600000000001,769.28,757.83,736.69,733.95,733.98,690.04,629.26
585.53,565.41,551.0799999999999,549.73,553.58,591.13,641.89,694.02,738.3,758.38,775.35,764.4300000000001,751.87,774.61,782.73,793.04,785.93,780.76,770.4,770.76,762.77,745.9399999999999,695.61,646.49
597.19,568.65,560.7,558.45,563.75,597.02,648.12,706.25,753.85,765.1899999999999,768.9200000000001,782.05,767.2,790.2900000000001,793.5500000000001,803.5,806.6100000000001,790.34,760.3399999999999,758.9599999999999,754.0699999999999,748.93,708.9100000000001,656.0
600.86,578.43,564.28,563.78,565.01,604.38,651.42,706.92,736.8399999999999,748.3499999999999,770.19,792.76,774.87,772.8900000000001,773.78,770.54,770.22,782.66,772.19,753.6199999999999,740.94,721.23,698.55,646.4300000000001
597.71,574.46,555.3199999999999,549.74,541.72,560.76,591.04,634.54,663.27,684.41,699.4499999999999,709.6600000000001,696.0600000000001,687.3,681.73,681.99,698.11,694.0799999999999,695.0699999999999,687.59,676.84,653.89,646.96,607.84
573.73,549.6500000000001,528.73,516.6199999999999,510.86,507.09000000000003,528.6500000000001,563.2,587.89,611.13,637.15,644.64,638.83,630.48,622.75,623.81,633.03,649.3900000000001,650.8399999999999,669.66,668.84,660.26,656.5699999999999,604.53
569.1,553.3599999999999,527.41,525.64,531.9100000000001,580.76,636.73,689.48,742.76,763.39,786.65,812.24,776.9300000000001,776.95,780.82,784.9200000000001,785.0999999999999,800.89,791.16,765.92,763.06,766.96,715.46,662.95
616.87,587.9300000000001,575.37,570.75,576.98,611.8,664.99,719.1800000000001,775.0,771.75,786.76,812.38,799.67,790.33,796.27,809.94,806.0500000000001,818.6,807.3000000000001,807.33,802.76,780.41,733.16,678.69
634.24,614.57,593.19,586.67,590.23,626.23,676.83,727.58,756.65,776.44,790.89,837.8900000000001,820.15,792.5,803.29,810.2,805.33,794.5,787.93,793.15,808.8299999999999,785.4300000000001,742.02,679.65
633.8599999999999,606.52,588.1600000000001,582.61,592.26,623.97,667.46,702.78,753.4000000000001,773.85,785.5,809.3399999999999,799.73,794.63,811.47,811.9200000000001,803.63,792.0,770.89,772.99,762.61,743.7,696.2,645.8599999999999
607.0899999999999,585.66,570.9,569.6700000000001,578.24,607.73,659.14,716.02,747.04,763.8399999999999,777.48,795.71,772.14,756.1800000000001,763.4200000000001,755.05,774.0699999999999,758.3399999999999,749.41,743.8899999999999,739.3,717.98,675.33,632.37
590.09,549.2,539.9300000000001,528.47,530.42,530.49,561.41,603.3199999999999,617.1800000000001,646.58,648.84,666.6800000000001,668.5699999999999,656.82,647.8000000000001,643.42,658.03,659.1400000000001,664.87,678.88,674.49,659.5899999999999,626.8,586.02
552.6,527.29,507.71999999999997,501.84000000000003,494.78999999999996,485.53000000000003,505.69,541.51,577.48,598.98,620.63,627.27,613.62,602.5799999999999,582.44,575.6,581.35,596.22,603.55,635.49,653.94,641.09,613.9200000000001,576.69
545.71,519.76,509.44000000000005,503.74,514.7,544.24,598.02,661.13,690.62,713.47,727.3799999999999,746.75,735.82,726.36,724.27,730.59,726.37,721.1700000000001,728.61,739.03,725.46,705.3299999999999,661.8,610.55
569.28,551.22,536.26,531.76,538.3199999999999,568.2,615.36,673.17,724.78,742.21,740.99,757.8199999999999,744.05,726.89,728.5999999999999,735.4100000000001,736.77,725.26,719.3,725.4200000000001,716.5799999999999,715.52,672.0899999999999,619.92
578.0,550.44,537.6800000000001,532.8399999999999,541.35,567.13,624.96,682.62,736.8700000000001,739.8000000000001,770.96,785.87,771.79,757.95,759.56,754.62,753.89,743.6600000000001,732.31,740.77,724.63,705.59,665.13,612.9200000000001
572.38,545.81,531.29,527.2099999999999,534.45,550.38,577.02,632.9300000000001,690.75,712.53,736.0999999999999,749.06,750.09,755.39,759.69,756.7,746.23,739.57,731.0,745.21,731.0,693.18,663.29,613.77
571.31,545.3900000000001,530.8299999999999,526.27,532.64,560.18,606.73,660.4499999999999,714.51,724.31,719.24,733.25,720.5,721.75,728.96,746.4300000000001,742.49,733.12,720.82,735.27,729.3299999999999,701.29,660.76,614.43
573.39,550.71,531.93,522.15,520.55,519.0899999999999,541.75,584.5,621.1,632.74,654.0899999999999,665.65,662.77,655.8199999999999,651.63,650.25,657.0,633.22,641.56,662.27,651.3,632.81,615.03,582.31
547.91,530.1500000000001,514.89,499.22,490.33,481.63,503.66999999999996,533.33,567.96,586.48,608.45,611.3199999999999,607.11,603.16,593.26,585.9499999999999,592.97,592.35,585.5699999999999,624.55,637.4100000000001,643.26,608.86,576.6
534.5799999999999,519.3,504.18,499.72,501.85,528.3499999999999,571.96,625.51,661.98,694.4000000000001,714.1,734.21,729.54,724.86,731.6,734.0,730.05,715.0,710.81,729.53,718.8399999999999,697.46,652.9300000000001,600.6
565.4300000000001,544.6400000000001,526.66,524.75,526.8,555.25,596.0699999999999,648.46,677.49,691.14,707.77,749.45,735.9,738.77,737.46,727.02,719.67,712.3199999999999,706.37,716.64,710.64,701.02,663.3,607.81
567.46,540.5799999999999,528.76,521.8299999999999,531.48,557.51,600.5799999999999,649.99,699.0799999999999,695.0,711.21,728.22,718.03,712.69,714.39,730.61,725.52,713.08,698.2,720.38,713.8,691.3599999999999,668.1500000000001,614.6700000000001
576.11,545.77,534.53,524.68,534.54,558.49,603.87,653.0699999999999,681.99,704.31,712.99,734.8699999999999,730.5799999999999,720.23,723.31,736.51,734.13,714.78,712.6999999999999,724.9,716.8199999999999,710.99,665.29,612.69
580.13,546.87,538.42,528.56,537.73,563.3199999999999,604.62,661.1099999999999,707.0699999999999,720.26,720.11,733.19,722.0699999999999,718.1099999999999,733.23,752.97,740.0999999999999,731.6,700.99,718.85,721.4200000000001,700.56,654.39,609.63
569.8499999999999,542.6899999999999,526.6300000000001,518.4300000000001,521.02,520.48,546.99,591.4300000000001,626.69,646.24,658.97,668.85,651.13,619.9000000000001,630.28,648.28,654.97,654.03,652.4000000000001,650.29,636.4399999999999,631.77,597.8,561.62
530.51,506.23,493.05999999999995,479.53999999999996,481.20000000000005,475.16999999999996,485.66,517.58,550.5600000000001,574.9200000000001,599.6700000000001,609.6800000000001,596.09,594.8399999999999,596.73,586.03,586.1,593.6700000000001,608.84,649.11,640.02,647.4000000000001,610.9,569.51
532.49,515.12,499.82000000000005,495.17999999999995,503.0,533.47,579.98,618.29,661.64,661.64,704.8800000000001,731.5,725.8000000000001,733.01,732.25,712.47,714.4100000000001,705.29,683.03,701.12,688.47,664.73,635.71,585.68
554.96,530.4,518.57,513.73,520.4100000000001,548.8199999999999,586.15,621.9,663.27,686.29,670.8199999999999,708.9200000000001,698.5899999999999,674.5699999999999,668.1,671.73,669.1899999999999,685.29,666.3399999999999,688.73,692.2,667.25,618.36,571.41
529.91,515.49,499.90999999999997,497.14,512.87,532.73,571.69,612.53,639.23,655.97,669.6600000000001,675.59,657.12,651.6,666.31,664.61,678.84,691.73,695.58,694.05,674.3599999999999,671.9300000000001,623.3299999999999,577.8399999999999
541.11,520.26,502.94,502.17,511.83,541.6300000000001,581.4399999999999,604.72,643.44,659.64,666.02,688.2,682.21,662.0,668.41,678.58,681.22,685.79,684.5,704.34,684.5699999999999,680.28,631.0,588.59
546.13,529.9200000000001,510.08,508.9,520.17,544.94,582.1300000000001,621.35,658.78,671.98,668.02,691.12,682.66,683.0699999999999,682.71,679.0699999999999,693.94,672.21,670.5699999999999,688.12,661.74,625.59,612.27,569.63
540.5600000000001,521.03,507.76,502.52,495.69,489.99,506.05999999999995,534.18,564.05,577.88,593.54,595.94,585.1,581.53,578.87,579.3299999999999,574.1500000000001,576.91,590.65,629.1700000000001,627.77,602.0,577.77,541.49
513.73,486.25000000000006,468.26,461.81,457.78,462.23999999999995,480.64,514.63,532.14,547.9300000000001,569.8299999999999,568.81,541.56,539.13,533.54,539.5899999999999,535.79,546.7,571.6,609.95,609.15,595.54,559.27,527.6400000000001
499.15,476.17999999999995,462.83,464.15,476.52,519.6700000000001,566.68,587.47,620.79,641.53,658.1099999999999,673.02,672.0,663.75,656.6500000000001,671.55,670.36,676.85,676.55,706.82,682.9300000000001,650.49,606.56,562.1500000000001
527.57,505.92999999999995,496.44999999999993,489.53000000000003,510.84,538.4100000000001,579.48,619.96,647.6399999999999,639.1899999999999,648.55,666.77,655.99,650.83,647.8,656.4200000000001,661.74,660.84,687.34,718.3199999999999,695.6600000000001,659.9200000000001,615.75,572.95
531.9200000000001,516.31,500.72,502.0,511.32,546.05,588.23,605.89,649.58,655.61,666.59,694.53,697.3100000000001,680.7,679.33,681.23,682.8499999999999,703.63,713.63,718.6500000000001,691.97,672.79,626.9100000000001,584.79
550.4499999999999,527.15,512.4,514.26,526.1899999999999,560.97,597.25,638.74,654.6600000000001,661.77,695.1,714.04,704.76,699.97,695.99,706.83,708.0999999999999,706.6800000000001,709.28,737.1099999999999,707.51,671.15,625.23,580.62
551.12,528.6800000000001,495.32000000000005,498.55,503.09999999999997,536.86,582.72,641.34,654.26,666.89,673.75,695.1199999999999,698.52,680.43,664.0899999999999,665.34,694.1199999999999,699.22,703.1,731.21,701.8599999999999,666.0799999999999,619.01,575.55
538.76,516.95,506.96999999999997,500.54999999999995,503.88,509.52000000000004,543.5799999999999,581.75,603.48,608.9000000000001,616.87,627.22,619.85,608.97,605.6800000000001,603.8299999999999,613.62,619.95,613.15,651.74,651.6800000000001,620.66,576.15,542.6
506.87,490.74,472.46000000000004,468.20000000000005,465.24,460.60999999999996,480.98,515.35,548.3199999999999,562.54,579.15,585.27,565.95,548.28,541.6199999999999,541.0500000000001,551.99,572.23,593.81,640.5699999999999,643.03,617.71,578.48,542.09
510.20000000000005,484.38,476.28000000000003,472.2,492.71000000000004,537.2,557.27,602.0999999999999,637.49,653.64,672.99,698.73,689.0699999999999,683.3299999999999,673.57,684.71,680.9300000000001,684.55,687.24,719.97,703.9200000000001,673.6700000000001,622.8,575.23
539.5899999999999,517.53,509.39,504.52,521.22,562.8,607.5999999999999,639.7,673.07,672.43,715.19,758.6600000000001,738.15,731.4,726.51,737.59,707.99,701.08,706.65,728.59,703.77,684.6600000000001,639.3399999999999,590.9499999999999
550.78,529.8399999999999,518.45,516.26,532.6099999999999,566.5500000000001,608.39,651.54,688.1700000000001,697.61,712.1,734.22,711.38,706.61,704.8,711.59,716.27,711.74,721.95,735.7,728.56,686.24,642.0999999999999,594.26
557.3,535.7,520.7,520.24,532.27,570.89,612.52,654.0999999999999,692.1800000000001,704.1700000000001,718.72,736.89,729.1099999999999,719.8199999999999,721.3199999999999,731.7099999999999,709.29,701.8399999999999,701.01,733.9300000000001,729.63,691.2,643.3199999999999,599.9
561.73,534.9499999999999,522.9300000000001,519.95,530.72,566.79,612.69,652.9399999999999,696.08,706.1700000000001,721.03,737.1,730.4300000000001,714.31,717.7,713.17,717.14,703.3,721.42,716.14,701.0999999999999,682.46,636.48,590.4300000000001
555.46,530.7,513.84,508.1,512.2,527.71,556.6800000000001,596.04,627.99,640.46,650.1600000000001,633.72,622.27,635.06,637.6700000000001,647.24,631.3199999999999,627.98,643.7,674.25,660.75,644.3199999999999,601.92,565.36
528.83,511.03000000000003,496.29,485.21999999999997,484.91,485.08,498.5,531.1600000000001,557.8599999999999,581.9100000000001,598.72,606.0,595.18,588.01,574.75,572.9,593.21,600.13,598.02,646.6500000000001,647.25,636.67,597.68,557.97
525.04,503.34000000000003,492.71000000000004,489.3,507.81999999999994,554.75,604.21,645.85,693.35,711.24,731.0999999999999,758.48,730.23,722.1,715.46,717.5,717.73,708.01,727.95,748.77,729.74,706.0699999999999,658.75,602.99
570.19,541.11,530.78,529.32,544.22,587.24,621.9000000000001,665.3399999999999,709.05,734.12,756.8199999999999,767.8199999999999,760.0799999999999,721.88,728.99,735.36,731.19,725.27,730.51,752.76,726.4200000000001,702.52,652.76,606.46
565.78,547.11,528.86,527.1600000000001,540.6500000000001,575.55,613.8799999999999,658.05,683.56,719.71,740.52,768.8900000000001,760.23,728.01,724.95,728.0899999999999,751.36,740.6199999999999,741.89,760.0699999999999,748.8199999999999,703.24,655.59,601.76
568.4200000000001,547.02,536.36,534.1500000000001,550.06,593.4300000000001,634.2,681.73,728.08,738.43,754.07,766.5,733.21,723.01,743.75,758.98,755.79,741.45,734.97,751.7,744.5,706.64,655.96,604.75
572.5699999999999,542.24,535.2,531.24,546.64,586.1,630.04,677.2,705.94,721.25,749.9599999999999,751.25,764.69,750.72,749.8,754.05,751.62,739.9200000000001,759.72,746.78,694.41,697.04,645.89,595.3
561.79,541.24,531.46,518.78,519.69,539.3599999999999,563.28,612.55,650.8399999999999,666.1600000000001,687.5500000000001,698.8399999999999,697.2900000000001,673.88,668.16,665.6300000000001,672.8599999999999,667.4300000000001,690.5799999999999,702.3199999999999,682.6800000000001,651.36,609.28,572.66
541.92,517.35,497.98999999999995,483.90999999999997,483.94000000000005,491.44,502.84,528.86,564.22,583.3199999999999,598.55,604.8,596.3299999999999,583.21,575.23,573.37,574.7,591.28,620.3,664.74,658.0,605.3,595.54,553.98
522.86,500.69,489.55,488.52,510.52,535.3,599.8399999999999,624.8,661.09,674.05,690.17,712.93,702.97,697.38,723.03,728.77,723.36,705.44,714.59,730.26,699.39,660.88,579.8499999999999,549.63
544.13,521.79,513.03,508.85999999999996,533.5,586.55,618.39,660.61,707.28,717.85,726.91,738.5699999999999,722.49,707.1,693.36,712.54,705.38,700.77,734.72,745.3,716.72,670.6400000000001,625.9300000000001,577.26
540.72,518.25,511.34000000000003,506.75000000000006,525.66,576.8,591.02,632.3199999999999,664.71,677.96,708.37,719.98,706.5600000000001,686.51,692.13,685.3199999999999,674.8900000000001,686.24,690.4,707.63,674.88,655.5,606.9300000000001,566.6800000000001
521.3699999999999,503.6,493.15000000000003,495.5,511.07,570.55,612.3599999999999,657.97,681.9,699.81,718.2099999999999,702.0,697.6,682.66,692.11,697.5,703.59,696.59,703.79,717.78,716.45,667.49,574.54,565.86
536.4200000000001,511.1700000000001,500.22,505.97,516.76,575.16,616.3399999999999,637.12,678.22,682.69,683.33,712.39,687.53,675.1800000000001,679.49,707.63,695.79,688.16,690.8,703.04,700.76,656.8299999999999,611.08,566.86
530.23,510.53999999999996,493.93,489.08,495.33,513.59,542.39,579.77,605.6800000000001,613.69,616.52,618.28,602.9300000000001,586.77,584.0899999999999,592.08,602.6,609.88,646.8399999999999,653.53,646.31,603.59,562.04,523.6800000000001
496.23,476.60999999999996,461.0799999999999,459.88,459.56,464.33,482.3,515.4200000000001,542.86,561.94,578.01,575.71,555.54,540.6700000000001,525.09,538.47,547.24,561.29,607.06,610.74,603.79,591.0799999999999,550.28,506.03
481.75,463.6,459.39,458.62,486.67,560.24,591.98,620.03,656.4300000000001,659.85,675.1099999999999,681.99,688.24,672.9300000000001,677.02,685.57,687.26,685.98,692.4100000000001,696.9,694.63,652.55,603.73,577.1199999999999
543.47,519.56,514.84,516.66,537.87,589.56,600.45,623.28,673.02,700.48,718.53,731.57,716.9100000000001,706.21,713.45,718.64,725.6300000000001,721.3199999999999,738.6300000000001,740.4000000000001,728.23,674.15,607.68,558.6
512.02,494.6,483.97,484.78,505.45000000000005,556.51,599.45,642.7,677.8900000000001,699.84,731.16,737.5,716.1400000000001,697.54,719.51,733.12,734.12,725.4300000000001,734.46,738.96,733.41,691.16,630.6400000000001,585.54
540.21,523.58,506.99,511.44,528.59,583.81,637.12,656.83,698.66,708.62,726.5,757.86,744.4300000000001,740.9100000000001,743.39,757.31,750.9,738.76,769.2,775.3,754.2,706.71,647.13,601.53
555.3699999999999,535.02,519.63,520.49,540.88,588.73,640.16,683.97,727.36,731.98,743.07,756.79,745.4100000000001,737.38,747.71,756.35,747.31,717.69,743.01,746.01,740.72,694.23,644.38,596.6
558.3,533.58,515.27,510.5,517.67,541.13,571.13,608.5899999999999,646.8199999999999,659.15,672.2,682.96,671.06,652.04,648.71,652.75,662.61,661.16,680.54,689.23,684.74,640.73,598.59,558.3699999999999
526.8399999999999,503.49,481.25,482.88,484.15,494.23,503.19,537.97,572.05,598.85,613.26,610.75,593.12,579.6899999999999,558.65,556.55,557.3,577.8699999999999,598.02,624.4200000000001,628.85,596.97,559.1400000000001,512.47
488.02000000000004,463.54999999999995,456.97999999999996,458.99,480.96999999999997,547.64,600.1700000000001,636.62,669.3900000000001,678.96,690.3299999999999,686.67,669.1500000000001,657.5699999999999,672.28,680.5400000000001,683.69,688.3,734.9300000000001,737.61,702.12,658.5,599.38,551.27
517.94,494.64,484.33000000000004,490.04,513.83,570.22,622.5799999999999,664.86,693.28,691.14,698.9300000000001,706.46,693.4200000000001,689.46,684.72,696.9,696.69,701.28,743.63,749.4699999999999,714.23,657.97,605.09,554.28
522.38,502.66999999999996,500.12,495.44999999999993,518.91,580.95,628.09,665.02,695.35,695.55,707.73,718.65,698.6800000000001,697.3399999999999,702.81,712.8,721.19,717.55,755.72,746.55,709.27,665.08,611.61,554.27
522.08,508.61999999999995,491.78999999999996,494.02,519.89,577.79,635.08,677.1,713.27,717.62,731.9100000000001,727.21,710.27,695.76,700.82,706.34,706.52,705.97,748.4100000000001,739.31,701.26,655.11,603.96,550.99
515.14,497.83,485.85999999999996,496.5,510.37,571.75,629.97,674.57,710.7,713.67,715.0500000000001,704.45,680.77,681.27,692.37,688.25,688.1999999999999,692.42,729.05,721.8600000000001,685.87,633.6099999999999,583.4200000000001,536.48
500.70000000000005,477.13,470.41,466.59999999999997,474.55999999999995,502.99,541.46,585.45,610.74,620.8299999999999,617.64,610.78,595.1700000000001,581.3199999999999,583.76,591.0999999999999,601.64,610.52,655.4300000000001,658.76,626.21,580.3499999999999,537.6800000000001,500.86
470.55,448.34,434.65,428.55000000000007,436.03999999999996,451.22,470.41999999999996,512.1,552.4499999999999,573.24,582.3399999999999,583.65,578.26,551.45,551.34,543.41,548.04,572.55,625.0999999999999,629.6400000000001,612.37,576.16,537.52,499.29999999999995
471.02000000000004,452.25,445.46000000000004,451.18999999999994,478.11,550.8399999999999,584.52,627.8,656.3700000000001,670.16,687.55,706.74,693.85,694.07,686.0899999999999,686.19,676.84,665.73,711.76,709.9499999999999,700.31,636.5,589.01,539.81
507.19,486.52000000000004,481.39,482.13,507.21000000000004,570.91,600.13,643.48,680.1,672.31,694.12,703.76,689.36,678.75,694.1800000000001,691.13,703.3599999999999,678.75,723.23,725.46,702.5600000000001,643.51,597.05,545.58
510.03,486.22999999999996,484.16999999999996,485.15,509.08000000000004,579.0500000000001,608.3,641.9,674.5999999999999,696.21,698.9100000000001,704.88,685.88,688.11,701.0699999999999,714.56,708.64,699.8900000000001,741.85,738.45,712.8900000000001,658.44,607.9399999999999,554.66
517.59,500.94000000000005,489.89,494.89,518.98,578.95,605.8399999999999,638.3399999999999,665.64,673.2,676.85,693.92,698.97,673.14,678.4200000000001,675.15,677.6400000000001,685.35,723.36,716.38,681.1099999999999,653.7,603.94,551.01
518.8799999999999,495.09999999999997,494.67,492.43,518.25,578.96,613.02,651.71,686.47,707.5699999999999,697.15,686.21,668.92,669.3199999999999,682.3299999999999,695.3,692.49,672.0,716.79,712.4,699.16,649.46,601.86,550.5
516.5,492.16999999999996,487.21,482.74,486.44,515.6600000000001,554.53,600.9300000000001,629.73,639.63,634.3599999999999,637.33,617.7,593.1099999999999,591.58,594.19,600.03,623.92,648.96,647.67,647.5,599.26,552.15,518.02
488.78999999999996,466.2,454.33000000000004,448.52,452.27,470.06,487.1,522.58,546.34,577.54,597.86,604.35,579.0,577.27,556.72,548.06,552.89,587.12,615.8399999999999,649.54,615.39,583.44,538.07,499.58
466.79,454.15000000000003,450.99,450.32,478.83,548.57,602.1899999999999,624.4200000000001,663.01,630.87,640.25,638.6199999999999,640.18,630.69,636.73,651.99,657.3499999999999,667.94,721.5699999999999,711.25,671.9499999999999,641.9,591.1600000000001,541.0799999999999
506.75,488.93999999999994,481.33000000000004,487.04999999999995,502.92,570.35,619.46,654.5,681.19,686.92,687.41,687.8199999999999,684.55,673.74,697.18,704.22,701.73,718.9300000000001,753.1600000000001,750.8900000000001,708.14,648.56,594.55,541.75
512.4100000000001,493.4,487.02000000000004,482.96,507.09,572.3599999999999,628.42,643.26,670.25,681.29,682.24,680.3199999999999,665.97,647.3299999999999,655.16,665.1899999999999,699.82,713.21,729.0,723.31,707.63,656.08,602.9200000000001,545.0
517.77,492.14000000000004,484.83,487.89,511.31999999999994,579.56,626.06,648.27,674.0,668.3299999999999,677.29,688.6,672.4200000000001,670.84,673.0,677.3399999999999,684.48,685.22,726.36,714.6099999999999,700.3399999999999,650.7,603.1,549.06
516.81,494.45,493.27000000000004,499.32,510.1,571.64,608.0999999999999,644.46,667.9300000000001,661.6700000000001,661.56,673.6500000000001,689.5699999999999,656.6099999999999,664.75,671.24,675.96,680.89,708.8299999999999,712.75,660.4200000000001,641.03,596.31,540.61
508.94000000000005,489.56000000000006,478.85999999999996,475.55999999999995,485.41,514.56,518.5999999999999,568.87,609.5699999999999,617.07,619.1300000000001,643.73,620.0,592.24,589.25,594.51,604.69,633.47,644.69,670.95,631.51,589.02,546.92,507.22
475.59,453.25,447.88,442.17,446.50000000000006,465.53999999999996,484.24,527.24,567.41,591.99,614.25,606.8,574.25,550.69,549.08,544.22,543.78,562.03,599.75,622.95,619.59,587.08,537.97,496.93
465.61,446.74,446.63,450.4,477.64,553.27,585.91,618.55,649.14,676.48,674.8199999999999,670.54,659.61,652.13,658.75,668.04,660.73,676.28,714.1199999999999,719.24,691.12,634.8199999999999,586.01,532.72
492.63,472.86,467.96999999999997,467.43,491.72999999999996,567.28,618.6200000000001,631.6300000000001,656.9300000000001,664.01,663.75,669.99,659.88,646.3700000000001,656.46,670.72,675.62,693.63,721.41,724.01,695.97,641.14,584.4,529.3699999999999
496.59000000000003,477.93,471.48,471.77,493.88,568.6700000000001,598.84,629.06,653.58,661.1999999999999,685.61,682.8299999999999,670.3,665.22,669.44,693.79,702.12,732.8599999999999,733.85,747.96,705.8,653.6,593.98,541.93
506.74999999999994,481.69,485.74,481.25,508.67999999999995,572.0899999999999,620.16,674.5,693.78,701.02,698.11,680.48,647.39,670.76,684.0699999999999,688.95,700.41,719.14,726.31,745.02,696.52,648.54,590.1700000000001,542.2
510.96000000000004,485.9,478.66999999999996,479.25,498.41,569.0,603.74,647.41,676.47,676.31,700.1600000000001,688.03,657.21,658.03,658.35,669.6,653.21,680.8,715.4200000000001,731.5999999999999,685.77,639.08,585.67,538.29
500.28,482.35,470.65999999999997,469.93000000000006,476.59000000000003,512.4300000000001,548.65,590.75,586.76,605.22,617.49,615.38,595.1,579.83,570.55,581.4200000000001,599.52,612.87,647.03,648.18,625.7,587.48,541.87,506.68
470.69,450.29,435.46999999999997,431.2,438.46999999999997,460.18,477.69,514.92,546.44,563.4499999999999,581.3299999999999,574.82,553.3499999999999,531.97,524.56,528.59,542.47,570.43,608.33,621.69,613.29,575.0799999999999,531.94,486.07
463.59,449.03999999999996,437.64,445.57,466.44,544.33,610.71,641.24,654.52,658.25,655.98,662.6500000000001,664.51,653.0999999999999,657.49,674.85,680.71,686.56,715.6600000000001,712.85,686.01,634.75,579.46,525.9200000000001
491.54999999999995,474.69999999999993,470.57,473.52000000000004,493.55,565.22,603.3,641.45,659.3199999999999,673.65,681.11,678.69,657.45,657.76,668.25,671.8199999999999,654.57,694.31,724.98,722.57,695.14,639.6700000000001,584.3299999999999,533.8199999999999
498.54999999999995,479.04,473.80999999999995,480.4,500.72,576.23,616.01,656.68,665.8599999999999,678.48,671.1,684.49,666.6200000000001,668.48,681.03,680.73,688.6800000000001,711.69,735.6600000000001,755.8800000000001,705.0799999999999,655.36,596.25,539.88
505.1,478.64000000000004,479.97,477.26,507.28999999999996,575.26,610.35,653.4300000000001,666.18,674.81,661.65,668.14,652.8299999999999,647.28,664.39,642.3,662.31,699.6800000000001,731.52,721.44,674.09,644.54,593.06,534.99
503.41999999999996,487.48,477.07000000000005,478.14,511.34,575.23,611.38,643.9399999999999,664.76,683.5799999999999,680.92,674.96,662.59,649.13,650.52,672.45,673.01,681.5600000000001,714.2,717.54,683.99,637.62,587.35,537.0600000000001
495.99,478.7,471.49,467.30999999999995,475.71000000000004,510.53000000000003,552.9,597.54,618.59,615.16,608.6899999999999,601.35,583.6300000000001,564.57,557.05,571.76,589.56,620.76,653.51,672.88,629.53,583.61,541.5699999999999,510.12
472.36,442.07000000000005,437.44999999999993,438.42999999999995,436.05999999999995,447.42,460.34,485.04999999999995,524.0699999999999,555.9300000000001,572.07,578.91,565.8,543.6800000000001,520.31,523.01,536.4399999999999,590.1199999999999,620.4300000000001,642.8800000000001,638.72,603.35,562.76,515.76
480.81999999999994,452.61,441.87,436.1,440.98999999999995,470.36,533.63,579.88,604.3299999999999,628.41,653.8299999999999,667.74,677.23,660.55,650.9399999999999,662.71,654.7,695.76,715.25,731.56,704.06,675.1,624.6800000000001,569.58
525.22,489.90000000000003,473.16999999999996,470.38,467.84,488.96,556.6,617.37,631.72,653.84,650.5600000000001,656.3199999999999,681.9499999999999,668.91,656.03,651.9300000000001,668.8,712.45,736.44,758.05,723.72,680.37,630.95,570.6999999999999
536.77,499.53,484.65000000000003,478.74,480.45000000000005,507.41,570.3599999999999,629.26,672.59,696.23,686.0799999999999,698.43,707.3199999999999,692.03,674.8100000000001,659.6099999999999,672.05,723.5899999999999,744.95,751.8199999999999,735.0,681.8199999999999,625.97,584.1099999999999
541.64,506.44000000000005,488.73,482.15999999999997,483.74,506.27,565.67,621.94,641.77,678.6600000000001,681.5,696.74,715.44,700.01,683.26,678.1600000000001,709.28,730.34,733.97,740.55,729.49,684.1,642.6700000000001,584.1899999999999
544.75,508.97,490.0,480.54,484.28,508.96,571.11,609.9499999999999,636.5,652.73,661.51,642.99,639.4,625.74,596.81,611.23,630.4499999999999,652.79,667.65,692.62,684.05,649.95,597.9000000000001,547.8199999999999
510.61,480.08000000000004,456.21000000000004,448.18999999999994,446.72,449.60999999999996,468.84000000000003,500.99999999999994,523.16,551.39,557.3900000000001,560.74,569.08,561.6700000000001,521.37,518.73,567.1700000000001,624.98,646.9300000000001,609.26,631.48,575.0500000000001,537.29,495.11
483.03,454.44,430.62000000000006,426.66,419.39,426.11,438.72,451.09,488.62,502.84,521.8399999999999,549.84,541.79,527.0699999999999,507.88,487.26,488.99999999999994,509.6,603.06,569.47,569.2,576.34,541.77,511.60999999999996
485.80999999999995,461.84,443.28000000000003,447.35,451.50000000000006,473.16999999999996,549.48,603.8900000000001,659.29,682.69,685.76,690.06,694.1700000000001,681.31,636.6800000000001,626.98,657.08,698.58,728.0,724.42,737.03,672.95,622.4300000000001,574.1800000000001
532.77,500.47,485.12,478.82,483.09000000000003,506.6,577.11,603.08,638.46,646.3299999999999,665.8,670.13,672.45,664.84,644.26,661.23,676.9200000000001,713.01,733.94,754.3,713.33,689.4100000000001,615.6,590.0799999999999
536.74,505.06,482.02,480.82,479.98999999999995,510.68,571.81,620.27,646.12,667.1500000000001,659.53,662.16,662.77,648.4300000000001,651.53,660.62,676.96,719.94,717.39,744.11,715.42,692.6800000000001,643.9100000000001,591.4200000000001
545.03,509.03999999999996,493.17,485.62,488.59,507.84999999999997,579.0699999999999,620.3299999999999,632.65,663.6,661.1700000000001,663.36,671.45,658.53,676.16,675.51,688.8299999999999,717.6300000000001,738.9100000000001,748.01,740.75,710.21,650.77,606.29
546.41,511.73,493.01,481.37,486.37,507.14,574.09,619.24,629.13,651.1099999999999,662.15,659.0899999999999,647.8100000000001,650.37,636.4399999999999,650.59,650.29,695.86,701.3399999999999,706.44,726.2,675.95,626.32,583.22
543.35,505.99,485.63,475.04999999999995,470.61,478.81,512.64,550.26,582.45,595.8499999999999,598.69,593.31,596.8,593.11,589.31,581.4100000000001,580.02,618.4,645.04,663.32,660.81,619.21,586.5899999999999,548.09
501.87,460.65,438.21,419.62,423.10999999999996,427.22,444.07000000000005,480.59000000000003,512.92,534.37,547.9399999999999,557.5699999999999,568.74,557.66,530.72,535.6600000000001,551.6500000000001,582.92,611.09,646.22,642.7,619.81,582.98,539.8199999999999
494.52,462.20000000000005,445.71,439.26,446.38,475.94,546.3800000000001,572.89,607.97,621.14,638.0699999999999,642.3,655.01,649.58,633.44,638.5899999999999,644.51,708.5799999999999,723.6600000000001,732.1800000000001,717.11,684.38,617.8199999999999,555.72
524.62,492.31,476.79999999999995,470.69000000000005,473.97,498.22,566.21,601.03,623.94,649.7,669.3,667.71,667.65,650.43,640.34,650.23,676.03,713.71,720.71,752.38,719.8600000000001,667.93,621.71,573.57
533.19,499.71000000000004,480.69,472.97,478.96000000000004,507.92,575.74,610.1700000000001,630.89,643.5,656.4300000000001,654.99,660.47,651.75,661.99,674.93,701.11,730.24,750.08,758.9000000000001,704.9,676.96,635.24,578.65
551.19,513.31,495.21,486.67999999999995,486.54999999999995,508.15999999999997,581.38,629.3199999999999,653.6600000000001,667.24,663.05,662.13,665.01,657.94,651.92,660.94,688.75,727.46,745.77,770.48,735.2,690.81,640.7,592.15
551.22,516.18,495.98,488.48,492.88,519.33,560.78,616.68,643.74,663.03,655.41,647.88,642.74,627.59,601.61,623.49,665.6300000000001,714.76,707.37,716.08,694.49,671.16,624.8499999999999,573.35
536.46,501.40999999999997,479.0,467.92999999999995,469.66999999999996,482.76000000000005,511.38,551.8499999999999,590.44,617.5500000000001,616.4000000000001,613.87,611.26,607.89,575.11,569.39,581.97,630.6300000000001,648.97,660.28,658.94,614.33,569.91,541.4
502.53999999999996,468.81,451.91999999999996,437.53,436.46999999999997,437.0,455.86,482.78,519.91,553.79,573.1,596.63,593.65,559.37,549.97,539.63,559.65,561.64,603.1,618.1700000000001,640.8199999999999,610.91,563.05,513.35
489.69,458.7,444.16,437.19999999999993,445.74,473.53999999999996,554.6,580.14,618.14,639.38,660.95,659.71,642.8299999999999,631.82,619.08,626.46,670.11,721.14,721.79,731.15,708.92,661.24,617.76,579.66
538.15,502.40999999999997,487.47,474.96000000000004,482.34999999999997,511.19,581.45,635.82,666.13,687.81,694.62,693.1,695.49,676.34,674.41,692.8199999999999,692.8499999999999,743.6299999999999,755.76,755.37,727.02,711.71,642.8799999999999,590.5500000000001
545.4200000000001,509.03999999999996,491.07000000000005,479.93999999999994,487.34999999999997,508.03999999999996,584.56,642.79,664.93,682.46,677.75,675.78,684.2,669.6400000000001,679.97,695.25,706.19,735.81,735.91,759.45,743.19,711.86,649.75,593.19
559.5899999999999,522.5500000000001,506.0,489.65999999999997,491.57,523.79,592.07,655.31,687.62,706.0,707.27,704.49,699.6,687.48,690.65,697.95,729.01,765.56,759.98,766.41,746.05,696.1999999999999,659.15,610.46
557.8399999999999,523.74,498.86,494.35,499.3299999999999,520.03,592.5699999999999,626.8299999999999,659.1800000000001,681.98,685.53,676.55,680.31,671.3399999999999,672.3,685.1500000000001,697.6999999999999,735.8,743.32,753.0899999999999,728.51,700.14,654.97,611.5
559.28,519.03,497.56,485.59,483.65,490.36,524.3299999999999,567.98,581.5,639.06,653.25,664.16,670.08,658.6299999999999,643.53,637.01,628.03,665.44,673.4000000000001,681.95,689.26,646.45,609.21,566.0999999999999
529.01,495.0,465.69,456.43,451.68,453.39,472.50000000000006,500.20000000000005,534.89,588.09,618.05,639.04,642.14,617.39,567.79,561.03,577.12,611.62,628.99,648.77,655.13,615.7900000000001,590.58,547.04
517.49,481.38,461.34000000000003,454.52,463.15000000000003,490.94,553.06,614.4300000000001,648.48,677.5,695.25,706.28,739.9300000000001,722.89,717.51,699.52,723.23,754.79,769.92,808.37,789.72,740.39,690.03,633.02
570.63,531.1700000000001,504.57,495.34,499.68,531.85,601.72,675.3,708.29,736.49,740.3699999999999,741.4300000000001,746.5899999999999,726.2,728.2,733.45,747.49,786.8799999999999,796.71,816.61,778.48,747.44,693.8,637.35
583.41,535.54,513.8,500.26,509.3,533.48,608.92,660.02,695.05,729.03,770.3600000000001,776.5899999999999,763.34,721.8699999999999,701.06,712.88,736.25,788.12,798.9,842.74,798.7199999999999,755.16,696.8299999999999,639.56
589.14,542.48,521.98,515.25,518.19,543.83,619.93,671.64,708.41,740.56,745.31,744.8999999999999,770.5,763.3699999999999,739.82,744.97,744.17,771.7,784.23,798.49,790.5999999999999,742.57,689.4100000000001,637.45
581.23,543.1700000000001,516.73,505.95,504.84,533.61,605.49,651.4100000000001,698.24,740.38,753.37,753.28,746.67,722.83,710.6899999999999,713.25,730.75,771.0500000000001,801.43,805.0500000000001,783.6299999999999,724.33,682.56,647.52
579.07,534.5,506.37,494.85,489.39,502.89,535.6400000000001,587.8199999999999,617.98,642.97,643.51,638.54,653.52,636.6899999999999,634.91,633.1999999999999,639.51,682.2,703.63,739.39,725.49,686.0600000000001,641.83,596.94
545.37,503.83,476.9200000000001,462.69,459.65,465.1,488.17,513.03,561.21,596.75,614.0699999999999,620.6700000000001,617.95,602.5,580.87,579.0899999999999,608.86,638.8,657.9,679.5999999999999,672.29,665.89,628.11,580.15
526.33,488.15999999999997,468.54999999999995,464.22,469.39,499.19,578.99,655.7,700.31,732.9599999999999,730.33,714.6499999999999,717.6199999999999,700.4300000000001,699.24,714.9399999999999,725.8199999999999,771.95,790.0,802.1299999999999,780.92,733.8199999999999,704.24,640.6
573.55,529.33,504.29999999999995,484.62,495.52000000000004,523.51,601.15,648.4300000000001,683.38,726.49,726.91,720.53,724.1600000000001,718.23,712.0999999999999,725.26,758.8,805.1999999999999,809.29,820.7,811.07,763.94,706.9100000000001,647.59
577.65,535.9200000000001,509.17999999999995,501.17999999999995,506.76,533.87,610.69,673.46,710.37,725.3599999999999,723.4000000000001,717.6099999999999,717.5600000000001,718.13,711.51,728.95,757.8999999999999,801.31,813.6700000000001,828.06,805.32,763.28,713.6,653.71
585.03,542.24,515.0,512.26,510.25000000000006,543.23,613.49,682.6300000000001,725.11,741.41,736.59,729.76,733.61,728.0,713.69,733.9100000000001,769.59,802.0,819.0600000000001,824.91,800.8800000000001,754.23,707.46,649.02
585.05,539.9599999999999,514.13,504.11999999999995,508.13000000000005,535.47,605.66,671.71,708.05,730.52,737.3,733.3699999999999,727.53,720.54,720.21,726.01,756.2800000000001,794.78,811.14,807.84,794.7,745.02,699.4399999999999,643.09
586.5999999999999,541.5699999999999,514.97,501.28,499.55,508.1,554.39,593.85,634.28,652.51,665.27,657.94,653.34,641.8900000000001,628.7,638.66,669.45,699.55,720.27,739.0699999999999,723.1400000000001,690.28,649.3199999999999,600.27
551.95,514.27,488.17,472.61,464.03999999999996,469.19000000000005,495.03,526.6099999999999,566.63,602.1800000000001,624.35,636.65,632.45,609.13,596.98,591.89,618.79,655.8900000000001,686.01,697.99,697.9300000000001,674.37,635.4,596.8
536.88,500.29,480.07000000000005,472.1,470.18,504.44,578.35,636.86,686.0,707.1600000000001,709.6999999999999,707.4399999999999,711.2,711.4300000000001,693.5799999999999,712.98,750.8199999999999,797.8299999999999,809.3900000000001,812.1600000000001,783.8100000000001,735.99,684.97,633.6800000000001
578.85,536.73,507.12,498.16,495.81,519.3,578.99,618.3800000000001,641.92,661.65,670.59,683.79,684.43,680.2,661.68,661.24,680.45,722.6700000000001,757.32,769.23,755.41,704.3,655.23,604.69
565.36,523.5999999999999,501.86,493.63,492.38,527.0899999999999,603.29,669.8199999999999,709.72,736.47,741.8399999999999,741.71,738.6299999999999,738.46,740.8399999999999,742.28,780.1,812.3299999999999,825.83,838.4100000000001,821.19,772.2099999999999,714.8599999999999,655.74
593.39,543.98,518.6,510.30999999999995,516.04,539.96,621.55,688.44,741.61,763.4000000000001,757.13,751.58,753.78,744.24,718.6300000000001,729.2600000000001,766.18,815.81,831.25,834.55,804.81,761.1500000000001,703.46,651.94
600.3900000000001,557.5,531.53,522.15,523.76,549.15,624.86,693.27,737.98,756.76,753.4000000000001,746.52,744.41,743.47,721.9100000000001,742.63,762.83,817.1899999999999,838.8900000000001,844.51,819.96,758.96,700.75,654.69
610.65,558.38,527.75,518.05,516.5,524.44,561.3599999999999,607.9200000000001,655.4399999999999,679.31,696.6,691.43,684.74,673.3,637.08,640.24,669.3199999999999,730.9599999999999,756.1500000000001,770.19,751.3199999999999,693.15,642.98,599.63
569.25,529.38,501.0,484.91,476.55,486.58000000000004,507.59999999999997,533.0799999999999,574.46,617.4399999999999,638.24,646.46,642.52,624.27,604.15,596.29,625.69,672.4100000000001,698.62,716.0699999999999,721.6899999999999,684.48,649.29,593.53
557.25,518.12,489.18,480.97,484.89,519.8799999999999,605.0300000000001,674.69,726.8499999999999,749.47,752.24,768.27,761.9200000000001,759.52,745.9599999999999,759.97,791.18,831.66,832.8900000000001,841.93,825.9599999999999,783.54,719.95,663.1099999999999
590.91,550.91,524.64,514.37,515.75,544.57,620.15,693.22,735.5,759.02,753.2199999999999,741.64,733.87,730.5,722.39,738.6800000000001,773.1,815.4499999999999,829.66,841.5699999999999,826.5699999999999,776.77,722.92,659.94
597.54,550.39,524.7,511.43,516.64,544.97,619.09,696.45,742.16,756.32,755.6899999999999,760.45,758.5799999999999,740.3000000000001,734.11,750.1100000000001,780.61,814.5999999999999,823.5699999999999,839.3000000000001,817.81,770.37,718.77,659.12
592.3100000000001,547.9,520.8199999999999,507.97999999999996,513.6600000000001,541.15,618.97,697.73,732.49,758.7099999999999,751.1100000000001,748.6700000000001,744.81,729.75,731.21,747.95,764.1899999999999,809.66,826.0,833.99,813.6899999999999,767.6299999999999,718.04,660.13
595.3499999999999,550.8700000000001,524.1199999999999,516.64,517.55,544.22,624.1,699.05,734.8299999999999,761.04,751.56,743.4000000000001,746.1500000000001,730.7800000000001,716.01,722.9000000000001,759.45,800.1700000000001,810.1199999999999,815.38,797.73,751.29,697.6600000000001,644.27
584.4300000000001,541.41,512.96,498.31999999999994,496.5,504.24999999999994,543.86,589.73,639.9300000000001,666.14,664.6,659.21,655.97,650.99,637.25,653.6,677.0799999999999,720.46,733.4300000000001,742.31,745.66,682.5,627.8599999999999,580.38
548.54,509.94,485.97,467.42,462.43,466.93,488.99,524.25,564.22,605.79,644.22,671.54,672.82,650.9000000000001,603.74,608.81,630.23,657.38,683.04,701.04,696.32,675.5500000000001,632.38,591.2
548.69,504.90999999999997,482.59,470.77,472.95000000000005,502.78,578.9300000000001,659.26,702.45,725.13,723.35,720.1,719.4300000000001,721.01,696.59,707.0,736.6700000000001,771.49,793.23,806.46,773.61,735.3399999999999,686.73,621.81
573.75,527.66,503.74,489.68000000000006,492.64,516.99,584.3199999999999,651.45,701.04,728.44,726.21,719.86,717.74,706.02,674.65,691.37,721.78,778.6000000000001,778.0999999999999,787.1800000000001,785.15,728.56,680.78,623.94
579.01,531.65,499.30999999999995,486.46,485.89000000000004,512.49,577.62,644.3600000000001,692.71,715.53,715.77,708.1099999999999,704.58,690.19,688.73,703.8800000000001,725.74,770.3299999999999,779.91,785.51,770.6,733.6800000000001,692.64,635.54
555.06,501.38,471.38000000000005,450.59000000000003,451.09,466.05,519.8,565.9,625.49,648.6,646.35,619.34,611.12,605.42,605.49,623.5899999999999,657.5799999999999,715.78,701.6700000000001,690.27,645.6,586.9300000000001,549.3,523.05
513.0899999999999,495.14,468.71000000000004,439.69,429.66,426.40999999999997,442.68000000000006,457.61,480.48,508.98,549.76,582.7,579.87,536.28,473.42,467.05,488.53999999999996,535.4300000000001,563.22,579.89,582.55,571.27,545.13,515.4
471.05,435.98,413.81,399.64,396.14,403.51,426.25,452.76,492.04,528.48,550.3599999999999,556.53,555.86,555.81,532.8599999999999,530.86,548.26,615.69,621.4300000000001,639.91,641.35,616.1,578.55,532.76
498.85,455.49999999999994,430.57,410.09000000000003,408.5,411.0,436.76000000000005,468.75,507.53000000000003,540.11,579.8,571.8399999999999,581.1300000000001,560.21,544.0,548.62,571.26,626.0699999999999,647.98,664.24,665.97,639.15,592.69,543.98
501.43,458.43999999999994,434.97,416.51,420.60999999999996,436.21000000000004,489.36,547.74,613.1,642.8,656.96,657.61,661.44,664.19,634.51,650.3700000000001,687.73,732.6,742.3199999999999,773.1199999999999,747.5799999999999,704.77,656.25,583.0600000000001
545.41,496.55999999999995,473.79,461.32,455.46,472.79,520.59,573.41,629.8199999999999,667.47,675.1800000000001,670.46,668.0,663.12,624.6099999999999,641.65,669.8199999999999,717.97,735.45,742.4499999999999,731.01,690.33,642.0799999999999,582.6
543.45,497.28,471.04999999999995,456.1,453.24,475.61,515.9000000000001,568.89,621.45,657.28,674.97,676.24,677.76,671.87,646.98,667.45,704.3,748.87,759.49,767.38,746.65,704.0699999999999,664.34,596.3
551.97,500.42,470.42,453.42999999999995,450.97,473.8,506.19000000000005,548.8299999999999,602.35,639.83,650.63,653.5799999999999,653.71,648.9300000000001,614.4,622.48,656.6800000000001,708.9300000000001,726.0,727.49,686.96,626.5799999999999,566.96,540.9100000000001
526.79,484.89,459.08,439.28,419.44,412.32,416.68,421.55,434.75,471.71999999999997,521.4,551.07,573.5,549.17,521.03,508.46,521.5799999999999,570.36,585.8800000000001,622.23,626.79,603.76,574.1700000000001,537.4200000000001
509.91,475.23,449.32,434.47,433.13,441.37,468.44000000000005,501.69,544.88,591.54,610.47,620.48,627.85,624.19,608.4100000000001,601.77,619.5,669.24,703.8900000000001,720.96,710.27,662.64,617.76,566.3499999999999
535.83,494.40999999999997,471.28999999999996,452.17999999999995,446.73,455.46,468.95000000000005,498.08,531.26,572.94,612.09,635.49,646.55,636.08,585.3499999999999,576.79,605.0,668.13,684.43,700.76,716.63,666.89,622.49,570.8399999999999
531.28,492.14,470.86999999999995,454.88,464.40999999999997,489.20000000000005,566.55,636.8100000000001,697.21,744.0699999999999,763.77,780.01,782.76,774.9499999999999,742.71,748.6700000000001,768.04,807.99,816.85,828.2199999999999,804.51,758.86,699.7,638.52
592.48,545.64,523.64,511.34000000000003,512.8699999999999,539.26,604.5999999999999,662.92,719.04,759.29,768.86,773.75,769.83,756.26,743.3000000000001,731.98,772.31,817.32,827.48,844.22,820.62,777.6800000000001,706.82,657.46
600.6,549.03,525.49,512.3399999999999,512.97,526.18,592.82,650.33,693.2,741.02,775.6500000000001,793.1800000000001,806.0799999999999,774.56,737.0,738.23,756.31,792.28,804.9000000000001,805.62,802.42,749.6100000000001,698.99,648.7
604.0500000000001,554.5799999999999,525.15,514.27,517.6,542.91,619.14,697.49,737.9200000000001,768.0899999999999,772.4100000000001,771.8299999999999,766.6800000000001,744.22,749.0,748.71,771.8,814.49,821.0,827.3499999999999,809.4000000000001,767.34,713.6,650.19
597.92,557.79,527.71,516.38,517.95,547.53,619.09,688.1300000000001,730.34,752.5899999999999,757.4300000000001,755.53,754.14,737.46,733.81,734.49,760.13,805.0300000000001,811.8599999999999,817.67,793.04,742.27,693.69,634.5699999999999
589.7,544.16,519.4,506.38,497.78,506.08,542.6800000000001,586.9,636.27,669.86,693.87,695.9200000000001,691.1,674.6,656.0699999999999,647.3299999999999,667.82,715.29,724.11,743.27,729.6800000000001,686.96,635.9000000000001,591.82
557.99,511.25,484.78000000000003,471.28,461.67999999999995,461.53000000000003,485.86,512.27,550.78,590.9200000000001,616.15,636.8699999999999,633.19,618.46,586.3299999999999,568.7,592.61,637.74,668.16,696.5,697.34,660.77,615.32,570.76
513.8900000000001,471.06,447.53,446.71000000000004,451.18,469.82,548.41,636.5,674.5699999999999,693.0,718.0,716.5999999999999,714.1700000000001,705.85,698.5699999999999,697.99,715.3299999999999,761.6999999999999,775.31,788.98,771.5799999999999,721.55,666.3800000000001,604.53
576.1800000000001,529.75,512.04,496.61,502.9,524.27,607.98,677.6899999999999,713.52,734.52,731.96,722.79,719.4300000000001,708.52,702.01,711.71,733.19,792.76,787.01,800.99,782.32,731.1600000000001,671.47,635.6800000000001
577.4,536.39,511.40999999999997,501.17999999999995,507.51,532.6800000000001,612.39,692.3,729.0600000000001,753.9399999999999,739.6300000000001,731.9100000000001,732.12,704.62,713.65,713.97,730.41,781.4499999999999,793.4399999999999,812.39,799.03,755.8,696.83,635.33
597.27,546.95,516.84,513.98,515.79,544.66,618.38,696.1899999999999,732.71,754.31,749.49,751.6200000000001,751.78,735.6099999999999,720.7900000000001,728.73,770.45,787.38,794.14,818.92,800.46,752.3000000000001,694.61,643.6199999999999
588.41,542.28,516.8900000000001,514.0,508.52,537.31,617.12,691.52,733.55,768.5899999999999,770.19,763.7800000000001,759.28,735.89,723.84,717.14,730.2,765.9,786.3299999999999,805.48,789.8599999999999,740.8299999999999,692.33,635.5
593.52,545.0,516.0699999999999,502.85999999999996,498.31999999999994,505.71999999999997,544.6,595.29,641.51,676.05,700.73,701.4300000000001,700.02,681.26,639.46,639.0799999999999,657.76,696.45,726.3399999999999,747.6800000000001,740.5,698.6700000000001,645.8800000000001,614.3199999999999
564.97,522.1800000000001,492.24,478.94,469.72,474.53999999999996,500.87,527.4499999999999,568.4200000000001,615.63,646.03,671.0799999999999,680.75,664.9000000000001,645.41,637.96,650.16,691.11,720.6800000000001,749.6800000000001,747.1999999999999,720.5699999999999,673.84,616.99
555.75,516.89,489.86,481.01,488.12,515.98,602.65,684.88,739.3,768.6299999999999,774.9300000000001,778.85,780.0899999999999,763.8600000000001,739.7,751.0600000000001,791.27,831.73,855.17,873.1,858.2099999999999,806.62,749.56,679.24
601.01,551.7,529.6600000000001,517.2,521.0,548.84,629.3700000000001,712.49,765.28,803.23,812.7,807.72,809.0799999999999,791.05,789.14,792.72,810.6800000000001,840.9399999999999,848.28,868.5300000000001,844.0400000000001,790.71,730.5600000000001,650.47
604.53,558.6700000000001,534.54,526.54,526.27,556.99,633.89,726.0799999999999,764.0600000000001,788.56,792.3,790.26,772.6400000000001,761.01,772.78,774.86,796.21,838.72,854.6199999999999,875.0999999999999,859.1899999999999,802.5799999999999,747.9,682.53
624.96,575.87,549.61,534.0,539.08,568.6199999999999,653.51,728.9,774.0699999999999,787.6,782.5,777.6899999999999,773.1700000000001,754.72,733.26,749.73,778.89,840.77,835.96,856.23,841.4499999999999,789.87,741.6100000000001,676.78
612.7,571.12,542.9300000000001,534.8299999999999,530.17,561.89,636.62,725.47,764.76,793.78,782.18,780.25,768.3700000000001,749.9599999999999,740.0899999999999,739.92,762.6099999999999,810.26,817.77,835.3599999999999,817.59,768.97,714.71,649.8299999999999
604.16,560.13,537.08,524.1999999999999,516.72,523.77,564.17,611.21,666.23,706.8,722.9200000000001,714.8,708.05,692.26,670.37,665.75,664.26,710.47,739.1600000000001,771.91,750.6199999999999,711.33,665.93,625.06
576.22,532.23,504.55999999999995,489.37999999999994,482.97,489.68999999999994,511.34,540.14,588.1400000000001,632.27,656.75,670.86,664.4000000000001,630.39,591.58,584.73,587.81,624.4300000000001,667.51,708.89,718.3900000000001,683.73,640.5799999999999,588.8000000000001
547.46,509.22,486.86999999999995,474.59000000000003,481.37,513.45,602.6700000000001,685.5500000000001,735.5999999999999,765.5899999999999,765.55,752.87,748.24,735.49,727.5,715.1399999999999,735.32,785.6899999999999,806.66,825.37,807.3199999999999,758.9499999999999,697.67,637.1899999999999
587.95,544.16,518.23,508.8,511.44,540.29,621.29,697.9399999999999,737.9,761.78,749.5500000000001,738.46,730.4300000000001,712.5899999999999,696.71,700.23,720.78,765.9100000000001,793.15,816.45,810.79,759.33,708.74,637.2
595.11,547.1199999999999,522.21,510.5,516.16,539.13,625.6800000000001,704.3900000000001,743.61,762.0300000000001,757.1700000000001,746.34,737.57,719.58,693.75,699.71,723.49,769.3100000000001,806.62,822.5,808.54,758.46,711.05,637.04
594.84,548.36,519.14,512.3800000000001,513.4499999999999,541.57,620.1199999999999,693.86,736.27,753.02,750.58,741.52,736.8399999999999,721.1700000000001,698.6,708.64,729.0799999999999,780.42,794.88,815.56,803.62,748.94,703.94,638.19
593.05,543.01,522.8199999999999,503.67,509.34,539.8799999999999,617.91,695.28,731.5999999999999,751.98,752.1700000000001,730.94,721.26,697.3199999999999,678.48,672.16,701.02,749.49,774.74,799.9599999999999,784.53,739.1800000000001,684.4300000000001,629.63
587.42,537.89,516.54,504.74,501.05000000000007,507.92,550.26,599.76,649.47,674.64,688.1800000000001,692.9200000000001,686.8100000000001,658.44,627.64,627.55,642.69,681.3299999999999,708.9300000000001,734.76,725.67,679.4200000000001,635.3,589.48
558.6800000000001,519.44,484.79,473.48,467.59000000000003,466.74,487.78000000000003,517.09,556.28,597.48,634.27,647.6800000000001,644.9300000000001,625.67,586.9200000000001,568.25,571.91,615.74,643.3599999999999,675.77,681.9300000000001,663.72,610.19,566.8499999999999
549.76,507.98,492.56,474.45,472.37,486.62,558.53,645.8,690.3499999999999,719.12,720.55,709.85,699.59,701.28,701.3499999999999,706.87,701.34,737.51,762.82,798.68,777.14,734.53,680.52,625.73
577.33,529.57,508.45000000000005,495.14,502.72,525.4,602.8,672.23,718.54,744.28,743.09,737.5,737.73,726.75,686.24,695.3199999999999,707.79,743.96,766.61,799.4399999999999,793.01,753.3699999999999,701.11,641.3900000000001
577.23,537.39,507.93,501.67,502.15,530.12,602.3800000000001,679.66,726.0799999999999,755.9300000000001,758.21,757.6,753.2,742.57,740.24,725.0999999999999,734.6,762.41,785.5,807.0899999999999,797.6600000000001,756.1500000000001,701.93,623.24
593.98,534.7,519.94,510.0,509.56,547.53,608.79,677.1800000000001,723.26,751.19,750.4100000000001,731.31,727.0999999999999,719.75,700.07,720.4300000000001,730.06,745.75,776.5899999999999,817.2099999999999,804.34,746.27,682.69,628.0799999999999
589.74,544.6099999999999,528.65,517.79,516.0699999999999,545.6500000000001,618.27,673.29,725.38,741.39,738.2900000000001,724.49,718.3100000000001,706.98,672.55,683.22,694.0,737.8699999999999,769.99,792.96,785.1700000000001,737.99,686.76,624.04
588.3399999999999,539.39,516.57,499.59000000000003,496.68000000000006,510.12,542.3599999999999,588.71,636.96,653.67,655.01,650.21,640.97,628.38,609.88,621.87,641.73,691.9100000000001,732.5699999999999,757.94,748.02,700.46,653.02,588.38
548.7,508.5,485.41999999999996,469.15000000000003,458.65,463.61,484.24999999999994,500.71,537.69,585.5,630.8799999999999,650.4200000000001,659.93,636.25,587.95,577.86,566.63,604.0699999999999,631.83,671.17,679.3,656.05,613.1,571.3199999999999
508.55,465.5,444.63,434.71000000000004,430.02000000000004,441.56,480.13,524.39,590.21,636.6600000000001,684.71,693.52,689.73,670.57,648.02,648.43,648.36,676.38,701.65,741.72,731.47,679.88,631.9200000000001,581.57
538.88,502.14,477.93,468.06,466.33,495.9,569.46,622.85,656.78,672.69,677.64,690.22,696.57,695.93,672.03,663.0,666.63,693.25,723.46,737.44,736.1,686.8399999999999,635.99,585.71
553.0799999999999,510.82000000000005,491.21,477.07,483.66999999999996,505.34,581.09,653.44,703.55,748.52,768.81,776.0600000000001,775.3799999999999,768.95,713.8599999999999,716.47,728.1700000000001,754.98,796.23,805.0699999999999,806.4,754.29,691.71,627.46
583.88,541.41,520.3199999999999,505.15,509.69000000000005,534.26,613.27,678.26,718.8,751.06,755.5799999999999,746.0,751.13,741.55,719.47,702.5899999999999,718.47,758.27,796.4,821.96,809.11,768.6700000000001,718.48,657.56
588.29,543.95,514.03,509.87,508.97,534.4200000000001,610.22,681.46,728.67,761.5,777.4300000000001,788.28,788.47,768.53,731.9,733.02,732.76,769.6199999999999,797.4699999999999,807.4200000000001,790.36,741.93,676.83,634.1600000000001
598.5799999999999,552.79,525.29,505.56,499.55,506.49,549.01,587.8599999999999,640.03,670.11,694.6700000000001,693.28,679.9499999999999,664.34,615.2,626.9,647.9100000000001,673.62,730.82,747.42,729.02,672.8000000000001,627.37,582.22
558.51,517.85,490.63,470.39,464.55999999999995,465.78999999999996,486.19000000000005,503.06,543.58,593.1700000000001,624.71,656.6999999999999,669.9300000000001,642.29,594.56,584.02,575.97,607.4300000000001,645.39,673.12,679.51,636.0,595.75,551.76
535.4300000000001,500.57000000000005,473.00000000000006,464.37,462.26,494.9,569.79,641.39,691.33,727.78,745.0300000000001,748.43,745.42,730.28,705.0699999999999,713.22,706.07,733.86,776.25,792.0899999999999,787.4699999999999,735.69,691.1,626.5
569.79,527.5,502.10999999999996,489.52,493.82,516.95,591.11,654.52,704.23,739.38,743.6999999999999,744.4699999999999,748.28,735.55,709.6,708.04,714.19,740.8199999999999,767.76,799.51,800.8299999999999,753.32,696.76,648.22
588.7,549.27,517.3,506.07,504.14000000000004,533.2,609.67,671.0899999999999,725.66,752.74,762.02,764.28,760.3699999999999,751.27,738.5500000000001,745.78,748.87,754.55,781.9300000000001,814.52,804.97,757.76,704.0999999999999,650.99
596.14,554.9300000000001,522.8,510.37,508.04999999999995,538.87,615.13,680.5400000000001,734.6800000000001,780.24,798.54,802.86,803.01,777.19,749.84,748.76,744.3299999999999,745.77,778.89,801.26,796.5899999999999,753.38,707.03,650.06
595.1700000000001,552.9000000000001,525.77,513.77,516.92,539.95,605.5799999999999,671.0799999999999,720.76,749.4000000000001,749.1800000000001,750.8000000000001,743.9,725.4499999999999,701.15,694.8399999999999,709.47,734.01,772.99,794.6,790.9200000000001,747.91,706.91,645.31
602.4000000000001,557.51,526.4200000000001,513.9399999999999,509.62000000000006,518.8199999999999,548.35,591.0699999999999,635.91,667.02,674.9100000000001,679.51,670.24,645.1700000000001,620.87,608.6,619.98,629.09,691.5799999999999,736.01,741.85,692.6800000000001,645.74,600.58
563.36,523.3299999999999,496.01,481.09,473.59,479.4,493.22,515.84,553.91,580.2,599.51,617.57,609.5,582.33,564.47,554.53,544.29,576.94,641.24,672.1700000000001,691.62,673.49,625.97,570.94
536.3299999999999,498.52,473.38,472.76,469.92999999999995,500.85,575.11,643.3700000000001,686.11,709.69,714.53,715.03,720.5699999999999,715.26,714.14,707.75,698.1700000000001,714.24,771.4,794.05,786.8600000000001,744.24,684.02,634.65
569.04,523.86,498.26,490.65999999999997,493.87,520.7,585.98,651.29,698.05,734.5999999999999,734.9499999999999,737.83,742.0899999999999,741.1,722.21,732.99,728.76,744.49,782.87,800.7099999999999,799.1000000000001,751.0,706.73,636.42
576.31,529.3,506.78,499.37,502.62,525.58,596.62,655.0699999999999,704.82,720.5500000000001,716.6999999999999,714.8599999999999,718.6400000000001,708.5999999999999,688.8299999999999,703.6,710.9,735.5699999999999,779.08,804.03,799.2,755.84,698.8599999999999,639.26
581.63,538.05,508.7,506.63,499.42999999999995,529.22,595.6800000000001,656.9,699.94,731.1899999999999,734.9300000000001,732.38,727.86,712.3899999999999,700.56,696.19,705.0799999999999,725.56,775.52,803.69,793.1499999999999,754.4,697.47,646.07
579.89,536.73,508.65000000000003,501.04999999999995,501.07,533.92,592.11,658.57,711.88,743.4499999999999,750.3800000000001,752.42,749.85,734.48,721.6,728.29,735.1099999999999,748.25,790.49,808.88,802.2,758.7199999999999,708.74,653.1500000000001
592.4000000000001,547.39,518.59,500.35,497.88,503.9,537.5899999999999,576.44,614.37,650.77,666.37,678.12,679.84,670.24,650.36,645.01,653.6,675.65,719.38,744.72,743.4,701.6800000000001,654.29,609.8299999999999
561.43,515.97,488.42,465.21,457.70000000000005,466.09000000000003,478.13,503.13,544.24,588.1400000000001,630.3499999999999,648.15,642.86,615.26,580.0699999999999,571.28,587.9499999999999,604.65,655.8499999999999,683.6400000000001,705.05,676.87,638.73,588.05
526.29,495.49,470.17,461.26,463.49,496.78,570.53,644.93,697.43,735.8,746.5,748.38,729.26,715.35,701.57,701.0699999999999,709.34,719.85,763.47,790.3900000000001,796.5899999999999,748.44,701.59,638.3199999999999
574.83,525.36,501.55000000000007,492.0799999999999,493.86,519.5999999999999,588.13,649.83,695.52,730.9200000000001,743.04,743.11,744.09,711.9599999999999,689.46,691.74,702.91,715.42,765.98,789.56,794.41,751.6,703.66,645.68
576.36,534.4000000000001,505.49,499.64,501.57000000000005,528.3,597.01,657.0899999999999,702.21,734.3,733.9200000000001,728.87,708.27,701.87,698.69,700.59,707.22,729.31,772.11,799.8800000000001,801.22,757.02,706.39,640.09
583.78,532.9,513.81,499.13,508.1,525.8199999999999,600.49,670.27,725.27,773.74,772.23,769.86,755.0699999999999,735.95,715.53,725.8199999999999,729.43,740.17,773.0999999999999,801.86,803.49,761.0699999999999,709.75,649.91
586.12,540.29,513.24,503.5799999999999,504.17999999999995,529.54,596.9000000000001,668.08,715.9200000000001,736.76,738.26,745.1500000000001,737.9399999999999,724.1100000000001,713.03,715.28,725.23,735.44,776.13,798.69,798.3199999999999,753.77,703.52,648.6
582.6999999999999,536.18,510.03,497.12,493.25,497.73,532.03,574.9599999999999,613.4,649.07,663.8,667.21,670.81,653.4200000000001,632.5,631.6,638.7,653.7,698.19,722.96,729.75,691.72,639.4399999999999,600.81
555.99,506.62,481.61,463.83,459.47,458.59,467.49,494.28999999999996,531.88,558.91,598.86,615.1,620.62,591.99,573.8599999999999,556.6800000000001,558.4100000000001,576.74,642.72,678.64,699.77,671.11,632.71,580.99
531.4,485.23,467.79999999999995,454.01,461.27000000000004,489.32000000000005,566.53,642.07,700.5799999999999,729.0600000000001,729.52,732.8199999999999,734.7800000000001,728.1500000000001,723.5600000000001,724.66,725.9000000000001,734.81,767.34,794.9399999999999,801.1,759.8599999999999,702.09,643.91
574.8699999999999,531.0799999999999,504.27,495.31000000000006,495.22,522.89,585.07,652.7199999999999,695.9300000000001,727.55,730.9399999999999,738.98,745.11,726.39,710.9300000000001,721.6899999999999,725.6600000000001,738.13,778.1500000000001,802.1,801.8499999999999,759.99,703.6600000000001,642.91
583.79,535.6899999999999,513.7,503.61,504.17999999999995,531.98,598.5600000000001,665.63,715.6,756.6,765.46,761.3699999999999,751.6999999999999,750.06,736.8800000000001,734.82,742.8299999999999,753.51,792.9100000000001,821.6600000000001,818.6700000000001,776.98,720.07,661.6899999999999
591.38,542.8,521.74,504.95000000000005,505.34000000000003,533.8,601.0899999999999,665.9200000000001,701.26,729.64,723.2,715.4599999999999,716.27,709.09,693.12,699.66,705.62,724.59,764.26,797.19,817.72,760.32,709.68,638.06
586.01,537.45,510.61,501.27,499.87,528.31,589.9399999999999,657.15,703.26,747.7,760.71,745.2900000000001,730.3499999999999,719.4,706.8,706.86,713.08,717.89,742.26,766.08,774.3299999999999,740.24,692.0,630.8
581.73,534.54,508.86,495.56,491.18,498.14,528.3399999999999,576.78,624.11,664.01,667.8800000000001,669.14,673.0,653.05,619.81,610.48,604.21,618.79,658.9200000000001,700.01,711.8,672.47,618.54,574.0699999999999
548.86,509.82,479.47999999999996,460.42,457.52000000000004,459.03,470.83,500.08000000000004,533.86,592.52,629.44,654.92,644.97,621.17,593.64,567.4,564.67,560.3,603.5799999999999,652.8399999999999,676.16,656.24,614.17,575.77
527.1999999999999,489.46999999999997,467.78999999999996,461.84999999999997,459.78,492.87,561.47,636.54,682.11,703.36,696.0,691.49,698.27,701.18,687.67,678.72,683.43,692.04,755.03,786.78,787.2800000000001,746.85,698.86,635.8800000000001
580.95,535.59,511.32,497.44000000000005,506.30999999999995,524.27,587.5,658.42,696.38,718.19,727.54,741.8199999999999,747.57,746.3,705.29,700.11,710.3100000000001,724.1299999999999,779.9200000000001,806.28,807.8599999999999,765.55,718.44,634.77
586.86,538.11,518.6,502.43,506.91,535.47,598.31,667.3,714.9499999999999,744.01,755.56,761.4,753.88,745.08,718.5899999999999,716.1199999999999,728.57,738.15,765.6400000000001,802.28,797.6199999999999,753.07,700.25,646.13
589.28,535.6600000000001,515.1400000000001,504.55,506.90999999999997,534.13,593.1700000000001,654.11,683.95,710.66,698.76,701.1700000000001,687.79,691.45,661.8499999999999,670.17,690.68,704.5,737.89,778.8,782.26,743.4000000000001,688.67,632.64
580.34,535.89,513.9200000000001,507.27000000000004,505.66,536.3299999999999,588.69,641.39,664.27,698.88,714.1600000000001,705.2,704.74,698.48,672.48,675.78,681.93,697.49,735.6,766.07,773.25,735.3100000000001,680.77,627.8
579.02,535.37,511.24,499.91999999999996,495.76,503.85,524.37,575.8299999999999,613.54,626.78,636.3100000000001,634.9300000000001,643.53,620.65,565.46,573.21,581.69,595.26,647.49,691.19,702.29,664.15,612.34,564.09
534.5999999999999,503.51,472.71,461.17999999999995,451.86,455.75000000000006,467.09999999999997,496.46,537.04,561.5,567.41,569.6,579.24,557.34,520.0,516.25,521.89,538.86,590.48,634.3199999999999,684.61,633.84,603.3299999999999,557.61
521.28,488.09000000000003,465.92,458.53,456.40000000000003,481.9,549.6,614.78,664.8299999999999,682.4,698.29,708.7,689.1899999999999,686.35,683.25,683.5400000000001,708.6800000000001,696.46,721.47,755.35,755.51,710.87,664.52,631.04
561.75,520.01,499.9,489.22,488.20000000000005,515.79,572.52,627.3199999999999,654.22,687.91,699.56,706.86,697.53,693.0899999999999,701.8199999999999,701.99,681.17,684.0799999999999,724.52,754.8500000000001,756.86,710.04,659.52,611.51
561.96,525.11,500.09000000000003,487.14,490.28000000000003,519.5699999999999,575.25,639.0600000000001,684.93,722.01,740.4499999999999,747.97,750.4,742.1300000000001,707.06,707.4100000000001,711.49,698.9200000000001,721.0799999999999,758.8,758.1600000000001,711.49,667.6500000000001,632.5
567.37,530.32,504.45,499.46000000000004,497.6,528.8000000000001,575.8399999999999,629.28,679.85,700.31,708.62,708.55,712.73,699.28,690.44,685.44,685.24,690.8,708.99,743.5,753.39,712.97,668.26,607.9399999999999
566.49,522.45,504.09000000000003,488.84999999999997,489.96000000000004,511.52,555.0699999999999,604.09,633.87,650.64,656.27,663.04,660.47,653.4,644.73,631.05,639.1500000000001,647.77,677.6100000000001,719.2,718.54,686.4,636.6700000000001,585.6999999999999
543.8,498.86,477.87,463.26,463.4,463.47999999999996,486.56,522.03,565.23,598.21,599.73,606.78,615.18,614.21,597.71,597.0699999999999,597.73,599.38,631.0,686.49,692.11,634.28,590.9000000000001,542.47
505.72,471.34000000000003,437.72,434.26,430.79999999999995,427.34,440.68999999999994,465.24,493.2,518.87,532.15,528.83,493.16999999999996,440.80999999999995,427.72999999999996,431.54999999999995,446.39000000000004,456.46999999999997,513.79,559.05,581.15,554.09,523.6,489.86
454.81,418.71000000000004,416.35,413.94,418.84,433.82,457.61,498.54,536.82,562.5500000000001,571.81,566.09,548.8199999999999,521.64,516.44,510.78,531.04,550.86,594.33,661.5600000000001,651.94,615.35,565.9200000000001,514.15
479.59999999999997,453.27000000000004,443.67,443.03999999999996,470.84,545.22,590.07,634.3800000000001,676.23,688.5899999999999,687.77,676.97,675.59,650.89,638.8299999999999,641.81,644.46,658.2,695.4300000000001,728.94,705.7099999999999,663.13,598.13,558.1
515.6400000000001,492.06999999999994,482.40999999999997,481.31000000000006,501.72,565.66,619.37,661.22,682.74,689.6600000000001,687.74,686.5,678.5600000000001,643.0500000000001,638.98,636.38,638.57,658.0699999999999,710.91,762.9200000000001,720.34,676.8900000000001,606.5699999999999,563.26
517.72,494.25,485.04,485.04,506.19,570.77,621.96,658.05,679.25,674.4,669.8,668.38,651.04,636.89,643.23,647.0,652.81,676.89,711.1100000000001,739.28,719.02,673.53,608.7,552.9200000000001
512.28,489.65999999999997,479.51,478.37,502.07,564.04,623.47,657.3499999999999,679.22,673.72,672.68,669.05,653.6700000000001,616.08,648.5500000000001,661.01,656.1700000000001,669.35,700.78,734.55,723.48,664.88,613.72,558.78
521.8000000000001,492.29,483.91999999999996,478.1,482.98,522.21,554.1400000000001,595.39,622.35,629.79,624.6600000000001,620.48,596.76,596.92,594.78,586.76,591.74,616.77,653.65,682.06,668.95,626.81,581.8299999999999,525.82
488.34,465.82000000000005,452.08,440.82,450.98,456.53,486.98,511.64,540.25,557.34,565.72,559.54,533.79,520.56,523.29,520.6800000000001,523.69,541.65,600.02,649.83,648.12,614.98,564.69,508.76
476.4,454.33,444.37,449.32,470.57000000000005,544.12,594.08,641.1600000000001,663.79,669.15,676.8199999999999,675.37,657.56,614.21,622.25,631.51,643.38,653.36,691.43,742.51,722.58,663.9200000000001,601.5,551.48
505.05999999999995,479.86,470.57,472.90999999999997,489.46000000000004,556.97,610.27,654.53,670.91,668.9200000000001,677.44,670.19,645.63,635.98,644.24,620.52,641.35,653.32,693.75,742.93,716.3,674.9,616.9,554.2
510.42999999999995,484.54,474.49,477.88,500.98,558.29,615.3399999999999,654.85,671.14,656.93,671.0300000000001,661.51,650.46,640.6,663.88,652.49,634.9300000000001,663.9000000000001,707.98,741.4499999999999,722.87,671.73,638.34,546.76
505.69,483.89000000000004,477.74,474.0,497.78000000000003,562.46,618.72,653.81,679.8,691.76,699.8399999999999,690.64,674.5999999999999,641.22,652.69,664.76,661.37,667.78,694.34,723.95,713.09,673.53,616.3499999999999,556.54
519.8,495.55,484.62,480.97,506.85,563.67,615.81,658.01,683.39,692.65,696.53,694.3399999999999,676.1300000000001,658.86,655.7199999999999,656.86,648.3299999999999,658.4,690.45,711.39,695.63,663.63,607.76,559.5799999999999
514.33,490.28,479.04,472.7,479.19,504.47,543.6600000000001,588.8599999999999,613.34,628.1800000000001,638.0799999999999,645.65,627.77,637.1500000000001,606.55,580.37,572.2,603.06,644.47,671.5,654.1700000000001,616.88,567.9200000000001,524.5899999999999
483.5,456.98,446.79999999999995,440.03999999999996,442.98,454.03999999999996,479.62000000000006,523.25,561.72,581.1800000000001,594.81,582.4300000000001,557.35,531.44,518.19,505.59,509.91,541.59,589.91,653.04,644.62,607.06,562.88,512.09
475.71000000000004,457.46,443.64,447.77000000000004,471.48,540.38,600.24,640.65,659.89,656.77,661.91,662.02,641.9,619.13,639.7,626.4300000000001,649.25,662.25,698.3,747.31,725.51,684.32,609.37,559.9300000000001
506.99,492.28999999999996,483.68,480.57000000000005,501.28000000000003,562.4200000000001,617.03,647.6199999999999,670.29,662.4,671.64,666.8199999999999,647.96,632.8299999999999,638.71,643.4,656.39,668.45,702.65,751.9100000000001,731.3399999999999,684.25,616.11,551.5699999999999
508.82000000000005,489.83000000000004,478.09,478.38,501.22999999999996,559.79,610.79,644.38,666.4000000000001,664.21,670.54,670.61,656.09,647.44,655.93,660.89,662.6300000000001,678.48,711.72,754.18,727.74,683.75,633.02,564.8
525.13,495.17999999999995,489.14000000000004,483.33,504.68,560.1600000000001,621.38,668.16,701.0,710.26,718.61,703.71,674.53,665.97,666.6,660.21,662.21,666.09,699.4,737.09,707.3,660.78,607.76,557.55
514.74,489.14,483.33,485.39,508.71000000000004,567.02,619.76,657.89,673.21,670.14,675.59,672.48,660.38,625.81,631.94,633.7,643.0699999999999,654.74,690.78,726.6700000000001,704.75,661.74,607.1800000000001,559.09
509.89,491.02,476.27000000000004,474.73,481.49,504.42999999999995,539.41,579.4000000000001,604.4200000000001,600.85,605.55,592.9300000000001,580.5,557.98,560.53,545.75,568.74,582.89,612.25,666.6500000000001,645.66,612.01,566.48,518.0899999999999
479.9,455.83000000000004,441.78000000000003,437.24,445.37,447.0,474.51,512.6800000000001,539.01,550.86,563.01,560.24,533.6099999999999,504.0,494.28,485.09000000000003,496.52000000000004,528.45,569.1999999999999,628.44,621.78,607.73,559.2,497.84999999999997
474.07,453.25,444.74,450.14,466.45000000000005,531.9,581.42,625.19,657.91,660.0899999999999,674.0,681.35,657.53,654.11,664.51,655.28,637.42,654.9000000000001,697.0699999999999,737.87,706.89,669.77,610.6099999999999,543.87
503.87999999999994,481.44,476.13,474.41999999999996,501.36,551.48,609.74,649.6700000000001,677.53,687.26,696.63,696.74,670.55,647.91,648.3499999999999,657.02,652.84,660.3199999999999,690.3299999999999,738.2,702.17,668.47,598.77,551.0899999999999
510.1,487.28,477.69,482.04,504.79999999999995,559.39,614.4,649.52,662.51,655.12,658.05,661.71,648.6700000000001,637.26,638.12,637.47,631.45,654.15,681.53,726.01,710.84,666.99,607.75,553.4000000000001
509.97,488.96000000000004,479.74,481.97999999999996,503.47,559.21,611.31,644.86,662.2900000000001,663.15,660.98,664.1199999999999,644.91,638.4,625.0699999999999,635.19,644.8399999999999,664.44,683.39,730.1499999999999,703.86,669.62,609.44,554.8299999999999
514.4399999999999,494.65,483.33,483.68,513.48,560.48,612.55,649.37,666.65,659.22,660.73,655.38,643.06,623.1999999999999,632.46,641.78,640.78,652.71,679.28,712.5,688.05,654.0899999999999,608.18,550.61
502.76,480.36,477.12,468.45000000000005,473.23,492.89,535.12,572.95,590.0699999999999,600.29,608.16,612.6999999999999,612.03,564.3499999999999,568.09,564.9100000000001,565.41,576.99,596.05,637.23,628.32,594.47,554.87,511.92999999999995
478.38,446.41999999999996,426.65999999999997,421.78999999999996,442.52,443.24,471.15000000000003,511.45,544.86,567.0500000000001,567.77,572.14,560.53,543.03,526.52,516.27,518.8,541.69,567.96,613.99,611.11,587.03,545.96,499.53
466.7,448.34999999999997,439.09999999999997,439.85,459.22,495.66999999999996,527.7,557.3600000000001,560.69,560.24,574.49,583.5899999999999,573.8,587.71,570.16,562.61,561.1700000000001,576.98,597.75,642.29,639.03,611.14,564.0799999999999,507.49
475.21,453.05,448.09000000000003,448.48,475.61,522.22,580.27,621.22,642.67,641.99,650.38,653.36,639.5,625.0699999999999,635.23,648.3,649.1600000000001,648.48,672.91,709.68,688.86,649.19,600.0799999999999,534.5799999999999
498.12,477.69999999999993,467.64,465.02000000000004,470.4200000000001,486.56,535.24,592.08,632.03,640.5999999999999,642.7,652.04,625.41,618.29,623.71,630.13,637.51,641.98,656.01,684.02,664.6800000000001,628.5699999999999,584.1300000000001,515.47
488.94,464.1,462.96,458.93,478.59000000000003,526.05,578.6899999999999,621.34,652.8,662.22,668.74,660.55,639.0899999999999,657.92,669.71,654.67,658.49,657.4300000000001,674.2,700.53,680.8499999999999,654.08,598.95,536.78
493.71,474.36,464.04999999999995,464.78,483.55,519.86,571.52,613.73,642.1,632.3,631.82,626.1800000000001,604.41,608.21,619.91,618.5799999999999,615.0,616.3100000000001,639.4300000000001,673.97,657.77,634.61,581.82,525.26
484.88,459.09000000000003,448.64000000000004,444.44,453.65999999999997,464.09000000000003,497.79,539.11,550.59,555.13,544.59,543.53,528.88,506.61999999999995,500.53999999999996,506.59,517.5,534.94,562.11,599.0899999999999,582.19,558.2,516.75,473.93999999999994
439.48,413.73,402.03999999999996,397.6,398.08000000000004,396.57,414.27,454.63,492.01,514.56,535.44,531.15,504.56000000000006,489.64,461.92999999999995,446.99,459.45000000000005,482.11,510.15999999999997,549.48,554.38,538.19,495.59,450.67
420.03999999999996,401.53,394.89,395.08,406.2,436.84000000000003,488.66,539.05,576.1099999999999,597.69,611.11,617.21,595.72,588.28,586.9200000000001,590.4100000000001,588.08,600.44,616.75,657.3499999999999,641.4300000000001,619.04,562.3,517.72
479.86,460.96000000000004,447.16,453.55,480.20000000000005,544.23,602.9100000000001,645.97,670.97,659.55,679.62,687.82,668.92,659.1800000000001,641.78,646.0799999999999,627.43,655.39,670.47,710.98,692.85,664.07,604.78,542.4200000000001
506.75,486.97,470.42999999999995,475.57000000000005,494.07,544.83,598.99,638.0699999999999,656.7,657.19,668.0,667.6199999999999,651.4100000000001,651.73,661.37,649.81,652.48,657.79,684.92,721.6,704.0699999999999,664.35,608.8,543.13
505.3,482.44,472.71,465.33,495.66,548.36,611.29,651.75,669.5699999999999,661.65,660.99,660.48,641.6099999999999,610.64,617.6400000000001,631.08,640.4,646.65,673.2,716.45,696.4499999999999,659.22,604.99,540.9300000000001
498.94,476.08,465.86,471.35999999999996,483.92999999999995,545.3499999999999,599.24,635.1700000000001,656.63,651.12,663.11,662.1700000000001,646.09,617.4300000000001,620.1,631.71,631.81,644.91,665.21,696.95,678.13,648.94,595.94,534.8399999999999
498.54999999999995,475.72,461.94000000000005,460.66,463.46000000000004,486.57000000000005,522.81,553.47,571.06,578.86,584.5,590.61,586.24,581.35,582.68,586.85,589.61,599.1700000000001,628.75,663.0699999999999,643.8,611.9399999999999,566.46,507.20000000000005
468.22,444.1,430.78999999999996,425.56999999999994,424.37000000000006,436.27,457.9,500.64,522.87,532.1700000000001,535.64,534.0799999999999,526.11,509.28,504.26,502.48999999999995,498.64,511.53,549.02,597.21,601.02,578.81,542.78,484.77
458.26,432.40999999999997,428.91,431.88,455.09000000000003,510.14,571.7,618.12,636.9,640.26,647.07,648.62,634.6800000000001,635.5799999999999,634.69,646.2,647.11,656.23,663.62,707.6400000000001,692.56,656.09,604.6500000000001,539.3800000000001
503.67999999999995,477.71000000000004,467.88,467.34,488.14,536.26,596.22,639.91,665.8800000000001,673.01,687.35,689.2,677.33,663.29,664.99,677.1299999999999,682.6,677.27,700.1400000000001,720.73,706.6999999999999,669.41,615.8199999999999,544.72
506.24,485.83000000000004,472.25,477.30999999999995,494.63000000000005,546.38,600.66,645.89,664.6700000000001,668.49,691.8,693.3299999999999,678.61,668.33,677.16,694.5799999999999,699.54,699.46,710.87,733.03,709.1700000000001,666.64,614.77,557.5
517.76,494.92999999999995,487.57,489.85,507.17,558.7,609.45,660.38,689.1600000000001,697.73,693.27,708.8199999999999,689.96,687.6700000000001,682.21,674.1600000000001,668.64,666.8199999999999,685.22,710.83,693.32,658.9300000000001,606.31,545.1500000000001
508.31,485.19,478.26,473.77,498.77,545.66,598.32,641.48,662.73,671.91,681.79,677.33,654.2,640.46,633.9,654.81,657.61,659.49,675.8000000000001,696.9,682.3299999999999,651.12,608.6,547.9200000000001
511.09999999999997,485.76,472.29,469.96999999999997,471.76000000000005,494.75,540.25,579.61,599.5,606.42,606.07,615.3299999999999,585.2,574.01,561.71,569.03,589.73,599.5,615.56,645.1800000000001,631.58,606.09,561.56,518.52
483.39000000000004,451.21,439.72,436.87,430.82,431.33,458.28,493.20000000000005,531.46,558.27,563.6700000000001,562.01,546.15,534.77,522.52,516.0,513.51,543.4100000000001,578.88,619.98,624.75,606.03,563.94,485.71999999999997
461.26,438.44999999999993,432.29999999999995,433.35,456.54999999999995,514.52,571.55,613.37,630.1,626.2,629.1999999999999,631.56,624.5699999999999,619.1800000000001,612.67,620.66,624.1800000000001,638.3299999999999,654.64,689.98,679.2,647.94,596.41,532.46
496.14,473.46999999999997,464.25,470.72,486.65000000000003,539.99,596.71,632.49,647.13,643.89,663.23,665.77,636.1800000000001,636.83,634.53,658.23,658.6600000000001,659.67,679.3199999999999,703.72,693.0,668.24,605.71,552.28
514.97,492.09000000000003,479.35999999999996,483.29,504.94999999999993,549.03,600.6800000000001,635.16,662.03,660.5799999999999,666.66,666.36,660.16,650.41,646.55,656.65,659.89,661.45,690.62,712.18,703.2,678.38,627.87,560.47
525.75,488.96000000000004,482.97,479.95000000000005,497.37,552.37,594.7,631.79,664.22,673.69,693.2,685.17,667.96,696.98,681.88,663.62,662.39,663.97,679.75,693.29,683.97,663.7,616.0899999999999,548.08
506.47999999999996,488.68,487.91,490.92999999999995,522.4000000000001,575.54,618.01,645.5799999999999,660.15,675.5899999999999,671.9300000000001,671.6,652.8899999999999,644.52,667.11,673.5799999999999,671.68,681.44,695.54,715.9000000000001,710.33,682.11,626.11,557.56
529.72,501.03000000000003,483.49,461.66999999999996,466.09000000000003,478.2,529.99,576.0799999999999,596.9100000000001,603.29,603.9599999999999,609.4,593.18,572.36,562.6800000000001,561.35,576.16,591.55,595.54,622.91,634.76,611.19,566.36,509.21999999999997
481.16,455.21000000000004,436.0,428.47999999999996,423.45,427.25,461.06,489.02,514.8700000000001,525.76,539.19,545.6,525.52,477.44,464.02,476.63000000000005,504.22,541.6,562.04,591.18,603.68,591.19,555.5,519.86
478.94,463.28000000000003,458.14,453.41999999999996,462.63,522.44,576.93,627.3499999999999,639.37,637.79,643.73,653.3,645.5899999999999,639.0600000000001,640.5799999999999,646.76,660.64,672.76,671.3199999999999,688.64,684.16,649.37,599.3199999999999,528.29
496.05999999999995,478.22,473.79,466.77,488.01,542.99,604.58,648.8199999999999,684.31,681.6800000000001,689.26,692.9300000000001,676.1700000000001,672.45,675.16,654.99,668.74,672.3299999999999,672.6099999999999,686.6,677.87,660.85,611.69,548.8
515.5,491.8,484.02,484.08000000000004,498.87999999999994,532.2,596.71,643.23,659.22,669.73,682.1199999999999,688.19,670.9300000000001,660.5799999999999,656.9300000000001,662.76,658.12,658.38,669.63,686.37,680.26,664.1700000000001,626.42,551.8599999999999
509.42,485.85,475.37,476.61999999999995,487.24,526.95,567.48,595.4,604.87,602.68,617.58,622.7900000000001,614.71,603.3799999999999,595.53,606.03,614.01,621.95,636.6600000000001,661.11,661.0899999999999,634.61,590.64,526.44
497.17,473.88000000000005,464.48,468.17999999999995,481.21,524.78,583.98,618.91,644.1099999999999,645.01,653.0799999999999,656.9300000000001,639.49,625.2,632.03,637.0899999999999,638.89,643.61,659.53,678.98,673.62,648.91,597.87,544.03
523.07,482.8299999999999,478.54999999999995,470.83,465.64,499.74,537.85,563.5799999999999,588.95,596.79,604.44,595.65,584.97,564.32,563.13,574.73,578.15,586.85,601.87,627.75,623.0,598.94,560.3399999999999,520.03
484.28999999999996,456.10999999999996,442.11999999999995,438.87,433.30999999999995,436.93,457.90000000000003,498.1,530.27,535.52,550.45,555.49,533.74,514.83,507.87,512.5600000000001,521.45,537.95,555.3199999999999,590.79,598.86,585.1,546.86,501.15
466.13,451.98,445.04,442.45,454.19000000000005,514.82,570.86,624.34,650.74,657.02,662.04,666.62,650.26,632.53,636.47,640.84,647.02,647.1800000000001,658.14,679.25,672.14,643.31,591.21,537.63
498.04,477.88,471.37,474.77,483.77,535.5999999999999,600.34,645.45,671.02,669.5699999999999,684.8199999999999,686.77,670.38,656.4,647.03,651.99,671.8000000000001,670.36,674.48,699.9399999999999,690.36,654.31,605.85,546.4100000000001
507.51,487.65,483.75,481.44,497.61999999999995,548.9300000000001,594.48,641.1999999999999,668.52,678.6,686.9100000000001,694.72,668.77,658.75,659.3,660.06,657.27,662.6700000000001,673.3800000000001,691.3,681.28,657.9200000000001,605.13,548.4499999999999
508.29,490.73,479.16999999999996,480.02000000000004,484.1,523.74,568.84,613.8299999999999,641.73,645.0,652.74,655.28,641.33,606.6600000000001,606.36,609.79,624.52,624.03,640.34,660.21,668.56,640.5899999999999,594.43,543.22
504.03,482.48,474.57000000000005,475.71000000000004,481.89,533.38,585.85,631.73,654.22,651.95,659.95,662.87,645.76,630.34,630.49,631.23,646.47,651.79,661.85,678.77,675.95,647.12,597.15,545.24
505.53,479.53,467.1,461.84,463.03000000000003,484.90999999999997,526.12,567.79,588.0899999999999,590.96,595.19,594.37,586.23,562.1800000000001,545.18,552.88,572.28,584.8,594.06,610.01,612.78,589.88,544.29,506.35
473.32000000000005,449.52000000000004,437.15999999999997,431.92999999999995,426.71000000000004,429.42999999999995,448.32,486.09999999999997,513.46,535.5600000000001,551.37,562.54,533.97,527.76,507.53,500.15000000000003,508.81,524.25,541.73,576.39,587.73,574.5,537.44,491.95000000000005
461.78,444.25,433.28,437.32000000000005,448.36,507.4,575.46,623.03,649.02,662.87,700.14,681.3700000000001,655.52,630.28,635.9000000000001,643.8599999999999,656.08,658.54,671.86,684.1500000000001,681.1400000000001,657.97,604.21,546.8900000000001
513.59,486.73,476.63,480.54999999999995,484.44,537.98,593.97,638.81,661.89,661.64,668.1600000000001,670.91,657.1,649.06,654.76,659.98,676.41,682.58,691.54,699.25,694.84,656.9,615.85,552.63
518.3900000000001,493.40000000000003,485.75,483.90999999999997,498.48,541.24,600.61,651.1800000000001,674.39,680.31,687.73,691.73,676.38,665.96,677.75,688.49,697.44,699.97,702.22,709.33,692.5,660.79,614.75,560.73
523.52,498.92,492.09,488.64,500.5,554.07,612.23,662.98,691.47,693.67,702.95,720.58,709.86,693.0699999999999,697.88,702.55,702.5,701.61,697.31,705.1,684.97,654.01,606.73,556.28
520.58,498.58000000000004,490.74,487.1,500.48,539.8700000000001,581.55,626.8599999999999,641.4200000000001,633.24,651.44,646.79,639.0999999999999,617.6500000000001,611.1800000000001,606.22,616.1600000000001,626.11,638.13,652.79,649.75,627.0799999999999,589.96,534.83
504.09000000000003,478.46000000000004,468.31,469.26,458.23,481.19,512.8299999999999,551.1600000000001,578.8199999999999,593.57,600.2900000000001,606.4,588.3399999999999,573.76,569.64,577.99,582.7,600.35,606.57,623.19,611.67,591.65,551.14,512.6
477.72,454.53,448.21999999999997,437.43,424.29999999999995,435.36,456.76000000000005,504.22,530.64,560.71,576.65,566.23,534.2,515.46,497.44,511.79999999999995,516.72,537.22,564.7,594.31,603.9100000000001,588.7,551.75,503.0
477.32,461.79,444.29,450.81000000000006,464.83,515.6800000000001,566.94,625.02,639.03,654.21,661.64,663.9300000000001,650.1899999999999,643.82,646.34,660.4300000000001,663.84,667.5600000000001,673.26,684.53,674.28,650.3499999999999,603.38,550.79
510.19000000000005,492.17,481.18999999999994,486.23,487.87,536.88,590.1,631.14,661.22,672.92,688.47,695.29,682.9100000000001,664.16,669.43,677.32,691.13,686.09,696.32,697.49,684.2,651.71,605.86,545.99
511.95,491.3,477.32000000000005,477.84000000000003,489.74,538.86,597.73,652.46,683.4,689.9499999999999,694.41,697.3800000000001,669.3399999999999,656.95,658.56,668.44,676.54,686.79,686.19,702.39,688.73,666.28,613.53,571.47
522.0999999999999,500.58,491.68,492.89,500.33,546.5,599.2,649.75,679.74,693.39,710.51,716.55,708.22,683.5,691.55,695.73,698.3,700.1700000000001,708.89,716.78,707.72,679.0600000000001,636.5600000000001,576.84
542.96,522.5899999999999,509.37,504.29,517.48,559.87,607.5,655.26,687.29,694.3199999999999,698.62,705.81,684.45,673.9,675.95,675.52,680.43,681.21,683.94,689.2,680.9300000000001,659.3100000000001,613.23,562.06
522.35,497.23,490.7,485.30999999999995,481.22,496.03999999999996,529.53,573.89,597.13,602.0899999999999,607.57,606.03,592.72,575.44,571.8,583.13,591.37,603.98,611.14,630.01,619.0699999999999,602.1600000000001,570.0799999999999,524.65
490.5,472.06,457.92999999999995,448.65,438.35,439.26,458.22,492.90999999999997,540.33,555.8399999999999,582.41,574.47,555.23,552.97,525.56,527.02,531.48,548.9,567.1300000000001,591.5999999999999,591.9599999999999,573.33,540.12,506.02
472.66,458.87,450.89,454.19,469.88,517.23,572.5899999999999,620.51,662.15,664.58,674.22,688.11,673.69,659.2,668.4300000000001,676.3699999999999,681.74,684.6700000000001,680.87,695.51,682.55,661.49,609.99,556.23
517.92,495.65999999999997,488.45000000000005,485.52,498.07,541.78,588.2,635.5,667.51,675.89,680.25,680.55,677.4300000000001,662.68,673.04,672.45,680.04,690.27,695.75,706.21,699.24,674.53,629.18,610.96
590.45,568.3499999999999,555.64,557.1,561.95,592.47,640.47,681.9100000000001,720.04,692.96,709.04,714.1299999999999,703.26,684.48,703.21,701.3199999999999,703.1099999999999,699.96,699.53,711.27,701.09,677.66,629.6700000000001,577.22
538.95,515.97,506.8,498.92,515.6800000000001,552.78,598.87,653.26,687.89,694.53,726.81,730.45,712.37,708.16,710.28,702.85,695.0899999999999,695.61,700.81,709.52,696.19,676.09,630.45,578.09
543.43,518.25,511.90999999999997,509.51,523.73,558.45,609.14,657.55,685.74,691.8799999999999,720.78,726.67,697.9,677.69,679.1,695.23,688.7,693.0,688.23,691.95,681.65,663.74,626.1099999999999,573.63
531.3,516.38,499.13,494.53999999999996,482.6,495.14000000000004,530.8199999999999,566.6500000000001,605.33,613.81,622.8000000000001,625.88,628.35,593.33,589.06,597.49,604.05,609.73,622.38,630.78,630.05,616.91,580.4300000000001,539.48
509.8,484.33000000000004,471.55999999999995,457.35,455.73,456.63,482.5,521.8100000000001,543.81,567.51,579.03,586.65,572.46,546.24,534.97,527.53,539.01,567.34,584.05,605.59,627.46,622.32,583.46,535.25
499.33000000000004,478.33,469.12,466.42999999999995,483.29999999999995,531.11,591.11,650.6299999999999,684.76,702.8,738.14,767.01,709.4000000000001,691.54,697.38,706.87,714.85,717.04,705.59,709.91,702.6800000000001,683.77,638.18,575.9300000000001
537.49,512.0999999999999,503.26,504.83,508.73,554.35,608.5899999999999,656.4200000000001,688.82,701.99,692.86,698.8199999999999,690.63,679.1,682.5899999999999,684.86,681.89,689.0,690.45,690.78,686.31,666.41,621.74,592.65
549.07,527.97,513.35,512.71,515.74,566.88,612.3199999999999,657.69,688.52,697.77,714.08,723.23,712.84,698.18,697.75,710.21,714.3900000000001,723.84,716.28,725.15,720.48,700.09,657.98,573.89
533.96,527.44,520.44,517.59,528.23,569.9300000000001,611.0,657.73,696.78,694.11,715.22,723.6600000000001,712.37,691.53,699.91,719.74,728.63,731.45,729.16,732.46,720.6600000000001,694.29,654.2,601.8599999999999
563.9300000000001,529.51,521.45,520.33,529.36,569.62,623.01,666.31,702.34,714.62,721.49,740.3100000000001,712.79,707.06,709.16,719.88,720.47,727.44,722.62,720.96,714.62,695.5999999999999,647.47,597.47
556.6999999999999,529.63,518.9499999999999,513.7,503.82,522.4100000000001,554.7,591.8199999999999,629.38,632.5,642.91,650.44,628.41,611.64,620.55,621.28,628.76,643.43,655.22,657.1600000000001,655.22,633.38,600.1600000000001,564.11
531.94,504.29,490.7,474.91,466.82,470.6,494.78,525.29,566.5699999999999,586.47,606.39,605.3100000000001,588.99,563.65,552.5899999999999,548.42,557.47,579.95,599.13,620.99,637.49,627.2,592.95,547.11
512.27,489.15,477.15000000000003,476.37,488.03,533.69,598.1199999999999,649.6800000000001,685.21,699.39,714.01,730.29,722.59,698.81,704.79,717.9000000000001,724.81,730.17,730.02,733.54,733.22,706.0999999999999,661.16,604.53
561.83,536.63,528.6700000000001,525.15,532.1800000000001,578.2,634.87,675.31,710.06,723.67,731.72,755.47,737.37,727.03,729.79,734.15,746.17,748.73,743.62,751.22,740.8399999999999,717.17,671.44,612.8000000000001
570.1600000000001,544.01,533.39,533.3599999999999,537.4300000000001,585.5699999999999,636.63,690.01,728.31,738.09,746.5600000000001,761.3900000000001,746.55,732.31,730.11,745.26,744.8299999999999,748.46,740.3199999999999,740.6399999999999,734.38,717.83,674.53,618.27
579.24,554.13,541.46,537.63,544.8399999999999,580.4200000000001,638.21,685.01,721.96,726.56,733.9200000000001,749.93,732.8399999999999,720.49,726.1700000000001,731.31,737.3599999999999,743.19,740.47,745.98,740.3699999999999,723.81,679.46,615.0
572.16,545.88,533.5699999999999,532.66,537.48,577.05,632.8100000000001,683.26,723.45,733.1800000000001,750.03,770.23,747.95,733.91,727.8699999999999,738.23,742.68,742.8599999999999,739.24,743.05,732.04,716.51,672.94,619.32
578.88,552.4200000000001,537.52,529.31,518.99,533.0899999999999,573.1600000000001,620.56,652.62,660.51,670.74,676.01,666.61,649.1600000000001,644.06,648.7,659.71,671.29,674.78,679.2,673.8,658.3,628.87,579.25
549.13,519.5899999999999,504.65000000000003,495.28,487.89000000000004,479.67999999999995,510.16,544.17,563.77,585.9000000000001,602.61,603.46,594.62,575.5799999999999,564.84,578.08,590.7,607.77,627.04,652.91,668.62,660.97,623.12,578.39
547.8,522.65,507.76,503.38000000000005,514.39,556.32,617.9,675.1500000000001,714.78,731.66,749.6500000000001,770.47,760.17,746.33,755.0799999999999,761.6600000000001,765.02,758.09,763.8900000000001,762.87,763.45,736.6500000000001,694.15,630.01
588.02,560.61,548.0,544.24,549.8399999999999,594.71,640.79,698.78,740.55,756.0,767.52,785.8599999999999,769.71,762.83,767.98,774.53,783.01,779.0,772.29,776.2,769.11,746.13,699.75,637.8199999999999
594.6,569.6700000000001,558.26,544.9,553.15,594.95,647.88,701.6700000000001,739.02,755.95,770.1600000000001,789.82,775.8399999999999,774.77,772.25,776.0,782.8900000000001,774.5899999999999,777.29,774.81,768.28,741.5799999999999,694.35,632.27
596.3499999999999,574.5,558.12,553.2,564.3,596.27,642.09,694.5,732.6500000000001,741.9499999999999,752.8,773.69,760.1400000000001,752.6500000000001,749.28,757.69,758.77,754.66,749.03,744.4200000000001,737.96,718.6300000000001,672.53,621.47
581.61,557.41,540.25,537.28,544.25,581.44,619.64,669.69,705.18,707.46,709.19,737.88,713.47,694.9100000000001,691.46,702.8399999999999,707.89,705.73,703.87,710.46,706.8,678.45,647.84,584.89
547.12,522.09,513.34,502.0,506.11999999999995,518.0,546.9200000000001,591.08,618.14,636.3399999999999,650.53,647.86,634.6600000000001,609.72,602.5,603.92,621.48,618.75,643.0799999999999,653.38,651.3,626.65,590.14,556.49
523.17,496.17,483.86,472.37,465.65000000000003,462.89000000000004,487.79,524.3,556.66,575.83,594.78,593.44,564.72,539.97,532.87,535.6300000000001,542.5600000000001,566.1700000000001,592.26,611.27,634.8599999999999,629.73,589.6600000000001,542.5799999999999
508.47,488.72,480.56,478.78,491.74,538.4300000000001,599.4000000000001,645.61,678.89,690.79,700.6800000000001,718.86,710.1800000000001,698.6200000000001,704.76,712.95,721.37,716.53,721.25,730.32,721.86,701.2,651.5600000000001,600.2
557.3499999999999,535.16,526.88,519.39,529.46,572.03,618.11,670.77,705.24,717.5999999999999,723.9,741.6300000000001,717.3299999999999,708.51,718.02,727.01,733.57,734.46,737.6099999999999,738.65,737.4300000000001,715.21,676.8199999999999,611.15
570.55,545.64,531.41,528.56,543.29,581.38,636.85,683.21,719.45,732.94,743.1500000000001,757.6999999999999,734.96,725.14,727.23,742.81,748.5999999999999,742.95,741.0,745.15,744.37,722.9000000000001,699.5,615.52
574.16,553.01,533.12,539.79,536.86,583.34,636.5,685.16,724.47,735.7,744.73,762.8199999999999,747.0899999999999,733.6600000000001,739.4000000000001,746.72,757.95,752.25,756.8199999999999,756.03,749.44,722.21,681.05,624.45
588.8599999999999,556.45,546.51,540.75,553.46,587.75,639.8599999999999,694.98,735.96,747.29,756.8800000000001,773.64,751.77,728.6,751.1500000000001,762.26,766.1899999999999,765.0899999999999,759.8699999999999,764.9200000000001,754.76,722.49,696.4200000000001,613.51
569.96,546.0699999999999,535.6600000000001,527.31,522.8399999999999,534.55,569.28,612.24,644.86,658.14,659.5,670.18,662.12,645.31,645.65,644.3599999999999,651.65,676.6,680.1400000000001,689.3,683.9300000000001,666.23,644.71,583.1600000000001
551.49,528.94,509.15,498.07,495.59000000000003,490.11,506.30999999999995,534.96,562.97,596.0699999999999,612.79,611.96,609.22,584.8900000000001,577.24,582.69,587.8199999999999,604.48,623.65,653.01,668.88,666.75,637.83,584.53
545.36,515.61,506.16,496.65,512.74,549.71,604.11,651.89,697.0699999999999,720.02,743.15,759.82,743.29,735.81,739.18,751.56,745.56,744.2,742.22,747.37,737.34,716.28,679.61,614.1800000000001
580.31,551.05,530.92,527.8299999999999,540.12,570.1800000000001,626.3399999999999,674.11,717.46,733.3499999999999,748.31,758.4399999999999,738.7,728.53,732.64,747.3,749.75,746.82,743.98,742.94,733.5600000000001,712.11,670.56,612.75
575.26,546.53,538.05,532.79,544.84,573.51,622.0,670.87,711.99,726.03,737.6199999999999,749.64,740.92,733.02,733.34,744.9200000000001,751.52,745.53,747.67,751.3299999999999,731.5,714.9000000000001,670.0799999999999,617.49
575.64,550.63,537.4,534.71,540.24,571.16,618.8900000000001,670.12,708.94,726.63,740.11,750.89,744.59,735.3000000000001,739.18,748.1099999999999,749.3,746.08,741.01,751.08,734.01,717.59,668.6500000000001,615.22
577.1600000000001,550.55,537.09,531.29,540.41,564.91,614.83,663.11,698.48,714.85,726.44,737.1800000000001,727.04,720.97,722.0,729.13,729.13,740.0,732.16,737.31,730.8,705.36,658.58,607.86
565.23,539.33,525.65,520.86,518.75,524.34,551.38,589.54,615.16,629.64,635.47,642.25,636.51,624.05,612.8900000000001,625.74,640.11,651.5799999999999,657.15,670.7,662.51,646.75,599.47,560.1800000000001
529.63,506.21000000000004,492.03999999999996,483.45,480.8,473.91999999999996,498.15,521.65,545.76,565.1600000000001,581.09,583.26,576.46,568.4300000000001,565.79,569.83,584.8,596.56,607.03,633.1700000000001,637.63,628.86,594.0699999999999,551.57
512.12,492.79999999999995,481.6,480.75000000000006,489.17999999999995,517.05,571.77,621.8199999999999,666.63,686.03,701.51,724.1700000000001,722.76,716.84,708.0,724.78,727.89,724.04,719.15,724.62,712.12,685.39,638.29,584.9399999999999
553.6600000000001,526.88,512.94,508.53,513.27,542.76,588.69,628.54,670.23,684.35,692.77,711.45,702.52,690.08,690.3,698.25,699.21,703.21,699.23,716.38,707.5600000000001,682.49,633.23,589.3399999999999
545.23,521.9300000000001,506.29999999999995,503.42,513.1099999999999,540.67,585.8199999999999,630.64,666.76,680.54,690.72,707.38,694.0,688.78,698.35,703.51,708.86,709.39,706.9100000000001,718.79,712.27,685.12,638.26,585.5799999999999
550.66,524.25,511.44000000000005,507.46999999999997,514.85,545.0,588.72,629.9,668.66,684.01,692.88,710.5799999999999,697.04,698.72,702.75,709.13,715.26,713.71,712.76,726.36,713.01,690.14,641.29,585.22
552.13,530.76,516.1600000000001,512.3499999999999,521.0,551.31,595.9300000000001,640.11,681.6099999999999,692.22,700.4300000000001,714.96,710.28,701.4300000000001,707.25,713.37,711.13,719.9100000000001,719.62,726.2,707.1899999999999,678.6400000000001,633.1899999999999,594.28
554.31,530.16,506.94000000000005,499.98,500.85,508.12,536.77,574.31,602.88,614.04,621.86,630.0,617.08,600.13,604.19,603.75,618.5699999999999,627.47,631.65,657.3399999999999,634.56,611.4,576.64,550.02
511.95,493.69000000000005,476.90999999999997,467.67,464.78,467.25,482.92999999999995,505.39,530.52,545.22,561.9,561.4399999999999,556.01,536.4200000000001,534.1,530.34,540.11,557.48,573.4,617.88,631.29,617.28,581.25,540.74
505.97,486.65999999999997,474.08,471.48,485.32000000000005,517.24,563.27,607.91,636.69,653.3,670.48,696.23,686.27,669.1800000000001,672.5,679.8199999999999,692.6299999999999,688.22,694.31,717.75,704.35,683.0400000000001,635.91,582.63
541.8100000000001,518.01,501.05999999999995,500.21,511.32000000000005,540.24,579.71,621.09,654.84,668.22,678.94,696.25,685.65,679.52,680.36,695.0899999999999,710.79,704.18,713.0,727.6600000000001,711.49,677.8299999999999,637.52,581.88
549.11,520.6199999999999,508.26,498.83000000000004,514.39,544.19,590.15,634.3,672.02,693.65,709.08,726.71,706.44,693.28,687.57,700.31,696.21,705.8,704.0,719.39,690.79,673.41,621.48,573.85
537.54,512.77,502.23999999999995,491.47,507.94,537.3100000000001,588.56,630.27,661.8599999999999,670.8499999999999,678.5799999999999,697.03,673.84,660.81,660.72,677.3599999999999,683.19,689.54,707.56,732.02,708.6500000000001,672.31,630.17,574.46
541.39,513.24,501.35,495.99,509.89000000000004,536.3,577.36,618.74,648.35,659.02,667.02,678.6500000000001,655.0699999999999,646.02,649.0799999999999,655.99,662.33,672.23,681.3299999999999,701.8,687.27,659.21,615.3199999999999,564.61
528.8299999999999,510.14000000000004,491.74,482.78999999999996,484.64000000000004,492.96000000000004,521.09,557.56,592.87,593.15,592.08,590.9200000000001,581.39,580.81,578.87,580.57,596.02,606.72,625.99,663.2,644.21,622.13,580.73,533.73
501.07000000000005,479.61,466.09000000000003,455.89,458.02,457.52,476.75,507.4,524.0899999999999,540.79,550.0,550.63,541.05,528.7,517.64,521.05,534.41,554.71,571.1800000000001,608.42,605.79,586.01,554.8699999999999,520.56
484.25,466.42999999999995,453.37,448.27,450.5,445.11,470.27,489.54999999999995,513.21,524.81,533.06,534.14,519.35,512.9300000000001,508.51,516.08,527.76,550.86,575.31,613.63,610.4300000000001,596.88,559.3299999999999,524.24
490.98999999999995,475.84000000000003,462.88,460.44000000000005,473.94,510.02,553.51,588.06,617.96,629.82,639.1800000000001,657.25,650.6700000000001,642.0799999999999,638.07,644.34,655.53,662.76,678.07,715.24,691.52,659.75,606.94,560.77
527.04,503.98,488.18,484.74,503.11,534.5899999999999,576.0699999999999,617.18,650.1700000000001,662.9,672.35,679.0,682.0300000000001,672.02,673.55,681.99,691.18,695.49,707.26,719.48,693.23,655.1700000000001,613.0699999999999,568.54
527.45,510.15,496.53,497.92999999999995,506.96,546.3700000000001,581.24,617.12,648.1600000000001,660.0,674.12,681.3499999999999,671.84,659.12,660.11,662.31,671.65,678.95,694.61,720.95,695.7099999999999,660.81,615.0,562.69
527.97,505.15,491.56,489.32000000000005,502.58000000000004,535.26,578.9499999999999,621.16,651.17,660.25,669.24,681.8,677.35,664.0999999999999,660.81,668.76,676.23,691.24,703.0799999999999,729.3399999999999,697.82,664.56,617.55,570.44
533.47,509.18,493.56,482.60999999999996,485.4,498.66999999999996,529.0,567.99,593.8199999999999,603.88,610.44,612.36,599.27,594.67,589.29,597.3299999999999,607.35,624.35,639.5999999999999,676.5999999999999,659.1800000000001,629.11,585.76,546.4
509.32,489.54,473.96000000000004,462.86999999999995,454.96,455.45,478.35,507.51,532.51,556.93,577.29,584.85,577.84,569.8199999999999,558.4000000000001,564.89,574.9499999999999,591.9000000000001,608.7,641.78,633.96,611.75,573.1600000000001,532.41
500.43,475.65000000000003,461.53000000000003,461.5,480.2,528.75,574.8,616.2,651.36,661.56,674.21,692.12,691.58,684.23,681.41,681.75,684.06,687.5799999999999,701.94,729.98,711.21,671.99,630.26,583.2
547.99,521.95,511.79,506.47,524.0600000000001,561.0999999999999,598.26,632.79,666.51,676.66,698.02,713.3,700.98,674.99,662.9,662.79,669.13,664.1600000000001,680.95,716.34,694.24,655.25,603.1300000000001,566.3299999999999
526.3599999999999,507.0,492.56000000000006,499.62,509.63,553.21,593.65,631.03,657.02,663.07,682.04,702.37,692.96,670.3199999999999,672.78,683.39,691.35,689.49,706.13,738.49,705.39,670.65,615.87,582.15
541.25,518.13,509.84,503.98999999999995,523.47,560.0,596.1199999999999,632.07,661.48,672.6199999999999,685.1500000000001,705.72,693.88,675.24,671.55,680.4300000000001,688.6500000000001,691.9,710.2,751.89,721.71,685.44,629.19,581.27
545.0699999999999,523.34,511.42,509.14,525.91,568.62,602.64,634.85,669.97,682.58,701.37,717.3800000000001,713.25,694.5799999999999,690.04,699.54,713.68,709.51,726.0699999999999,749.49,723.8000000000001,680.0600000000001,630.73,586.24
544.26,521.01,506.62,504.06,502.72,518.35,549.31,585.86,605.31,618.82,621.9,627.51,620.59,602.72,600.3299999999999,615.0999999999999,631.0500000000001,639.23,661.79,701.96,672.8299999999999,637.4200000000001,591.02,552.8900000000001
521.71,498.59000000000003,485.03999999999996,474.68999999999994,471.85,474.65999999999997,489.75,516.7,537.75,552.98,569.5999999999999,574.59,565.44,553.33,548.64,553.38,568.31,578.8199999999999,602.69,658.55,656.14,627.27,590.0999999999999,552.87
520.49,498.48,485.2,486.06999999999994,504.75,557.0999999999999,597.38,636.0,666.63,682.26,696.46,708.17,701.61,692.73,696.19,707.49,716.73,714.69,729.95,740.5,706.46,671.9100000000001,621.4,572.16
537.21,515.96,502.45,501.77000000000004,519.35,566.48,610.4399999999999,649.0899999999999,687.46,698.0999999999999,708.6,720.37,706.9000000000001,701.76,703.26,715.25,729.4000000000001,725.7900000000001,739.5899999999999,762.69,728.4,690.5,640.02,586.4399999999999
548.96,529.94,515.61,511.5,528.77,571.6800000000001,620.61,658.96,689.62,698.79,709.0600000000001,730.5999999999999,716.49,711.8299999999999,722.78,713.41,719.98,725.4200000000001,749.86,777.06,742.8699999999999,696.01,644.9000000000001,592.47
558.16,537.61,524.76,523.23,535.1899999999999,580.79,628.88,655.74,689.6,702.24,714.15,731.1,723.1300000000001,708.98,723.37,736.6099999999999,734.3299999999999,732.25,753.57,766.9399999999999,736.73,694.11,647.28,598.14
564.72,539.1300000000001,532.62,527.9,546.95,583.6,638.85,674.49,703.79,713.49,721.8499999999999,738.12,719.35,706.13,711.3399999999999,723.73,725.8499999999999,726.1899999999999,735.0799999999999,759.0,727.0500000000001,683.34,637.38,596.35
551.89,534.8199999999999,515.53,510.08000000000004,514.1300000000001,530.75,555.5500000000001,592.7,608.01,625.31,633.4,635.36,629.49,609.41,610.89,619.21,629.72,646.89,667.49,693.0,667.6500000000001,630.42,591.21,548.84
517.07,499.1,484.23,477.62,481.77,481.65,499.05,531.66,553.38,566.3900000000001,588.8,592.49,578.55,575.97,561.28,579.0,589.52,607.5,631.8900000000001,667.23,656.44,627.0799999999999,592.64,546.3000000000001
520.26,494.39,491.09999999999997,486.87000000000006,512.41,565.13,616.0,666.27,712.96,739.22,745.5699999999999,755.1500000000001,747.53,735.4100000000001,734.44,746.4300000000001,745.1500000000001,745.1,774.41,783.0899999999999,752.27,700.56,658.77,601.85
565.61,539.0899999999999,529.6800000000001,521.11,546.1300000000001,591.11,637.0699999999999,682.3799999999999,722.6099999999999,744.46,758.6199999999999,776.5500000000001,753.76,738.7,731.8700000000001,742.87,741.05,735.27,757.56,773.02,742.9000000000001,698.55,651.28,594.74
552.09,528.9300000000001,516.81,513.4,534.5500000000001,590.94,632.57,668.59,698.95,707.75,717.9,738.38,718.8,717.24,721.33,723.0999999999999,718.8499999999999,719.99,747.38,766.46,726.1099999999999,675.74,634.61,578.72
546.57,525.8900000000001,514.6600000000001,516.5799999999999,535.77,587.5999999999999,632.3199999999999,662.72,691.88,698.24,705.17,722.0600000000001,700.61,688.1700000000001,692.71,690.71,688.81,709.14,730.18,745.0699999999999,721.21,675.36,629.27,584.15
549.04,526.02,521.23,513.75,538.31,587.88,634.81,658.1099999999999,686.72,690.5500000000001,702.5,721.38,702.09,694.02,698.72,707.8299999999999,711.8699999999999,704.04,737.02,748.3299999999999,714.6,673.6,633.31,579.76
544.83,526.73,512.14,509.53999999999996,511.21,536.99,559.1700000000001,593.6899999999999,620.58,629.09,629.25,630.04,618.71,610.23,611.9,624.67,626.6500000000001,635.73,663.56,689.6400000000001,660.96,620.42,589.88,541.44
511.49000000000007,491.84999999999997,476.03999999999996,469.15999999999997,467.38,480.09,495.59999999999997,528.74,553.0,571.8900000000001,585.47,591.9300000000001,581.74,574.8299999999999,565.24,548.64,557.99,577.19,625.97,654.53,648.31,611.5,576.05,533.85
501.37,483.21000000000004,481.68,479.66999999999996,505.39,564.41,612.42,648.85,679.4200000000001,690.2,695.4000000000001,710.87,702.14,696.8199999999999,706.15,717.89,726.5999999999999,719.57,750.14,753.44,722.21,672.8,624.78,578.01
538.97,520.1099999999999,511.28999999999996,513.82,530.47,591.0699999999999,632.64,664.11,696.6800000000001,707.33,716.22,725.9300000000001,702.25,690.17,707.46,714.89,719.6,722.04,754.06,762.5,734.34,681.8299999999999,627.42,576.9
541.95,527.77,517.86,514.5999999999999,531.99,592.0699999999999,640.8,668.13,693.0,696.49,706.87,724.8299999999999,710.3299999999999,696.6,703.75,719.24,724.7199999999999,726.14,755.3399999999999,764.1600000000001,729.9399999999999,685.05,637.25,580.81
546.9,527.75,519.19,516.44,542.03,600.8900000000001,644.72,677.46,704.99,708.19,715.6100000000001,731.04,712.4100000000001,696.96,695.1,714.74,728.86,730.4,761.3100000000001,761.4499999999999,727.3499999999999,680.51,632.81,575.0699999999999
535.49,521.47,513.97,516.27,527.73,594.34,643.55,681.89,718.39,715.2199999999999,719.52,734.11,714.8,702.68,716.71,728.79,728.77,733.69,760.35,759.22,727.03,674.74,625.95,581.4
544.1600000000001,524.14,516.04,504.53,505.19000000000005,527.58,565.9,596.47,624.29,637.06,644.61,646.47,640.55,626.53,616.27,616.48,624.52,638.94,669.63,676.63,656.1400000000001,616.19,569.71,537.3
507.05,479.87,473.21000000000004,466.09000000000003,465.90999999999997,475.3299999999999,495.28999999999996,525.94,551.5699999999999,576.3699999999999,587.4,590.6800000000001,576.47,557.76,544.8,549.42,569.71,583.23,625.17,649.0,637.52,600.57,555.0,519.43
493.71000000000004,470.84000000000003,464.67,470.39,492.77,563.51,614.89,652.01,675.5699999999999,677.13,682.2099999999999,690.9200000000001,678.26,670.4,678.01,686.1,692.23,694.72,743.84,738.6600000000001,714.69,656.01,606.65,556.3
521.74,500.36,491.91999999999996,493.83,520.8700000000001,580.0899999999999,636.02,663.3299999999999,689.64,694.3199999999999,696.6,703.55,685.42,685.95,693.64,719.82,721.8900000000001,722.59,755.94,757.12,721.48,667.45,616.26,564.45
532.81,513.34,504.62,506.35999999999996,528.59,591.31,647.47,674.48,699.26,688.29,691.74,701.5699999999999,692.55,675.71,682.42,689.75,690.59,705.76,754.1600000000001,756.3,720.6700000000001,670.34,614.12,554.77
525.04,503.98,502.87,496.31,525.84,582.0999999999999,640.8299999999999,666.08,684.2,682.25,682.98,703.25,683.72,674.6800000000001,677.0699999999999,691.52,695.45,705.66,748.0699999999999,748.44,714.89,667.0999999999999,614.79,559.72
523.0,504.55,502.2900000000001,498.88,525.08,587.51,643.31,667.21,690.69,690.4200000000001,692.67,700.3299999999999,677.16,657.6800000000001,667.9,676.56,684.37,694.55,734.57,732.3199999999999,700.06,652.1800000000001,595.81,546.84
516.41,490.94,482.95000000000005,474.91,483.28,513.3299999999999,543.56,575.46,590.63,599.6700000000001,598.9300000000001,590.14,571.0899999999999,562.02,564.0899999999999,578.04,585.22,610.0,657.59,658.15,634.08,579.5799999999999,529.36,492.54999999999995
460.1,437.20000000000005,423.16999999999996,414.63,412.18999999999994,422.37999999999994,449.38,467.22999999999996,486.46000000000004,509.49,537.23,548.65,532.4,505.71000000000004,484.74,473.28000000000003,486.81999999999994,510.69,578.06,590.99,578.19,549.25,510.1,494.31000000000006
469.61,454.53999999999996,446.43,449.88,472.28,546.49,605.91,636.0799999999999,654.6600000000001,658.19,673.6,687.98,672.5600000000001,621.31,622.91,633.3399999999999,634.11,696.9300000000001,742.02,736.96,700.89,652.1500000000001,595.56,536.84
504.97,491.87,484.31000000000006,488.28000000000003,509.01,581.28,632.39,660.0999999999999,674.41,670.9300000000001,669.63,677.74,658.1099999999999,659.01,656.27,687.0799999999999,690.74,708.21,751.4300000000001,745.77,703.6,660.1400000000001,598.7,550.98
508.83,498.70000000000005,482.79999999999995,492.11,510.06,585.79,633.23,668.84,692.62,691.61,685.6600000000001,697.14,684.74,689.45,694.08,696.0699999999999,707.5,712.48,763.6099999999999,752.3499999999999,711.09,659.69,605.07,555.97
517.89,500.15999999999997,492.56,489.31,517.88,583.4,631.42,665.5500000000001,682.5999999999999,680.4200000000001,686.9,699.6700000000001,681.89,683.05,680.63,694.4100000000001,703.8,715.1400000000001,760.51,749.08,711.75,665.0699999999999,613.59,552.9200000000001
519.8,504.82,491.29,492.09000000000003,517.77,585.4100000000001,639.6700000000001,662.56,679.16,666.27,664.6700000000001,669.51,649.5899999999999,661.02,672.28,684.21,687.07,697.4200000000001,747.16,735.3800000000001,698.06,648.0600000000001,605.1,554.2
522.85,496.61,488.07,477.35999999999996,485.78999999999996,525.04,549.11,589.57,606.5699999999999,602.98,596.06,589.6,576.21,580.02,591.07,603.62,612.0699999999999,629.64,670.64,672.22,637.17,589.26,552.2,515.64
483.34999999999997,461.92,447.22,442.89,448.41,467.38,487.05000000000007,524.18,555.23,575.75,591.6899999999999,594.8199999999999,577.8499999999999,562.03,555.78,556.6,562.54,584.35,634.7,644.5799999999999,622.51,588.77,549.5999999999999,507.23
474.9,459.90999999999997,453.28999999999996,456.29,478.19000000000005,546.56,610.73,650.4200000000001,675.6400000000001,678.1299999999999,684.69,679.72,658.6,641.54,654.23,672.74,678.54,694.84,744.41,741.6199999999999,696.5699999999999,646.0699999999999,586.51,540.19
506.76000000000005,488.71,481.67999999999995,483.72999999999996,509.84999999999997,575.48,629.58,662.92,683.71,683.32,682.0999999999999,690.63,680.54,679.47,693.0,706.59,707.88,717.06,753.3599999999999,749.1399999999999,705.99,659.29,604.23,553.93
513.48,497.75,487.49,488.34999999999997,511.09,579.76,617.3399999999999,629.99,636.88,632.87,639.13,651.25,640.83,631.88,630.1600000000001,636.03,657.15,684.16,733.8299999999999,732.86,689.01,637.3399999999999,592.17,537.73
513.25,491.03,489.78,492.15999999999997,510.22,585.89,631.76,666.29,681.74,672.97,676.81,668.7,653.37,646.8000000000001,660.07,675.77,679.44,713.15,754.3299999999999,750.53,704.55,652.38,598.5400000000001,542.51
510.54,492.94,484.96000000000004,483.08,507.45000000000005,579.29,634.47,669.37,690.28,704.6899999999999,707.9000000000001,707.75,686.24,673.88,680.03,699.12,693.93,707.0699999999999,753.18,743.43,695.5799999999999,646.22,594.48,544.08
516.82,493.46,486.43,482.44,489.84,524.6,562.8199999999999,604.18,622.9399999999999,623.19,618.59,613.74,587.86,586.23,595.4200000000001,603.98,609.62,636.4000000000001,672.04,677.7,634.73,580.7,550.53,508.97
477.03,461.93,446.62,446.92,448.71,462.21,488.83000000000004,525.89,553.12,569.3,578.0799999999999,576.59,552.63,537.04,523.76,524.01,535.05,582.63,625.79,637.44,621.04,583.47,540.62,494.24
473.79999999999995,454.88,453.86999999999995,453.57,481.67,555.8900000000001,618.59,663.3199999999999,686.47,690.45,692.22,695.0999999999999,678.94,669.8800000000001,681.16,696.57,699.27,720.29,746.92,745.8599999999999,699.99,650.74,597.75,545.2
509.08,492.74,481.58000000000004,483.62000000000006,507.22,581.99,640.0,678.76,704.3,708.4200000000001,708.67,704.5699999999999,684.81,664.8399999999999,679.35,691.5,699.77,727.24,759.8100000000001,759.0899999999999,717.5,665.58,611.25,550.41
514.4000000000001,498.5,489.53,491.17,518.46,584.4200000000001,643.71,686.05,711.4200000000001,710.92,699.22,693.46,669.36,652.0799999999999,669.43,689.01,704.0799999999999,718.97,759.82,758.19,707.1,661.3,602.8100000000001,545.93
513.3299999999999,502.53,498.26,494.84999999999997,520.47,587.4200000000001,643.47,677.34,688.78,699.6099999999999,692.3,693.02,675.18,671.65,674.21,686.17,699.59,734.72,769.3599999999999,758.47,713.74,660.76,606.19,548.73
517.8,501.42,492.49,490.28000000000003,517.9,582.1700000000001,643.23,677.3100000000001,699.89,711.33,708.87,711.07,687.73,682.3399999999999,688.8399999999999,698.9200000000001,702.13,729.74,755.03,746.47,701.85,648.94,603.6700000000001,567.55
533.1600000000001,514.04,504.83000000000004,503.35999999999996,509.53999999999996,535.41,577.47,616.03,642.47,663.28,660.6,656.0,628.71,614.0899999999999,613.26,623.01,624.4300000000001,660.99,688.72,686.88,646.45,597.46,558.27,521.31
490.07,470.24,454.39,449.85,455.29,469.81999999999994,490.79,526.73,563.21,578.15,590.97,588.56,562.77,540.38,529.4100000000001,532.68,541.49,595.1700000000001,640.27,642.4200000000001,619.34,588.05,544.49,505.84000000000003
480.2,459.66,452.28999999999996,460.59000000000003,483.1,554.49,615.22,648.93,669.12,671.6700000000001,678.45,674.0,659.56,654.02,656.1300000000001,673.33,687.28,727.9,750.6600000000001,746.8,700.51,655.12,592.9100000000001,541.64
506.74,485.39000000000004,480.54999999999995,485.77,508.25,578.76,635.71,674.95,706.38,708.4100000000001,716.76,717.62,685.59,677.75,692.72,705.1800000000001,710.34,742.55,769.79,763.12,713.88,661.5,598.58,547.64
515.77,494.6,494.21000000000004,491.63,516.02,577.23,640.6400000000001,675.14,698.89,704.03,712.5699999999999,721.1199999999999,703.6,688.9100000000001,686.71,716.9300000000001,714.87,744.22,763.5600000000001,759.5999999999999,708.62,658.02,609.14,554.0600000000001
522.53,502.01,498.13,491.99,516.5,580.5999999999999,637.48,675.24,693.07,715.04,717.25,720.8100000000001,698.48,695.46,692.43,699.57,705.22,738.74,753.02,753.3199999999999,703.57,656.3299999999999,602.0,553.0699999999999
515.8599999999999,501.70000000000005,487.41999999999996,496.46000000000004,517.8599999999999,578.62,644.6,680.88,703.0,712.28,705.5,708.0999999999999,685.5799999999999,667.47,671.35,682.9000000000001,691.63,730.27,746.96,739.0,687.5999999999999,643.8199999999999,595.87,546.61
508.82,491.6,484.96000000000004,481.70000000000005,489.39,525.1800000000001,563.91,601.3,621.97,629.47,625.16,621.39,600.76,576.14,579.73,590.96,610.13,656.44,682.57,686.3,641.51,596.23,552.72,511.75
482.4,456.6,448.28999999999996,446.68,448.8,468.95,494.99,533.19,558.0799999999999,575.3199999999999,588.49,602.59,571.06,551.49,535.38,539.96,550.95,608.8,641.98,651.19,616.97,583.87,543.6,503.87
474.22,456.31,446.03999999999996,447.84,473.56999999999994,555.05,618.75,659.96,681.78,688.02,689.6800000000001,685.51,677.09,667.01,672.27,679.15,694.85,734.96,752.99,747.5799999999999,699.4,647.49,593.86,545.05
509.38,491.65,482.24,487.35,504.14,580.37,646.71,684.69,703.4599999999999,706.4,711.19,707.65,692.9300000000001,681.74,687.94,702.44,711.1,744.86,767.28,758.1,704.51,659.24,602.71,553.78
518.4,493.33,492.90999999999997,492.65999999999997,516.52,587.38,645.1,678.1100000000001,692.72,708.17,703.76,705.3499999999999,690.48,671.8199999999999,679.78,693.5699999999999,704.9300000000001,741.89,766.1800000000001,757.6299999999999,711.8100000000001,659.8599999999999,604.73,543.26
514.88,495.0,490.58,488.19000000000005,512.7,576.35,636.9300000000001,672.99,697.02,709.96,708.14,708.12,684.29,681.15,679.76,681.47,696.77,739.25,755.08,748.1800000000001,697.35,648.39,593.75,545.73
506.17999999999995,491.41999999999996,484.78000000000003,490.27000000000004,510.90999999999997,575.8599999999999,639.5699999999999,675.01,699.5999999999999,705.0999999999999,693.3,693.28,672.27,659.77,653.96,659.62,677.51,719.1600000000001,741.4300000000001,737.63,677.79,628.1600000000001,583.67,538.5999999999999
502.37,477.6,471.49,462.71,472.41999999999996,507.51,549.76,597.6199999999999,618.74,610.3299999999999,606.5899999999999,603.39,595.36,581.35,575.37,582.2,588.65,638.44,661.51,664.65,619.26,578.0799999999999,536.8000000000001,501.0
463.31,443.40999999999997,431.04,429.37,431.91999999999996,440.3,459.45000000000005,503.88,536.56,549.48,558.6199999999999,558.55,553.98,532.76,522.9200000000001,525.85,537.74,578.9300000000001,598.15,617.9000000000001,605.45,579.21,543.89,504.48
466.5,441.7,425.26,421.82000000000005,423.15,438.22,461.05,505.84,545.62,575.75,568.65,573.56,573.39,565.1800000000001,556.5699999999999,570.68,586.91,632.5699999999999,646.6700000000001,662.32,640.39,600.41,554.39,510.6700000000001
474.94000000000005,445.9,428.71999999999997,418.08000000000004,418.03999999999996,422.71000000000004,440.89,460.24,491.1,512.34,522.05,522.28,522.35,506.78999999999996,498.71,497.86999999999995,514.16,556.2,590.26,611.29,602.01,570.79,531.46,497.83
458.47,438.1,422.03999999999996,419.62,427.79,453.39,521.46,582.5699999999999,634.2,667.05,678.4300000000001,680.1,688.6,670.52,664.6700000000001,669.16,684.03,721.6899999999999,726.14,742.26,711.44,664.22,615.54,565.55
518.85,491.85999999999996,471.36,468.69999999999993,470.06,494.92,555.01,609.97,656.2,676.76,677.8,683.48,686.24,661.25,668.43,683.24,695.96,737.89,745.18,750.88,726.76,674.76,630.67,582.6600000000001
535.27,503.33,482.94,480.02,482.27000000000004,508.75,562.15,617.0500000000001,656.23,677.96,675.0699999999999,673.76,676.52,655.08,659.87,673.3,698.83,742.6700000000001,749.31,751.6700000000001,721.4200000000001,676.4200000000001,627.72,578.1
541.0699999999999,498.72,485.69000000000005,474.98,468.24,478.68,510.88,548.9100000000001,583.8299999999999,609.36,622.95,627.9,636.02,621.76,593.97,587.13,617.1700000000001,655.2099999999999,669.01,677.45,656.79,609.7,568.47,527.96
497.32000000000005,467.29,446.34,437.43,429.07,433.06,446.44000000000005,476.44000000000005,511.75,548.09,589.36,609.81,599.31,572.8800000000001,548.94,547.03,562.57,598.29,620.9,646.9200000000001,634.94,604.6800000000001,574.47,534.37
484.14,458.19999999999993,438.71000000000004,434.52,439.18,469.57,543.95,603.39,645.3399999999999,674.24,689.62,695.89,697.29,686.46,674.25,675.05,692.21,721.64,734.3899999999999,745.3,724.1700000000001,677.6800000000001,626.53,579.53
521.56,492.58,467.27000000000004,460.76,463.76,488.08000000000004,559.0899999999999,620.49,663.4300000000001,700.0,711.47,710.25,713.3,693.96,680.47,698.92,706.86,744.17,753.25,762.6500000000001,740.4200000000001,692.5600000000001,645.6099999999999,593.65
534.21,498.87,479.91999999999996,472.94,476.81,503.76,568.89,631.3900000000001,668.5799999999999,680.15,687.3599999999999,689.5,693.48,679.81,675.97,692.26,709.4,755.3299999999999,770.9200000000001,774.9300000000001,749.9,698.4,646.83,593.74
540.51,509.72999999999996,485.22,477.41,476.02,500.52,569.5,638.3900000000001,667.4,689.29,671.0699999999999,672.5699999999999,692.73,685.21,679.87,691.7,711.84,758.0699999999999,776.96,781.0899999999999,769.51,700.3599999999999,659.3299999999999,607.78
551.96,513.22,488.54999999999995,486.52,488.45,515.38,579.42,640.05,677.8000000000001,698.76,702.5400000000001,713.6400000000001,718.54,698.6700000000001,692.35,713.77,735.85,764.78,771.4100000000001,776.4300000000001,745.53,688.86,643.92,597.71
548.53,514.85,485.81,476.09,472.38000000000005,484.82000000000005,514.6,562.03,615.4499999999999,645.77,664.5,660.91,654.5799999999999,639.15,619.66,614.51,633.68,673.63,693.68,707.27,690.49,650.42,597.65,563.19
523.22,485.78999999999996,464.0,453.19,446.39,451.88,472.29999999999995,499.46000000000004,537.52,565.26,592.1600000000001,595.19,596.9,573.1600000000001,558.36,559.5,577.24,615.09,637.1899999999999,663.56,656.8299999999999,628.31,596.04,549.04
508.39,479.02,461.11,458.85,465.64000000000004,495.78000000000003,568.9300000000001,634.05,673.98,700.48,718.78,724.88,728.3199999999999,713.01,706.5699999999999,709.19,726.02,761.07,769.45,780.31,763.49,711.53,658.35,608.75
553.16,517.19,494.21999999999997,487.76000000000005,488.22999999999996,522.22,597.1,652.24,683.37,709.82,708.38,727.8599999999999,736.36,711.39,711.42,706.73,720.77,759.03,765.4,787.6800000000001,765.91,691.5,633.9200000000001,589.47
540.73,511.4,484.77000000000004,475.89,479.07,499.66,570.06,637.04,682.17,707.92,730.1700000000001,718.34,709.98,711.64,708.3199999999999,722.53,741.44,772.24,789.0,779.35,755.61,701.71,665.2,592.48
549.59,520.06,499.7,485.76,489.62,515.61,577.75,621.28,661.5899999999999,685.0799999999999,688.98,704.46,708.6800000000001,684.81,676.9,703.2,735.43,778.6,768.71,761.63,729.4200000000001,690.9100000000001,645.92,580.73
536.1800000000001,506.42999999999995,490.57,492.03,498.82000000000005,525.78,586.88,630.18,668.6,703.74,703.55,706.21,707.1899999999999,693.04,678.21,687.86,711.2,741.07,739.4300000000001,746.2399999999999,728.26,674.0799999999999,636.3199999999999,594.34
550.3800000000001,509.45000000000005,487.78,472.61,471.70000000000005,470.71000000000004,506.93,540.3,580.76,636.97,655.52,677.67,681.12,640.79,624.55,612.41,609.26,649.07,666.56,679.79,646.3199999999999,601.22,555.5,529.59
490.13000000000005,447.94,417.59,407.92999999999995,404.22,403.78,424.9,455.61,497.73,541.44,567.04,578.5699999999999,583.1600000000001,562.03,542.5500000000001,533.06,543.25,573.26,591.76,612.87,605.79,578.1099999999999,539.03,502.86
501.24,464.18999999999994,443.95,438.2,443.71000000000004,470.81,544.0799999999999,615.88,662.22,693.51,697.8199999999999,697.99,707.78,701.1500000000001,702.47,707.69,726.31,764.43,771.8399999999999,779.45,757.6299999999999,705.13,663.12,606.21
552.66,506.31,484.73,478.04,480.35,506.9,583.0999999999999,641.96,678.5,699.45,699.41,703.5899999999999,712.54,699.74,685.8800000000001,699.28,716.75,758.5,773.03,785.51,761.9300000000001,714.87,665.8599999999999,610.45
547.47,509.42,490.99,478.43,480.88,509.51,578.5899999999999,634.44,677.73,698.44,699.25,701.4,692.49,691.8199999999999,683.8199999999999,698.08,722.5,756.23,777.0,785.22,768.66,718.0899999999999,669.7,613.81
549.85,508.14,489.23999999999995,485.39,480.79,506.63,574.12,634.53,668.23,707.1,710.39,710.6700000000001,718.9200000000001,708.74,712.4000000000001,724.49,753.4399999999999,773.03,784.4,793.26,770.99,721.33,674.22,619.34
560.61,522.76,497.33000000000004,486.24,488.0,512.93,583.44,644.8100000000001,684.6,725.4499999999999,739.07,749.25,750.09,731.14,722.83,728.9300000000001,750.3199999999999,774.71,776.3299999999999,778.1899999999999,755.0,708.41,667.01,610.06
565.15,515.8399999999999,490.27,474.11,478.46,480.83000000000004,520.8399999999999,556.83,606.0,643.72,661.16,676.1700000000001,680.24,656.51,649.9000000000001,641.22,663.91,695.35,707.04,716.01,700.21,662.52,616.5799999999999,570.77
522.72,485.71,464.59000000000003,447.89000000000004,436.41,445.78,462.73,486.66999999999996,530.11,563.97,595.52,608.06,622.8299999999999,593.9000000000001,578.84,576.56,586.49,626.19,651.44,672.53,671.45,644.52,611.95,563.41
520.28,477.16,462.60999999999996,451.93,454.46000000000004,486.93999999999994,564.91,639.51,681.6099999999999,701.54,712.1400000000001,711.58,705.0799999999999,693.28,702.1,714.6500000000001,739.65,777.5699999999999,790.1299999999999,805.8,784.72,739.9399999999999,688.3499999999999,629.31
570.38,528.37,510.02000000000004,496.84000000000003,500.78999999999996,527.79,601.64,670.01,717.7,738.03,744.25,744.9499999999999,743.19,727.52,735.18,745.02,768.17,798.8,808.8299999999999,826.47,804.74,756.3,707.02,646.14
585.68,537.74,520.07,511.43999999999994,513.3299999999999,544.23,616.25,684.45,722.8599999999999,737.8,734.55,738.1800000000001,739.81,731.9799999999999,735.4200000000001,749.26,772.88,809.34,821.87,828.1600000000001,806.4100000000001,763.63,703.55,647.19
588.97,547.1,525.38,518.19,520.3299999999999,543.9300000000001,619.53,673.3,700.72,699.97,707.27,707.6800000000001,705.97,699.0699999999999,695.98,706.11,731.37,769.26,793.9499999999999,811.74,795.21,751.05,694.04,638.86
576.44,538.03,513.39,506.52000000000004,509.61999999999995,539.49,616.04,681.23,715.62,729.18,729.65,723.15,720.48,714.47,722.59,731.58,757.81,798.64,813.1800000000001,822.28,797.53,745.48,695.44,634.77
581.88,538.22,510.64000000000004,496.49999999999994,493.82,505.85999999999996,546.54,590.84,635.3299999999999,665.0799999999999,662.0799999999999,665.27,675.11,673.99,666.74,672.62,700.8299999999999,735.88,749.3499999999999,756.28,738.05,698.02,643.83,598.63
554.06,515.75,489.33000000000004,473.41999999999996,463.31,478.6,493.71999999999997,524.31,575.64,602.98,623.24,628.45,627.8999999999999,615.55,607.4300000000001,612.6,624.87,669.5899999999999,689.28,708.3399999999999,707.24,680.6800000000001,644.32,595.36
545.74,506.3,484.65,478.7,482.35,513.76,589.4300000000001,662.3699999999999,713.34,744.99,736.78,745.61,750.99,733.73,730.59,741.4100000000001,767.19,798.83,813.06,824.12,798.46,750.99,703.75,644.98
596.61,552.1700000000001,529.1999999999999,518.3299999999999,525.0799999999999,553.6,633.09,708.37,754.03,782.51,778.4,779.1500000000001,774.53,761.01,756.94,771.84,796.44,825.72,841.6400000000001,853.78,831.78,779.54,727.95,670.83
589.85,548.25,524.66,523.3299999999999,528.46,559.88,633.0799999999999,698.1,745.74,781.8599999999999,789.0,783.09,784.9300000000001,770.3599999999999,765.9000000000001,777.58,801.14,824.48,835.8199999999999,841.75,811.8,759.27,704.25,646.95
589.5,550.26,528.13,512.88,514.25,537.21,591.9100000000001,635.35,659.04,676.63,689.52,696.53,702.87,692.32,676.5400000000001,670.48,691.1700000000001,724.89,742.41,757.75,749.79,717.41,674.4100000000001,623.47
571.31,528.1,506.09000000000003,496.72,498.21999999999997,529.1,603.68,665.58,714.73,733.89,726.71,716.47,711.3,705.94,703.6099999999999,718.69,747.8799999999999,777.6100000000001,795.37,807.71,786.24,742.01,688.51,637.1800000000001
578.0,536.56,508.93000000000006,494.61,491.51,502.3,550.69,595.78,642.06,662.88,667.03,657.52,649.79,639.48,636.56,642.86,668.96,707.62,729.39,744.96,726.85,689.4,640.45,596.6600000000001
546.15,511.47,487.39,471.68,464.29,465.87,491.21,517.2,561.49,593.3900000000001,611.81,619.59,618.12,600.7,587.5799999999999,585.19,614.9300000000001,651.15,679.19,698.3499999999999,695.26,675.48,632.9200000000001,587.4300000000001
535.36,500.58,480.48,465.25,473.71000000000004,505.76,589.28,668.35,713.11,735.04,747.9000000000001,736.85,739.8199999999999,729.45,725.67,738.32,766.92,802.84,814.77,825.69,807.11,761.11,707.3800000000001,649.3900000000001
586.3,539.11,514.85,504.16,507.53999999999996,534.47,612.76,687.52,738.38,756.51,750.81,743.83,735.73,720.5999999999999,723.31,738.22,773.1100000000001,813.44,828.93,843.01,820.1800000000001,773.6800000000001,721.24,661.8199999999999
592.88,549.68,523.64,513.95,516.81,547.05,622.66,701.63,748.87,775.25,784.5,777.76,775.4000000000001,756.1600000000001,752.14,761.31,794.17,819.19,832.0,842.03,814.89,769.6999999999999,720.19,655.82
598.25,550.58,527.51,517.0699999999999,514.9399999999999,542.94,622.88,697.8599999999999,742.78,768.4,780.15,778.37,786.45,763.9200000000001,764.6300000000001,776.62,804.9499999999999,832.13,840.0799999999999,849.05,828.6400000000001,781.22,724.69,662.34
601.0,550.63,527.26,516.2,516.76,549.5,625.45,700.1,746.0600000000001,780.2099999999999,782.1800000000001,787.05,782.79,774.25,749.02,764.92,793.12,826.24,833.43,840.6700000000001,821.75,774.68,720.8,663.66
606.6,558.43,532.01,512.83,512.44,524.47,564.28,614.8699999999999,661.0899999999999,694.0600000000001,705.5899999999999,705.67,701.54,684.9100000000001,680.64,679.4,702.6500000000001,742.8499999999999,761.3299999999999,777.8299999999999,764.76,722.62,674.3199999999999,621.47
575.1899999999999,537.38,507.4,491.48,479.07000000000005,485.59000000000003,509.64,538.22,584.3199999999999,620.3800000000001,641.88,650.41,644.8600000000001,624.5699999999999,611.04,615.15,639.69,682.12,702.44,726.4300000000001,726.35,700.81,664.19,613.05
560.52,518.01,493.98999999999995,480.59999999999997,486.7,514.65,597.0799999999999,683.54,738.76,778.45,791.8299999999999,797.3299999999999,800.02,788.6300000000001,780.9300000000001,785.56,807.9399999999999,828.9,837.59,852.9499999999999,836.86,790.9300000000001,733.16,669.0
609.1600000000001,561.0999999999999,529.4300000000001,520.3199999999999,517.01,547.9300000000001,625.12,700.14,745.78,788.7,802.1999999999999,804.8199999999999,804.2900000000001,782.79,771.74,778.28,797.07,825.19,841.5500000000001,859.4399999999999,841.1,793.46,736.1,684.74
626.8699999999999,570.83,546.04,533.73,529.4,566.1400000000001,637.0799999999999,710.0,761.75,789.23,800.0699999999999,793.57,794.85,780.94,787.04,800.24,814.27,845.3800000000001,858.46,864.5100000000001,849.69,800.31,751.1000000000001,690.24
624.64,573.65,542.8399999999999,533.0,530.41,562.0799999999999,623.54,689.8399999999999,744.94,776.53,787.57,779.61,785.06,758.61,749.77,761.9300000000001,781.66,817.55,827.6,839.78,825.41,778.41,733.54,675.73
615.7,561.19,528.85,514.87,512.9200000000001,539.8,602.44,665.4399999999999,718.23,743.98,738.9200000000001,728.46,713.4,689.8,690.9300000000001,699.9399999999999,719.4300000000001,761.53,778.8000000000001,792.33,779.4100000000001,739.05,697.23,638.75
583.49,529.8199999999999,498.57000000000005,484.67999999999995,477.35,484.93,515.74,553.9,596.11,628.54,638.72,634.3,629.35,622.3499999999999,629.06,645.6800000000001,669.26,713.8199999999999,728.09,708.49,684.1,622.12,582.67,560.06
522.34,494.59000000000003,477.14,455.74,436.63,435.52,453.75,467.49,503.83000000000004,532.8299999999999,573.28,595.5699999999999,596.1800000000001,556.85,521.06,503.58000000000004,526.98,568.95,591.9100000000001,617.56,621.01,610.59,582.8299999999999,548.5699999999999
507.11,477.64,451.63000000000005,438.28999999999996,429.66999999999996,439.34,462.31,491.21000000000004,535.59,573.3699999999999,592.6999999999999,593.05,600.04,583.8499999999999,572.01,578.44,598.5,642.61,671.57,689.41,694.79,668.4100000000001,628.97,583.91
531.2,489.33000000000004,462.26,449.78,446.7,466.51000000000005,515.51,567.84,624.03,660.46,665.1800000000001,661.0,661.98,651.45,651.8199999999999,661.75,687.49,732.06,757.59,772.65,763.4399999999999,717.0799999999999,672.39,612.55
550.1,500.86,474.79999999999995,462.28,455.97,476.03999999999996,524.8,577.78,630.5799999999999,662.9,670.4200000000001,675.49,672.38,665.0899999999999,666.62,680.56,700.6600000000001,748.1700000000001,772.36,790.8899999999999,776.19,725.79,683.96,628.3599999999999
567.44,519.56,489.01,470.56000000000006,468.75000000000006,490.61,537.65,591.28,641.73,681.66,688.5999999999999,683.3399999999999,688.1600000000001,677.95,669.77,681.31,709.53,756.35,776.3599999999999,798.71,777.74,738.25,687.46,629.6
563.76,521.75,492.42,474.97999999999996,474.59000000000003,490.35,535.4200000000001,583.73,635.8399999999999,676.56,687.98,683.72,674.3,669.87,669.39,678.2,701.63,739.0,758.6600000000001,776.56,762.5999999999999,721.7,680.9,627.06
568.77,515.29,491.78999999999996,467.36,465.65,473.51,498.19,533.62,582.8199999999999,617.61,624.52,623.5,621.97,622.3900000000001,628.33,643.39,673.45,728.69,754.9499999999999,756.8199999999999,709.26,644.95,598.99,571.48
545.71,526.0,499.57000000000005,470.64000000000004,450.39,442.24,446.93,452.97,472.2,496.53999999999996,526.04,541.88,556.77,532.88,516.11,523.23,548.04,600.3599999999999,629.38,651.88,662.5,649.62,617.11,573.51
520.67,476.77,452.44,437.32000000000005,438.96,454.10999999999996,489.01,538.35,599.8,656.02,676.88,684.55,690.63,682.37,684.4300000000001,699.96,719.46,767.94,785.26,799.3900000000001,789.53,749.5999999999999,698.37,637.15
571.1,519.17,493.59999999999997,479.34000000000003,485.49,511.46999999999997,583.3199999999999,643.11,709.9200000000001,743.3900000000001,760.8199999999999,765.74,769.36,757.0699999999999,746.77,757.53,788.1600000000001,829.6,846.62,857.53,844.69,794.5999999999999,737.66,675.28
609.48,555.8199999999999,526.42,514.41,519.47,548.29,610.98,673.61,735.5500000000001,777.61,789.62,789.93,775.74,771.5799999999999,770.5999999999999,772.47,795.31,831.94,842.45,860.05,844.5400000000001,791.96,738.01,675.5699999999999
604.05,558.45,531.24,520.96,518.4200000000001,542.98,608.4300000000001,675.25,730.09,779.27,794.9100000000001,792.4499999999999,797.44,775.84,771.3199999999999,779.16,795.78,830.21,847.0799999999999,865.9300000000001,847.1800000000001,794.6300000000001,740.97,684.6300000000001
619.5799999999999,573.23,545.72,534.17,532.87,555.8,611.75,663.05,715.54,760.65,783.12,794.8799999999999,796.48,774.53,746.6800000000001,757.62,770.0699999999999,809.5,825.86,843.5,830.48,783.5400000000001,744.97,689.2
631.07,583.96,547.5,535.98,528.34,534.88,570.1500000000001,611.15,670.1500000000001,709.59,738.01,746.82,738.9100000000001,730.05,718.9,717.1400000000001,733.0699999999999,777.94,803.1,831.0799999999999,811.96,773.2,719.58,664.45
597.6800000000001,548.56,528.92,507.13,497.28000000000003,501.74,528.39,552.97,606.58,656.7,709.03,719.6,729.54,709.6299999999999,694.08,678.98,688.29,731.78,758.2,799.3499999999999,802.01,769.9,721.54,658.43
595.01,552.59,528.38,519.11,519.79,545.6800000000001,626.8000000000001,715.72,780.59,829.3900000000001,842.89,832.6,826.77,818.24,815.34,822.8699999999999,850.1199999999999,886.6400000000001,899.04,916.2,903.5,850.4200000000001,790.31,720.59
647.24,590.5999999999999,561.49,548.95,555.43,578.58,663.38,748.9,811.5400000000001,841.39,859.37,857.49,859.77,838.53,839.03,855.9300000000001,873.3199999999999,908.67,925.6700000000001,937.48,922.9100000000001,868.25,801.69,731.87
663.0,607.9499999999999,578.69,568.54,574.6800000000001,597.04,675.1700000000001,759.85,819.59,866.8199999999999,877.33,873.6300000000001,863.6600000000001,843.0600000000001,836.8399999999999,835.05,849.77,882.28,897.81,916.34,899.1999999999999,855.05,791.75,723.48
649.55,602.05,573.4,562.5699999999999,555.49,579.98,659.1200000000001,746.8199999999999,805.73,838.9100000000001,840.98,839.88,834.83,820.4300000000001,809.82,809.8199999999999,838.93,877.1800000000001,888.27,902.0899999999999,889.3199999999999,836.28,783.2,709.56
636.2,583.19,551.54,548.25,545.25,564.62,645.5999999999999,726.55,785.6100000000001,818.1700000000001,826.9100000000001,827.1399999999999,832.1500000000001,810.29,802.0899999999999,822.44,833.4200000000001,852.79,862.06,883.9999999999999,865.4200000000001,811.02,757.11,690.22
623.01,574.63,544.78,526.53,520.48,536.04,572.03,619.4,675.37,708.95,729.51,734.4300000000001,733.61,707.41,702.21,702.3499999999999,711.66,756.84,786.58,816.73,805.44,753.58,706.91,657.6
598.54,552.23,520.73,505.61999999999995,498.36,498.88,514.73,548.8,594.0999999999999,646.49,688.07,708.8899999999999,703.21,680.8299999999999,652.56,645.97,655.77,704.48,738.14,780.38,776.5799999999999,747.91,705.4100000000001,645.91
588.0600000000001,526.05,498.52,495.53000000000003,507.93000000000006,535.74,623.4200000000001,707.79,775.1999999999999,820.72,832.1800000000001,829.05,840.46,826.25,807.7399999999999,817.81,829.0,869.52,886.0799999999999,908.09,894.26,845.62,781.29,703.54
635.13,580.44,555.98,541.8499999999999,548.01,571.3199999999999,650.9000000000001,735.8,792.6600000000001,831.5600000000001,858.66,853.71,862.5,835.24,822.5999999999999,829.6299999999999,857.03,886.86,905.35,923.25,908.5300000000001,852.9,790.49,721.49
643.03,591.79,559.3299999999999,550.29,550.55,575.4000000000001,655.66,740.64,806.01,848.18,866.94,876.95,871.32,853.0400000000001,842.27,845.36,846.95,883.9000000000001,902.3799999999999,935.4,918.73,868.0100000000001,804.21,733.02
655.37,599.6700000000001,575.6800000000001,561.23,564.9300000000001,583.79,662.51,742.95,809.94,846.1700000000001,858.6200000000001,853.3900000000001,830.62,805.26,812.8800000000001,830.14,837.25,878.41,901.75,930.8199999999999,923.02,872.62,815.38,739.25
664.44,607.27,578.3399999999999,568.45,569.96,594.1199999999999,676.04,754.1100000000001,812.8699999999999,839.62,850.8399999999999,839.4,830.05,813.03,804.29,808.22,828.6400000000001,873.0899999999999,893.85,913.4300000000001,890.1600000000001,848.3900000000001,796.94,731.0600000000001
656.08,603.7,575.1600000000001,561.21,553.12,564.97,608.24,656.13,705.81,740.6400000000001,758.84,753.51,744.8399999999999,726.8299999999999,711.89,717.05,736.05,772.16,800.65,834.45,826.89,782.4300000000001,726.49,680.54
625.5799999999999,579.95,545.98,525.55,518.1,520.94,539.96,570.5799999999999,617.22,667.5600000000001,705.38,732.94,733.02,701.77,683.77,678.37,684.13,723.49,753.3,793.48,795.54,770.3000000000001,723.32,664.53
618.6099999999999,570.56,541.9100000000001,533.25,538.52,572.46,650.9300000000001,732.23,800.3299999999999,851.05,868.7099999999999,872.3,863.79,844.5600000000001,837.68,837.05,841.89,870.46,896.55,926.01,917.08,869.6700000000001,807.97,742.19
648.06,598.0999999999999,572.1700000000001,558.8699999999999,561.44,587.14,664.51,745.63,794.84,836.16,840.1,837.26,823.95,817.4999999999999,803.23,809.91,822.23,860.03,885.57,914.49,904.54,852.9499999999999,800.1600000000001,732.39
654.18,601.53,573.46,566.38,569.74,596.11,676.48,747.5999999999999,808.31,841.2800000000001,856.7,852.06,839.2499999999999,830.64,816.87,815.66,829.15,864.45,881.96,912.76,902.1,850.28,797.03,721.97
654.12,596.12,569.28,558.56,560.69,587.52,664.13,732.71,795.76,827.8800000000001,834.73,839.7,831.69,815.3399999999999,820.8399999999999,840.44,845.5699999999999,881.95,898.32,915.94,892.6500000000001,847.08,791.8499999999999,722.3699999999999
651.62,600.76,568.87,558.25,560.3599999999999,587.93,665.95,738.1099999999999,791.4100000000001,809.96,813.8499999999999,809.33,798.4200000000001,789.3,781.82,795.59,809.12,844.31,866.53,891.95,872.62,823.56,770.69,713.89
647.18,603.89,564.09,557.4,548.04,559.36,596.59,646.06,693.97,724.36,750.3100000000001,756.81,755.9100000000001,727.25,717.8199999999999,714.3299999999999,725.25,758.1600000000001,792.13,819.4300000000001,811.3500000000001,763.6299999999999,703.04,666.37
615.1,565.62,539.48,519.45,517.33,515.16,536.29,563.6700000000001,614.1600000000001,663.7,692.92,701.88,702.71,684.98,679.55,668.4300000000001,664.17,704.5999999999999,740.01,771.3800000000001,777.3,748.01,705.5,647.18
590.54,549.61,523.64,513.9300000000001,513.26,546.52,630.9100000000001,711.13,770.3000000000001,804.8100000000001,805.05,804.79,803.21,795.36,784.22,788.7600000000001,807.31,839.0799999999999,867.21,888.78,876.73,827.6999999999999,771.54,699.73
631.4,580.21,554.25,542.0799999999999,544.88,574.3900000000001,655.5699999999999,729.5,785.06,813.7800000000001,822.21,808.64,819.6199999999999,808.88,798.9000000000001,802.65,810.8499999999999,836.1,862.26,883.4300000000001,868.6500000000001,824.62,757.6100000000001,688.86
623.59,574.0500000000001,548.3900000000001,536.05,535.74,562.5,638.05,718.62,769.2099999999999,793.56,792.9200000000001,809.8299999999999,809.35,774.0699999999999,772.1600000000001,778.28,792.18,820.1300000000001,846.52,867.38,853.7499999999999,801.76,747.0799999999999,686.1099999999999
631.09,578.9000000000001,553.0,544.26,544.0,573.8199999999999,649.21,729.79,772.54,800.1500000000001,810.8,813.47,808.6700000000001,785.41,775.9999999999999,777.6,789.16,819.34,841.79,863.1399999999999,854.0899999999999,802.8599999999999,751.5799999999999,689.1600000000001
616.25,566.6099999999999,543.8100000000001,528.03,533.31,557.47,632.9,709.78,746.09,771.35,770.79,776.52,786.62,761.3299999999999,755.99,760.6999999999999,776.1700000000001,807.1899999999999,828.74,844.8599999999999,825.0500000000001,776.19,726.06,667.11
592.0699999999999,545.91,515.6600000000001,504.76,499.22,507.47999999999996,549.3199999999999,591.5,641.0,668.5,681.54,690.13,680.1800000000001,671.5699999999999,671.26,663.9200000000001,679.94,714.87,738.47,764.71,751.82,699.24,658.39,612.1199999999999
568.09,520.14,489.56000000000006,477.38,474.39,478.24,500.15000000000003,522.16,568.3599999999999,606.77,624.12,635.3599999999999,642.5699999999999,623.58,600.68,596.07,601.71,639.83,677.06,705.44,710.51,685.15,649.8199999999999,600.6800000000001
548.45,504.61,482.48,469.22,475.72,508.82,588.68,671.19,720.4699999999999,767.6500000000001,785.3100000000001,799.13,790.5899999999999,773.94,776.05,756.9200000000001,763.1700000000001,773.25,802.73,827.1299999999999,818.5699999999999,772.81,720.54,656.6299999999999
592.11,542.6299999999999,504.94,499.36,501.74,537.19,622.84,699.55,732.38,762.96,765.5,774.78,762.1899999999999,731.12,723.95,724.5899999999999,729.15,760.81,793.97,816.56,810.28,760.57,714.91,659.13
605.02,554.37,530.45,516.23,515.3399999999999,529.01,573.33,640.17,685.1500000000001,728.66,740.76,735.5500000000001,729.15,706.5799999999999,698.01,711.9300000000001,718.3800000000001,747.6700000000001,778.45,805.79,804.13,759.6,717.63,656.8499999999999
596.26,546.8399999999999,526.6800000000001,510.87,512.12,545.14,616.83,707.02,753.77,794.52,808.55,813.54,821.15,798.6800000000001,784.53,779.37,788.8199999999999,813.74,839.62,862.94,850.51,800.6600000000001,749.5699999999999,679.6600000000001
621.65,568.3499999999999,545.16,531.8699999999999,538.3199999999999,563.16,641.76,714.23,760.9,789.23,786.75,804.92,805.5,799.72,783.98,790.9,794.8699999999999,814.1,842.6800000000001,863.46,849.8,803.9100000000001,746.77,693.3
634.29,584.13,550.6,532.74,531.3100000000001,537.96,575.5799999999999,619.7,666.04,702.09,722.25,733.01,743.85,729.71,706.74,707.65,707.37,734.51,767.55,795.5500000000001,788.75,743.85,692.71,635.44
594.14,544.8,517.9300000000001,499.31999999999994,492.79999999999995,491.85,512.5,540.52,576.37,625.32,658.1700000000001,675.61,676.8199999999999,663.3399999999999,631.18,627.75,634.78,665.04,708.25,738.85,752.49,721.59,677.33,621.56
567.34,525.5,502.55,496.6,502.40999999999997,526.75,612.3900000000001,694.13,739.3299999999999,769.79,777.5500000000001,776.06,785.72,774.25,768.28,767.91,773.5400000000001,796.5799999999999,826.74,852.02,842.1299999999999,797.74,740.7800000000001,678.3
614.48,569.07,538.5699999999999,527.1500000000001,534.9,561.8700000000001,638.7099999999999,708.11,750.77,768.1700000000001,770.0,772.3700000000001,778.9300000000001,759.4300000000001,749.7,739.71,758.48,788.03,825.21,850.74,844.31,790.63,732.33,678.1700000000001
613.56,567.31,542.27,532.79,539.74,560.47,638.4499999999999,702.56,742.9000000000001,757.5500000000001,765.11,760.24,767.57,736.98,722.9,724.56,735.81,763.43,810.99,840.49,835.6099999999999,784.4699999999999,731.22,668.21
609.5,562.82,540.6700000000001,531.22,534.72,562.42,644.49,704.62,730.8,751.95,751.0699999999999,724.82,719.8499999999999,717.1999999999999,706.01,718.09,726.1500000000001,757.13,807.84,832.55,830.58,783.3900000000001,731.6,667.3199999999999
601.95,552.68,539.15,528.01,533.38,559.77,636.26,699.16,733.9,754.03,742.6499999999999,736.69,739.4,715.24,708.65,719.49,736.8399999999999,756.24,798.69,821.48,814.25,763.28,706.78,651.36
592.78,547.98,525.62,515.3900000000001,509.87,523.87,563.11,603.16,643.07,664.88,678.0999999999999,682.86,671.57,664.31,646.86,650.61,651.68,669.5,724.48,748.7,745.1899999999999,699.8,651.19,608.03
560.19,519.77,489.69000000000005,476.92999999999995,466.36,472.60999999999996,486.97999999999996,510.36,553.61,587.44,609.38,622.96,622.08,600.52,570.5,573.28,574.7,602.6899999999999,656.4000000000001,698.62,714.2099999999999,691.13,645.19,596.11
545.09,512.45,485.81,482.42,482.41999999999996,514.51,594.81,667.38,717.29,731.72,721.89,723.5799999999999,724.3700000000001,710.97,708.26,710.04,715.13,737.43,792.04,808.1299999999999,807.5699999999999,764.89,711.9300000000001,648.24
592.73,548.5899999999999,522.71,515.9,519.89,546.02,618.1800000000001,688.4,727.37,754.15,759.1300000000001,765.24,766.06,740.25,726.6700000000001,730.7900000000001,732.44,748.7399999999999,788.9200000000001,814.99,814.01,768.83,710.24,652.6700000000001
584.99,544.1,521.78,511.3,516.34,544.72,620.66,686.51,717.4300000000001,743.55,731.4100000000001,737.77,742.46,716.45,705.31,717.0,723.38,748.3499999999999,788.75,809.97,803.5999999999999,759.21,710.36,646.03
582.68,540.12,519.9,511.2,513.8199999999999,537.53,608.46,676.95,706.37,730.43,726.7099999999999,723.7,721.49,703.99,700.52,700.95,720.4399999999999,732.6300000000001,779.51,800.51,800.64,745.96,699.2,642.4100000000001
581.04,531.6,512.1700000000001,503.67999999999995,504.96,532.02,600.9100000000001,661.86,703.75,733.81,733.47,738.0500000000001,740.6700000000001,725.74,717.85,715.11,727.64,739.9300000000001,767.53,785.0,781.1999999999999,727.32,687.11,628.86
574.08,527.09,502.17,492.28999999999996,490.94,503.03,537.14,579.78,623.68,638.6800000000001,643.86,642.06,632.78,614.48,592.36,594.17,605.86,626.32,688.6,715.61,719.52,670.64,630.78,586.37
542.1,498.98,485.81999999999994,473.78000000000003,461.56,470.99,487.87,514.32,553.48,595.03,610.14,618.74,609.3100000000001,586.47,562.53,575.2,575.24,587.06,637.37,676.4100000000001,686.05,658.98,619.47,570.94
526.33,495.47,480.62,470.81,476.33000000000004,501.20000000000005,571.0600000000001,632.28,664.7,691.46,691.72,700.6400000000001,706.16,696.07,680.03,694.02,702.65,714.9200000000001,763.86,781.9100000000001,771.88,723.31,674.09,620.93
564.8100000000001,525.98,505.65999999999997,496.81999999999994,497.1,518.92,584.9000000000001,630.0,653.44,662.4499999999999,672.4100000000001,683.49,691.19,677.35,663.4200000000001,662.3199999999999,663.25,671.14,716.8,737.59,740.23,696.74,648.4,602.76
552.1600000000001,514.03,497.73,493.31,493.81,523.2,585.5899999999999,648.15,692.76,717.67,733.76,734.48,725.81,703.02,682.57,690.04,705.44,720.26,772.01,799.5600000000001,799.1499999999999,752.7,701.71,639.57
582.89,537.4100000000001,511.49,503.71999999999997,498.83000000000004,525.15,584.8100000000001,653.46,691.3499999999999,713.78,717.45,704.72,710.5600000000001,687.6999999999999,673.25,680.6099999999999,692.9100000000001,706.56,747.96,772.52,772.27,721.65,676.49,617.39
561.06,522.4200000000001,499.20000000000005,504.78,501.24,529.6199999999999,596.25,657.82,693.3399999999999,716.02,718.5799999999999,719.03,720.27,696.1700000000001,691.23,701.3399999999999,709.41,725.41,772.32,794.91,790.67,743.4300000000001,690.6700000000001,639.49
576.71,533.75,503.79,496.69,493.24,502.46,535.63,572.71,604.45,626.37,629.5999999999999,632.12,646.77,629.0699999999999,623.3800000000001,610.61,620.8700000000001,638.79,686.13,712.66,715.89,674.1700000000001,627.39,585.0799999999999
536.3199999999999,503.51,474.76,457.73999999999995,449.39,456.68,462.37999999999994,491.72999999999996,531.3,561.5,587.8699999999999,611.71,623.5,599.78,585.6099999999999,569.0899999999999,577.42,584.08,644.8100000000001,679.15,698.6999999999999,662.1800000000001,619.3299999999999,567.1500000000001
520.27,495.46999999999997,466.81,461.63000000000005,465.11,496.88000000000005,573.04,632.8499999999999,683.44,711.77,710.47,715.79,703.46,686.3799999999999,678.5899999999999,681.63,690.4699999999999,712.27,752.11,780.0300000000001,777.02,737.29,680.98,625.8
569.0,525.19,506.01,496.36999999999995,497.04,521.98,584.12,649.95,700.1800000000001,725.0899999999999,733.1800000000001,712.49,735.6400000000001,715.08,706.13,698.13,701.48,714.78,765.65,786.22,786.22,738.51,690.46,634.22
567.07,529.1800000000001,501.65999999999997,500.99,501.3299999999999,526.89,597.7,653.33,694.81,709.9100000000001,719.75,728.53,720.02,707.45,688.38,688.7,703.65,715.97,759.8900000000001,789.3,785.79,735.6600000000001,681.19,634.13
574.5699999999999,534.6999999999999,507.03,503.1,502.64,527.6800000000001,590.47,652.0,690.05,703.49,692.03,688.0799999999999,689.79,677.73,674.53,684.39,690.17,698.96,747.95,769.44,773.4300000000001,727.36,677.14,621.21
554.71,520.53,500.29999999999995,490.68999999999994,495.24,522.45,582.38,641.28,666.89,684.56,674.59,671.97,681.1600000000001,658.6,654.65,664.03,663.0,684.36,727.08,755.4,749.84,698.99,654.45,604.08
552.8,513.12,492.5,474.03000000000003,475.38,484.41999999999996,514.82,558.61,588.38,607.97,609.0,612.62,606.39,592.57,568.84,569.88,582.8,603.99,665.58,693.96,704.3900000000001,656.52,610.13,563.85
516.0799999999999,485.97,461.41999999999996,452.46000000000004,445.13,447.44,463.42999999999995,488.01,523.34,548.5699999999999,569.13,572.1700000000001,571.87,549.3,529.1600000000001,522.81,532.22,551.85,612.03,653.1800000000001,677.92,647.21,605.15,559.44
514.71,478.83000000000004,460.35,454.13,459.96,491.77,555.98,620.55,658.77,671.5899999999999,681.92,680.12,691.84,668.17,668.28,679.4200000000001,688.2,696.6800000000001,744.41,772.99,776.64,728.1,676.53,616.62
562.61,524.09,503.82,497.66999999999996,500.33000000000004,529.74,596.06,655.83,688.11,702.7,692.74,689.65,687.49,668.64,660.0699999999999,672.0699999999999,679.0,702.4100000000001,750.23,783.8800000000001,787.03,735.74,684.2,620.86
564.73,531.3199999999999,507.06,499.88,503.90000000000003,536.6099999999999,594.4000000000001,652.23,679.8,695.89,687.13,687.51,694.87,675.5699999999999,671.95,680.65,695.64,705.3399999999999,746.67,777.02,781.79,738.48,679.63,618.51
564.4000000000001,527.19,505.96000000000004,499.14000000000004,499.80999999999995,525.62,579.0,646.05,674.9,685.63,684.88,676.89,678.78,662.8900000000001,655.52,662.6600000000001,669.47,685.58,735.69,777.21,773.8599999999999,731.65,678.1600000000001,613.64
563.0,527.99,502.35,499.5,501.34000000000003,530.8299999999999,583.39,644.04,673.79,684.78,684.9,680.95,677.2,661.02,651.8,660.62,670.19,682.81,726.85,759.49,760.5,710.34,656.34,602.95
548.97,511.23,485.94,473.9,480.60999999999996,490.0799999999999,514.6800000000001,558.63,597.38,616.0699999999999,613.9399999999999,614.68,609.82,595.37,585.0,577.8199999999999,584.77,603.55,640.6,671.58,683.24,637.05,591.36,548.72
504.75000000000006,473.07000000000005,452.08,437.19,432.96000000000004,441.66999999999996,449.15000000000003,479.01,507.5400000000001,545.12,560.79,575.6,567.49,541.67,522.55,514.53,522.06,535.26,591.97,630.15,655.13,625.75,587.1500000000001,546.6800000000001
506.28000000000003,476.22,456.42,449.14,456.12,488.09000000000003,543.75,606.89,640.38,662.05,656.3,661.9000000000001,664.85,657.6,650.0,654.19,658.32,669.03,710.9300000000001,747.87,753.12,707.15,657.47,600.11
540.6600000000001,501.68999999999994,485.75,476.0,479.48,507.55999999999995,564.55,618.6,653.95,676.75,666.51,660.25,668.9200000000001,655.61,658.49,656.78,666.5,682.63,728.5899999999999,766.6600000000001,768.28,720.4300000000001,663.72,608.94
546.1099999999999,511.83000000000004,494.30999999999995,487.86999999999995,491.78999999999996,519.29,578.3,628.86,673.65,697.26,704.48,712.1800000000001,719.1500000000001,705.45,692.19,695.5799999999999,703.3100000000001,701.78,746.8100000000001,777.71,783.45,731.36,677.52,621.27
564.3,526.3,505.91999999999996,495.28999999999996,498.63,520.92,571.2,623.97,662.09,687.8699999999999,686.6600000000001,691.4100000000001,694.73,686.17,674.8,681.85,686.3,687.44,739.52,777.78,782.67,735.03,679.72,626.64
561.54,523.72,501.53,494.04,496.08,516.72,573.6500000000001,628.8900000000001,663.87,682.23,685.83,683.1500000000001,687.04,677.01,670.29,674.83,688.2900000000001,694.95,734.66,774.13,771.53,722.85,677.68,624.0799999999999
565.77,522.41,503.2,486.26,488.61,493.75,510.05,547.5,579.19,605.83,602.8299999999999,604.48,605.63,596.4300000000001,577.54,578.9100000000001,582.21,602.33,646.31,692.2,703.05,668.4200000000001,617.9300000000001,567.57
526.0799999999999,490.45,466.31,464.33000000000004,462.35,460.37,475.89,509.65,554.3299999999999,578.8,604.4,613.4200000000001,593.46,562.02,540.65,537.2,551.01,566.69,628.0,671.24,671.33,638.73,584.1400000000001,529.8299999999999
490.98999999999995,470.28,457.40000000000003,459.52,489.8,561.56,625.94,664.01,681.39,686.95,676.68,676.4300000000001,660.98,647.21,643.99,643.81,659.47,671.05,721.01,750.3299999999999,734.51,686.18,625.95,562.49
520.86,494.66,487.39,485.73,512.75,585.68,641.25,677.42,695.43,682.0,672.48,685.5500000000001,676.25,658.5699999999999,650.1700000000001,658.7,665.23,672.69,722.12,751.55,729.48,687.3399999999999,630.9300000000001,565.37
522.0799999999999,492.74,492.35,488.53,513.05,578.55,636.56,675.18,683.47,684.27,676.07,681.63,664.37,660.49,661.62,659.9,661.58,664.93,713.2,745.34,726.4100000000001,679.6800000000001,620.3700000000001,557.47
519.78,494.19,485.04999999999995,481.93000000000006,508.41,575.0799999999999,625.48,670.6500000000001,689.96,693.55,685.49,676.3499999999999,660.21,643.75,644.06,639.11,652.6800000000001,660.8299999999999,719.5,746.63,723.5899999999999,672.4000000000001,612.07,569.3100000000001
521.67,494.62,485.95000000000005,486.49,511.74,578.93,634.71,666.61,681.4100000000001,673.75,666.4100000000001,666.45,643.24,633.06,634.73,641.8100000000001,643.04,657.0,699.9000000000001,739.7900000000001,707.58,663.2,608.99,558.08
509.68,490.06000000000006,479.08,472.75,481.67,510.29999999999995,548.97,581.24,598.31,595.24,592.3399999999999,592.57,573.0799999999999,560.1600000000001,554.79,552.87,558.19,575.8599999999999,628.61,658.94,647.05,599.06,558.0699999999999,511.34000000000003
476.87,449.9,445.87,437.8,439.89,449.97,477.99,508.3,550.42,573.77,590.5799999999999,588.81,558.14,538.1600000000001,517.3700000000001,506.72,514.79,535.1,591.6300000000001,626.47,628.98,591.52,549.81,502.61
470.50000000000006,443.69,437.29,438.44,468.53999999999996,537.26,599.13,633.4300000000001,652.1600000000001,658.56,647.3199999999999,662.9,653.79,643.7,646.79,650.04,653.3199999999999,661.59,703.74,727.39,707.01,660.2,597.44,539.1400000000001
495.20000000000005,478.91999999999996,467.82,475.17999999999995,494.52,566.03,623.76,662.62,686.28,682.65,678.96,686.62,669.23,667.78,674.96,679.21,680.79,684.01,720.38,738.85,715.19,664.55,602.4200000000001,543.78
505.31,489.55,480.18,483.15000000000003,504.01,579.95,630.05,663.4,697.18,691.67,689.65,691.01,669.7,651.97,650.31,658.38,671.3199999999999,677.1,718.26,746.0799999999999,728.77,677.23,619.8299999999999,555.07
519.28,495.83000000000004,491.07,492.73,512.57,581.08,626.56,653.9200000000001,685.32,673.41,668.12,677.1400000000001,659.11,646.7,656.3000000000001,670.74,677.76,678.0,713.71,740.73,720.2,679.27,611.95,558.81
520.01,498.04,491.41999999999996,494.28000000000003,519.3199999999999,583.5699999999999,639.95,674.09,688.1400000000001,681.46,663.5600000000001,674.3,663.3199999999999,665.9300000000001,662.8,672.99,667.5300000000001,677.74,703.8699999999999,732.91,704.5699999999999,664.3399999999999,605.25,553.95
510.01,491.83,476.93,477.23999999999995,485.64,519.44,557.48,590.81,611.0999999999999,601.1199999999999,596.23,598.98,581.02,559.69,552.52,559.6700000000001,563.9300000000001,587.18,633.79,670.39,651.73,606.9200000000001,559.43,514.23
481.11,456.96000000000004,446.35,436.74,441.9,454.13,476.93,517.3,542.38,557.15,554.6700000000001,552.56,538.1700000000001,517.36,496.88,494.04,501.64,532.5999999999999,584.39,631.8,628.76,598.1,549.91,506.73999999999995
473.78999999999996,456.06000000000006,451.34000000000003,450.27,476.03000000000003,540.0699999999999,599.23,624.29,647.11,645.64,643.67,650.3100000000001,637.12,640.1,646.53,652.49,660.95,667.54,704.05,733.4200000000001,712.13,671.77,605.96,553.9
514.1700000000001,492.37000000000006,487.05000000000007,486.96999999999997,512.78,569.2,621.35,655.03,687.56,677.0699999999999,678.1400000000001,674.31,663.6,656.01,671.44,665.3199999999999,675.48,691.06,717.74,744.22,714.9,665.36,608.19,550.3399999999999
514.45,496.84999999999997,488.06,493.84000000000003,517.06,576.3,628.9499999999999,656.4,675.95,668.4,668.86,665.64,652.79,643.75,653.38,663.42,667.8199999999999,674.34,706.76,739.9100000000001,715.3,666.99,610.06,557.99
516.83,495.9,485.0,492.58,510.78,570.25,620.39,658.5799999999999,684.31,675.3599999999999,675.31,673.0600000000001,656.34,648.04,653.99,659.71,664.03,670.3,696.3199999999999,722.6500000000001,697.47,654.33,596.97,546.06
508.15000000000003,486.69999999999993,479.90000000000003,479.54999999999995,500.46,548.8,583.16,610.4,625.99,619.84,620.3,618.51,611.26,591.41,592.79,600.6400000000001,603.94,619.58,648.34,679.67,658.1600000000001,617.86,570.75,523.24
484.79999999999995,461.61,449.76,444.77000000000004,453.64,473.59000000000003,514.41,556.13,579.91,582.26,582.16,574.54,559.84,547.88,543.14,548.96,549.3,558.8,587.77,618.46,600.8399999999999,565.0799999999999,516.48,473.94
438.59000000000003,415.03000000000003,403.29,397.92,400.62,406.48,424.06,452.86,480.42,482.9,497.51,516.1800000000001,495.1,443.76,433.35,450.68000000000006,455.71000000000004,466.2,498.59,534.73,537.89,522.99,486.24,444.7
419.06,402.37,392.65000000000003,392.23,400.76,412.02000000000004,441.62,479.04,510.03000000000003,511.27000000000004,511.09000000000003,506.16,493.05999999999995,474.78000000000003,471.19000000000005,470.26000000000005,489.03,511.33,555.19,606.62,606.27,582.71,536.26,487.66999999999996
449.24,434.15,423.79,431.02000000000004,459.19000000000005,524.25,580.27,634.99,669.1,681.77,690.34,694.38,674.26,663.73,666.61,676.53,685.06,681.62,707.9,730.95,708.58,660.24,605.76,549.06
512.5899999999999,486.53,484.1,484.21,512.9200000000001,566.6800000000001,619.55,653.1400000000001,685.99,679.9300000000001,679.01,680.4000000000001,662.6800000000001,657.46,657.72,664.87,676.57,682.01,719.61,748.95,721.04,668.72,619.91,556.24
519.06,502.79999999999995,493.63,486.27,523.12,576.01,629.65,667.8,693.28,686.36,692.8199999999999,678.4100000000001,661.9599999999999,654.76,658.5,663.45,666.34,679.53,699.93,742.6600000000001,717.05,679.47,619.74,567.35
528.29,510.14,501.78,502.12,529.56,579.92,633.5699999999999,665.7,687.36,677.0899999999999,668.2,669.18,660.19,652.5,648.4200000000001,644.91,654.5899999999999,669.92,703.1,729.99,707.1800000000001,668.61,612.26,557.0600000000001
523.52,506.27,495.51,492.58,506.67,531.0799999999999,573.26,595.11,614.5899999999999,613.36,614.29,599.3,582.63,572.7,573.51,565.5,583.5899999999999,596.16,627.79,675.61,655.52,614.99,564.94,515.75
481.53999999999996,459.79,447.84,441.90999999999997,446.15999999999997,450.19999999999993,472.21,515.16,540.56,561.89,565.27,565.09,542.19,515.71,510.6,505.85999999999996,524.26,543.25,585.03,626.99,626.39,601.78,554.6800000000001,510.03
476.14,453.94,451.09999999999997,450.89000000000004,479.99,529.85,579.25,619.56,644.85,642.86,643.9200000000001,648.6300000000001,636.1999999999999,625.66,626.01,635.16,635.64,643.1800000000001,676.28,713.9200000000001,691.0699999999999,648.05,589.03,534.28
495.98,479.47999999999996,468.93,465.90999999999997,484.53999999999996,525.95,553.89,578.81,598.78,602.9300000000001,602.8399999999999,604.3299999999999,578.1400000000001,561.04,557.41,557.54,570.97,589.37,622.73,666.37,659.06,622.0600000000001,571.59,510.71000000000004
475.47,457.42,456.56,458.1,483.0,535.25,591.64,630.97,663.19,660.09,671.74,678.1500000000001,654.54,645.49,651.51,657.03,651.06,655.63,680.77,710.8799999999999,677.41,644.71,592.1400000000001,537.31
494.42999999999995,472.12,464.39,457.47999999999996,468.13,489.9,543.22,587.53,624.2,646.3800000000001,639.0,637.44,623.1600000000001,606.5699999999999,612.3199999999999,609.69,616.6500000000001,622.82,649.05,671.13,656.45,621.71,574.53,520.25
480.65999999999997,464.09999999999997,455.25,455.46999999999997,474.16999999999996,506.42999999999995,555.4,607.24,643.2,647.02,649.82,646.1800000000001,622.72,604.34,601.45,604.5500000000001,606.91,621.77,641.94,670.38,648.21,616.22,565.8199999999999,523.17
486.91999999999996,465.39,452.2,447.33000000000004,456.64000000000004,474.71999999999997,503.40999999999997,539.8399999999999,558.99,562.0699999999999,572.01,572.3399999999999,568.23,546.0,535.29,540.92,550.6700000000001,560.02,585.52,620.0899999999999,613.33,581.87,536.89,498.31
462.2,438.25,420.59000000000003,422.43,420.43,427.36,449.9,475.65000000000003,492.80999999999995,502.62999999999994,509.7,505.53999999999996,492.64,468.88,460.89000000000004,457.90999999999997,471.76000000000005,490.77,514.52,564.42,562.87,542.04,499.6,460.98
427.43,410.15,399.79999999999995,399.26,402.69,403.46999999999997,419.80999999999995,446.89,465.08000000000004,469.09000000000003,469.68,458.40999999999997,446.49,425.78000000000003,422.90999999999997,426.75,442.76,474.6,507.82,563.64,565.04,549.11,501.57000000000005,454.52
425.98,403.96,399.82,400.82000000000005,412.72,432.14,482.40999999999997,529.5,561.19,560.49,560.7,554.22,535.6600000000001,540.49,549.75,563.94,570.81,588.0899999999999,607.6099999999999,652.74,644.74,610.6,556.84,500.52
469.22999999999996,451.52,448.86,450.7,471.81999999999994,533.75,594.54,639.9,662.0899999999999,662.86,654.18,654.45,646.63,637.97,640.92,642.93,645.45,646.17,670.51,709.24,687.66,651.8699999999999,596.48,542.3000000000001
501.83000000000004,480.62000000000006,477.03999999999996,474.46000000000004,501.59,546.66,610.8100000000001,643.5699999999999,663.53,654.74,650.54,654.0,654.67,638.63,642.71,642.67,655.0500000000001,660.17,681.09,714.7,694.6200000000001,652.74,604.3399999999999,552.72
520.46,493.03000000000003,491.02000000000004,487.78999999999996,506.82,556.9300000000001,621.73,663.87,687.96,684.87,680.55,678.87,662.88,647.5699999999999,646.45,646.91,655.6800000000001,657.24,672.18,707.78,684.98,649.98,596.47,544.11
509.45,488.59000000000003,475.04,471.42999999999995,477.63,499.06,530.55,562.4,581.06,582.49,583.36,585.37,574.92,562.69,554.21,559.78,565.13,584.02,603.69,645.36,626.3199999999999,594.06,551.08,507.32000000000005
474.71000000000004,451.32,438.48,432.83,433.0,436.88,461.50000000000006,490.07,518.44,538.57,554.36,558.0799999999999,538.4200000000001,509.26,503.8,497.69,503.63,524.8199999999999,548.1700000000001,595.96,599.71,580.22,536.9300000000001,497.3
465.12999999999994,443.66999999999996,431.30999999999995,434.19000000000005,459.42,518.55,580.8900000000001,617.08,642.43,635.67,636.01,639.94,635.99,628.5899999999999,626.4,636.13,645.71,654.87,673.8800000000001,701.8900000000001,676.9300000000001,642.04,583.9,532.75
494.96,474.95,476.34999999999997,475.78,499.14,554.77,616.49,658.77,676.04,670.68,662.04,657.71,652.3399999999999,649.19,649.91,652.2,664.75,671.08,690.43,715.73,691.82,653.36,595.92,541.5699999999999
507.03000000000003,488.24,483.91,483.28,503.28999999999996,562.23,622.83,659.9399999999999,678.56,663.6800000000001,654.26,654.1,644.6099999999999,634.69,636.52,649.56,656.71,666.1800000000001,687.35,723.53,701.88,668.5,607.86,543.22
506.78,483.77,477.94,480.31,491.43000000000006,544.56,603.7,643.0,677.95,688.29,684.1,683.76,675.94,660.07,661.6800000000001,673.77,673.3800000000001,682.28,698.1800000000001,728.49,693.97,658.1,611.52,552.76
522.86,503.03,494.57,485.32,504.32000000000005,566.28,620.55,665.1800000000001,692.6700000000001,690.63,674.14,679.9200000000001,665.47,653.71,658.1400000000001,662.53,661.63,660.51,678.78,709.4000000000001,683.3000000000001,651.22,598.87,553.6500000000001
512.9300000000001,490.15999999999997,480.35,476.91,480.48,504.41999999999996,540.5999999999999,587.9300000000001,604.77,607.46,613.37,614.68,594.78,578.5600000000001,571.6800000000001,577.41,582.99,585.7,604.13,635.13,623.14,594.22,554.72,512.04
484.0,451.65999999999997,441.63,430.06,430.63,434.79999999999995,454.95,500.08,523.29,539.5999999999999,552.61,553.4,539.42,514.31,511.35,507.73,519.99,535.65,564.9200000000001,605.13,608.08,586.9200000000001,541.03,496.28999999999996
471.98,450.58000000000004,446.4,447.58000000000004,467.03,519.91,581.2,635.01,666.83,676.76,673.99,672.99,659.3000000000001,656.21,657.81,656.59,663.01,663.4000000000001,678.54,705.36,688.8399999999999,654.37,604.86,554.58
514.65,499.64,481.49,483.72,499.04,554.0,622.1,654.15,672.6399999999999,670.16,667.8,673.4,656.75,660.56,671.98,682.31,684.98,685.55,694.1300000000001,718.6899999999999,708.84,671.11,608.62,554.3
516.4300000000001,497.17,494.21999999999997,494.02000000000004,511.36,558.9,624.35,662.63,689.11,680.8799999999999,673.74,675.93,672.9100000000001,662.79,663.73,676.79,674.27,677.23,692.94,720.47,702.2,673.4100000000001,606.77,558.9
516.62,499.46000000000004,492.47,497.74,505.92,551.79,617.74,650.08,669.0699999999999,668.4300000000001,655.29,660.46,660.84,635.52,640.0,655.95,662.29,668.47,687.5699999999999,711.78,699.84,667.38,611.28,555.8199999999999
512.3699999999999,494.25,490.70000000000005,492.98,502.53,551.51,613.0699999999999,647.15,667.27,662.02,650.16,648.34,641.7199999999999,638.37,645.75,648.79,645.4,656.22,667.59,689.65,680.6199999999999,651.12,604.3199999999999,550.77
510.95,489.97,481.94000000000005,474.58,478.47,494.32,539.8,574.11,598.23,603.1,606.36,610.85,586.85,574.01,573.9200000000001,567.1800000000001,579.3299999999999,591.23,606.13,633.6,614.91,589.02,548.8599999999999,509.39
476.75,454.96,446.16999999999996,438.51,434.71000000000004,437.71,469.85,500.56,525.9300000000001,539.6199999999999,551.8599999999999,552.6800000000001,526.7,511.80999999999995,512.54,505.43,505.7,527.79,555.4300000000001,590.36,607.59,589.76,541.54,505.27
472.89000000000004,452.25,446.28999999999996,449.45000000000005,467.95,527.4399999999999,582.21,620.35,641.2,642.75,643.1,648.99,647.76,635.39,634.85,635.05,648.73,653.38,676.51,702.8399999999999,690.03,650.29,596.53,545.37
507.26,493.57000000000005,484.64,485.97,502.41999999999996,553.59,610.5699999999999,645.15,668.01,668.42,671.97,677.33,664.9000000000001,659.94,674.6800000000001,673.81,687.38,697.12,708.06,721.9399999999999,712.18,671.78,618.86,565.1800000000001
530.6500000000001,513.55,506.17999999999995,509.0,513.0,566.87,633.0899999999999,672.92,699.75,700.51,692.6700000000001,692.8,690.95,675.03,685.13,692.79,694.87,696.6800000000001,707.51,725.0999999999999,708.06,670.83,616.78,561.97
531.12,513.24,504.0,505.85,516.61,566.91,620.3,659.6600000000001,676.2099999999999,670.44,672.52,680.88,679.14,663.62,667.38,671.24,678.09,677.3500000000001,693.72,711.91,700.3299999999999,673.89,614.13,568.89
529.51,509.68,505.56999999999994,504.36999999999995,512.64,569.07,620.74,657.9,674.86,676.3000000000001,676.61,676.3399999999999,664.13,651.11,656.55,662.69,660.3,667.28,676.32,694.8800000000001,681.7900000000001,651.22,601.6099999999999,552.34
519.23,496.15,486.63,485.96000000000004,484.4,504.09999999999997,544.49,582.05,598.12,601.03,598.4200000000001,603.7,591.22,563.5799999999999,567.12,573.67,580.8499999999999,597.38,611.31,632.5999999999999,628.96,603.24,559.24,520.6800000000001
487.30999999999995,463.76,452.45000000000005,444.89,441.64,448.65999999999997,476.52000000000004,506.87,528.5,542.56,558.37,553.21,529.96,518.81,506.94,506.32000000000005,519.9200000000001,543.74,566.11,601.65,612.31,597.37,552.3199999999999,506.99999999999994
478.96000000000004,457.96999999999997,455.67999999999995,458.0,475.78,528.19,593.56,631.04,661.58,665.39,668.3399999999999,671.87,661.34,655.66,662.04,666.25,676.0,680.56,691.42,709.7,701.36,669.81,614.38,562.52
521.4300000000001,503.03999999999996,492.11999999999995,495.54,509.1,556.99,618.44,662.01,682.5,681.26,678.3900000000001,686.83,683.47,673.53,680.85,694.81,692.6600000000001,692.95,700.99,716.03,709.58,678.1600000000001,629.77,568.48
527.65,514.21,503.02000000000004,507.83,518.3299999999999,572.02,619.1600000000001,669.1299999999999,692.3199999999999,693.22,685.77,690.96,686.47,678.84,681.6999999999999,693.27,693.8900000000001,701.1700000000001,705.52,720.81,703.1400000000001,669.3,623.13,577.74
537.46,520.05,513.77,512.83,519.8299999999999,564.74,623.63,661.71,693.63,693.3199999999999,692.1,688.9300000000001,683.99,674.69,678.64,692.73,697.0,696.01,701.0799999999999,710.17,698.72,670.84,622.55,567.81
528.04,507.01,497.18999999999994,495.84000000000003,510.34999999999997,548.39,587.03,634.97,660.27,670.03,661.89,666.49,643.1099999999999,643.21,652.86,662.46,664.45,672.39,674.09,688.46,669.19,645.8199999999999,605.89,558.5799999999999
519.99,501.09,488.12,484.12,480.33000000000004,505.26,538.77,576.63,601.97,604.39,611.5,608.9300000000001,593.28,577.63,574.4,579.56,586.96,600.96,619.52,630.5699999999999,623.47,605.96,565.95,524.3000000000001
493.8,470.87,461.14000000000004,452.82000000000005,450.63000000000005,450.17,476.12,508.06,536.86,547.79,560.9,559.62,544.4100000000001,526.94,514.72,519.6200000000001,532.13,559.84,574.71,610.4,614.65,599.15,564.98,517.43
493.57000000000005,472.24,466.34000000000003,469.06999999999994,485.64,538.44,601.1,652.19,674.78,676.05,684.92,686.05,676.8399999999999,667.95,663.21,679.38,687.16,687.99,702.03,721.4499999999999,708.38,678.51,622.74,571.29
533.61,518.15,510.67,512.63,524.05,569.1,626.4,676.3199999999999,692.9000000000001,700.5,719.57,731.21,708.47,698.82,704.31,709.37,703.6199999999999,702.05,716.96,728.7,708.69,677.45,624.38,570.8700000000001
534.64,514.87,502.67,505.99,522.8,570.16,630.9499999999999,683.86,707.51,704.8,704.97,711.65,707.6,685.94,693.75,700.0,707.39,717.29,726.69,735.11,710.68,683.01,628.41,577.91
537.96,516.46,505.87,507.17999999999995,513.76,565.24,625.4,665.2,691.2,689.04,685.46,687.76,678.95,661.41,663.75,677.46,685.78,692.53,701.0600000000001,712.89,716.75,684.1800000000001,636.74,576.21
541.09,519.9200000000001,506.08000000000004,511.06999999999994,519.5899999999999,576.3499999999999,632.68,674.06,699.4300000000001,699.9200000000001,696.73,699.53,691.53,676.95,673.97,686.3,690.75,699.5,700.52,705.84,699.1800000000001,670.5899999999999,628.78,572.87
535.09,511.38,498.31,493.10999999999996,493.17999999999995,513.68,555.32,597.26,619.25,632.92,628.99,622.28,604.34,585.5799999999999,579.88,588.55,602.08,609.74,621.55,634.96,636.99,610.72,568.92,531.38
501.12,479.73,464.34999999999997,457.90000000000003,447.65999999999997,457.66999999999996,480.94,514.8299999999999,537.26,550.15,562.49,565.51,547.81,528.5999999999999,522.78,523.1700000000001,537.12,559.14,577.47,610.74,627.81,616.3199999999999,576.7,533.3299999999999
499.44,481.29,472.94,477.28999999999996,484.46,540.1700000000001,599.34,647.56,674.3900000000001,683.52,680.4,691.22,680.9000000000001,682.02,686.45,702.24,704.0,711.61,719.3,728.16,723.28,692.96,635.54,582.29
538.29,518.4000000000001,511.05999999999995,513.87,520.5899999999999,573.54,628.72,666.55,693.9200000000001,700.6800000000001,708.87,717.99,701.67,701.71,706.42,712.97,719.54,725.6999999999999,731.66,734.73,729.88,702.0699999999999,654.63,591.6700000000001
555.0699999999999,531.62,520.67,524.4300000000001,530.85,581.89,647.14,696.1600000000001,732.72,738.88,733.85,732.1500000000001,726.51,714.0999999999999,723.1300000000001,730.25,739.8399999999999,735.65,730.41,731.5699999999999,718.37,696.0799999999999,648.38,596.58
552.1700000000001,534.6400000000001,523.39,516.8299999999999,527.88,568.91,616.3499999999999,648.84,670.31,673.0899999999999,681.2,688.85,682.89,673.5600000000001,664.5799999999999,675.8900000000001,679.1500000000001,688.73,694.29,700.38,705.38,683.5600000000001,639.19,587.86
547.02,533.49,515.22,514.95,523.83,573.08,635.98,684.8299999999999,718.67,729.1700000000001,738.16,741.41,740.16,726.37,722.98,726.08,727.78,728.9599999999999,736.28,739.8700000000001,731.77,700.89,655.0899999999999,598.94
563.01,537.48,529.14,524.77,517.05,537.21,576.13,621.66,651.4300000000001,663.9200000000001,673.21,679.19,666.51,648.65,644.91,649.08,655.88,667.9300000000001,675.83,684.13,682.5,663.6400000000001,621.36,579.96
545.4300000000001,519.9200000000001,506.26,494.82000000000005,484.96,492.59,511.63,542.14,572.6600000000001,594.1800000000001,615.0699999999999,611.5799999999999,584.8,577.8100000000001,563.92,554.8499999999999,574.75,595.87,615.5899999999999,642.49,660.05,654.1700000000001,609.56,562.0899999999999
530.3299999999999,514.62,503.21,501.65999999999997,511.26,569.48,625.29,677.62,707.02,712.62,726.9000000000001,745.1099999999999,742.72,726.45,731.6700000000001,743.6800000000001,748.2399999999999,746.1400000000001,747.7,753.64,749.1,722.7,672.73,618.53
572.53,550.3199999999999,544.73,545.1299999999999,549.66,602.6500000000001,653.0799999999999,693.28,731.24,744.23,759.23,768.91,751.8,738.15,752.51,761.64,770.0799999999999,772.39,772.62,772.91,767.6500000000001,743.03,690.3199999999999,628.02
590.19,566.84,557.1800000000001,553.18,558.54,613.6800000000001,670.35,713.94,748.85,761.8699999999999,763.9300000000001,769.96,762.8900000000001,750.99,764.4799999999999,771.71,773.36,780.27,776.71,779.24,764.27,727.9499999999999,675.4499999999999,619.49
582.0,560.6600000000001,547.72,545.41,556.96,599.13,653.54,696.4599999999999,730.02,740.73,747.5799999999999,752.57,742.52,742.03,748.01,758.4200000000001,761.08,762.1700000000001,759.42,759.84,751.2900000000001,727.87,676.87,623.04
579.31,563.23,550.12,548.49,550.87,597.98,656.83,704.8299999999999,740.01,748.5899999999999,748.5899999999999,755.8599999999999,743.4100000000001,742.9000000000001,750.29,752.3800000000001,753.71,746.16,747.24,743.95,720.9300000000001,691.07,649.79,602.98
571.09,544.39,530.09,525.84,519.6099999999999,537.8,569.81,601.1,632.0699999999999,641.07,652.0,656.66,644.02,624.3599999999999,622.51,627.81,640.8900000000001,645.94,656.34,666.72,667.56,643.7,610.9100000000001,572.53
536.78,517.55,497.04999999999995,490.92999999999995,485.15999999999997,488.59000000000003,509.59000000000003,543.2,568.4,585.02,607.48,608.62,595.8399999999999,579.5899999999999,565.03,571.09,585.5799999999999,609.16,617.5899999999999,632.9,641.0600000000001,633.1600000000001,598.82,551.52
521.06,504.04999999999995,498.65999999999997,499.27,504.46,563.87,624.09,678.28,706.98,721.23,722.54,729.1300000000001,722.0699999999999,717.53,722.32,738.28,740.99,742.88,751.5699999999999,748.21,748.1400000000001,718.2,672.63,617.81
575.81,551.13,541.37,540.41,544.75,590.88,642.37,699.9200000000001,744.83,758.69,766.0,783.08,781.03,763.03,764.54,769.55,781.85,778.45,774.52,776.76,771.28,743.7,696.23,635.14
588.16,569.36,555.8499999999999,554.12,559.32,609.38,650.82,706.98,749.99,764.62,770.86,794.04,794.78,780.42,779.98,790.29,792.28,781.77,776.8900000000001,771.16,755.31,719.0699999999999,676.55,628.4
588.56,567.86,555.49,550.13,549.0,591.59,641.12,698.49,733.31,736.5699999999999,742.52,754.9200000000001,745.54,736.01,744.53,752.47,752.36,750.69,751.38,754.4300000000001,742.56,715.01,675.77,616.14
576.27,554.3299999999999,540.39,538.65,545.49,585.6999999999999,644.47,695.02,729.29,743.84,749.44,750.73,750.03,757.9,779.39,778.44,754.99,738.31,726.12,731.5799999999999,718.46,703.03,671.35,615.51
582.05,555.9300000000001,538.4100000000001,534.24,524.56,535.8299999999999,566.34,598.74,629.45,636.84,647.3199999999999,655.54,641.05,638.61,634.74,634.3299999999999,620.81,630.28,642.64,650.85,648.11,631.73,597.99,560.6299999999999
524.6500000000001,502.14000000000004,487.58,476.63,469.78,467.9,480.82000000000005,509.53,532.61,548.95,571.82,586.53,568.8199999999999,552.55,548.88,542.7,556.04,566.95,585.0,605.62,623.12,611.3199999999999,580.75,539.48
514.6099999999999,492.6,482.69,483.77000000000004,493.51,541.6600000000001,597.8199999999999,649.55,688.28,700.6600000000001,713.21,719.35,707.1600000000001,704.94,703.7,707.35,709.41,714.59,718.65,724.76,719.22,692.98,642.51,598.0
556.08,532.2,521.62,519.86,525.4200000000001,578.46,637.49,685.22,722.63,732.39,742.93,741.75,725.35,722.16,724.22,733.11,741.82,744.9,741.8800000000001,746.66,736.57,710.28,660.59,609.6700000000001
571.64,551.1700000000001,539.49,537.5999999999999,547.25,589.3,639.0,691.19,722.1400000000001,729.3199999999999,737.0,732.01,720.59,721.68,725.72,738.69,746.03,744.69,748.4300000000001,745.32,742.62,715.78,668.47,617.27
575.6199999999999,558.1700000000001,544.77,541.74,547.87,593.3299999999999,647.27,695.9399999999999,730.24,739.6600000000001,745.53,753.91,732.92,727.65,739.24,745.12,755.3,756.51,758.4,748.22,743.65,717.55,670.76,621.53
580.11,557.04,545.65,542.12,543.47,590.26,648.49,701.02,742.4,755.8800000000001,761.54,763.02,745.73,747.16,754.8199999999999,764.51,762.08,753.51,745.21,746.45,736.6,709.24,666.51,614.7
578.88,552.96,541.3,535.93,533.6700000000001,546.8,584.69,621.65,646.97,658.52,668.71,672.37,662.13,640.9200000000001,637.89,650.58,657.39,673.99,679.52,686.33,686.79,663.01,629.67,586.98
549.95,527.34,514.73,499.12,492.43000000000006,491.66999999999996,513.98,545.1,563.05,581.21,597.56,606.04,596.02,586.51,579.95,586.04,593.52,616.78,631.45,660.46,678.62,675.0699999999999,637.9300000000001,593.19
557.49,532.53,525.3199999999999,522.88,530.04,572.98,629.39,689.85,728.1700000000001,743.24,757.34,771.4,766.68,764.71,769.52,780.46,785.6099999999999,786.9,778.5899999999999,778.66,771.36,750.8199999999999,701.78,642.27
601.29,578.8299999999999,557.37,556.8199999999999,561.78,596.04,651.09,715.13,751.3299999999999,764.9,784.36,794.16,782.86,776.9300000000001,780.3899999999999,789.64,790.38,787.79,782.35,784.51,764.85,742.34,697.55,648.56
607.99,577.73,567.73,560.3100000000001,572.79,604.3299999999999,659.01,715.51,756.15,771.12,797.25,813.04,802.42,809.8700000000001,810.77,820.3399999999999,819.8,820.3,808.3500000000001,809.03,799.02,780.0,727.9200000000001,672.27
629.29,596.94,585.3299999999999,574.67,581.71,614.78,666.15,718.14,764.78,782.72,806.44,811.78,796.8,802.53,811.67,814.0899999999999,811.3299999999999,804.29,795.23,796.0699999999999,790.22,772.56,724.5600000000001,682.45
640.46,606.42,594.01,589.81,593.0799999999999,634.1300000000001,683.83,728.44,771.69,775.33,779.5600000000001,779.75,769.3499999999999,761.81,770.03,772.72,763.06,765.8,762.51,760.89,749.26,719.9100000000001,681.34,639.25
598.8900000000001,573.56,561.84,553.23,542.58,552.62,575.4200000000001,611.93,635.47,651.81,676.62,684.34,669.95,656.99,640.69,643.48,644.87,657.84,670.94,690.1800000000001,689.18,666.9,627.95,586.48
554.81,530.72,515.89,506.58,491.56,493.52,506.89,535.24,571.6600000000001,592.4300000000001,582.88,595.48,594.53,586.76,573.58,550.83,562.77,573.12,596.32,624.44,640.1800000000001,636.9,603.49,559.1
525.3199999999999,505.99,495.14,495.97,505.28000000000003,550.54,599.75,642.52,678.1200000000001,692.4,705.6800000000001,714.97,704.59,695.6400000000001,706.35,716.97,714.88,712.9,713.4200000000001,731.8800000000001,724.08,701.13,659.76,610.12
565.96,545.87,534.66,532.0899999999999,544.87,580.28,627.9200000000001,678.5600000000001,718.59,725.88,737.88,735.8799999999999,722.5699999999999,728.05,727.63,740.26,737.54,743.3699999999999,745.41,756.71,746.53,717.74,670.41,621.4399999999999
582.1700000000001,556.0999999999999,545.9,545.8199999999999,554.46,595.73,637.6200000000001,696.0799999999999,733.77,745.01,758.29,754.81,737.75,742.84,741.33,752.53,754.16,755.8,745.8,753.6500000000001,740.15,715.26,667.3100000000001,613.61
578.71,556.46,549.27,541.45,549.67,589.5999999999999,635.03,689.13,726.8000000000001,729.87,738.08,747.1199999999999,729.25,727.14,733.89,744.05,747.66,746.4699999999999,742.8399999999999,745.8799999999999,742.8299999999999,715.45,670.13,624.1
581.45,558.39,546.1899999999999,540.29,555.1,590.2,636.86,686.88,727.38,733.4300000000001,743.44,748.14,737.15,726.89,742.6300000000001,748.28,757.91,749.15,746.15,749.9,738.94,709.65,667.3,619.63
579.98,551.8199999999999,535.2,535.65,528.72,542.26,572.4100000000001,613.99,646.66,663.65,676.51,685.3199999999999,676.15,660.69,656.21,662.77,676.9499999999999,682.39,699.94,700.4300000000001,698.5,671.4,626.49,582.3199999999999
554.1,528.81,515.13,496.21,492.11,490.48,502.65000000000003,533.74,572.96,599.86,609.1800000000001,623.5799999999999,619.78,602.28,601.9200000000001,608.45,616.45,624.3599999999999,637.08,672.1400000000001,685.77,675.1700000000001,638.5,596.84
564.0799999999999,541.49,525.79,520.3299999999999,538.26,567.77,619.78,683.2,727.1600000000001,757.5600000000001,773.6300000000001,782.57,780.06,781.3,776.88,788.44,782.03,777.74,766.9200000000001,765.92,748.75,719.66,676.77,622.7
582.98,555.51,545.29,537.26,548.1800000000001,581.3,629.02,681.96,719.75,730.3199999999999,730.8299999999999,741.04,731.52,732.16,735.77,739.6700000000001,743.96,747.1199999999999,742.92,746.1800000000001,726.8799999999999,697.49,651.36,599.9300000000001
563.4100000000001,539.89,528.63,522.88,535.56,565.99,614.4300000000001,659.21,701.5999999999999,710.99,714.12,718.76,710.5799999999999,707.14,717.6800000000001,721.6099999999999,712.53,713.75,711.72,725.06,712.94,681.5,636.61,595.2
553.47,531.3,520.8,516.85,528.03,560.87,610.9200000000001,665.71,700.54,712.03,715.1700000000001,712.79,697.39,702.13,703.45,717.63,722.1,720.87,715.53,735.37,723.8,693.35,647.38,600.73
561.0899999999999,538.73,524.1800000000001,522.44,535.63,571.22,620.11,663.1800000000001,701.0,704.91,711.1500000000001,716.99,704.07,696.88,706.8800000000001,718.4100000000001,723.71,724.02,720.99,722.38,711.35,683.42,644.51,595.86
558.3,528.57,514.37,506.88,508.15999999999997,519.72,550.05,592.0899999999999,614.43,626.81,633.69,642.6,633.64,617.88,614.62,623.34,634.14,644.0699999999999,650.0799999999999,670.28,660.71,636.0600000000001,598.38,560.02
525.57,503.72999999999996,484.31,479.42,475.29,470.34000000000003,493.67,522.24,548.9000000000001,561.95,577.8299999999999,584.1800000000001,576.02,562.2,554.47,555.75,569.72,585.9,597.9,635.05,651.5,636.66,598.63,558.63
516.9300000000001,497.59000000000003,487.5,484.24,493.40999999999997,530.57,583.4300000000001,637.9200000000001,683.31,699.53,713.3299999999999,723.3599999999999,715.0600000000001,712.75,714.8,724.46,726.6400000000001,727.5699999999999,725.23,734.47,728.38,701.04,649.38,598.93
564.27,536.7,527.04,521.14,530.76,562.07,612.35,666.4399999999999,710.5999999999999,727.9100000000001,745.55,751.1,744.24,739.6,743.42,748.28,747.76,748.46,748.3,758.1099999999999,752.64,727.9100000000001,674.07,620.48
576.0,555.8199999999999,538.77,536.55,541.63,572.24,620.93,672.5799999999999,725.1600000000001,744.0899999999999,758.13,769.92,761.87,758.52,761.08,771.55,772.85,768.84,760.75,777.17,758.4,725.99,672.26,623.4
589.1600000000001,563.81,552.36,541.61,554.3199999999999,580.8199999999999,625.51,674.77,725.4300000000001,744.33,758.99,777.27,774.1200000000001,770.8199999999999,785.73,789.3599999999999,793.91,786.75,778.72,796.11,780.28,751.06,702.62,649.27
611.37,584.0699999999999,564.14,560.66,564.0799999999999,590.1700000000001,635.1800000000001,686.23,738.81,765.97,783.9200000000001,800.0899999999999,793.47,791.48,800.49,805.31,803.6800000000001,794.6,776.5899999999999,795.97,779.79,747.8,701.53,656.46
620.02,588.38,565.22,554.05,559.03,563.4,585.0799999999999,627.6800000000001,665.54,687.13,700.09,716.35,716.4100000000001,703.5799999999999,700.34,712.48,718.82,722.53,723.63,742.33,726.64,701.11,663.49,626.4100000000001
596.36,571.22,552.28,540.23,530.88,526.25,539.5699999999999,568.45,597.26,624.27,649.36,659.13,655.98,650.89,642.67,647.38,646.4100000000001,655.73,662.89,694.98,693.31,680.01,643.51,604.5899999999999
569.87,544.92,530.15,522.51,536.29,559.61,606.76,660.65,706.04,725.7,743.96,751.78,747.95,755.9000000000001,761.96,761.97,763.08,751.33,745.51,765.01,755.35,733.53,680.5899999999999,631.0
588.0999999999999,561.93,545.94,541.19,546.96,579.74,621.9300000000001,670.03,717.28,731.7,749.08,757.23,752.23,752.99,757.34,761.7,756.26,757.56,753.5899999999999,780.12,764.5,737.28,687.6,634.63
600.38,572.97,556.03,550.4,558.54,587.5699999999999,629.0999999999999,685.76,732.75,752.9499999999999,773.5,780.8,775.91,784.74,782.67,787.0600000000001,787.74,781.44,775.78,792.57,777.3599999999999,752.54,698.03,648.73
616.3399999999999,585.9,567.34,563.05,570.65,597.77,637.68,692.88,738.72,759.0,773.6600000000001,785.42,785.01,786.52,785.74,797.74,792.8599999999999,780.99,779.23,787.85,764.26,737.53,696.7,653.46
620.63,592.66,573.71,573.76,580.13,608.34,638.5500000000001,682.21,722.64,743.09,754.1,766.1600000000001,756.8299999999999,757.2,753.98,751.87,743.51,733.85,731.09,751.1400000000001,730.4200000000001,699.96,662.89,619.15
586.3,558.45,543.24,538.4000000000001,533.25,541.8199999999999,556.63,595.77,625.4000000000001,643.14,649.59,659.8,644.6800000000001,629.39,621.6,631.39,637.19,640.74,644.44,672.46,658.61,633.22,593.42,557.16
527.31,507.38,490.52,482.13000000000005,472.08,471.23,494.65999999999997,516.57,540.34,550.03,571.23,575.66,557.9300000000001,547.81,545.14,550.52,555.51,581.41,594.2,637.8299999999999,642.38,625.5500000000001,587.1300000000001,546.86
519.01,497.2,482.08,478.1,490.26,510.87,550.9000000000001,581.97,604.63,617.26,624.9300000000001,635.76,633.3499999999999,624.11,623.42,627.47,634.64,644.5,652.29,678.8699999999999,655.62,627.7,586.73,551.4399999999999
518.39,495.21000000000004,481.51,473.65000000000003,472.80999999999995,482.68,492.13,514.5999999999999,538.45,552.85,567.61,572.23,559.48,541.1800000000001,536.96,533.72,552.66,578.27,592.89,642.58,646.72,629.87,591.78,547.51
519.24,501.47,490.45,482.79,495.15,531.91,577.82,623.47,650.83,675.76,684.5,698.5999999999999,692.2,690.77,690.6300000000001,698.1800000000001,702.87,714.74,718.98,749.52,718.02,693.26,641.62,602.63
562.13,539.97,523.66,523.3299999999999,534.69,569.41,608.99,649.49,688.4200000000001,699.48,711.51,723.53,719.0699999999999,717.46,715.0799999999999,717.7,725.22,729.53,737.59,762.8499999999999,742.74,700.3299999999999,660.32,609.0699999999999
573.37,550.62,535.49,526.8700000000001,544.22,576.1,611.64,649.63,686.37,699.9,712.15,728.17,724.12,721.89,716.3599999999999,725.09,723.85,731.9300000000001,734.27,757.21,733.98,698.53,650.61,608.19
574.51,545.7,527.73,517.8299999999999,521.78,532.47,562.3,598.83,630.4100000000001,648.6,667.8399999999999,678.95,675.71,664.21,660.85,660.73,660.43,671.13,681.67,711.27,689.36,659.41,617.03,576.56
545.43,516.6700000000001,501.55999999999995,491.56,486.75,488.28999999999996,502.41,532.74,564.76,584.49,603.88,607.31,600.01,589.9300000000001,578.47,597.72,599.9100000000001,609.0999999999999,633.3299999999999,676.5600000000001,676.91,649.3799999999999,613.6300000000001,572.25
544.14,517.6,507.17,497.96000000000004,519.22,559.3700000000001,603.9100000000001,643.11,680.5,689.04,707.6500000000001,718.37,714.38,713.2,708.02,710.5699999999999,717.19,720.09,731.73,757.25,732.8000000000001,697.38,653.02,603.62
565.98,538.53,530.58,525.23,538.58,582.36,619.48,653.53,683.45,699.6600000000001,707.61,715.05,709.22,709.01,712.5,714.53,718.3199999999999,724.77,739.04,758.56,731.6800000000001,697.35,648.3199999999999,599.55
569.0899999999999,539.33,528.69,525.38,541.6,585.1800000000001,626.95,661.5500000000001,700.73,720.48,713.4200000000001,714.45,708.5600000000001,698.29,698.95,698.9000000000001,714.74,725.1600000000001,738.75,767.9300000000001,737.5799999999999,697.3199999999999,650.8,610.6
574.57,548.5999999999999,532.69,532.03,548.58,590.98,632.85,672.84,706.23,713.83,728.9000000000001,737.61,735.1700000000001,727.99,723.72,729.53,735.46,738.52,750.22,783.2,749.43,714.55,658.08,602.85
571.54,542.15,537.88,529.6800000000001,550.16,582.71,620.89,664.06,699.09,710.26,717.71,723.63,713.9300000000001,708.52,709.07,719.12,724.72,727.23,740.39,758.81,725.8100000000001,689.37,646.04,596.94
559.5899999999999,539.63,523.46,520.1800000000001,523.74,540.24,570.39,595.64,623.6800000000001,639.05,648.34,655.04,640.0699999999999,629.62,630.49,636.31,650.96,663.24,680.27,714.0999999999999,688.4200000000001,651.67,608.61,570.99
539.42,516.6700000000001,499.24,494.32000000000005,485.81,495.04,509.5,537.14,558.96,577.14,603.06,609.93,599.48,588.35,582.49,582.82,594.12,608.4,634.6899999999999,679.71,672.8799999999999,644.54,600.52,561.27
530.4000000000001,515.3199999999999,501.24,499.75,520.73,562.34,615.3,662.0,700.9100000000001,720.04,736.85,744.38,742.72,742.62,740.3599999999999,742.8299999999999,741.6800000000001,733.27,739.9499999999999,760.4300000000001,736.52,695.5899999999999,636.18,597.71
563.99,538.0799999999999,530.8299999999999,526.13,538.28,589.98,635.35,677.6199999999999,709.96,722.47,738.97,745.66,738.8900000000001,738.12,734.05,744.0,746.47,747.43,758.28,780.64,755.15,708.46,658.5799999999999,617.1800000000001
574.37,553.3599999999999,542.4300000000001,537.55,557.29,597.9,642.85,678.94,713.8199999999999,730.96,745.61,750.39,737.8,735.4200000000001,740.44,749.01,750.75,748.72,761.99,778.9300000000001,757.59,712.75,665.51,615.88
576.2,555.48,536.6800000000001,533.75,546.72,593.15,634.27,678.86,718.71,730.4200000000001,742.77,746.01,742.62,736.69,740.3299999999999,749.23,750.83,748.17,766.3599999999999,792.82,757.17,713.25,663.44,617.95
579.25,555.23,544.99,538.03,551.04,604.6600000000001,642.76,684.19,725.87,743.34,755.8799999999999,764.9100000000001,758.26,751.34,739.8399999999999,747.76,743.6600000000001,745.45,751.7,769.38,742.14,693.1700000000001,652.02,600.7
566.45,546.4100000000001,524.34,522.9,521.3,539.61,567.48,606.47,637.41,647.8800000000001,663.48,674.5600000000001,673.98,652.86,636.96,654.77,661.1200000000001,671.38,694.04,700.13,679.8,640.56,597.8700000000001,554.61
516.12,499.80000000000007,489.40999999999997,476.46,475.35,477.76,488.55999999999995,515.02,547.87,567.92,578.12,587.92,576.5799999999999,559.07,546.71,554.53,564.8199999999999,578.65,609.66,647.93,640.33,609.97,575.1600000000001,537.36
510.05,490.22999999999996,483.98,482.72,502.65,559.74,616.1600000000001,650.9,679.64,686.8499999999999,696.41,703.6500000000001,691.06,675.9,687.53,701.74,705.03,704.22,730.46,745.62,715.47,672.0,622.9000000000001,574.53
538.79,519.1500000000001,510.77,509.23,524.27,578.29,631.5,669.38,696.71,703.05,711.3699999999999,718.23,704.13,690.48,701.95,719.4,719.81,719.6400000000001,741.66,756.03,723.33,682.96,631.43,584.6700000000001
553.21,534.11,526.32,520.98,544.84,598.1600000000001,647.75,691.51,719.74,737.53,730.1700000000001,735.61,736.51,725.02,730.26,733.0799999999999,736.4200000000001,738.0,765.49,776.29,737.68,694.55,640.7,597.22
558.9300000000001,534.99,525.99,522.76,543.49,597.26,650.51,703.3499999999999,737.67,748.25,756.79,759.8299999999999,746.53,732.1099999999999,736.57,742.8499999999999,750.03,742.7,767.99,771.71,737.14,688.51,639.39,589.19
558.12,531.0899999999999,520.44,523.77,542.48,603.59,652.4300000000001,699.47,730.99,747.54,754.57,750.54,743.28,721.92,731.29,743.75,731.11,710.6600000000001,725.04,738.76,706.8199999999999,662.41,617.62,570.45
537.26,520.67,507.5,501.49,513.0,528.39,562.86,586.51,607.9100000000001,617.88,620.37,620.84,611.04,595.06,596.34,598.48,606.53,622.8499999999999,657.3199999999999,677.53,653.11,608.53,573.86,534.5
496.78,481.12,469.2,468.7,470.23,481.10999999999996,501.63,522.18,562.96,583.3,602.97,607.92,599.36,582.3900000000001,555.1700000000001,551.8199999999999,577.01,590.1600000000001,631.36,657.61,646.98,613.3399999999999,569.83,526.81
500.12999999999994,484.01000000000005,471.96999999999997,467.04999999999995,488.82,552.81,603.88,647.13,688.02,705.23,707.73,701.72,688.15,676.11,681.54,690.47,698.6099999999999,703.56,736.69,746.53,716.5,666.8299999999999,613.23,567.35
533.5799999999999,518.03,506.28,511.71,525.71,583.88,643.52,677.97,709.25,718.79,727.58,725.28,714.1600000000001,698.87,720.3,730.15,737.5,745.2,764.0,763.96,729.3,673.9300000000001,622.46,572.63
539.85,516.14,511.54999999999995,505.55,533.19,593.8499999999999,651.42,677.72,705.8900000000001,711.72,701.5,701.47,691.63,688.7,699.69,719.79,722.64,732.64,757.58,772.48,742.35,687.1999999999999,635.8299999999999,585.23
546.87,522.37,518.0699999999999,512.05,534.91,602.13,654.54,694.36,716.99,720.0999999999999,717.25,718.81,708.73,702.1700000000001,714.6099999999999,727.75,736.2,733.99,771.69,768.31,732.3599999999999,686.97,637.3,584.61
552.74,528.9100000000001,519.8900000000001,516.67,539.59,600.53,660.86,694.6700000000001,726.25,729.53,727.24,731.1099999999999,711.45,700.84,703.89,717.1200000000001,718.22,720.36,756.06,755.56,717.5,665.3699999999999,617.76,570.72
538.85,515.66,502.87,500.45,504.81,534.5999999999999,572.6400000000001,610.72,642.1400000000001,651.21,660.16,664.05,646.53,627.9399999999999,634.49,632.03,643.6400000000001,657.01,693.89,689.3399999999999,666.8299999999999,621.98,579.44,535.77
505.77000000000004,484.06,468.19000000000005,460.03,460.32,472.82,495.46000000000004,531.4,562.52,590.94,603.44,606.01,579.01,560.78,548.62,553.5,558.76,589.51,640.26,649.8,636.45,597.6700000000001,564.19,516.26
489.55000000000007,469.24,462.87,459.51,483.08,553.11,619.97,654.3800000000001,688.86,686.98,689.41,696.73,676.31,675.75,684.37,694.1700000000001,701.99,709.8199999999999,746.6800000000001,745.2199999999999,714.11,664.8599999999999,606.6300000000001,556.56
521.0999999999999,503.41,496.61,501.71000000000004,521.05,587.64,644.1800000000001,692.01,732.24,733.53,730.4799999999999,740.21,732.19,715.9,721.8499999999999,734.0999999999999,737.06,733.92,758.8699999999999,757.12,724.62,674.5,617.87,560.94
522.35,504.51,496.59000000000003,500.08,522.94,590.28,645.38,682.2,710.16,714.71,718.6700000000001,722.49,705.52,696.13,685.78,691.9200000000001,690.48,703.9,756.54,750.35,721.48,667.06,608.96,549.66
516.64,507.22999999999996,498.15,496.4,522.06,591.73,650.33,676.75,697.1999999999999,693.06,683.8,678.04,661.65,658.16,661.53,682.62,683.5999999999999,698.23,750.1899999999999,750.66,719.4,664.66,610.35,558.31
523.4200000000001,502.34,493.89,501.23,516.53,590.4100000000001,652.44,679.4100000000001,694.8600000000001,687.6400000000001,679.06,675.94,660.99,645.39,664.95,674.12,683.54,694.0799999999999,738.74,741.52,706.0699999999999,652.25,603.8700000000001,558.98
520.55,497.23,485.37,482.83,490.37,523.13,558.8599999999999,593.97,611.51,607.72,597.75,599.46,592.91,579.02,578.21,586.05,594.52,613.0699999999999,665.38,671.78,643.89,597.02,551.24,515.61
485.4,461.0,451.55,445.29,448.52,461.35999999999996,482.5,521.41,560.52,587.4100000000001,603.5699999999999,589.35,555.9200000000001,535.14,526.4,532.8,546.6700000000001,572.51,619.4000000000001,633.9000000000001,619.9300000000001,585.44,542.96,500.01
469.67999999999995,455.95,448.94,457.2,482.67999999999995,559.9,617.01,661.4,693.88,704.05,697.58,703.14,693.9300000000001,673.71,684.97,689.78,694.56,697.55,743.73,748.77,707.76,658.88,604.26,549.8
521.51,500.16999999999996,495.45,494.91,521.78,592.8800000000001,645.6800000000001,692.87,716.3,716.21,715.4,713.9300000000001,711.8399999999999,696.8199999999999,698.6600000000001,699.27,708.64,719.22,764.23,755.5999999999999,720.46,661.9100000000001,610.71,554.98
520.79,505.94000000000005,497.19,498.97999999999996,521.62,588.62,654.49,688.51,716.27,724.93,718.88,708.2900000000001,675.4300000000001,670.52,685.72,703.41,697.79,704.99,759.47,755.41,721.41,663.8699999999999,608.36,558.12
526.19,506.48,503.33,500.73,523.87,586.6,647.49,671.6800000000001,694.2,685.84,685.9200000000001,680.73,679.95,677.27,687.48,690.7,704.18,708.96,758.8199999999999,760.47,712.4100000000001,661.49,607.76,558.2
526.16,507.12,499.39,494.94,526.73,595.12,656.59,681.0799999999999,696.3199999999999,684.23,674.2,679.8499999999999,673.46,671.9399999999999,680.13,697.24,688.14,705.99,748.4300000000001,742.35,698.1700000000001,651.85,597.8,560.05
525.18,503.65,493.09999999999997,487.71,499.77000000000004,533.84,557.74,595.76,610.24,616.08,606.23,613.67,592.31,573.3800000000001,575.0,568.46,592.75,621.5699999999999,675.1,677.7099999999999,646.41,603.06,559.87,519.66
492.11,471.36,460.15,453.53000000000003,454.61,471.72,494.21,528.16,549.3299999999999,561.3199999999999,565.54,564.63,549.36,537.5899999999999,528.17,525.3,546.54,589.29,647.03,658.98,634.27,592.89,549.88,511.19000000000005
483.90999999999997,468.28000000000003,456.98,466.75,497.83,569.49,627.67,661.45,673.9000000000001,680.56,677.13,683.23,664.1700000000001,654.73,662.0699999999999,679.0799999999999,692.8299999999999,723.73,766.24,759.84,716.27,664.78,608.3199999999999,559.95
528.22,511.23,503.53,501.58000000000004,527.8499999999999,598.05,653.78,692.0,725.36,743.47,741.7099999999999,765.46,732.87,720.53,725.23,736.41,733.96,744.6099999999999,779.81,769.01,725.02,666.72,605.69,567.9000000000001
530.55,515.5500000000001,507.23,509.77,531.1099999999999,604.76,663.03,695.84,715.95,722.45,722.02,731.1500000000001,704.9300000000001,689.48,689.91,704.3299999999999,712.33,730.48,775.38,766.76,720.29,669.9,615.02,564.5
527.53,510.81,503.23,497.65,519.2,588.5799999999999,634.72,651.36,665.42,666.0,683.87,696.79,677.04,654.81,663.46,658.6600000000001,652.11,680.0699999999999,731.34,732.52,693.96,651.63,607.6700000000001,558.8
521.9300000000001,504.78,496.33000000000004,503.03,523.01,601.23,651.75,687.8600000000001,709.7,703.74,689.64,687.88,660.51,653.27,658.91,678.38,678.08,700.3299999999999,741.3399999999999,742.6,699.35,646.06,595.14,547.1800000000001
520.04,493.58000000000004,486.46000000000004,486.45,501.1,535.55,574.52,613.8799999999999,635.1,633.2900000000001,616.48,617.55,598.92,583.96,584.01,598.72,608.7,638.6600000000001,679.02,683.23,642.49,597.21,561.8,521.63
490.62,469.3,459.87,457.09000000000003,454.5,475.78999999999996,500.20000000000005,534.06,559.85,577.71,583.77,579.77,558.53,540.74,531.26,536.78,552.61,591.05,644.0,659.3,633.45,597.04,550.54,513.14
484.27000000000004,467.18,460.83,466.83000000000004,498.2,566.9000000000001,625.79,665.4100000000001,677.0,678.9,679.49,677.26,672.96,665.4399999999999,672.78,681.67,692.61,722.4300000000001,761.4200000000001,760.22,714.04,657.81,602.75,551.98
518.5699999999999,504.11,496.46000000000004,499.71000000000004,521.41,593.96,647.9699999999999,684.74,709.36,700.17,700.2,696.97,673.64,657.39,670.46,687.6899999999999,694.73,723.81,765.24,758.5799999999999,717.3700000000001,658.48,612.1,554.6700000000001
523.0,511.54,504.39,507.60999999999996,522.9,600.6800000000001,655.85,695.38,702.47,705.72,699.77,690.3199999999999,676.4200000000001,675.8199999999999,679.45,688.5500000000001,701.46,727.73,769.26,768.3699999999999,719.6600000000001,663.25,611.75,559.36
530.1200000000001,512.32,504.49,504.35,528.81,599.25,652.46,678.95,696.8700000000001,689.23,696.87,690.8000000000001,676.4,667.8800000000001,674.8499999999999,694.26,699.98,734.3299999999999,771.14,768.75,720.21,668.4000000000001,615.34,563.1
531.77,510.82,504.61999999999995,512.7,533.89,598.06,648.95,683.08,694.79,694.89,689.13,691.1400000000001,670.33,664.0,674.3,690.02,694.62,726.9,755.7,747.8,705.49,659.12,606.47,556.0699999999999
518.96,502.24,489.43999999999994,486.57,497.78999999999996,534.26,569.46,604.56,622.5500000000001,623.82,621.44,611.28,597.13,575.17,575.8,590.55,606.4200000000001,642.4300000000001,681.02,688.46,641.0799999999999,602.41,562.5699999999999,515.44
489.28000000000003,465.39000000000004,456.80999999999995,454.94,459.22999999999996,471.96999999999997,496.35,529.8000000000001,552.95,562.48,573.11,570.41,547.99,529.07,520.96,529.04,546.44,591.3900000000001,637.02,647.95,617.12,580.1700000000001,541.27,502.66
477.99,461.1700000000001,456.82000000000005,459.47,490.75,565.86,622.99,656.91,671.0,668.3100000000001,667.7,667.03,653.29,648.29,656.1600000000001,669.6,681.3,715.31,753.9300000000001,749.6600000000001,700.29,643.78,592.09,541.77
506.64,491.19,480.37,485.38,507.82,582.8199999999999,642.47,668.8299999999999,676.14,675.37,681.55,679.08,666.35,658.25,665.0,677.0500000000001,682.56,725.74,763.19,760.4200000000001,709.64,652.23,603.04,560.44
525.63,506.65999999999997,497.43,503.2,525.52,597.8299999999999,651.52,682.27,693.88,685.57,681.64,686.75,668.99,661.6299999999999,670.4200000000001,680.54,690.51,727.6899999999999,766.89,764.64,714.37,661.04,608.4300000000001,551.63
513.36,504.44999999999993,496.35,496.97999999999996,517.57,592.89,642.78,673.5999999999999,687.6299999999999,697.3,700.49,688.0799999999999,675.15,671.54,673.87,685.81,690.9300000000001,730.54,768.29,756.26,703.5,657.5799999999999,602.55,560.73
519.21,502.77,497.79,493.91,519.46,590.45,644.26,677.52,685.06,684.45,691.89,697.0,680.8199999999999,664.34,684.34,694.6,698.46,733.9300000000001,753.16,751.8399999999999,702.05,650.5899999999999,604.1,558.96
522.23,505.12,489.54,483.50000000000006,490.62,530.73,570.96,603.14,623.11,627.57,623.5699999999999,618.98,605.8900000000001,588.29,577.5,580.65,595.8199999999999,648.28,674.07,680.3800000000001,636.38,591.46,540.44,503.02000000000004
475.82000000000005,456.13,448.90000000000003,443.78999999999996,445.34000000000003,466.16999999999996,494.64,527.6700000000001,560.06,586.31,604.1400000000001,610.9,582.65,559.87,533.41,534.38,552.24,602.94,632.01,643.79,620.52,583.6099999999999,536.69,494.68
464.29,454.82,447.02,451.82000000000005,477.90999999999997,556.01,621.72,659.79,681.8100000000001,682.03,684.76,702.23,679.99,665.29,673.25,683.1099999999999,696.25,729.39,753.99,750.95,702.9200000000001,650.35,597.28,549.0899999999999
507.63,494.3,488.37,492.69,517.23,588.01,662.64,699.01,701.53,696.03,687.97,696.4300000000001,670.5500000000001,667.28,676.47,685.24,695.09,743.1600000000001,772.95,775.8199999999999,716.6700000000001,662.3199999999999,608.19,549.68
515.29,497.95,494.61,497.15,523.69,598.72,664.28,698.94,706.79,697.13,697.3,695.51,679.45,668.46,678.03,685.69,692.3399999999999,739.48,768.97,769.09,716.5999999999999,660.5,600.96,557.85
523.39,503.49999999999994,495.16,493.6,520.04,594.9200000000001,663.02,698.6,696.3299999999999,688.94,682.76,681.3,670.28,666.4,672.0,679.16,694.17,739.9200000000001,766.68,762.99,718.21,659.6199999999999,608.46,551.5
514.23,503.53,494.4200000000001,494.4,521.45,586.88,649.9,683.69,695.91,702.19,697.9100000000001,694.94,676.92,665.72,680.74,688.33,700.0999999999999,738.0,756.75,748.78,698.01,647.57,599.55,553.38
516.0,497.43000000000006,486.39,482.02,490.86,534.79,573.78,618.74,627.81,639.84,633.56,623.1800000000001,617.08,594.94,576.14,585.83,612.9599999999999,663.39,683.48,691.6400000000001,649.77,602.88,560.37,517.53
467.86,457.56,469.31999999999994,446.14,446.19,459.5,478.39000000000004,499.57,553.66,570.29,573.45,580.73,578.52,562.72,542.39,553.1300000000001,553.9100000000001,599.38,627.03,653.64,634.73,609.8199999999999,569.0,528.86
491.64000000000004,466.1,458.23999999999995,448.61,456.57,483.26,539.2,592.95,619.13,639.73,632.62,634.3100000000001,632.24,615.55,616.94,629.26,647.09,699.05,708.3,716.1500000000001,699.39,650.43,602.45,553.95
516.84,490.91999999999996,475.59000000000003,465.38,468.68999999999994,478.03000000000003,513.5899999999999,564.61,602.77,610.15,607.31,612.73,616.15,603.9,603.52,621.71,642.6300000000001,689.4200000000001,697.6200000000001,704.24,681.15,636.71,589.28,538.6400000000001
492.44,469.67,450.40999999999997,443.84999999999997,435.84000000000003,447.73,456.85,481.07,501.85,526.84,537.48,543.99,549.28,544.4,534.97,520.4200000000001,538.3,584.0,612.0999999999999,634.71,626.66,594.82,554.4200000000001,512.9000000000001
475.40999999999997,458.30999999999995,442.94,438.24,447.56999999999994,475.54,543.04,597.9300000000001,638.1,673.3199999999999,667.1100000000001,681.68,685.6600000000001,676.54,673.23,677.74,709.28,749.51,755.96,765.75,744.69,687.71,643.0699999999999,591.88
541.8100000000001,512.0699999999999,490.78999999999996,491.02000000000004,490.60999999999996,516.73,573.86,623.2,652.74,690.89,693.0,687.13,689.08,671.3699999999999,677.17,686.01,714.35,752.52,765.9200000000001,766.18,741.0699999999999,689.29,636.9399999999999,598.9100000000001
548.25,514.1099999999999,492.78000000000003,484.60999999999996,477.65,497.15,526.23,569.01,604.8199999999999,621.94,620.4399999999999,626.52,622.04,603.14,598.3,606.42,627.25,664.05,681.4200000000001,695.17,674.6500000000001,627.52,587.86,545.79
507.34000000000003,475.38,456.76,445.49,438.95,444.29,457.40999999999997,485.7,515.12,543.8199999999999,559.6199999999999,577.15,580.95,568.51,546.65,542.08,560.23,606.79,626.5500000000001,651.21,639.5699999999999,606.76,565.79,526.46
493.53999999999996,465.38,447.92999999999995,438.96,450.65,481.79999999999995,552.77,618.4300000000001,670.4,702.3199999999999,708.49,718.01,722.4300000000001,707.9200000000001,692.3199999999999,702.92,727.6,754.6600000000001,762.79,779.34,750.72,699.01,633.01,587.26
538.04,506.30999999999995,483.51,480.09,481.49,508.31,580.52,634.6800000000001,681.8199999999999,734.46,731.24,716.73,724.3700000000001,717.41,711.67,724.97,736.1500000000001,768.2,780.11,788.9300000000001,772.9499999999999,718.1400000000001,656.87,611.6
545.77,512.36,495.27,491.99,494.0,517.48,588.89,648.8499999999999,686.66,720.3199999999999,719.4000000000001,724.6300000000001,720.9100000000001,702.8299999999999,699.72,710.3000000000001,728.2,759.96,778.25,790.08,770.91,719.32,670.74,617.68
561.0999999999999,524.21,502.64,500.84999999999997,497.87,530.74,602.15,661.44,686.9100000000001,712.72,711.61,725.88,733.49,713.1700000000001,704.14,719.46,732.4200000000001,765.83,780.0,787.6700000000001,764.21,716.8199999999999,667.05,615.5
572.5699999999999,531.19,509.36999999999995,506.82000000000005,513.0,544.21,608.09,654.15,695.54,737.8299999999999,743.3199999999999,749.33,745.0500000000001,722.36,713.64,711.52,731.9,774.21,776.73,785.5799999999999,759.78,704.8199999999999,652.11,606.96
545.79,517.14,497.76,490.43,483.98,501.56000000000006,535.19,570.23,610.3499999999999,642.18,649.29,643.6800000000001,637.5600000000001,625.04,620.69,622.1300000000001,638.7099999999999,681.49,699.65,706.3199999999999,692.1099999999999,652.4200000000001,602.5,566.23
530.29,497.09999999999997,473.46999999999997,459.16999999999996,446.40999999999997,451.63,469.81000000000006,500.17999999999995,538.81,575.95,601.31,611.3799999999999,609.59,586.6800000000001,576.3,578.45,586.84,626.26,653.53,675.49,670.61,639.3,597.79,558.1
514.28,480.59000000000003,462.90999999999997,455.33000000000004,468.73,496.15,586.0,659.9300000000001,701.99,732.6700000000001,728.2,746.79,763.36,739.83,738.9300000000001,737.42,756.05,780.36,786.28,796.95,775.6999999999999,725.29,664.22,614.87
563.3,528.03,507.66,501.64,504.96000000000004,530.87,606.8299999999999,673.9000000000001,715.87,743.25,758.59,758.4100000000001,748.6200000000001,748.6500000000001,732.98,742.78,758.5500000000001,799.5899999999999,806.6700000000001,819.19,798.44,750.28,689.94,636.0
578.33,541.41,523.5899999999999,509.22,519.99,547.5,610.03,686.74,729.8299999999999,749.12,755.53,758.35,754.1600000000001,734.0,741.24,743.9300000000001,765.29,793.64,813.31,817.9100000000001,796.0,744.97,696.6200000000001,643.21
579.49,539.79,520.7,510.16999999999996,518.75,542.02,610.1700000000001,678.6099999999999,707.12,735.54,741.75,745.73,747.7,737.3199999999999,727.26,740.3599999999999,768.8000000000001,794.08,809.4000000000001,820.6,800.0999999999999,751.3299999999999,695.9300000000001,635.02
579.46,540.17,515.85,513.7,515.6899999999999,541.1800000000001,606.27,674.13,718.23,756.1099999999999,757.5999999999999,753.08,748.95,720.92,716.8499999999999,738.3299999999999,761.07,788.43,798.27,807.8299999999999,783.48,733.86,684.43,628.49
574.13,532.67,500.69,492.2,491.76,503.84000000000003,541.79,587.05,628.89,661.0699999999999,671.21,672.04,671.23,658.14,643.19,638.64,657.21,697.66,716.86,730.85,719.8199999999999,670.23,621.9,580.22
537.75,496.01000000000005,473.58000000000004,460.62,457.91999999999996,463.16,477.99,509.49,554.2,594.7,619.5799999999999,628.3199999999999,622.0799999999999,602.0699999999999,578.0799999999999,579.04,593.21,638.6,665.71,692.11,691.5799999999999,660.4399999999999,614.4000000000001,572.72
527.49,493.35,479.61,474.26,479.17,512.06,600.14,670.96,710.96,723.76,722.55,717.6199999999999,707.6,699.9200000000001,705.99,720.7,745.25,794.51,804.8,824.7,810.9,756.52,701.8,650.91
592.0,551.0799999999999,526.9300000000001,518.73,518.96,551.84,624.56,687.5,726.4599999999999,751.08,751.42,740.18,726.73,717.76,721.9799999999999,737.96,765.0699999999999,800.0100000000001,813.5,820.69,799.8399999999999,753.53,702.79,640.88
585.15,547.29,526.3100000000001,518.6800000000001,526.71,552.83,625.64,686.33,724.1999999999999,742.67,752.06,744.36,737.01,730.5,725.8,735.4000000000001,765.25,805.4499999999999,813.64,822.22,803.3799999999999,751.8699999999999,696.3299999999999,646.0699999999999
587.8900000000001,545.94,530.27,519.02,519.77,546.92,615.3299999999999,680.2,716.49,731.61,725.6,730.76,736.6800000000001,719.3399999999999,717.01,724.9200000000001,756.37,793.47,802.0799999999999,808.9200000000001,789.6600000000001,741.26,691.09,633.91
583.21,542.96,523.15,519.73,523.21,547.91,615.6800000000001,676.25,716.3,730.04,722.46,728.5,727.01,708.61,707.85,724.71,749.63,784.54,792.35,800.01,777.5,733.13,684.1600000000001,639.19
582.45,543.77,512.97,504.59000000000003,502.07,508.51,551.1,595.81,635.9200000000001,663.58,666.63,658.79,667.46,657.5699999999999,650.96,654.2,676.44,702.9,722.0300000000001,725.49,713.4,670.3,624.23,580.88
539.94,504.29,480.89,469.23,463.36,466.13000000000005,481.81,513.27,559.16,608.95,644.05,662.7,653.19,628.49,606.21,599.58,615.61,655.96,678.64,697.12,695.92,668.63,626.97,580.35
529.5799999999999,498.57000000000005,476.03999999999996,472.56,480.01,512.13,596.65,665.8199999999999,702.87,727.85,721.3299999999999,736.96,732.1899999999999,709.84,715.86,731.32,763.29,813.04,824.1299999999999,829.8199999999999,809.6700000000001,755.8100000000001,697.14,641.3
579.01,540.95,517.71,501.00000000000006,514.3,541.35,617.94,687.9200000000001,735.22,758.92,764.5400000000001,760.5699999999999,761.47,749.03,750.94,767.8800000000001,799.1,831.7700000000001,840.26,847.53,825.11,771.5,708.84,645.0
587.12,541.27,519.34,516.96,520.74,546.13,622.74,691.04,746.8499999999999,784.54,793.6700000000001,795.28,797.6400000000001,767.6700000000001,765.13,773.3600000000001,798.47,820.75,832.9000000000001,844.6500000000001,830.6300000000001,781.4000000000001,720.87,657.35
604.76,565.06,539.23,533.19,532.85,554.86,637.22,703.55,751.49,780.1700000000001,798.5799999999999,798.49,796.3900000000001,772.6,769.52,770.12,790.04,817.42,828.62,836.23,820.6400000000001,771.0,722.8299999999999,661.4
602.24,559.01,538.79,531.36,526.9100000000001,552.38,626.29,689.31,717.5,735.81,754.08,770.8,764.4200000000001,755.63,751.4100000000001,746.54,770.0,786.54,808.94,826.16,812.98,759.03,708.27,656.26
593.62,551.22,523.12,508.97,507.66999999999996,520.48,558.45,610.42,655.6500000000001,683.8100000000001,692.29,694.3,689.6999999999999,685.26,667.02,668.98,707.66,737.9200000000001,765.9499999999999,780.76,770.7099999999999,726.94,681.5,635.21
584.34,543.2,516.86,494.11,493.47,493.95000000000005,517.49,544.03,591.25,625.34,651.6400000000001,663.58,663.71,647.08,642.54,645.78,662.69,711.95,742.4000000000001,766.9000000000001,767.8,741.09,697.69,640.96
576.1800000000001,539.11,510.24999999999994,505.47,510.78,543.11,625.6300000000001,708.9499999999999,746.6999999999999,781.42,785.16,807.1300000000001,814.98,788.6199999999999,802.02,807.8399999999999,825.59,856.8599999999999,875.4200000000001,887.68,875.8,833.25,770.49,698.3399999999999
635.03,583.27,553.48,543.97,545.23,577.6700000000001,664.01,731.6099999999999,778.36,803.85,804.6,799.1800000000001,800.1400000000001,779.12,781.7,802.4000000000001,821.6800000000001,858.59,878.3399999999999,897.48,887.76,839.01,784.7800000000001,706.12
635.29,581.99,559.53,546.97,550.29,584.1600000000001,664.33,740.6700000000001,789.1400000000001,806.8900000000001,811.7600000000001,806.98,804.6800000000001,790.5600000000001,787.1,804.14,827.29,870.5,890.51,905.28,895.6299999999999,846.16,788.48,717.33
646.34,593.24,567.24,551.03,555.41,586.5799999999999,666.5999999999999,739.6400000000001,788.1999999999999,810.1500000000001,814.6000000000001,811.15,801.5500000000001,784.69,780.1999999999999,796.6500000000001,823.18,859.48,877.22,883.92,863.5,814.9599999999999,757.4100000000001,703.66
634.02,582.05,556.31,539.4,538.66,560.92,619.8799999999999,653.22,684.52,705.6999999999999,733.86,752.03,758.3,747.5899999999999,727.4000000000001,717.8199999999999,744.9,770.25,790.0699999999999,804.31,792.4,756.24,711.62,660.1800000000001
599.3699999999999,554.15,528.72,509.90000000000003,507.37,516.68,554.3800000000001,601.6800000000001,664.25,700.11,724.31,722.41,714.8199999999999,717.56,709.21,701.46,721.11,764.55,783.52,792.73,780.0400000000001,737.9300000000001,685.8499999999999,637.88
588.8499999999999,545.19,519.26,502.57,499.74,504.05,531.72,561.21,607.92,654.09,685.4399999999999,701.87,695.55,689.49,669.12,658.55,686.75,729.34,742.75,761.61,760.3199999999999,724.8,675.34,617.5
563.32,518.48,496.65,489.5,494.27,521.92,606.5699999999999,682.51,742.6800000000001,780.7199999999999,797.27,803.89,800.96,782.1199999999999,777.71,787.0799999999999,811.58,838.3499999999999,846.6099999999999,857.38,838.8400000000001,795.4699999999999,739.3199999999999,672.99
603.1,549.4100000000001,518.03,504.9,511.46,536.49,614.15,690.0,746.3299999999999,776.31,777.28,785.96,772.0899999999999,763.38,765.96,777.2199999999999,799.3800000000001,827.26,843.74,860.4899999999999,847.04,800.5300000000001,746.9300000000001,684.3900000000001
614.9,565.91,538.15,533.98,535.6,562.46,647.09,717.89,763.79,792.36,807.53,805.46,806.67,793.01,789.1600000000001,791.9599999999999,815.44,852.64,860.02,872.46,854.6800000000001,804.4100000000001,748.6600000000001,687.88
621.8499999999999,575.53,542.09,536.0,534.12,560.18,641.27,717.51,765.17,788.48,794.9499999999999,801.19,799.21,784.87,791.18,794.1,813.69,847.78,858.88,866.89,843.2900000000001,798.71,744.1300000000001,680.22
614.02,566.1299999999999,535.81,526.33,530.98,553.16,627.96,701.13,750.01,772.76,776.58,778.3399999999999,779.06,757.67,749.98,765.24,777.49,814.61,826.37,831.99,813.36,768.6,718.27,664.3
612.27,565.26,537.29,521.2,513.9399999999999,523.2,566.3299999999999,616.3,666.78,703.29,710.5,717.02,719.78,705.36,688.55,688.3,716.3299999999999,745.9300000000001,765.38,780.03,771.1,732.4200000000001,679.61,628.06
575.02,535.25,499.96999999999997,482.98999999999995,481.75,487.5,511.64,543.5799999999999,595.6899999999999,634.1700000000001,656.88,665.45,668.28,649.9300000000001,635.1400000000001,635.78,654.0699999999999,704.45,737.54,759.67,761.4300000000001,736.94,691.21,636.22
573.36,531.97,510.87,499.92999999999995,502.52,535.36,621.65,699.25,751.4200000000001,780.3399999999999,785.45,791.0400000000001,797.7,783.83,775.9100000000001,795.95,824.6800000000001,862.4699999999999,876.2,894.3399999999999,876.24,833.19,777.3599999999999,709.47
641.12,594.55,565.9499999999999,551.54,558.2,577.89,662.6800000000001,739.76,790.8599999999999,816.66,822.79,816.23,822.11,801.45,801.89,809.01,839.32,870.1,885.04,903.5600000000001,889.21,840.53,782.0400000000001,716.1500000000001
647.89,592.8299999999999,562.54,549.28,550.78,581.4100000000001,661.71,745.2299999999999,791.9,822.17,826.62,825.02,820.06,798.74,776.06,784.72,822.97,868.3299999999999,887.8900000000001,899.76,883.5400000000001,831.52,778.0,711.6800000000001
638.99,587.5,560.75,544.4,547.01,570.97,655.1700000000001,738.83,793.35,829.62,839.02,825.22,815.02,789.76,788.13,800.29,823.6399999999999,859.27,872.71,878.09,861.24,819.33,765.38,699.9000000000001
628.59,580.0,548.33,533.23,530.55,559.71,629.61,701.3,754.83,787.45,790.65,779.14,764.02,744.24,737.73,742.1,770.9,805.21,808.63,827.6,812.8499999999999,770.27,724.89,668.26
602.72,553.2,524.84,503.49,498.91999999999996,508.84000000000003,545.1,586.8000000000001,639.72,663.31,666.19,657.45,650.46,646.5,646.63,657.15,683.5,720.28,745.0899999999999,764.49,760.9200000000001,723.29,680.54,627.95
573.9200000000001,522.65,492.1,472.03999999999996,464.14,467.5,488.85999999999996,519.97,567.29,595.81,608.44,606.89,603.1,598.41,598.82,607.9,638.81,687.26,699.0,698.04,667.34,613.6199999999999,575.0899999999999,547.8199999999999
524.75,500.57,475.37,451.02000000000004,436.17999999999995,437.19000000000005,450.22,468.46000000000004,500.14,528.12,553.7,578.75,583.91,553.21,519.6800000000001,513.4300000000001,536.9300000000001,585.66,607.5699999999999,623.95,624.9,610.6700000000001,584.74,545.4300000000001
500.93000000000006,466.75,439.94,424.08000000000004,422.57,431.95000000000005,458.58000000000004,487.8299999999999,534.4200000000001,578.1500000000001,607.26,633.63,643.36,638.14,613.29,618.97,635.39,670.9100000000001,692.86,708.6600000000001,705.74,678.41,632.3100000000001,583.56
526.08,483.39,454.65999999999997,438.1,441.73,462.28999999999996,514.01,565.53,626.53,663.78,683.5899999999999,699.6800000000001,703.05,694.11,687.68,694.94,719.27,746.77,767.27,777.5799999999999,762.6,714.63,665.7,605.12
547.87,499.33,472.59,458.33000000000004,457.9,475.08000000000004,521.3199999999999,572.82,625.46,676.7,701.12,703.48,716.02,703.9100000000001,702.5799999999999,711.98,720.61,756.04,765.12,775.69,760.2,717.29,669.6199999999999,610.02
549.6099999999999,506.9,478.29,461.41999999999996,459.28,474.52,522.89,573.6800000000001,637.8100000000001,676.24,700.97,700.9,698.17,677.61,679.35,685.03,701.4200000000001,745.91,764.7,778.54,762.95,717.8299999999999,672.5,615.26
548.65,501.83,470.53,449.85999999999996,447.5,456.72,489.01,523.06,572.91,604.45,601.61,607.4200000000001,624.46,627.3399999999999,622.44,623.99,649.78,687.94,709.94,728.9100000000001,718.3299999999999,684.13,638.6300000000001,590.1999999999999
532.07,489.37,460.23,441.93,433.65999999999997,439.14,462.54,490.00000000000006,528.51,559.9200000000001,577.73,587.11,592.35,587.93,591.53,600.7,621.63,672.8299999999999,695.0899999999999,695.41,656.48,595.75,554.5999999999999,525.7
532.3199999999999,503.87,480.26,456.26,435.49,431.78000000000003,438.36,443.15,451.48,483.59000000000003,514.4,550.29,566.8299999999999,554.3599999999999,541.74,538.08,548.8399999999999,575.71,600.76,634.4300000000001,632.3599999999999,613.36,591.61,608.01
