0.00,0.00,0.00,0.00,0.00,0.00,0.00,0.00,1.29,17.05,50.15,77.73,88.12,85.44,79.77,58.87,34.94,9.35,0.20,0.00,0.00,0.00,0.00,0.00
0.00,0.00,0.00,0.00,0.00,0.00,0.00,0.00,2.75,23.41,49.29,71.05,71.80,71.80,63.39,52.65,30.38,9.72,0.24,0.00,0.00,0.00,0.00,0.00
0.00,0.00,0.00,0.00,0.00,0.00,0.00,0.00,4.77,28.58,67.23,89.55,100.51,96.17,81.70,60.84,34.23,8.74,0.13,0.00,0.00,0.00,0.00,0.00
0.00,0.00,0.00,0.00,0.00,0.00,0.00,0.00,4.15,25.43,49.12,68.82,70.13,74.63,64.38,51.99,34.02,8.90,0.15,0.00,0.00,0.00,0.00,0.00
0.00,0.00,0.00,0.00,0.00,0.00,0.00,0.00,4.93,24.89,49.70,68.72,75.33,66.56,57.53,46.71,29.16,8.03,0.18,0.00,0.00,0.00,0.00,0.00
0.00,0.00,0.00,0.00,0.00,0.00,0.00,0.00,3.19,18.20,47.97,76.63,75.30,61.61,58.34,44.04,32.14,10.81,0.32,0.00,0.00,0.00,0.00,0.00
0.00,0.00,0.00,0.00,0.00,0.00,0.00,0.00,2.69,20.24,45.84,62.51,73.45,79.30,72.72,56.32,33.47,10.65,0.37,0.00,0.00,0.00,0.00,0.00
0.00,0.00,0.00,0.00,0.00,0.00,0.00,0.00,3.02,25.00,58.99,87.92,84.66,88.69,75.36,55.25,30.32,8.68,0.25,0.00,0.00,0.00,0.00,0.00
0.00,0.00,0.00,0.00,0.00,0.00,0.00,0.00,3.44,25.14,62.33,83.27,97.74,86.45,72.80,55.70,33.71,11.39,0.40,0.00,0.00,0.00,0.00,0.00
0.00,0.00,0.00,0.00,0.00,0.00,0.00,0.00,5.12,27.29,65.39,89.65,98.21,98.02,82.93,62.82,35.88,10.97,0.36,0.00,0.00,0.00,0.00,0.00
0.00,0.00,0.00,0.00,0.00,0.00,0.00,0.00,4.93,30.57,61.81,83.35,91.68,83.59,64.75,49.03,32.19,9.57,0.24,0.00,0.00,0.00,0.00,0.00
0.00,0.00,0.00,0.00,0.00,0.00,0.00,0.00,4.27,18.91,46.60,65.82,83.93,74.88,69.05,52.56,31.11,9.87,0.39,0.00,0.00,0.00,0.00,0.00
0.00,0.00,0.00,0.00,0.00,0.00,0.00,0.00,4.83,30.13,57.97,77.26,87.67,83.60,70.65,46.32,24.56,4.90,0.05,0.00,0.00,0.00,0.00,0.00
0.00,0.00,0.00,0.00,0.00,0.00,0.00,0.00,3.23,19.28,55.58,81.04,92.52,84.46,78.39,47.86,25.67,7.74,0.42,0.00,0.00,0.00,0.00,0.00
0.00,0.00,0.00,0.00,0.00,0.00,0.00,0.00,2.38,17.57,52.06,74.62,75.13,64.26,56.93,39.06,15.20,2.81,0.13,0.00,0.00,0.00,0.00,0.00
0.00,0.00,0.00,0.00,0.00,0.00,0.00,0.00,4.27,17.01,43.30,58.90,68.42,61.02,66.04,40.20,16.80,4.53,0.35,0.00,0.00,0.00,0.00,0.00
0.00,0.00,0.00,0.00,0.00,0.00,0.00,0.00,5.72,27.68,68.12,76.69,76.52,79.06,63.78,43.74,29.54,12.22,1.04,0.00,0.00,0.00,0.00,0.00
0.00,0.00,0.00,0.00,0.00,0.00,0.00,0.00,4.17,14.96,29.30,55.20,69.71,51.99,50.48,43.24,20.75,8.63,0.55,0.00,0.00,0.00,0.00,0.00
0.00,0.00,0.00,0.00,0.00,0.00,0.00,0.00,3.32,30.54,51.52,59.59,65.31,60.09,52.74,39.32,23.07,6.25,0.23,0.00,0.00,0.00,0.00,0.00
0.00,0.00,0.00,0.00,0.00,0.00,0.00,0.00,1.46,15.46,33.34,45.59,54.24,56.58,45.72,30.43,22.38,7.52,0.34,0.00,0.00,0.00,0.00,0.00
0.00,0.00,0.00,0.00,0.00,0.00,0.00,0.00,3.43,12.93,27.42,41.50,60.08,48.00,37.73,30.38,19.04,5.92,0.45,0.00,0.00,0.00,0.00,0.00
0.00,0.00,0.00,0.00,0.00,0.00,0.00,0.00,2.70,23.91,56.65,74.51,87.95,76.23,70.36,62.41,42.25,15.73,1.53,0.00,0.00,0.00,0.00,0.00
0.00,0.00,0.00,0.00,0.00,0.00,0.00,0.00,3.27,26.62,61.82,76.28,85.36,89.00,78.00,65.15,42.79,17.67,1.80,0.00,0.00,0.00,0.00,0.00
0.00,0.00,0.00,0.00,0.00,0.00,0.00,0.00,4.89,33.28,73.59,82.43,84.94,83.85,79.81,67.93,43.92,16.80,1.74,0.00,0.00,0.00,0.00,0.00
0.00,0.00,0.00,0.00,0.00,0.00,0.00,0.00,3.30,19.26,43.48,68.40,70.04,68.35,61.04,52.76,37.68,15.50,1.65,0.00,0.00,0.00,0.00,0.00
0.00,0.00,0.00,0.00,0.00,0.00,0.00,0.00,4.65,28.28,66.42,76.58,95.55,89.74,89.36,67.47,46.13,17.70,1.79,0.00,0.00,0.00,0.00,0.00
0.00,0.00,0.00,0.00,0.00,0.00,0.00,0.00,1.52,12.45,34.62,44.16,47.77,54.64,43.64,31.74,15.13,5.47,0.32,0.00,0.00,0.00,0.00,0.00
0.00,0.00,0.00,0.00,0.00,0.00,0.00,0.00,0.61,4.72,14.81,26.16,30.22,32.20,31.84,23.76,10.49,2.41,0.17,0.00,0.00,0.00,0.00,0.00
0.00,0.00,0.00,0.00,0.00,0.00,0.00,0.00,0.81,8.24,29.76,34.99,39.42,45.71,46.39,39.36,30.02,12.42,1.66,0.00,0.00,0.00,0.00,0.00
0.00,0.00,0.00,0.00,0.00,0.00,0.00,0.00,5.04,24.67,47.24,59.39,56.86,57.48,56.71,41.90,35.47,12.99,1.98,0.00,0.00,0.00,0.00,0.00
0.00,0.00,0.00,0.00,0.00,0.00,0.00,0.00,3.17,16.78,38.71,65.38,82.11,67.36,49.42,53.53,27.27,8.51,0.89,0.00,0.00,0.00,0.00,0.00
0.00,0.00,0.00,0.00,0.00,0.00,0.00,0.00,4.57,34.05,44.20,41.25,37.45,42.83,44.85,36.37,27.98,9.14,0.69,0.00,0.00,0.00,0.00,0.00
0.00,0.00,0.00,0.00,0.00,0.00,0.00,0.17,5.34,25.03,49.22,59.46,69.94,64.18,56.54,62.09,44.23,22.37,3.60,0.00,0.00,0.00,0.00,0.00
0.00,0.00,0.00,0.00,0.00,0.00,0.00,0.00,4.44,37.13,60.52,72.13,86.01,68.82,56.10,67.81,34.75,20.08,3.39,0.00,0.00,0.00,0.00,0.00
0.00,0.00,0.00,0.00,0.00,0.00,0.00,0.17,3.67,34.24,59.18,66.36,75.77,72.29,70.84,60.12,37.29,12.83,1.33,0.00,0.00,0.00,0.00,0.00
0.00,0.00,0.00,0.00,0.00,0.00,0.00,0.17,6.39,27.50,61.48,75.31,99.66,76.41,68.05,57.46,40.34,20.19,3.30,0.00,0.00,0.00,0.00,0.00
0.00,0.00,0.00,0.00,0.00,0.00,0.00,0.00,7.73,29.42,51.34,73.31,76.61,57.58,50.93,48.68,35.94,20.72,4.41,0.00,0.00,0.00,0.00,0.00
0.00,0.00,0.00,0.00,0.00,0.00,0.00,0.33,12.32,50.07,81.48,102.87,117.36,118.98,106.92,86.75,49.93,22.41,3.51,0.00,0.00,0.00,0.00,0.00
0.00,0.00,0.00,0.00,0.00,0.00,0.00,0.33,12.03,43.34,69.63,83.03,90.81,93.25,87.37,69.16,38.39,13.35,0.96,0.00,0.00,0.00,0.00,0.00
0.00,0.00,0.00,0.00,0.00,0.00,0.00,0.33,13.44,52.85,81.65,97.11,105.50,103.66,89.33,66.43,42.20,15.45,2.36,0.01,0.00,0.00,0.00,0.00
0.00,0.00,0.00,0.00,0.00,0.00,0.00,0.50,15.61,56.05,85.88,102.54,104.69,99.76,90.79,72.74,47.11,22.60,3.78,0.01,0.00,0.00,0.00,0.00
0.00,0.00,0.00,0.00,0.00,0.00,0.00,0.67,12.36,44.44,73.16,78.35,90.73,100.93,86.02,67.07,38.51,14.87,2.58,0.00,0.00,0.00,0.00,0.00
0.00,0.00,0.00,0.00,0.00,0.00,0.00,0.67,10.69,31.68,37.61,37.55,46.35,39.01,42.52,30.45,20.14,6.13,0.63,0.00,0.00,0.00,0.00,0.00
0.00,0.00,0.00,0.00,0.00,0.00,0.00,0.67,6.67,19.15,33.45,37.34,39.79,41.64,35.59,34.62,18.42,7.19,1.11,0.01,0.00,0.00,0.00,0.00
0.00,0.00,0.00,0.00,0.00,0.00,0.00,0.17,9.23,29.98,40.68,54.77,65.88,75.02,64.75,49.19,33.38,17.54,3.67,0.01,0.00,0.00,0.00,0.00
0.00,0.00,0.00,0.00,0.00,0.00,0.00,0.00,4.88,25.95,56.30,59.38,60.86,59.80,50.05,49.31,37.00,21.75,6.47,0.03,0.00,0.00,0.00,0.00
0.00,0.00,0.00,0.00,0.00,0.00,0.00,0.00,4.46,22.80,46.67,63.87,59.95,58.36,63.61,64.82,45.98,22.00,6.58,0.04,0.00,0.00,0.00,0.00
0.00,0.00,0.00,0.00,0.00,0.00,0.00,1.50,18.75,45.87,82.42,89.30,90.86,97.27,100.32,79.41,53.82,23.70,5.81,0.06,0.00,0.00,0.00,0.00
0.00,0.00,0.00,0.00,0.00,0.00,0.00,1.00,20.14,55.90,77.38,91.12,84.61,85.73,74.80,59.99,37.95,14.81,2.27,0.01,0.00,0.00,0.00,0.00
0.00,0.00,0.00,0.00,0.00,0.00,0.00,0.17,2.86,18.26,31.97,43.43,47.34,44.55,50.50,42.53,34.18,20.43,6.73,0.06,0.00,0.00,0.00,0.00
0.00,0.00,0.00,0.00,0.00,0.00,0.00,0.17,6.50,22.99,44.25,54.87,51.80,73.87,70.72,61.10,38.35,18.73,5.48,0.07,0.00,0.00,0.00,0.00
0.00,0.00,0.00,0.00,0.00,0.00,0.00,1.17,14.73,38.79,47.04,53.40,56.08,50.59,47.65,39.43,19.74,9.20,2.57,0.05,0.00,0.00,0.00,0.00
0.00,0.00,0.00,0.00,0.00,0.00,0.00,0.17,3.82,24.33,41.77,52.81,60.35,61.75,57.29,51.61,37.92,22.58,6.92,0.09,0.00,0.00,0.00,0.00
0.00,0.00,0.00,0.00,0.00,0.00,0.00,0.05,6.04,34.28,56.62,48.18,41.93,57.21,58.79,44.41,31.09,18.77,4.95,0.12,0.00,0.00,0.00,0.00
0.00,0.00,0.00,0.00,0.00,0.00,0.00,1.05,8.20,37.79,65.86,71.53,74.56,76.88,76.99,62.22,46.74,19.41,5.19,0.08,0.00,0.00,0.00,0.00
0.00,0.00,0.00,0.00,0.00,0.00,0.00,2.83,25.67,55.65,78.64,85.56,94.84,102.29,97.64,75.54,52.21,32.80,9.86,0.14,0.00,0.00,0.00,0.00
0.00,0.00,0.00,0.00,0.00,0.00,0.00,1.88,13.65,37.51,58.47,60.17,56.39,58.37,55.38,48.52,36.61,16.92,4.25,0.08,0.00,0.00,0.00,0.00
0.00,0.00,0.00,0.00,0.00,0.00,0.00,2.88,22.26,52.76,70.24,86.38,88.82,81.91,71.85,66.40,48.11,27.62,5.63,0.12,0.00,0.00,0.00,0.00
0.00,0.00,0.00,0.00,0.00,0.00,0.00,1.43,18.72,46.13,73.22,80.40,83.21,88.68,78.44,62.21,41.93,24.71,5.41,0.17,0.00,0.00,0.00,0.00
0.00,0.00,0.00,0.00,0.00,0.00,0.00,0.67,10.12,42.45,54.99,64.60,77.67,86.02,89.89,85.17,69.59,37.95,10.27,0.21,0.00,0.00,0.00,0.00
0.00,0.00,0.00,0.00,0.00,0.00,0.00,3.65,20.05,40.35,59.88,70.99,78.68,80.21,77.51,62.33,51.38,32.07,8.09,0.18,0.00,0.00,0.00,0.00
0.00,0.00,0.00,0.00,0.00,0.00,0.00,0.83,7.32,25.85,53.80,68.50,69.57,71.50,58.66,50.59,41.69,25.61,7.48,0.21,0.00,0.00,0.00,0.00
0.00,0.00,0.00,0.00,0.00,0.00,0.00,3.10,26.39,58.01,83.25,96.49,113.62,109.55,103.15,88.07,63.29,32.98,9.71,0.39,0.00,0.00,0.00,0.00
0.00,0.00,0.00,0.00,0.00,0.00,0.00,5.88,32.87,72.21,105.35,120.87,126.68,120.16,105.84,86.58,64.14,34.30,11.34,0.37,0.00,0.00,0.00,0.00
0.00,0.00,0.00,0.00,0.00,0.00,0.00,4.77,30.04,69.15,84.94,94.21,100.86,108.75,95.19,78.41,62.00,35.65,11.38,0.49,0.00,0.00,0.00,0.00
0.00,0.00,0.00,0.00,0.00,0.00,0.00,2.55,19.56,56.39,78.40,89.50,82.84,78.61,81.41,78.73,63.71,42.51,11.65,0.48,0.00,0.00,0.00,0.00
0.00,0.00,0.00,0.00,0.00,0.00,0.00,6.50,32.92,69.65,90.28,99.16,102.14,104.88,92.44,82.50,69.40,40.30,10.76,0.39,0.00,0.00,0.00,0.00
0.00,0.00,0.00,0.00,0.00,0.00,0.00,5.97,32.18,62.26,89.64,108.53,113.03,106.48,100.81,82.46,64.11,35.50,12.30,0.49,0.00,0.00,0.00,0.00
0.00,0.00,0.00,0.00,0.00,0.00,0.00,6.86,29.77,60.03,92.70,109.49,117.49,117.74,112.22,93.88,67.24,36.98,8.19,0.29,0.00,0.00,0.00,0.00
0.00,0.00,0.00,0.00,0.00,0.00,0.00,8.03,35.10,75.20,102.36,118.85,121.14,118.96,110.46,92.85,70.02,43.71,12.39,0.56,0.00,0.00,0.00,0.00
0.00,0.00,0.00,0.00,0.00,0.00,0.00,4.58,20.82,56.30,89.59,104.57,91.66,81.08,81.68,67.59,50.50,34.25,12.12,0.69,0.00,0.00,0.00,0.00
0.00,0.00,0.00,0.00,0.00,0.00,0.00,1.56,20.42,59.79,67.95,73.12,81.69,81.91,86.16,78.93,59.52,38.28,13.61,0.74,0.00,0.00,0.00,0.00
0.00,0.00,0.00,0.00,0.00,0.00,0.00,1.26,10.57,26.54,40.16,47.41,54.48,61.71,60.66,53.05,43.75,28.08,10.26,0.67,0.00,0.00,0.00,0.00
0.00,0.00,0.00,0.00,0.00,0.00,0.00,5.54,17.69,28.15,35.75,47.75,54.06,57.76,45.96,47.03,31.62,18.79,4.38,0.10,0.00,0.00,0.00,0.00
0.00,0.00,0.00,0.00,0.00,0.00,0.00,5.02,25.68,67.64,84.60,100.61,89.56,91.04,91.29,72.52,49.30,33.25,11.04,0.48,0.00,0.00,0.00,0.00
0.00,0.00,0.00,0.00,0.00,0.00,0.33,6.87,31.56,62.42,78.63,87.49,106.75,106.68,101.77,80.31,60.45,28.23,8.34,0.49,0.00,0.00,0.00,0.00
0.00,0.00,0.00,0.00,0.00,0.00,0.33,6.03,29.57,42.56,48.02,68.84,83.45,84.31,77.36,58.80,38.41,20.38,5.13,0.29,0.00,0.00,0.00,0.00
0.00,0.00,0.00,0.00,0.00,0.00,0.00,4.05,18.93,44.69,57.06,59.77,68.00,65.95,61.13,48.40,31.81,19.93,7.61,0.62,0.00,0.00,0.00,0.00
0.00,0.00,0.00,0.00,0.00,0.00,0.00,3.52,14.71,35.71,55.96,72.39,85.75,96.50,85.15,65.50,48.65,18.46,4.60,0.28,0.00,0.00,0.00,0.00
0.00,0.00,0.00,0.00,0.00,0.00,0.33,9.17,34.57,61.48,82.71,100.21,108.02,108.79,93.34,82.53,65.59,39.90,13.34,0.98,0.00,0.00,0.00,0.00
0.00,0.00,0.00,0.00,0.00,0.00,0.33,7.56,21.02,48.42,73.72,65.55,62.05,51.24,43.88,33.36,25.66,16.53,6.55,0.77,0.00,0.00,0.00,0.00
0.00,0.00,0.00,0.00,0.00,0.00,0.00,3.44,18.71,39.09,56.16,76.23,78.17,81.74,83.68,75.15,62.40,39.12,14.97,1.33,0.00,0.00,0.00,0.00
0.00,0.00,0.00,0.00,0.00,0.00,0.17,5.82,23.00,40.99,51.10,64.65,69.41,68.32,60.28,47.82,27.02,13.09,5.09,0.79,0.00,0.00,0.00,0.00
0.00,0.00,0.00,0.00,0.00,0.00,0.33,8.47,24.62,39.04,59.05,79.32,85.99,91.51,99.23,89.58,60.97,40.23,14.83,1.39,0.00,0.00,0.00,0.00
0.00,0.00,0.00,0.00,0.00,0.00,0.67,13.06,40.75,71.34,95.56,112.63,114.84,108.85,102.14,90.38,67.61,43.20,13.43,1.24,0.00,0.00,0.00,0.00
0.00,0.00,0.00,0.00,0.10,0.20,0.97,11.44,35.70,68.90,91.55,103.10,103.73,109.69,94.89,81.38,71.07,42.84,12.58,1.38,0.00,0.00,0.00,0.00
0.00,0.00,0.00,0.00,0.00,0.00,0.67,8.36,36.25,52.92,75.35,98.50,108.94,115.08,113.07,93.34,64.62,39.32,15.32,1.55,0.00,0.00,0.00,0.00
0.00,0.00,0.00,0.00,0.00,0.00,0.50,9.37,39.51,74.99,104.17,122.99,129.94,129.86,125.79,111.26,86.68,54.53,20.07,1.84,0.00,0.00,0.00,0.00
0.00,0.00,0.00,0.00,0.00,0.00,0.83,11.85,50.74,88.51,116.05,121.80,138.95,132.27,124.73,108.55,84.05,53.82,19.93,1.67,0.00,0.00,0.00,0.00
0.00,0.00,0.00,0.00,0.00,0.00,1.33,18.20,55.68,95.68,120.69,134.15,130.97,120.56,125.53,108.40,77.78,48.68,14.97,1.32,0.00,0.00,0.00,0.00
0.00,0.00,0.00,0.00,0.00,0.00,1.00,14.69,42.48,74.31,95.99,111.35,117.08,119.53,98.88,77.50,55.25,34.74,14.30,1.09,0.00,0.00,0.00,0.00
0.00,0.00,0.00,0.00,0.00,0.00,0.67,9.18,33.82,62.37,83.31,106.38,108.68,104.90,97.93,82.64,73.04,42.08,12.47,1.28,0.00,0.00,0.00,0.00
0.00,0.00,0.00,0.00,0.00,0.00,0.67,12.68,40.07,61.51,80.87,80.21,80.04,91.39,81.80,64.85,53.32,38.78,13.71,1.47,0.00,0.00,0.00,0.00
0.00,0.00,0.00,0.00,0.00,0.00,2.17,19.57,52.58,83.26,100.01,108.15,116.95,113.83,103.44,96.46,71.62,40.74,11.45,0.74,0.00,0.00,0.00,0.00
0.00,0.00,0.00,0.00,0.00,0.00,2.67,23.01,61.74,72.68,89.75,96.83,113.35,119.83,108.97,102.50,80.58,39.57,11.39,0.76,0.00,0.00,0.00,0.00
0.00,0.00,0.00,0.00,0.00,0.00,3.00,22.67,55.86,80.02,99.81,108.68,113.96,116.04,95.89,76.85,62.07,30.60,5.29,0.26,0.00,0.00,0.00,0.00
0.00,0.00,0.00,0.00,0.00,0.00,3.00,20.93,49.92,82.17,101.35,115.35,116.58,113.56,107.21,98.35,71.56,44.47,15.19,1.27,0.00,0.00,0.00,0.00
0.00,0.00,0.00,0.00,0.00,0.00,2.67,23.79,60.21,91.79,110.47,122.30,128.10,125.08,112.77,92.12,77.74,47.54,15.89,1.56,0.00,0.00,0.00,0.00
0.00,0.00,0.00,0.00,0.00,0.00,2.17,20.82,57.52,90.20,115.04,130.19,136.52,131.97,125.90,110.89,85.53,55.00,20.54,2.06,0.00,0.00,0.00,0.00
0.00,0.00,0.00,0.00,0.00,0.00,3.22,22.93,64.01,97.22,126.63,139.25,138.51,132.54,120.17,102.64,80.16,46.85,16.55,1.70,0.00,0.00,0.00,0.00
0.00,0.00,0.00,0.00,0.00,0.00,2.05,17.22,54.72,92.95,125.01,138.63,143.40,141.73,133.10,116.91,90.30,53.32,20.42,2.57,0.00,0.00,0.00,0.00
0.00,0.00,0.00,0.00,0.00,0.00,2.38,18.92,57.34,86.03,103.00,115.56,127.54,132.16,123.63,107.26,81.41,47.38,16.51,1.34,0.00,0.00,0.00,0.00
0.00,0.00,0.00,0.00,0.00,0.00,2.72,24.98,62.94,91.02,113.67,123.19,129.46,124.65,116.25,100.12,75.10,46.35,16.56,1.89,0.01,0.00,0.00,0.00
0.00,0.00,0.00,0.00,0.00,0.00,5.55,25.48,49.20,69.26,91.45,124.32,129.69,128.15,106.56,86.53,60.93,42.98,15.35,2.16,0.00,0.00,0.00,0.00
0.00,0.00,0.00,0.00,0.00,0.00,3.72,22.62,57.35,88.93,112.42,125.20,129.18,126.59,119.93,104.49,78.35,50.82,20.79,2.62,0.00,0.00,0.00,0.00
0.00,0.00,0.00,0.00,0.00,0.00,3.93,26.17,68.08,99.75,119.11,129.76,133.62,130.67,122.34,106.11,84.57,52.20,22.42,3.34,0.00,0.00,0.00,0.00
0.00,0.00,0.00,0.00,0.00,0.00,4.17,20.30,50.34,88.40,100.54,115.39,123.52,111.42,108.75,92.04,68.37,45.21,21.30,3.54,0.01,0.00,0.00,0.00
0.00,0.00,0.00,0.00,0.00,0.00,4.50,22.88,56.24,73.17,94.10,111.16,108.90,111.02,99.42,80.63,69.45,54.38,21.32,3.22,0.03,0.00,0.00,0.00
0.00,0.00,0.00,0.00,0.00,0.00,4.05,27.31,66.89,98.41,119.75,133.69,136.46,133.75,122.71,101.13,77.83,48.09,18.34,2.56,0.03,0.00,0.00,0.00
0.00,0.00,0.00,0.00,0.00,0.00,4.82,29.49,66.80,85.88,98.58,116.01,123.78,111.76,107.84,79.86,63.96,45.32,18.45,3.28,0.02,0.00,0.00,0.00
0.00,0.00,0.00,0.00,0.00,0.00,4.72,27.73,64.36,93.37,115.53,126.91,132.80,128.32,119.95,107.63,81.94,48.24,18.21,2.43,0.01,0.00,0.00,0.00
0.00,0.00,0.00,0.00,0.00,0.00,4.05,18.40,40.67,69.79,88.23,104.67,100.54,105.07,94.62,91.15,67.62,43.56,16.75,2.59,0.01,0.00,0.00,0.00
0.00,0.00,0.00,0.00,0.00,0.00,3.92,24.58,52.29,69.04,93.85,111.89,121.12,123.34,110.35,88.97,64.55,33.86,13.70,1.54,0.00,0.00,0.00,0.00
0.00,0.00,0.00,0.00,0.00,0.00,4.21,14.57,32.40,59.65,81.01,90.62,92.58,91.53,99.34,87.69,57.70,42.42,19.40,3.41,0.03,0.00,0.00,0.00
0.00,0.00,0.00,0.00,0.00,0.00,3.05,10.61,22.24,46.28,68.59,93.86,89.62,81.94,73.25,78.90,65.65,39.05,19.30,3.71,0.03,0.00,0.00,0.00
0.00,0.00,0.00,0.00,0.00,0.00,2.00,14.67,35.04,56.06,79.87,103.19,121.55,118.37,101.33,98.41,79.03,50.87,24.44,4.66,0.05,0.00,0.00,0.00
0.00,0.00,0.00,0.00,0.00,0.17,6.87,33.91,77.42,102.19,118.97,135.76,137.86,135.38,126.72,108.11,80.79,51.68,22.56,4.16,0.05,0.00,0.00,0.00
0.00,0.00,0.00,0.00,0.00,0.17,6.76,33.85,74.43,101.47,122.44,139.85,147.02,144.66,126.37,106.38,90.36,60.22,26.02,4.32,0.04,0.00,0.00,0.00
0.00,0.00,0.00,0.00,0.00,0.00,4.53,25.82,65.54,101.50,123.13,134.63,142.73,141.45,127.94,105.48,74.82,45.34,20.04,3.35,0.04,0.00,0.00,0.00
0.00,0.00,0.00,0.00,0.00,0.17,5.99,26.91,59.60,89.70,109.99,126.56,131.35,129.70,118.91,103.87,75.71,46.77,20.26,3.80,0.08,0.00,0.00,0.00
0.00,0.00,0.00,0.00,0.00,0.17,6.88,31.94,62.87,85.25,102.10,115.03,118.62,115.20,107.76,91.93,67.25,40.34,14.26,1.97,0.01,0.00,0.00,0.00
0.00,0.00,0.00,0.00,0.00,0.33,7.05,30.52,59.73,83.82,94.04,101.25,100.86,106.38,96.23,86.46,65.06,38.36,17.68,2.65,0.06,0.00,0.00,0.00
0.00,0.00,0.00,0.00,0.00,0.17,6.17,26.70,62.82,88.77,103.80,115.96,123.94,121.99,113.89,95.61,77.48,49.55,23.02,4.90,0.15,0.00,0.00,0.00
0.00,0.00,0.00,0.00,0.00,0.17,5.70,26.20,61.23,79.66,94.17,103.29,101.62,99.19,81.37,76.52,71.19,43.09,21.86,4.24,0.11,0.00,0.00,0.00
0.00,0.00,0.00,0.00,0.00,0.33,5.96,30.90,70.40,98.03,116.02,129.00,138.74,137.77,129.57,113.10,90.54,58.57,24.63,4.91,0.12,0.00,0.00,0.00
0.00,0.00,0.00,0.00,0.00,0.17,7.90,36.11,69.02,90.19,113.27,124.25,130.49,128.41,120.21,110.38,88.49,56.94,23.56,4.98,0.18,0.00,0.00,0.00
0.00,0.00,0.00,0.00,0.00,0.33,7.75,37.38,77.22,104.75,118.74,135.59,141.85,138.54,130.36,115.20,87.25,54.47,23.53,5.23,0.15,0.00,0.00,0.00
0.00,0.00,0.00,0.00,0.00,0.33,6.90,32.95,74.43,104.35,124.92,137.24,141.82,138.78,126.15,107.30,84.21,57.10,27.37,5.93,0.17,0.00,0.00,0.00
0.00,0.00,0.00,0.00,0.00,0.33,9.02,38.02,76.34,105.70,126.28,138.89,142.73,140.51,131.87,113.67,88.68,58.02,28.32,6.34,0.16,0.00,0.00,0.00
0.00,0.00,0.00,0.00,0.00,0.50,8.05,38.05,74.25,104.73,124.12,137.87,142.24,140.47,130.75,112.38,86.49,55.38,24.21,4.88,0.08,0.00,0.00,0.00
0.00,0.00,0.00,0.00,0.00,0.33,8.39,37.03,72.21,100.25,120.18,133.39,137.59,135.27,125.88,109.25,84.23,53.33,25.13,5.13,0.16,0.00,0.00,0.00
0.00,0.00,0.00,0.00,0.00,0.33,6.99,31.34,65.38,93.18,114.77,111.44,129.37,127.63,121.31,107.43,78.42,50.90,25.86,6.13,0.31,0.00,0.00,0.00
0.00,0.00,0.00,0.00,0.00,0.83,7.85,29.54,53.19,67.09,85.80,101.13,108.45,115.29,116.44,109.41,90.83,57.86,26.36,6.89,0.33,0.00,0.00,0.00
0.00,0.00,0.00,0.00,0.00,0.33,6.95,27.51,50.41,62.76,78.10,83.06,103.74,102.39,93.70,81.35,61.58,39.95,22.21,5.61,0.35,0.00,0.00,0.00
0.00,0.00,0.00,0.00,0.00,0.67,9.01,22.63,50.81,90.55,113.27,130.86,137.91,127.14,129.30,106.70,81.66,49.64,22.17,5.13,0.24,0.00,0.00,0.00
0.00,0.00,0.00,0.00,0.00,0.83,10.23,40.80,73.13,99.25,117.67,118.91,123.76,117.78,117.94,106.06,83.61,56.44,26.88,5.88,0.22,0.00,0.00,0.00
0.00,0.00,0.00,0.00,0.00,0.33,8.38,33.61,70.74,101.64,119.03,132.61,138.03,136.40,129.79,113.93,88.19,56.82,29.48,7.81,0.40,0.00,0.00,0.00
0.00,0.00,0.00,0.00,0.00,0.67,7.38,31.47,59.16,74.36,101.35,119.63,116.03,129.21,121.00,98.18,80.28,54.28,25.33,6.08,0.39,0.00,0.00,0.00
0.00,0.00,0.00,0.00,0.00,0.50,7.88,27.22,60.94,86.57,103.72,122.42,124.77,120.69,112.39,111.19,77.18,53.84,22.30,5.81,0.46,0.00,0.00,0.00
0.00,0.00,0.00,0.00,0.00,1.00,11.14,30.68,61.01,88.42,109.67,127.00,128.65,122.18,114.25,109.43,90.17,57.06,27.09,7.05,0.48,0.00,0.00,0.00
0.00,0.00,0.00,0.00,0.00,0.67,8.82,38.83,72.42,94.33,107.29,108.64,126.56,103.21,102.52,92.71,79.80,52.04,30.06,7.85,0.49,0.00,0.00,0.00
0.00,0.00,0.00,0.00,0.00,0.50,7.65,27.92,54.31,90.42,106.76,113.59,106.13,118.75,116.76,93.15,69.40,44.73,24.32,6.91,0.43,0.00,0.00,0.00
0.00,0.00,0.00,0.00,0.00,0.67,7.94,32.30,66.39,96.93,115.42,130.48,128.76,129.70,118.38,99.46,73.62,43.95,19.04,5.20,0.48,0.00,0.00,0.00
0.00,0.00,0.00,0.00,0.00,0.67,7.64,23.10,51.72,67.37,72.63,96.99,101.72,82.03,64.18,54.31,52.19,39.54,18.97,7.66,0.66,0.00,0.00,0.00
0.00,0.00,0.00,0.00,0.00,0.50,6.80,30.08,56.97,85.50,121.12,132.67,129.67,125.05,104.62,80.47,69.91,56.41,31.26,8.59,0.52,0.00,0.00,0.00
0.00,0.00,0.00,0.00,0.00,0.67,9.80,39.07,72.93,102.11,118.44,131.80,130.68,121.98,112.81,106.51,87.71,56.44,24.10,6.92,0.47,0.00,0.00,0.00
0.00,0.00,0.00,0.00,0.00,0.67,10.62,42.50,78.39,106.14,123.18,132.98,138.44,137.36,131.52,118.00,93.25,60.76,30.30,9.02,0.52,0.00,0.00,0.00
0.00,0.00,0.00,0.00,0.00,1.33,10.73,35.66,67.41,90.80,115.65,127.29,122.65,129.92,118.84,96.75,79.48,56.28,25.84,7.45,0.68,0.00,0.00,0.00
0.00,0.00,0.00,0.00,0.00,0.67,9.82,35.86,70.58,103.01,122.32,133.58,138.30,133.23,118.79,96.05,88.24,63.67,32.62,9.57,0.68,0.00,0.00,0.00
0.00,0.00,0.00,0.00,0.00,0.67,10.52,37.05,69.21,98.80,121.89,135.96,139.82,129.01,118.45,106.70,75.02,52.27,30.31,8.92,0.71,0.00,0.00,0.00
0.00,0.00,0.00,0.00,0.00,0.67,10.40,40.53,76.82,103.82,121.63,134.96,141.91,137.56,129.81,114.79,91.11,58.18,29.93,8.91,0.67,0.00,0.00,0.00
0.00,0.00,0.00,0.00,0.00,0.67,10.33,40.52,76.23,103.25,123.69,135.84,140.30,138.42,130.78,114.92,88.90,61.38,30.86,9.44,0.68,0.00,0.00,0.00
0.00,0.00,0.00,0.00,0.00,0.67,10.24,40.86,76.32,102.74,122.22,134.22,138.80,135.49,117.77,93.83,62.36,49.91,29.35,9.52,0.76,0.00,0.00,0.00
0.00,0.00,0.00,0.00,0.00,0.67,10.57,40.35,75.38,102.27,123.16,133.85,136.70,133.26,117.36,91.35,77.98,57.77,30.03,8.58,0.70,0.00,0.00,0.00
0.00,0.00,0.00,0.00,0.00,0.83,9.70,34.58,67.67,97.44,117.08,123.74,130.68,118.41,114.13,103.27,78.10,46.79,24.89,7.59,0.63,0.00,0.00,0.00
0.00,0.00,0.00,0.00,0.00,0.83,11.88,36.87,70.01,95.01,113.65,122.38,109.04,99.94,80.96,74.50,67.01,45.54,23.18,6.93,0.24,0.00,0.00,0.00
0.00,0.00,0.00,0.00,0.00,0.67,9.81,38.99,72.32,96.95,107.37,124.85,103.00,106.63,102.04,85.71,65.29,46.17,25.16,5.34,0.20,0.00,0.00,0.00
0.00,0.00,0.00,0.00,0.00,0.67,9.37,36.06,67.68,93.81,113.92,126.53,130.60,123.27,105.31,92.38,75.25,54.16,30.39,10.33,0.58,0.00,0.00,0.00
0.00,0.00,0.00,0.00,0.00,0.67,9.69,36.09,68.32,94.51,116.79,127.77,120.54,116.02,106.48,100.81,65.37,53.82,26.62,7.23,0.53,0.00,0.00,0.00
0.00,0.00,0.00,0.00,0.00,0.83,9.86,35.50,64.22,86.50,103.57,116.29,119.18,118.69,107.67,95.45,76.47,50.87,26.98,7.70,0.66,0.00,0.00,0.00
0.00,0.00,0.00,0.00,0.00,0.33,5.06,20.59,38.76,49.60,66.99,78.44,71.34,84.77,93.70,78.26,61.35,47.01,26.54,8.78,0.77,0.00,0.00,0.00
0.00,0.00,0.00,0.00,0.00,0.83,10.03,32.44,60.47,83.21,101.05,117.13,114.08,111.70,101.62,84.70,68.38,50.61,24.63,7.66,0.91,0.00,0.00,0.00
0.00,0.00,0.00,0.00,0.00,0.83,9.07,32.77,65.34,88.39,104.28,109.08,109.07,112.08,105.45,92.14,73.53,49.58,25.04,7.81,0.60,0.00,0.00,0.00
0.00,0.00,0.00,0.00,0.00,0.67,5.30,21.88,42.77,61.66,72.39,79.02,92.55,108.17,112.58,102.33,87.16,62.90,33.73,10.13,0.95,0.00,0.00,0.00
0.00,0.00,0.00,0.00,0.00,1.00,8.47,27.67,53.12,87.48,92.98,101.78,109.21,121.74,116.82,107.26,87.17,57.75,30.66,10.39,1.07,0.00,0.00,0.00
0.00,0.00,0.00,0.00,0.00,2.17,12.72,27.99,53.84,78.86,91.44,115.25,119.69,118.63,107.77,73.53,79.05,47.07,31.93,11.26,1.12,0.00,0.00,0.00
0.00,0.00,0.00,0.00,0.00,0.67,10.25,38.83,70.08,96.36,116.01,125.83,128.26,118.33,109.09,111.16,92.15,62.50,31.87,11.19,1.11,0.00,0.00,0.00
0.00,0.00,0.00,0.00,0.00,0.67,9.27,32.50,60.13,81.94,100.03,108.88,119.76,106.26,103.65,97.44,78.45,59.43,35.01,11.26,1.10,0.00,0.00,0.00
0.00,0.00,0.00,0.00,0.00,0.67,9.30,30.60,55.91,83.84,98.41,119.26,136.77,132.32,127.10,110.78,84.38,52.18,27.99,9.16,0.96,0.00,0.00,0.00
0.00,0.00,0.00,0.00,0.00,0.33,8.33,31.26,66.67,92.02,117.11,127.46,128.49,126.85,107.72,94.64,75.76,51.05,32.12,10.69,0.96,0.00,0.00,0.00
0.00,0.00,0.00,0.00,0.00,0.50,7.23,30.42,65.11,93.52,117.16,130.96,134.36,135.31,130.60,109.67,84.26,63.10,34.09,9.98,0.80,0.00,0.00,0.00
0.00,0.00,0.00,0.00,0.00,0.83,7.94,32.83,63.87,90.62,111.16,119.33,123.81,122.68,115.78,91.11,83.55,57.44,30.80,10.95,1.18,0.00,0.00,0.00
0.00,0.00,0.00,0.00,0.00,0.83,8.97,32.36,62.88,88.16,109.99,116.97,128.97,131.67,129.28,115.20,90.40,59.35,31.26,10.67,1.41,0.00,0.00,0.00
0.00,0.00,0.00,0.00,0.00,0.67,10.79,38.80,66.45,87.96,111.53,128.51,136.54,132.89,113.94,107.26,89.13,61.73,34.42,11.90,1.26,0.00,0.00,0.00
0.00,0.00,0.00,0.00,0.00,0.83,9.50,39.39,75.62,102.07,122.18,135.16,138.91,135.34,128.59,115.78,89.86,65.01,33.06,10.92,1.11,0.00,0.00,0.00
0.00,0.00,0.00,0.00,0.00,0.33,8.41,37.82,72.55,100.21,121.34,132.86,137.66,135.92,127.57,112.53,91.86,63.57,34.68,12.14,1.15,0.00,0.00,0.00
0.00,0.00,0.00,0.00,0.00,0.50,7.55,34.59,71.96,99.85,120.45,132.20,135.56,137.04,126.01,106.78,91.97,64.72,33.76,11.58,1.22,0.00,0.00,0.00
0.00,0.00,0.00,0.00,0.00,0.50,8.73,37.14,71.22,98.28,118.71,130.64,135.21,126.40,121.33,96.34,81.79,61.95,32.43,12.04,1.13,0.00,0.00,0.00
0.00,0.00,0.00,0.00,0.00,0.33,8.38,35.15,65.35,91.54,112.82,127.86,134.31,129.60,121.63,110.27,84.23,57.45,32.84,11.91,1.21,0.00,0.00,0.00
0.00,0.00,0.00,0.00,0.00,0.50,7.89,32.77,63.88,88.19,108.22,118.73,119.96,117.59,109.32,88.65,66.47,47.30,27.85,8.94,1.19,0.00,0.00,0.00
0.00,0.00,0.00,0.00,0.00,0.33,8.26,36.33,70.92,97.17,116.19,128.25,132.79,131.87,125.21,111.41,89.17,60.68,34.37,11.95,1.36,0.00,0.00,0.00
0.00,0.00,0.00,0.00,0.00,0.50,8.29,35.35,69.00,94.70,114.26,125.92,130.48,128.64,121.25,106.05,88.54,61.31,33.60,11.88,1.35,0.00,0.00,0.00
0.00,0.00,0.00,0.00,0.00,0.50,8.07,33.98,66.74,91.54,112.26,123.45,124.69,119.67,103.90,91.25,84.00,57.83,33.26,11.91,1.28,0.00,0.00,0.00
0.00,0.00,0.00,0.00,0.00,0.67,8.81,35.56,69.50,96.43,116.91,128.48,133.03,129.75,115.63,104.45,78.89,60.04,31.74,10.97,0.90,0.00,0.00,0.00
0.00,0.00,0.00,0.00,0.00,0.67,8.32,33.36,66.81,93.20,112.72,124.02,127.89,126.74,119.95,106.11,86.01,59.38,31.52,10.65,0.98,0.00,0.00,0.00
0.00,0.00,0.00,0.00,0.00,0.50,7.96,33.77,66.86,92.72,111.30,122.71,126.49,125.47,118.83,106.03,86.92,55.01,32.83,11.49,1.08,0.00,0.00,0.00
0.00,0.00,0.00,0.00,0.00,0.50,7.56,32.59,65.24,91.51,111.15,122.94,128.04,126.58,120.24,106.54,86.34,59.34,32.41,11.12,1.23,0.00,0.00,0.00
0.00,0.00,0.00,0.00,0.00,0.50,7.53,29.44,59.54,88.74,112.18,125.27,129.84,128.36,120.61,106.49,87.49,60.92,32.69,10.38,0.76,0.00,0.00,0.00
0.00,0.00,0.00,0.00,0.00,0.33,6.97,23.81,52.24,77.94,98.68,116.04,119.77,122.71,117.06,106.63,82.77,53.28,29.47,10.83,1.25,0.00,0.00,0.00
0.00,0.00,0.00,0.00,0.00,0.33,7.11,29.91,63.34,90.71,110.89,121.76,128.12,126.20,118.49,104.49,84.19,59.06,32.26,10.93,1.20,0.00,0.00,0.00
0.00,0.00,0.00,0.00,0.00,0.33,7.06,32.55,64.84,92.18,113.04,123.70,127.89,129.19,122.86,109.18,88.52,62.19,33.76,11.66,1.16,0.00,0.00,0.00
0.00,0.00,0.00,0.00,0.00,0.33,7.34,30.44,60.55,90.82,112.46,125.83,129.43,130.78,121.95,107.81,90.23,62.72,33.78,11.09,1.11,0.00,0.00,0.00
0.00,0.00,0.00,0.00,0.00,0.33,7.07,31.92,64.22,91.00,110.06,122.47,128.22,128.44,121.30,107.04,86.63,59.89,31.74,10.01,0.84,0.00,0.00,0.00
0.00,0.00,0.00,0.00,0.00,0.33,6.84,29.82,62.22,89.05,109.00,121.46,123.21,121.93,116.19,102.08,84.76,57.12,30.07,9.56,0.79,0.00,0.00,0.00
0.00,0.00,0.00,0.00,0.00,0.33,6.66,29.57,60.55,88.96,109.91,122.62,128.70,128.10,121.30,106.09,85.81,56.02,30.33,9.07,0.71,0.00,0.00,0.00
0.00,0.00,0.00,0.00,0.00,0.33,6.33,27.41,56.72,79.19,98.70,115.20,120.47,118.29,105.86,90.23,77.17,52.41,25.96,7.45,0.58,0.00,0.00,0.00
0.00,0.00,0.00,0.00,0.00,0.17,6.18,28.99,61.26,87.68,108.59,120.33,125.56,124.74,118.39,104.87,84.80,57.46,30.43,9.80,0.89,0.00,0.00,0.00
0.00,0.00,0.00,0.00,0.00,0.17,6.27,29.95,63.39,89.87,108.09,119.04,123.49,123.00,119.02,106.61,86.37,59.63,32.08,10.39,0.86,0.00,0.00,0.00
0.00,0.00,0.00,0.00,0.00,0.17,6.45,28.83,64.59,91.25,109.65,116.37,123.57,121.58,117.33,107.10,77.72,54.91,32.57,10.84,0.85,0.00,0.00,0.00
0.00,0.00,0.00,0.00,0.00,0.33,6.47,30.20,61.58,87.36,108.82,110.66,117.30,101.58,106.88,87.84,78.15,53.63,30.51,10.22,0.81,0.00,0.00,0.00
0.00,0.00,0.00,0.00,0.00,0.17,4.56,27.82,61.89,86.13,108.68,121.85,121.49,117.94,102.80,87.34,85.15,60.01,31.97,10.70,0.84,0.00,0.00,0.00
0.00,0.00,0.00,0.00,0.00,0.17,5.74,29.77,63.16,91.39,112.87,121.88,126.56,125.37,120.59,113.58,90.36,65.43,36.26,9.58,0.84,0.00,0.00,0.00
0.00,0.00,0.00,0.00,0.00,0.17,6.04,25.87,56.97,82.44,103.99,115.25,114.61,110.61,107.98,97.56,69.57,58.48,32.02,9.55,0.92,0.00,0.00,0.00
0.00,0.00,0.00,0.00,0.00,0.17,5.54,27.72,60.29,85.96,106.51,120.95,127.77,126.90,119.30,99.87,77.50,58.38,32.53,9.93,0.75,0.00,0.00,0.00
0.00,0.00,0.00,0.00,0.00,0.17,4.90,28.77,64.53,94.06,115.38,128.28,133.85,133.13,125.92,108.30,87.20,60.10,32.02,9.42,0.70,0.00,0.00,0.00
0.00,0.00,0.00,0.00,0.00,0.17,4.30,27.18,60.47,89.27,113.16,126.77,130.98,131.38,125.48,111.75,90.55,62.78,33.11,9.98,0.68,0.00,0.00,0.00
0.00,0.00,0.00,0.00,0.00,0.00,4.64,29.59,66.64,95.08,116.12,128.78,133.69,131.99,125.47,112.36,90.88,61.63,30.65,8.93,0.64,0.00,0.00,0.00
0.00,0.00,0.00,0.00,0.00,0.00,4.99,29.22,63.31,91.28,113.83,126.51,132.18,131.76,125.45,111.42,90.10,62.44,32.82,9.40,0.61,0.00,0.00,0.00
0.00,0.00,0.00,0.00,0.00,0.17,4.90,26.17,57.57,82.79,105.02,115.99,125.65,120.47,111.78,90.33,70.80,48.89,24.35,6.50,0.24,0.00,0.00,0.00
0.00,0.00,0.00,0.00,0.00,0.00,4.87,25.90,62.22,91.12,110.07,123.16,129.66,131.60,126.62,113.91,92.02,63.77,30.90,8.17,0.48,0.00,0.00,0.00
0.00,0.00,0.00,0.00,0.00,0.17,5.33,17.81,34.83,56.49,84.74,101.03,94.11,105.34,90.15,76.41,65.45,51.21,29.13,7.82,0.49,0.00,0.00,0.00
0.00,0.00,0.00,0.00,0.00,0.00,4.46,25.66,59.91,87.25,109.20,121.59,124.71,126.55,123.16,105.97,82.88,54.16,23.64,5.90,0.36,0.00,0.00,0.00
0.00,0.00,0.00,0.00,0.00,0.00,5.21,25.74,54.48,83.98,102.80,114.38,121.33,119.31,115.57,100.67,82.79,55.35,26.90,7.03,0.26,0.00,0.00,0.00
0.00,0.00,0.00,0.00,0.00,0.00,4.36,26.70,60.69,89.34,111.34,126.42,131.53,130.07,124.29,110.28,87.43,58.91,30.92,8.15,0.41,0.00,0.00,0.00
0.00,0.00,0.00,0.00,0.00,0.00,4.65,27.43,64.31,93.31,114.42,126.65,131.58,130.31,124.57,107.45,88.57,60.01,29.21,7.47,0.40,0.00,0.00,0.00
0.00,0.00,0.00,0.00,0.00,0.00,4.13,26.64,61.59,90.84,109.64,122.34,128.19,129.11,116.98,96.70,83.94,58.17,27.76,7.37,0.34,0.00,0.00,0.00
0.00,0.00,0.00,0.00,0.00,0.00,3.93,25.14,60.39,89.52,106.99,112.34,123.69,112.76,104.31,89.88,70.73,42.30,20.72,4.16,0.16,0.00,0.00,0.00
0.00,0.00,0.00,0.00,0.00,0.00,3.82,23.80,57.19,86.55,106.79,114.45,118.88,113.15,98.60,80.55,63.57,45.96,26.88,6.84,0.34,0.00,0.00,0.00
0.00,0.00,0.00,0.00,0.00,0.17,4.53,19.73,39.94,66.48,86.73,101.26,116.58,108.38,100.22,83.85,65.30,40.53,17.76,4.38,0.18,0.00,0.00,0.00
0.00,0.00,0.00,0.00,0.00,0.00,3.23,23.97,56.89,82.81,105.34,111.96,123.20,124.22,116.22,90.52,57.13,47.32,21.81,4.75,0.25,0.00,0.00,0.00
0.00,0.00,0.00,0.00,0.00,0.00,3.83,20.96,51.63,69.73,95.57,98.36,99.61,101.69,91.62,83.10,65.08,46.90,23.04,5.50,0.20,0.00,0.00,0.00
0.00,0.00,0.00,0.00,0.00,0.00,3.65,22.46,51.24,79.28,97.77,104.05,106.59,102.56,92.68,85.81,61.17,44.03,21.95,5.07,0.18,0.00,0.00,0.00
0.00,0.00,0.00,0.00,0.00,0.00,3.74,24.02,59.42,86.11,106.07,112.59,114.16,112.70,106.66,87.15,69.66,47.21,23.28,5.39,0.19,0.00,0.00,0.00
0.00,0.00,0.00,0.00,0.00,0.00,3.12,21.44,51.43,77.56,95.31,103.75,98.93,107.38,105.33,99.94,83.85,53.23,24.48,3.83,0.07,0.00,0.00,0.00
0.00,0.00,0.00,0.00,0.00,0.00,4.07,22.93,57.38,85.92,109.52,107.67,107.00,95.44,92.54,98.49,74.76,43.86,21.02,4.79,0.08,0.00,0.00,0.00
0.00,0.00,0.00,0.00,0.00,0.00,4.18,20.71,51.72,55.10,73.97,76.56,94.57,96.28,104.15,85.24,68.39,44.88,16.97,3.28,0.08,0.00,0.00,0.00
0.00,0.00,0.00,0.00,0.00,0.00,3.27,24.23,57.52,80.56,97.95,110.08,113.19,124.56,122.67,105.19,86.46,57.76,27.74,5.81,0.08,0.00,0.00,0.00
0.00,0.00,0.00,0.00,0.00,0.00,3.44,25.40,60.29,81.25,108.59,123.08,127.47,119.30,109.62,93.65,77.34,51.52,23.72,3.83,0.06,0.00,0.00,0.00
0.00,0.00,0.00,0.00,0.00,0.00,3.66,22.10,58.05,90.04,113.75,128.94,123.04,127.33,122.52,106.86,82.11,52.02,22.30,4.21,0.04,0.00,0.00,0.00
0.00,0.00,0.00,0.00,0.00,0.00,3.27,25.19,63.43,93.10,113.61,129.31,134.74,131.42,125.64,109.61,86.13,56.02,23.40,4.23,0.04,0.00,0.00,0.00
0.00,0.00,0.00,0.00,0.00,0.00,3.38,24.29,60.34,89.37,111.02,124.31,130.70,131.19,119.34,104.01,77.85,52.29,23.08,3.95,0.02,0.00,0.00,0.00
0.00,0.00,0.00,0.00,0.00,0.00,3.22,24.37,60.03,87.60,108.39,123.62,129.50,128.45,118.69,106.56,80.91,50.11,21.68,2.95,0.00,0.00,0.00,0.00
0.00,0.00,0.00,0.00,0.00,0.00,3.05,20.21,41.52,70.70,103.58,115.52,116.35,119.47,114.73,96.03,76.76,49.13,20.26,3.17,0.01,0.00,0.00,0.00
0.00,0.00,0.00,0.00,0.00,0.00,1.88,18.51,54.58,79.86,96.07,107.40,114.86,119.61,113.30,99.05,82.33,53.23,23.69,3.81,0.02,0.00,0.00,0.00
0.00,0.00,0.00,0.00,0.00,0.00,2.60,21.31,51.37,79.81,101.48,121.54,126.91,124.04,118.49,106.39,85.04,53.75,21.47,3.37,0.00,0.00,0.00,0.00
0.00,0.00,0.00,0.00,0.00,0.00,2.72,22.70,61.02,90.89,111.47,123.40,127.55,125.19,118.96,101.50,78.60,49.63,20.59,3.09,0.00,0.00,0.00,0.00
0.00,0.00,0.00,0.00,0.00,0.00,2.55,21.61,56.05,83.89,103.24,117.99,120.80,122.86,117.52,104.32,79.86,51.20,21.70,3.26,0.00,0.00,0.00,0.00
0.00,0.00,0.00,0.00,0.00,0.00,2.50,21.30,57.48,87.10,109.72,122.25,128.90,125.40,118.78,100.18,71.56,43.15,18.10,2.79,0.00,0.00,0.00,0.00
0.00,0.00,0.00,0.00,0.00,0.00,2.50,21.66,58.41,89.19,110.92,122.78,125.95,121.80,115.05,99.20,75.63,40.93,14.70,2.05,0.00,0.00,0.00,0.00
0.00,0.00,0.00,0.00,0.00,0.00,2.50,20.74,55.64,85.70,106.34,118.64,122.40,120.55,109.68,92.63,71.96,43.71,16.68,1.92,0.00,0.00,0.00,0.00
0.00,0.00,0.00,0.00,0.00,0.00,2.50,18.81,47.63,76.00,97.54,110.81,118.01,118.03,112.17,96.82,74.96,38.84,13.12,1.96,0.00,0.00,0.00,0.00
0.00,0.00,0.00,0.00,0.00,0.00,2.33,18.88,46.69,73.32,91.01,106.18,117.08,109.84,107.91,85.28,68.10,44.80,19.27,2.09,0.00,0.00,0.00,0.00
0.00,0.00,0.00,0.00,0.00,0.00,2.17,18.99,52.80,82.47,104.13,118.75,123.54,120.91,111.31,98.04,74.97,43.59,16.09,1.77,0.00,0.00,0.00,0.00
0.00,0.00,0.00,0.00,0.00,0.00,2.17,17.89,50.81,75.00,87.27,95.46,100.01,102.02,101.85,86.38,70.07,41.07,16.61,1.29,0.00,0.00,0.00,0.00
0.00,0.00,0.00,0.00,0.00,0.00,1.83,15.74,35.12,55.65,74.94,86.68,86.04,84.33,81.18,69.59,53.18,33.92,12.89,1.42,0.00,0.00,0.00,0.00
0.00,0.00,0.00,0.00,0.00,0.00,1.17,19.47,43.79,67.72,86.63,97.38,103.04,109.00,97.11,82.28,62.00,36.44,13.63,1.41,0.00,0.00,0.00,0.00
0.00,0.00,0.00,0.00,0.00,0.00,1.17,12.88,41.96,67.31,86.24,87.08,89.54,83.29,71.04,70.17,51.15,27.79,10.40,1.13,0.00,0.00,0.00,0.00
0.00,0.00,0.00,0.00,0.00,0.00,1.83,17.78,46.36,72.09,95.25,101.47,105.58,107.23,102.80,89.07,69.47,42.13,14.84,1.08,0.00,0.00,0.00,0.00
0.00,0.00,0.00,0.00,0.00,0.00,1.33,14.91,44.17,75.72,98.50,110.41,108.69,103.26,91.67,76.54,45.53,23.45,5.18,0.65,0.00,0.00,0.00,0.00
0.00,0.00,0.00,0.00,0.00,0.00,0.67,9.59,27.52,43.24,57.19,71.56,74.67,71.69,69.55,66.09,49.49,33.08,10.48,0.80,0.00,0.00,0.00,0.00
0.00,0.00,0.00,0.00,0.00,0.00,2.33,21.10,57.15,86.56,108.43,117.07,107.16,111.72,107.16,89.96,72.02,47.42,15.65,1.00,0.00,0.00,0.00,0.00
0.00,0.00,0.00,0.00,0.00,0.00,0.83,14.09,46.60,77.88,101.22,117.69,120.42,125.28,112.57,100.91,76.04,43.40,12.57,0.58,0.00,0.00,0.00,0.00
0.00,0.00,0.00,0.00,0.00,0.00,1.83,17.24,50.49,80.92,101.69,116.47,120.23,120.94,102.30,87.12,63.88,38.87,12.40,0.64,0.00,0.00,0.00,0.00
0.00,0.00,0.00,0.00,0.00,0.00,0.67,14.96,44.74,74.74,92.84,103.53,111.21,102.34,95.17,68.27,57.17,30.36,7.59,0.39,0.00,0.00,0.00,0.00
0.00,0.00,0.00,0.00,0.00,0.00,0.83,10.87,38.82,68.74,87.29,99.63,107.89,107.27,104.44,81.77,60.64,34.51,10.72,0.76,0.00,0.00,0.00,0.00
0.00,0.00,0.00,0.00,0.00,0.00,0.50,13.08,44.54,69.42,88.40,95.66,98.65,94.94,84.86,70.64,47.72,23.54,3.83,0.05,0.00,0.00,0.00,0.00
0.00,0.00,0.00,0.00,0.00,0.00,1.17,8.73,31.34,58.65,80.46,96.04,100.28,95.90,88.44,73.70,50.68,26.69,6.91,0.37,0.00,0.00,0.00,0.00
0.00,0.00,0.00,0.00,0.00,0.00,1.00,14.16,48.78,78.53,97.43,114.35,115.62,110.51,106.04,91.24,68.18,39.55,11.77,0.45,0.00,0.00,0.00,0.00
0.00,0.00,0.00,0.00,0.00,0.00,0.83,10.71,38.81,74.87,98.83,117.60,118.68,116.13,106.45,91.45,68.82,39.12,11.40,0.44,0.00,0.00,0.00,0.00
0.00,0.00,0.00,0.00,0.00,0.00,1.33,13.84,44.94,81.47,102.82,116.37,113.90,116.82,99.75,90.21,62.02,35.49,10.18,0.35,0.00,0.00,0.00,0.00
0.00,0.00,0.00,0.00,0.00,0.00,0.50,14.09,38.55,60.02,83.35,96.59,105.13,108.74,93.53,79.12,73.88,36.44,9.26,0.30,0.00,0.00,0.00,0.00
0.00,0.00,0.00,0.00,0.00,0.00,1.00,16.37,46.26,79.75,104.44,114.49,116.03,120.59,106.59,93.46,67.46,33.00,8.59,0.28,0.00,0.00,0.00,0.00
0.00,0.00,0.00,0.00,0.00,0.00,1.17,18.91,57.61,89.04,114.51,127.78,131.67,129.59,120.47,99.91,71.91,37.55,10.02,0.26,0.00,0.00,0.00,0.00
0.00,0.00,0.00,0.00,0.00,0.00,0.67,12.78,41.57,71.37,94.02,81.66,77.26,86.12,78.13,69.42,56.20,34.32,9.24,0.19,0.00,0.00,0.00,0.00
0.00,0.00,0.00,0.00,0.00,0.00,0.83,14.71,43.88,74.78,94.25,111.30,99.92,98.85,100.30,80.40,59.39,34.70,8.16,0.15,0.00,0.00,0.00,0.00
0.00,0.00,0.00,0.00,0.00,0.00,1.00,15.31,49.36,78.90,91.32,94.38,91.00,97.62,85.93,80.24,52.79,23.80,5.42,0.16,0.00,0.00,0.00,0.00
0.00,0.00,0.00,0.00,0.00,0.00,0.33,10.91,49.41,83.29,107.94,107.69,116.55,118.24,109.06,82.22,59.35,35.24,6.89,0.08,0.00,0.00,0.00,0.00
0.00,0.00,0.00,0.00,0.00,0.00,0.67,13.25,47.39,78.49,102.96,112.47,114.85,96.76,82.89,71.91,48.19,23.96,6.32,0.09,0.00,0.00,0.00,0.00
0.00,0.00,0.00,0.00,0.00,0.00,0.50,11.65,45.57,79.66,97.36,108.38,112.25,102.74,92.46,62.26,44.38,23.85,6.42,0.07,0.00,0.00,0.00,0.00
0.00,0.00,0.00,0.00,0.00,0.00,0.33,8.00,30.48,59.18,76.51,77.39,89.38,95.02,89.46,71.13,50.21,25.84,4.69,0.06,0.00,0.00,0.00,0.00
0.00,0.00,0.00,0.00,0.00,0.00,0.00,2.80,24.31,45.41,57.82,63.47,70.05,62.77,58.85,51.02,41.52,23.65,4.09,0.02,0.00,0.00,0.00,0.00
0.00,0.00,0.00,0.00,0.00,0.00,0.00,3.70,24.52,58.49,67.60,73.26,65.06,69.85,55.93,45.39,40.72,25.23,5.62,0.03,0.00,0.00,0.00,0.00
0.00,0.00,0.00,0.00,0.00,0.00,0.17,5.37,31.72,54.30,74.03,94.84,91.74,100.85,96.16,88.96,55.34,24.25,4.41,0.01,0.00,0.00,0.00,0.00
0.00,0.00,0.00,0.00,0.00,0.00,0.50,15.14,49.70,80.98,102.82,112.79,120.18,110.24,97.97,80.02,53.17,21.33,3.25,0.00,0.00,0.00,0.00,0.00
0.00,0.00,0.00,0.00,0.00,0.00,0.00,8.70,39.24,60.73,74.25,81.76,85.90,78.63,86.07,70.60,37.78,13.72,1.02,0.00,0.00,0.00,0.00,0.00
0.00,0.00,0.00,0.00,0.00,0.00,0.50,11.25,37.61,61.30,76.74,99.27,104.74,100.97,93.29,70.14,45.95,18.09,1.72,0.00,0.00,0.00,0.00,0.00
0.00,0.00,0.00,0.00,0.00,0.00,0.00,7.00,33.87,58.34,82.85,99.87,98.82,100.93,82.50,68.76,44.81,17.27,2.38,0.01,0.00,0.00,0.00,0.00
0.00,0.00,0.00,0.00,0.00,0.00,0.17,10.97,36.35,69.89,102.32,116.10,123.28,125.61,113.15,93.44,63.01,27.47,4.49,0.01,0.00,0.00,0.00,0.00
0.00,0.00,0.00,0.00,0.00,0.00,0.50,7.78,33.68,66.16,91.41,121.61,126.77,116.68,103.76,80.84,51.34,20.80,2.94,0.00,0.00,0.00,0.00,0.00
0.00,0.00,0.00,0.00,0.00,0.00,0.00,4.83,22.88,43.69,57.72,62.80,65.17,64.33,54.64,45.78,29.66,11.53,1.50,0.00,0.00,0.00,0.00,0.00
0.00,0.00,0.00,0.00,0.00,0.00,0.00,4.03,13.77,25.54,40.77,42.69,51.60,44.24,31.97,29.84,20.91,8.20,0.59,0.00,0.00,0.00,0.00,0.00
0.00,0.00,0.00,0.00,0.00,0.00,0.00,7.82,38.13,67.53,86.22,90.92,92.03,98.76,88.37,73.11,40.72,14.17,1.04,0.00,0.00,0.00,0.00,0.00
0.00,0.00,0.00,0.00,0.00,0.00,0.17,10.44,40.58,72.25,91.84,103.23,99.06,91.60,77.89,60.69,43.22,13.33,1.59,0.00,0.00,0.00,0.00,0.00
0.00,0.00,0.00,0.00,0.00,0.00,0.00,7.29,29.90,55.96,72.07,90.96,85.89,92.42,70.03,59.24,38.42,14.50,1.59,0.00,0.00,0.00,0.00,0.00
0.00,0.00,0.00,0.00,0.00,0.00,0.00,2.40,16.31,32.75,44.46,60.12,64.02,65.75,59.58,50.31,32.03,14.41,2.35,0.00,0.00,0.00,0.00,0.00
0.00,0.00,0.00,0.00,0.00,0.00,0.17,9.04,29.69,62.84,85.11,97.77,89.64,80.02,73.87,60.71,36.04,13.83,1.85,0.00,0.00,0.00,0.00,0.00
0.00,0.00,0.00,0.00,0.00,0.00,0.00,6.40,31.80,67.08,86.41,100.66,96.00,81.33,70.24,60.39,40.25,14.44,1.20,0.00,0.00,0.00,0.00,0.00
0.00,0.00,0.00,0.00,0.00,0.00,0.00,6.53,32.49,63.03,80.95,92.38,97.85,90.46,84.91,70.16,43.21,12.79,0.87,0.00,0.00,0.00,0.00,0.00
0.00,0.00,0.00,0.00,0.00,0.00,0.00,5.85,32.77,67.74,83.68,96.07,98.25,95.86,82.15,64.64,31.60,9.44,1.08,0.00,0.00,0.00,0.00,0.00
0.00,0.00,0.00,0.00,0.00,0.00,0.00,6.70,36.00,68.00,89.68,100.79,103.35,97.49,84.01,61.23,31.55,9.13,0.56,0.00,0.00,0.00,0.00,0.00
0.00,0.00,0.00,0.00,0.00,0.00,0.00,4.87,22.15,46.83,51.31,70.21,73.75,60.76,49.83,47.16,30.53,10.32,0.87,0.00,0.00,0.00,0.00,0.00
0.00,0.00,0.00,0.00,0.00,0.00,0.00,0.89,11.58,31.18,41.27,46.64,51.56,47.77,49.91,44.93,31.85,13.41,1.55,0.00,0.00,0.00,0.00,0.00
0.00,0.00,0.00,0.00,0.00,0.00,0.00,2.45,26.18,52.13,86.07,89.13,91.02,96.43,91.09,66.03,42.71,16.20,1.64,0.00,0.00,0.00,0.00,0.00
0.00,0.00,0.00,0.00,0.00,0.00,0.00,7.27,30.64,53.26,71.78,89.20,91.17,94.84,85.03,61.26,31.35,7.97,0.18,0.00,0.00,0.00,0.00,0.00
0.00,0.00,0.00,0.00,0.00,0.00,0.00,7.07,38.56,67.17,85.41,95.78,96.92,89.22,66.97,45.81,24.16,6.78,0.05,0.00,0.00,0.00,0.00,0.00
0.00,0.00,0.00,0.00,0.00,0.00,0.00,0.33,16.73,34.48,52.06,67.35,75.67,74.37,64.75,46.86,25.25,8.11,0.63,0.00,0.00,0.00,0.00,0.00
0.00,0.00,0.00,0.00,0.00,0.00,0.00,1.90,10.83,32.01,54.18,59.18,65.06,65.96,49.44,35.20,16.33,5.46,0.30,0.00,0.00,0.00,0.00,0.00
0.00,0.00,0.00,0.00,0.00,0.00,0.00,3.20,16.12,35.92,49.67,59.99,65.31,60.20,48.47,43.14,28.85,12.36,0.78,0.00,0.00,0.00,0.00,0.00
0.00,0.00,0.00,0.00,0.00,0.00,0.00,1.88,24.91,55.58,71.22,84.01,82.14,82.45,64.67,36.17,21.26,7.78,0.38,0.00,0.00,0.00,0.00,0.00
0.00,0.00,0.00,0.00,0.00,0.00,0.00,3.88,28.53,48.99,71.71,78.17,65.36,84.05,69.77,43.52,22.96,8.10,0.45,0.00,0.00,0.00,0.00,0.00
0.00,0.00,0.00,0.00,0.00,0.00,0.00,4.25,33.05,71.43,80.51,91.69,87.27,73.51,67.19,46.00,19.53,5.44,0.28,0.00,0.00,0.00,0.00,0.00
0.00,0.00,0.00,0.00,0.00,0.00,0.00,2.30,16.97,47.18,62.49,74.38,70.04,68.70,50.11,26.65,11.69,3.76,0.39,0.00,0.00,0.00,0.00,0.00
0.00,0.00,0.00,0.00,0.00,0.00,0.00,2.00,11.03,32.18,58.96,61.15,75.07,62.74,40.65,27.67,9.15,1.31,0.01,0.00,0.00,0.00,0.00,0.00
0.00,0.00,0.00,0.00,0.00,0.00,0.00,3.50,21.56,45.24,64.43,79.92,78.21,75.73,62.43,30.10,10.52,1.89,0.06,0.00,0.00,0.00,0.00,0.00
0.00,0.00,0.00,0.00,0.00,0.00,0.00,4.33,13.32,38.10,38.65,45.91,56.23,54.46,51.19,33.47,17.58,3.86,0.12,0.00,0.00,0.00,0.00,0.00
0.00,0.00,0.00,0.00,0.00,0.00,0.00,2.20,20.20,50.87,63.08,65.00,65.94,69.99,65.53,48.29,22.48,4.98,0.12,0.00,0.00,0.00,0.00,0.00
0.00,0.00,0.00,0.00,0.00,0.00,0.00,2.33,22.35,37.17,56.87,75.67,81.71,79.63,63.12,41.25,15.23,2.77,0.04,0.00,0.00,0.00,0.00,0.00
0.00,0.00,0.00,0.00,0.00,0.00,0.00,2.50,25.37,64.55,86.82,96.03,100.54,89.36,83.99,58.22,28.77,9.23,0.35,0.00,0.00,0.00,0.00,0.00
0.00,0.00,0.00,0.00,0.00,0.00,0.00,1.67,20.75,60.28,88.02,97.76,97.18,98.19,87.82,66.77,36.08,11.00,0.27,0.00,0.00,0.00,0.00,0.00
0.00,0.00,0.00,0.00,0.00,0.00,0.00,0.93,21.11,67.44,97.82,113.43,115.46,109.67,96.37,70.05,35.26,9.90,0.23,0.00,0.00,0.00,0.00,0.00
0.00,0.00,0.00,0.00,0.00,0.00,0.00,0.72,14.78,47.84,80.28,94.03,97.43,94.90,90.97,66.82,34.36,9.65,0.23,0.00,0.00,0.00,0.00,0.00
0.00,0.00,0.00,0.00,0.00,0.00,0.00,0.17,12.47,42.97,81.76,93.24,101.42,105.18,88.10,64.61,33.10,9.36,0.21,0.00,0.00,0.00,0.00,0.00
0.00,0.00,0.00,0.00,0.00,0.00,0.00,2.00,21.84,62.29,87.15,96.91,97.30,95.42,79.77,61.94,31.36,7.60,0.08,0.00,0.00,0.00,0.00,0.00
0.00,0.00,0.00,0.00,0.00,0.00,0.00,0.55,11.68,39.66,61.22,75.24,73.21,73.48,71.06,53.01,26.64,6.41,0.04,0.00,0.00,0.00,0.00,0.00
0.00,0.00,0.00,0.00,0.00,0.00,0.00,0.00,7.11,28.58,49.44,67.90,69.86,65.25,64.12,39.60,22.21,6.47,0.10,0.00,0.00,0.00,0.00,0.00
0.00,0.00,0.00,0.00,0.00,0.00,0.00,0.83,14.30,51.16,82.88,80.77,90.34,79.05,80.65,52.47,26.45,7.12,0.09,0.00,0.00,0.00,0.00,0.00
0.00,0.00,0.00,0.00,0.00,0.00,0.00,0.67,13.10,49.45,72.74,86.84,91.23,82.75,67.52,49.89,23.97,5.75,0.06,0.00,0.00,0.00,0.17,0.17
0.00,0.00,0.00,0.00,0.00,0.00,0.00,0.50,16.84,55.64,79.46,94.56,101.75,93.63,79.33,50.78,22.76,5.49,0.06,0.00,0.00,0.00,0.00,0.00
0.00,0.00,0.00,0.00,0.00,0.00,0.00,0.17,9.41,34.67,60.86,79.06,98.87,93.22,75.93,52.62,25.06,5.88,0.06,0.00,0.00,0.00,0.00,0.00
0.00,0.00,0.00,0.00,0.00,0.00,0.00,0.67,11.27,40.26,62.41,76.27,71.14,72.71,73.11,49.63,24.19,5.68,0.06,0.00,0.00,0.00,0.00,0.00
0.00,0.00,0.00,0.00,0.00,0.00,0.00,0.67,15.30,51.06,72.14,87.15,90.71,84.89,66.23,45.78,24.30,6.55,0.07,0.00,0.00,0.00,0.00,0.00
0.00,0.00,0.00,0.00,0.00,0.00,0.00,0.50,12.41,51.71,84.55,97.26,95.74,93.35,79.52,53.40,30.03,7.22,0.10,0.00,0.00,0.00,0.00,0.00
0.00,0.00,0.00,0.00,0.00,0.00,0.00,0.33,4.49,19.70,37.68,42.76,47.20,53.18,53.28,44.43,25.56,6.50,0.05,0.00,0.00,0.00,0.00,0.00
0.00,0.00,0.00,0.00,0.00,0.00,0.00,0.33,9.67,27.95,53.70,69.17,75.06,65.06,55.47,25.75,12.13,2.01,0.01,0.00,0.00,0.00,0.00,0.00
0.00,0.00,0.00,0.00,0.00,0.00,0.00,0.33,11.46,38.35,53.16,70.27,75.27,72.38,49.76,36.43,22.55,6.77,0.05,0.00,0.00,0.00,0.00,0.00
0.00,0.00,0.00,0.00,0.00,0.00,0.00,0.33,10.96,47.96,78.43,86.12,75.20,73.88,57.68,35.04,13.14,3.22,0.03,0.00,0.00,0.00,0.00,0.00
0.00,0.00,0.00,0.00,0.00,0.00,0.00,0.67,8.65,28.24,42.13,40.25,52.41,50.12,47.15,32.69,16.09,3.07,0.01,0.00,0.00,0.00,0.00,0.00
0.00,0.00,0.00,0.00,0.00,0.00,0.00,0.17,3.02,24.81,43.56,53.55,61.33,62.93,61.40,38.40,23.07,5.82,0.03,0.00,0.00,0.00,0.00,0.00
0.00,0.00,0.00,0.00,0.00,0.00,0.00,0.17,4.21,26.84,62.83,75.88,79.74,73.38,60.51,43.57,22.68,5.66,0.02,0.00,0.00,0.00,0.00,0.00
0.00,0.00,0.00,0.00,0.00,0.00,0.00,0.17,11.52,36.88,57.72,68.43,59.73,57.19,46.66,41.24,23.43,5.83,0.02,0.00,0.00,0.00,0.00,0.00
0.00,0.00,0.00,0.00,0.00,0.00,0.00,0.33,11.58,45.08,82.30,96.61,91.09,82.19,74.78,49.82,25.69,6.26,0.03,0.00,0.00,0.00,0.00,0.00
0.00,0.00,0.00,0.00,0.00,0.00,0.00,0.17,9.64,38.17,71.89,88.45,83.65,77.04,64.55,42.05,17.82,2.67,0.01,0.00,0.00,0.00,0.00,0.00
0.00,0.00,0.00,0.00,0.00,0.00,0.00,0.33,11.92,43.49,72.19,85.73,87.07,86.39,66.67,42.08,17.55,2.34,0.00,0.00,0.00,0.00,0.00,0.00
0.00,0.00,0.00,0.00,0.00,0.00,0.00,0.17,8.30,38.90,63.60,88.09,93.59,89.08,77.19,48.01,26.14,5.46,0.02,0.00,0.00,0.00,0.00,0.00
0.00,0.00,0.00,0.00,0.00,0.00,0.00,0.33,6.01,32.94,63.41,79.83,81.68,78.80,69.72,42.57,22.05,4.97,0.01,0.00,0.00,0.00,0.00,0.00
0.00,0.00,0.00,0.00,0.00,0.00,0.00,0.00,6.17,23.80,51.08,65.62,66.67,49.75,56.96,36.37,17.17,3.73,0.01,0.00,0.00,0.00,0.00,0.00
0.00,0.00,0.00,0.00,0.00,0.00,0.00,0.00,5.93,30.96,50.79,64.60,64.53,56.78,53.08,38.74,21.13,4.86,0.01,0.00,0.00,0.00,0.00,0.00
0.00,0.00,0.00,0.00,0.00,0.00,0.00,0.17,9.34,23.35,47.34,64.76,76.38,69.84,48.82,31.83,12.78,2.00,0.00,0.00,0.00,0.00,0.00,0.00
0.00,0.00,0.00,0.00,0.00,0.00,0.00,0.00,3.30,28.98,48.88,62.24,62.26,67.87,46.26,24.36,8.13,1.17,0.00,0.00,0.00,0.00,0.00,0.00
0.00,0.00,0.00,0.00,0.00,0.00,0.00,0.00,5.76,29.81,55.46,67.83,79.02,63.85,57.94,38.12,17.52,3.58,0.00,0.00,0.00,0.00,0.00,0.00
0.00,0.00,0.00,0.00,0.00,0.00,0.00,0.00,7.22,23.29,43.44,58.85,65.53,59.69,47.47,30.59,12.02,1.41,0.00,0.00,0.00,0.00,0.00,0.00
0.00,0.00,0.00,0.00,0.00,0.00,0.00,0.00,7.46,30.08,58.50,78.79,86.00,83.40,63.63,40.34,20.73,4.10,0.01,0.00,0.00,0.00,0.00,0.00
0.00,0.00,0.00,0.00,0.00,0.00,0.00,0.00,6.99,32.85,62.98,78.55,81.43,71.82,60.21,36.17,12.97,1.92,0.00,0.00,0.00,0.00,0.00,0.00
0.00,0.00,0.00,0.00,0.00,0.00,0.00,0.00,7.82,36.11,72.21,93.40,98.77,89.78,72.92,44.93,18.52,3.18,0.00,0.00,0.00,0.00,0.00,0.00
0.00,0.00,0.00,0.00,0.00,0.00,0.00,0.00,4.46,29.03,56.97,69.49,64.83,65.80,57.27,33.03,11.12,1.61,0.00,0.00,0.00,0.00,0.00,0.00
0.00,0.00,0.00,0.00,0.00,0.00,0.00,0.00,8.15,24.39,41.32,51.33,59.08,50.52,41.07,22.28,8.13,1.20,0.00,0.00,0.00,0.00,0.00,0.00
0.00,0.00,0.00,0.00,0.00,0.00,0.00,0.00,5.75,31.91,67.52,87.87,90.81,84.57,70.96,46.03,19.19,4.08,0.06,0.00,0.00,0.00,0.00,0.00
0.00,0.00,0.00,0.00,0.00,0.00,0.00,0.00,1.74,20.24,45.92,67.80,77.39,70.84,43.56,27.45,12.44,2.42,0.01,0.00,0.00,0.00,0.00,0.00
0.00,0.00,0.00,0.00,0.00,0.00,0.00,0.00,5.40,25.77,59.85,83.42,90.94,82.02,62.26,44.20,22.78,4.27,0.02,0.00,0.00,0.00,0.00,0.00
0.00,0.00,0.00,0.00,0.00,0.00,0.00,0.00,3.40,19.54,44.16,60.77,73.10,76.18,64.43,45.15,23.17,5.09,0.03,0.00,0.00,0.00,0.00,0.00
0.00,0.00,0.00,0.00,0.00,0.00,0.00,0.00,5.39,28.36,57.76,72.45,76.54,72.31,59.12,34.78,15.43,2.88,0.00,0.00,0.00,0.00,0.00,0.00
0.00,0.00,0.00,0.00,0.00,0.00,0.00,0.00,5.17,20.88,44.11,66.41,72.58,65.91,55.79,31.89,17.22,4.79,0.02,0.00,0.00,0.00,0.00,0.00
0.00,0.00,0.00,0.00,0.00,0.00,0.00,0.00,7.29,26.56,50.06,67.87,77.38,77.60,66.89,46.72,24.89,6.43,0.04,0.00,0.00,0.00,0.00,0.00
0.00,0.00,0.00,0.00,0.00,0.00,0.00,0.00,5.04,28.07,56.47,74.74,80.72,77.32,63.29,40.95,19.58,4.27,0.03,0.00,0.00,0.00,0.00,0.00
0.00,0.00,0.00,0.00,0.00,0.00,0.00,0.00,4.88,27.44,56.80,74.63,81.12,68.74,53.53,42.02,18.91,2.71,0.02,0.00,0.00,0.00,0.00,0.00
0.00,0.00,0.00,0.00,0.00,0.00,0.00,0.00,5.10,26.33,51.51,71.64,75.90,72.37,69.75,48.38,24.09,5.13,0.03,0.00,0.00,0.00,0.00,0.00
0.00,0.00,0.00,0.00,0.00,0.00,0.00,0.00,1.95,15.14,36.48,61.81,68.15,64.37,51.84,34.85,16.62,3.66,0.05,0.00,0.00,0.00,0.00,0.00
0.00,0.00,0.00,0.00,0.00,0.00,0.00,0.00,3.47,26.57,56.29,80.11,78.89,70.99,64.88,47.80,21.60,4.48,0.09,0.00,0.00,0.00,0.00,0.00
0.00,0.00,0.00,0.00,0.00,0.00,0.00,0.00,7.78,28.17,56.47,72.88,78.31,73.39,57.91,35.98,13.24,1.89,0.01,0.00,0.00,0.00,0.00,0.00
0.00,0.00,0.00,0.00,0.00,0.00,0.00,0.00,4.40,26.16,54.10,68.90,76.31,70.41,62.37,39.96,16.38,2.13,0.00,0.00,0.00,0.00,0.00,0.00
0.00,0.00,0.00,0.00,0.00,0.00,0.00,0.00,4.43,28.78,65.56,88.24,96.65,89.27,69.88,47.45,24.49,5.88,0.08,0.00,0.00,0.00,0.00,0.00
0.00,0.00,0.00,0.00,0.00,0.00,0.00,0.00,2.90,12.70,30.86,31.89,40.76,43.36,37.56,25.73,13.40,3.38,0.02,0.00,0.00,0.00,0.00,0.00
0.00,0.00,0.00,0.00,0.00,0.00,0.00,0.00,4.42,24.94,53.17,66.47,70.68,71.25,57.03,32.45,14.38,4.02,0.08,0.00,0.00,0.00,0.00,0.00
0.00,0.00,0.00,0.00,0.00,0.00,0.00,0.00,0.25,5.94,16.18,31.31,37.56,30.80,30.00,26.48,13.99,2.66,0.03,0.00,0.00,0.00,0.00,0.00
0.00,0.00,0.00,0.00,0.00,0.00,0.00,0.00,3.50,16.13,36.23,47.38,54.04,46.21,34.39,21.17,8.70,1.84,0.01,0.00,0.00,0.00,0.00,0.00
0.00,0.00,0.00,0.00,0.00,0.00,0.00,0.00,2.38,12.54,38.41,56.10,65.96,54.32,46.74,23.90,8.85,1.39,0.01,0.00,0.00,0.00,0.00,0.00
0.00,0.00,0.00,0.00,0.00,0.00,0.00,0.00,0.17,5.21,10.16,17.48,22.40,22.74,19.30,10.01,4.00,0.69,0.00,0.00,0.00,0.00,0.00,0.00
0.00,0.00,0.00,0.00,0.00,0.00,0.00,0.00,1.16,11.83,38.18,45.68,51.16,47.87,44.00,29.03,17.94,6.24,0.18,0.00,0.00,0.00,0.00,0.00
0.00,0.00,0.00,0.00,0.00,0.00,0.00,0.00,1.28,12.11,32.26,44.75,47.36,43.35,34.74,21.13,8.31,1.83,0.01,0.00,0.00,0.00,0.00,0.00
0.00,0.00,0.00,0.00,0.00,0.00,0.00,0.00,0.87,9.29,25.40,36.73,42.04,38.51,21.25,21.03,9.54,1.96,0.03,0.00,0.00,0.00,0.00,0.00
0.00,0.00,0.00,0.00,0.00,0.00,0.00,0.00,2.97,19.79,37.69,54.11,68.37,66.25,41.95,27.08,9.61,1.47,0.00,0.00,0.00,0.00,0.00,0.00
0.00,0.00,0.00,0.00,0.00,0.00,0.00,0.00,2.94,21.83,48.63,59.08,60.69,66.35,51.77,37.98,15.68,4.02,0.12,0.00,0.00,0.00,0.00,0.00
0.00,0.00,0.00,0.00,0.00,0.00,0.00,0.00,3.75,22.61,53.45,67.89,74.44,71.66,56.15,37.67,18.36,3.62,0.07,0.00,0.00,0.00,0.00,0.00
0.00,0.00,0.00,0.00,0.00,0.00,0.00,0.00,2.78,15.61,37.62,62.27,67.00,71.02,55.56,42.75,24.16,7.63,0.29,0.00,0.00,0.00,0.00,0.00
0.00,0.00,0.00,0.00,0.00,0.00,0.00,0.00,4.20,26.65,64.01,85.15,95.93,81.92,70.93,50.79,25.31,8.55,0.32,0.00,0.00,0.00,0.00,0.00
0.00,0.00,0.00,0.00,0.00,0.00,0.00,0.00,5.27,30.73,68.24,95.00,103.73,100.29,87.33,67.15,35.22,11.04,0.48,0.00,0.00,0.00,0.00,0.00
0.00,0.00,0.00,0.00,0.00,0.00,0.00,0.00,2.83,27.20,54.42,72.40,78.09,69.67,59.26,38.53,15.46,3.70,0.13,0.00,0.00,0.00,0.00,0.00
0.00,0.00,0.00,0.00,0.00,0.00,0.00,0.00,5.01,18.84,47.96,63.96,58.89,57.68,52.65,44.10,27.66,11.28,0.70,0.00,0.00,0.00,0.00,0.00
0.00,0.00,0.00,0.00,0.00,0.00,0.00,0.00,4.72,17.60,40.66,57.53,71.12,81.75,78.88,53.26,30.98,12.45,0.58,0.00,0.00,0.00,0.00,0.00
0.00,0.00,0.00,0.00,0.00,0.00,0.00,0.00,7.33,27.24,57.08,78.65,89.63,88.86,75.70,47.22,17.95,3.48,0.07,0.00,0.00,0.00,0.00,0.00
0.00,0.00,0.00,0.00,0.00,0.00,0.00,0.00,3.63,27.30,49.36,57.88,64.48,55.70,51.38,39.77,25.93,10.58,0.59,0.00,0.00,0.00,0.00,0.00
0.00,0.00,0.00,0.00,0.00,0.00,0.00,0.00,2.02,16.53,26.63,56.27,49.71,42.87,36.82,32.90,17.90,4.24,0.15,0.00,0.00,0.00,0.00,0.00
0.00,0.00,0.00,0.00,0.00,0.00,0.00,0.00,4.72,19.87,44.54,70.14,81.94,79.37,67.56,42.78,22.38,7.45,0.30,0.00,0.00,0.00,0.00,0.00
0.00,0.00,0.00,0.00,0.00,0.00,0.00,0.00,4.60,22.36,40.27,65.34,73.98,70.66,58.32,37.34,15.22,3.66,0.14,0.00,0.00,0.00,0.00,0.00
0.00,0.00,0.00,0.00,0.00,0.00,0.00,0.00,6.15,32.16,60.00,67.84,83.67,82.17,52.65,35.68,13.25,2.64,0.08,0.00,0.00,0.00,0.00,0.00
0.00,0.00,0.00,0.00,0.00,0.00,0.00,0.00,3.99,24.26,57.92,59.15,62.36,56.77,55.71,39.06,22.57,8.77,0.70,0.00,0.00,0.00,0.00,0.00
0.00,0.00,0.00,0.00,0.00,0.00,0.00,0.00,6.59,37.08,72.37,87.55,93.87,92.72,82.54,59.56,29.66,9.78,0.54,0.00,0.00,0.00,0.00,0.00
0.00,0.00,0.00,0.00,0.00,0.00,0.00,0.00,7.35,36.62,69.56,86.27,86.61,79.17,72.73,49.66,22.70,6.59,0.75,0.00,0.00,0.00,0.00,0.00
0.00,0.00,0.00,0.00,0.00,0.00,0.00,0.00,4.23,27.27,53.76,70.33,88.85,87.76,84.22,63.67,32.42,8.58,0.81,0.00,0.00,0.00,0.00,0.00
0.00,0.00,0.00,0.00,0.00,0.00,0.00,0.00,6.58,37.39,71.03,97.80,106.16,95.71,83.71,59.54,29.95,8.79,0.64,0.00,0.00,0.00,0.00,0.00
0.00,0.00,0.00,0.00,0.00,0.00,0.00,0.00,5.58,22.80,45.05,66.67,79.20,84.57,80.44,55.91,31.39,13.89,1.61,0.00,0.00,0.00,0.00,0.00
0.00,0.00,0.00,0.00,0.00,0.00,0.00,0.00,0.93,13.02,31.61,47.94,56.03,58.06,67.51,54.43,34.22,15.84,2.03,0.00,0.00,0.00,0.00,0.00
0.00,0.00,0.00,0.00,0.00,0.00,0.00,0.00,3.07,18.50,35.37,50.83,66.78,67.22,67.76,58.07,35.01,13.84,1.82,0.00,0.00,0.00,0.00,0.00
0.00,0.00,0.00,0.00,0.00,0.00,0.00,0.00,5.58,28.39,45.38,58.31,73.52,85.23,84.54,68.24,39.63,16.63,2.12,0.00,0.00,0.00,0.00,0.00
0.00,0.00,0.00,0.00,0.00,0.00,0.00,0.00,4.50,22.31,47.96,67.26,80.06,85.57,81.84,65.35,38.69,16.46,2.39,0.00,0.00,0.00,0.00,0.00
0.00,0.00,0.00,0.00,0.00,0.00,0.00,0.17,7.57,36.08,61.82,79.86,88.55,89.12,89.45,70.84,37.17,10.89,1.11,0.00,0.00,0.00,0.00,0.00
0.00,0.00,0.00,0.00,0.00,0.00,0.00,0.00,4.13,16.68,40.49,59.62,74.38,82.43,66.28,54.16,33.51,15.11,1.72,0.00,0.00,0.00,0.00,0.00
0.00,0.00,0.00,0.00,0.00,0.00,0.00,0.17,8.87,36.38,70.01,89.33,102.99,106.61,100.77,85.77,48.14,16.83,1.69,0.00,0.00,0.00,0.00,0.00
0.00,0.00,0.00,0.00,0.00,0.00,0.00,0.00,3.53,25.90,59.34,68.72,77.73,76.27,88.00,71.50,41.85,14.32,1.83,0.00,0.00,0.00,0.00,0.00
0.00,0.00,0.00,0.00,0.00,0.00,0.00,0.33,10.66,44.98,74.08,85.07,93.27,90.95,75.35,59.02,32.25,8.98,0.46,0.00,0.00,0.00,0.00,0.00
0.00,0.00,0.00,0.00,0.00,0.00,0.00,0.17,7.49,21.45,44.58,46.72,54.99,48.46,43.74,39.21,30.11,14.90,2.43,0.00,0.00,0.00,0.00,0.00
0.00,0.00,0.00,0.00,0.00,0.00,0.00,0.17,9.94,34.67,54.00,64.04,64.55,64.74,69.19,59.23,34.52,11.55,1.58,0.00,0.00,0.00,0.00,0.00
0.00,0.00,0.00,0.00,0.00,0.00,0.00,0.17,6.49,26.58,52.10,62.86,68.90,59.84,44.65,35.48,20.57,6.43,0.61,0.00,0.00,0.00,0.00,0.00
0.00,0.00,0.00,0.00,0.00,0.00,0.00,0.00,3.41,13.37,31.19,61.18,72.71,77.43,60.00,38.93,18.42,4.18,0.30,0.00,0.00,0.00,0.00,0.00
0.00,0.00,0.00,0.00,0.00,0.00,0.00,0.83,8.67,22.36,32.59,39.33,40.70,57.19,50.62,46.70,28.25,12.86,2.90,0.00,0.00,0.00,0.00,0.00
0.00,0.00,0.00,0.00,0.00,0.00,0.00,0.33,8.40,22.80,30.53,43.86,54.93,49.59,46.45,35.27,20.24,6.86,0.57,0.00,0.00,0.00,0.00,0.00
0.00,0.00,0.00,0.00,0.00,0.00,0.00,0.67,11.74,36.49,33.01,53.52,59.05,47.60,39.92,20.22,12.09,3.65,0.24,0.00,0.00,0.00,0.00,0.00
0.00,0.00,0.00,0.00,0.00,0.00,0.00,0.00,3.30,19.46,42.46,42.52,44.30,42.94,62.55,47.98,31.56,14.51,2.80,0.02,0.00,0.00,0.00,0.00
0.00,0.00,0.00,0.00,0.00,0.00,0.00,0.33,6.42,29.37,56.87,71.11,75.77,76.73,73.22,70.69,50.10,23.88,5.68,0.01,0.00,0.00,0.00,0.00
0.00,0.00,0.00,0.00,0.00,0.00,0.00,0.17,6.48,39.02,68.58,74.23,83.71,97.80,93.86,81.97,53.87,26.58,6.70,0.03,0.00,0.00,0.00,0.00
0.00,0.00,0.00,0.00,0.00,0.00,0.00,0.83,11.09,35.70,59.98,78.23,76.22,72.06,63.90,54.03,30.94,10.14,1.14,0.00,0.00,0.00,0.00,0.00
0.00,0.00,0.00,0.00,0.00,0.00,0.00,0.50,13.14,39.64,64.57,85.27,89.89,86.29,91.25,79.10,54.05,24.60,5.30,0.02,0.00,0.00,0.00,0.00
0.00,0.00,0.00,0.00,0.00,0.00,0.00,1.33,22.30,65.54,93.14,105.60,121.97,114.17,102.67,88.19,57.69,26.77,6.86,0.04,0.00,0.00,0.00,0.00
0.00,0.00,0.00,0.00,0.00,0.00,0.00,1.50,23.80,68.66,104.27,123.10,130.87,125.77,122.21,105.13,71.52,32.09,7.18,0.05,0.00,0.00,0.00,0.00
0.00,0.00,0.00,0.00,0.00,0.00,0.00,1.67,25.46,66.06,95.70,112.95,120.35,117.86,118.47,98.60,62.64,22.60,3.56,0.05,0.00,0.00,0.00,0.00
0.00,0.00,0.00,0.00,0.00,0.00,0.00,0.17,9.31,36.73,69.31,85.55,97.62,94.16,75.09,68.85,49.45,25.11,5.42,0.05,0.00,0.00,0.00,0.00
0.00,0.00,0.00,0.00,0.00,0.00,0.00,1.00,15.87,44.46,65.32,84.98,89.41,86.06,84.69,69.53,45.61,22.66,5.02,0.03,0.00,0.00,0.00,0.00
0.00,0.00,0.00,0.00,0.00,0.00,0.00,1.67,22.62,54.10,77.73,87.84,94.76,98.22,93.29,80.16,50.81,24.10,4.29,0.03,0.00,0.00,0.00,0.00
0.00,0.00,0.00,0.00,0.00,0.00,0.00,0.88,12.05,39.04,62.25,87.58,92.27,79.37,77.08,61.78,42.73,19.58,4.60,0.08,0.00,0.00,0.00,0.00
0.00,0.00,0.00,0.00,0.00,0.00,0.00,1.38,11.02,33.96,59.96,77.70,79.04,80.91,68.96,56.03,45.09,25.63,4.67,0.05,0.00,0.00,0.00,0.00
0.00,0.00,0.00,0.00,0.00,0.00,0.00,0.22,8.98,29.55,46.41,47.40,50.20,59.24,55.34,48.43,34.06,19.65,6.68,0.09,0.00,0.00,0.00,0.00
0.00,0.00,0.00,0.00,0.00,0.00,0.00,0.00,3.89,24.20,40.90,52.74,59.91,60.26,54.36,44.71,34.52,19.60,6.50,0.16,0.00,0.00,0.00,0.00
0.00,0.00,0.00,0.00,0.00,0.00,0.00,0.83,8.46,33.29,54.95,68.39,75.13,74.36,73.18,70.00,57.34,35.87,11.32,0.26,0.00,0.00,0.00,0.00
0.00,0.00,0.00,0.00,0.00,0.00,0.00,0.60,10.05,44.67,78.32,87.28,92.84,86.55,74.68,75.09,48.40,28.19,9.17,0.26,0.00,0.00,0.00,0.00
0.00,0.00,0.00,0.00,0.00,0.00,0.00,0.43,9.28,29.13,57.04,67.64,77.44,74.31,83.37,71.30,53.42,26.88,7.23,0.22,0.00,0.00,0.00,0.00
0.00,0.00,0.00,0.00,0.00,0.00,0.00,2.33,17.08,50.33,93.50,101.23,120.42,120.69,118.26,96.20,70.34,38.23,10.51,0.31,0.00,0.00,0.00,0.00
0.00,0.00,0.00,0.00,0.00,0.00,0.00,3.43,27.54,61.32,76.27,90.19,98.55,87.23,71.01,78.37,54.80,29.35,5.31,0.20,0.00,0.00,0.00,0.00
0.00,0.00,0.00,0.00,0.00,0.00,0.00,4.20,21.52,55.86,85.57,81.61,67.68,80.47,70.07,69.99,49.09,27.42,7.83,0.21,0.00,0.00,0.00,0.00
0.00,0.00,0.00,0.00,0.00,0.00,0.00,3.17,17.68,57.52,75.38,85.38,99.57,95.99,81.51,80.61,48.48,27.13,8.65,0.33,0.00,0.00,0.00,0.00
0.00,0.00,0.00,0.00,0.00,0.00,0.00,4.88,26.76,53.45,68.22,89.71,97.74,97.45,101.98,76.19,52.26,35.67,10.27,0.38,0.00,0.00,0.00,0.00
0.00,0.00,0.00,0.00,0.00,0.00,0.00,5.37,19.72,64.48,90.23,99.99,109.65,119.29,104.42,83.45,60.54,30.38,11.17,0.41,0.00,0.00,0.00,0.00
0.00,0.00,0.00,0.00,0.00,0.00,0.00,1.93,14.07,30.64,47.16,56.77,69.06,75.78,78.15,62.95,40.99,24.38,5.20,0.14,0.00,0.00,0.00,0.00
0.00,0.00,0.00,0.00,0.00,0.00,0.00,6.07,31.95,59.00,86.51,99.49,90.60,93.38,82.53,79.37,57.28,34.35,10.78,0.54,0.00,0.00,0.00,0.00
0.00,0.00,0.00,0.00,0.00,0.00,0.00,4.05,22.55,39.05,63.31,72.01,76.40,81.02,74.93,72.51,57.41,37.57,13.64,0.68,0.00,0.00,0.00,0.00
0.00,0.00,0.00,0.00,0.00,0.00,0.00,6.79,37.69,67.89,101.65,121.32,123.75,124.18,86.45,84.34,62.10,36.92,12.22,0.60,0.00,0.00,0.00,0.00
0.00,0.00,0.00,0.00,0.00,0.00,0.00,3.95,30.96,64.84,102.31,106.10,113.32,101.97,100.18,90.92,63.98,38.07,13.14,0.73,0.00,0.00,0.00,0.00
0.00,0.00,0.00,0.00,0.00,0.00,0.00,4.71,38.17,70.72,94.35,104.74,101.87,96.98,96.64,76.91,52.17,29.67,8.64,0.51,0.00,0.00,0.00,0.00
0.00,0.00,0.00,0.00,0.00,0.00,0.00,6.67,32.21,58.05,72.72,76.39,89.93,93.92,78.13,67.92,45.40,23.36,7.26,0.34,0.00,0.00,0.00,0.00
0.00,0.00,0.00,0.00,0.00,0.00,0.00,3.34,24.45,48.06,63.58,74.90,80.71,70.86,82.75,66.58,49.21,32.88,11.88,0.63,0.00,0.00,0.00,0.00
0.00,0.00,0.00,0.00,0.00,0.00,0.00,6.36,23.92,46.97,77.32,82.46,81.99,76.05,90.27,72.84,52.30,33.80,11.21,0.61,0.00,0.00,0.00,0.00
0.00,0.00,0.00,0.00,0.00,0.00,0.00,8.66,30.80,63.15,86.43,97.51,93.78,78.06,78.93,68.58,51.52,29.22,8.73,0.44,0.00,0.00,0.00,0.00
0.00,0.00,0.00,0.00,0.00,0.00,0.17,8.86,45.32,87.16,104.69,116.89,118.42,130.98,100.17,78.33,63.03,37.72,11.80,0.54,0.00,0.00,0.00,0.00
0.00,0.00,0.00,0.00,0.00,0.00,0.33,8.03,34.04,71.41,98.87,109.39,105.53,110.79,96.01,75.35,56.16,34.01,10.88,0.65,0.00,0.00,0.00,0.00
0.00,0.00,0.00,0.00,0.00,0.00,0.17,6.21,31.58,63.18,87.49,109.31,118.54,113.82,101.35,80.50,58.74,33.30,10.02,0.47,0.00,0.00,0.00,0.00
0.00,0.00,0.00,0.00,0.00,0.00,0.33,8.88,32.01,50.92,62.26,69.04,59.17,58.70,57.76,59.86,49.28,32.58,12.16,0.84,0.00,0.00,0.00,0.00
0.00,0.00,0.00,0.00,0.00,0.00,0.00,3.72,13.97,37.90,61.46,69.84,59.48,65.71,61.41,63.32,56.46,38.00,14.08,1.07,0.00,0.00,0.00,0.00
0.00,0.00,0.00,0.00,0.00,0.00,0.17,9.17,37.11,76.18,85.02,110.70,125.51,124.47,112.79,94.95,71.34,46.27,17.90,1.51,0.00,0.00,0.00,0.00
0.00,0.00,0.00,0.00,0.00,0.00,1.17,13.52,46.69,81.04,107.69,107.57,117.21,122.27,111.17,90.57,69.10,45.25,18.18,1.36,0.00,0.00,0.00,0.00
0.00,0.00,0.00,0.00,0.00,0.00,0.33,9.76,30.72,62.28,78.00,83.63,90.27,88.17,60.29,62.31,45.00,25.12,7.93,0.33,0.00,0.00,0.00,0.00
0.00,0.00,0.00,0.00,0.00,0.00,1.50,13.47,46.06,79.69,104.17,119.51,126.59,126.48,117.27,102.99,84.16,47.76,12.68,1.18,0.00,0.00,0.00,0.00
0.00,0.00,0.00,0.00,0.00,0.00,0.33,7.61,39.69,59.07,82.15,87.97,82.37,101.82,93.36,81.89,60.39,38.61,15.10,1.28,0.00,0.00,0.00,0.00
0.00,0.00,0.00,0.00,0.00,0.00,1.33,12.30,38.29,69.19,97.89,109.14,108.41,120.19,116.27,101.05,80.76,52.65,20.44,1.80,0.00,0.00,0.00,0.00
0.00,0.00,0.00,0.00,0.00,0.00,1.00,17.23,53.99,86.32,107.56,119.98,125.68,127.97,121.26,104.73,77.82,44.01,12.69,0.80,0.00,0.00,0.00,0.00
0.00,0.00,0.00,0.00,0.00,0.00,1.00,12.74,40.73,71.63,103.10,119.39,110.82,106.04,104.97,80.87,65.11,38.41,16.28,1.76,0.00,0.00,0.00,0.00
0.00,0.00,0.00,0.00,0.00,0.00,0.00,6.46,35.56,78.36,97.28,98.28,90.83,121.21,102.57,88.29,69.75,46.74,20.55,2.05,0.00,0.00,0.00,0.00
0.00,0.00,0.00,0.00,0.00,0.00,0.00,3.80,14.14,21.77,26.79,44.77,48.28,66.18,71.70,65.08,52.77,34.17,13.84,1.35,0.00,0.00,0.00,0.00
0.00,0.00,0.00,0.00,0.00,0.00,1.17,13.86,43.46,72.67,95.63,105.63,108.73,109.88,105.03,90.40,66.57,39.26,12.66,0.84,0.00,0.00,0.00,0.00
0.00,0.00,0.00,0.00,0.00,0.00,2.00,16.48,42.52,66.65,82.99,92.59,87.94,100.71,85.25,75.69,59.90,39.14,15.79,1.23,0.00,0.00,0.00,0.00
0.00,0.00,0.00,0.00,0.00,0.00,1.00,14.97,46.46,80.58,98.58,118.15,128.08,131.83,126.95,113.03,89.26,57.07,23.36,2.68,0.00,0.00,0.00,0.00
0.00,0.00,0.00,0.00,0.00,0.00,1.83,12.86,42.13,74.73,82.79,93.14,94.83,125.39,116.49,101.66,77.66,49.75,21.19,2.51,0.00,0.00,0.00,0.00
0.00,0.00,0.00,0.00,0.00,0.00,0.67,8.31,27.46,44.89,68.26,77.63,80.25,84.30,86.59,80.52,62.54,41.10,19.16,2.47,0.00,0.00,0.00,0.00
0.00,0.00,0.00,0.00,0.00,0.00,1.17,13.03,33.54,63.55,96.36,107.90,120.85,126.80,124.52,105.31,84.15,53.06,22.01,2.36,0.00,0.00,0.00,0.00
0.00,0.00,0.00,0.00,0.00,0.00,2.00,15.12,40.21,63.14,80.45,76.37,72.89,96.73,96.55,70.30,49.94,33.85,15.21,1.85,0.00,0.00,0.00,0.00
0.00,0.00,0.00,0.00,0.00,0.00,2.67,20.07,53.04,74.82,92.68,107.19,113.04,116.68,114.14,101.10,80.92,52.85,20.95,2.11,0.00,0.00,0.00,0.00
0.00,0.00,0.00,0.00,0.00,0.00,2.88,21.70,56.98,84.15,105.22,118.40,122.07,123.24,117.68,103.38,76.88,46.49,20.45,2.70,0.00,0.00,0.00,0.00
0.00,0.00,0.00,0.00,0.00,0.00,2.05,15.53,46.31,77.31,95.84,109.32,112.68,115.24,105.54,90.37,70.44,44.10,17.63,2.09,0.00,0.00,0.00,0.00
0.00,0.00,0.00,0.00,0.00,0.00,2.67,19.17,53.49,81.46,102.14,113.19,117.08,125.36,114.67,100.61,74.80,46.47,18.00,2.06,0.00,0.00,0.00,0.00
0.00,0.00,0.00,0.00,0.00,0.00,2.88,22.09,56.84,83.35,101.95,113.44,116.30,117.62,112.08,97.01,72.86,44.18,18.58,2.26,0.00,0.00,0.00,0.00
0.00,0.00,0.00,0.00,0.00,0.00,3.22,25.31,60.66,85.16,99.74,110.90,116.95,118.41,103.29,87.34,68.09,44.98,18.72,2.45,0.00,0.00,0.00,0.00
0.00,0.00,0.00,0.00,0.00,0.00,3.27,19.37,47.15,75.79,94.38,106.82,108.11,102.69,100.91,84.43,64.36,40.06,16.33,2.98,0.01,0.00,0.00,0.00
0.00,0.00,0.00,0.00,0.00,0.00,3.60,20.27,53.13,76.74,92.80,106.97,113.85,116.80,107.27,97.20,73.85,46.52,19.52,3.19,0.01,0.00,0.00,0.00
0.00,0.00,0.00,0.00,0.00,0.00,2.05,16.23,43.78,66.12,78.51,96.56,101.59,102.86,93.00,80.85,62.22,36.36,11.01,1.36,0.00,0.00,0.00,0.00
0.00,0.00,0.00,0.00,0.00,0.00,3.27,24.31,55.21,84.73,106.83,115.68,120.00,115.81,109.61,94.05,72.15,43.20,16.06,2.80,0.01,0.00,0.00,0.00
0.00,0.00,0.00,0.00,0.00,0.00,3.98,26.93,61.10,88.27,103.49,112.75,120.76,118.79,112.76,101.10,78.02,45.65,16.70,2.76,0.02,0.00,0.00,0.00
0.00,0.00,0.00,0.00,0.00,0.00,3.88,22.19,51.82,71.49,79.41,93.53,93.24,78.36,72.30,60.13,43.88,25.87,9.35,1.26,0.01,0.00,0.00,0.00
0.00,0.00,0.00,0.00,0.00,0.00,4.10,25.50,61.38,84.59,99.45,100.30,91.22,94.20,83.80,69.51,50.29,28.92,9.86,1.24,0.00,0.00,0.00,0.00
0.00,0.00,0.00,0.00,0.00,0.00,4.70,17.00,41.77,51.69,73.14,85.81,88.45,79.02,77.76,86.04,64.82,47.25,21.24,3.46,0.02,0.00,0.00,0.00
0.00,0.00,0.00,0.00,0.00,0.00,4.77,26.14,63.19,96.57,123.03,137.03,139.67,128.15,121.28,105.30,79.98,49.90,21.21,3.89,0.03,0.00,0.00,0.00
0.00,0.00,0.00,0.00,0.00,0.00,4.51,26.10,65.71,89.00,111.28,122.63,127.59,127.87,118.40,100.84,78.24,50.21,22.27,4.22,0.03,0.00,0.00,0.00
0.00,0.00,0.00,0.00,0.00,0.00,4.14,25.76,59.60,83.02,98.41,112.37,116.51,125.09,117.94,103.69,80.10,50.67,20.42,3.61,0.04,0.00,0.00,0.00
0.00,0.00,0.00,0.00,0.00,0.00,4.21,23.56,54.90,75.73,83.21,101.75,107.23,114.31,108.26,92.51,66.26,39.74,15.96,3.03,0.06,0.00,0.00,0.00
0.00,0.00,0.00,0.00,0.00,0.00,3.09,17.80,40.53,56.65,76.23,87.96,91.97,93.50,86.47,76.45,59.67,38.11,16.70,3.29,0.06,0.00,0.00,0.00
0.00,0.00,0.00,0.00,0.00,0.17,5.50,26.79,58.34,90.10,110.38,126.02,130.81,117.36,104.99,90.34,67.78,39.46,15.05,2.58,0.06,0.00,0.00,0.00
0.00,0.00,0.00,0.00,0.00,0.17,4.69,23.12,56.67,72.57,91.00,94.75,104.60,109.50,99.39,85.85,64.06,42.20,21.41,4.77,0.07,0.00,0.00,0.00
0.00,0.00,0.00,0.00,0.00,0.00,5.00,21.19,48.81,75.85,91.72,96.23,91.87,88.36,82.81,76.88,57.77,40.43,21.09,4.59,0.09,0.00,0.00,0.00
0.00,0.00,0.00,0.00,0.00,0.33,5.75,32.21,60.41,74.53,93.08,93.31,106.56,107.60,103.90,90.81,70.53,46.43,23.00,5.23,0.10,0.00,0.00,0.00
0.00,0.00,0.00,0.00,0.00,0.17,5.84,26.48,59.52,88.27,103.44,123.90,138.11,129.78,122.40,108.14,82.95,50.55,22.90,5.01,0.11,0.00,0.00,0.00
0.00,0.00,0.00,0.00,0.00,0.17,6.32,27.10,57.05,84.57,103.43,116.35,119.82,118.42,121.59,99.91,73.18,40.08,13.90,2.30,0.07,0.00,0.00,0.00
0.00,0.00,0.00,0.00,0.00,0.17,6.87,30.96,60.15,81.31,97.21,105.06,110.30,109.19,101.61,92.69,69.13,37.76,12.85,1.58,0.00,0.00,0.00,0.00
0.00,0.00,0.00,0.00,0.00,0.17,6.63,30.04,57.42,80.16,93.95,100.41,115.90,112.49,98.97,83.44,59.00,35.83,14.47,2.71,0.11,0.00,0.00,0.00
0.00,0.00,0.00,0.00,0.00,0.17,5.40,18.81,29.75,39.25,47.46,41.46,39.49,35.96,41.04,29.18,18.18,11.33,4.02,0.63,0.07,0.00,0.00,0.00
0.00,0.00,0.00,0.00,0.00,0.00,1.81,12.04,39.11,61.57,69.54,70.83,76.89,74.43,77.03,72.03,59.31,36.28,14.83,3.33,0.09,0.00,0.00,0.00
0.00,0.00,0.00,0.00,0.00,0.17,7.19,27.82,61.76,84.13,96.51,102.83,92.73,90.98,88.57,80.84,68.05,46.09,19.25,3.94,0.11,0.00,0.00,0.00
0.00,0.00,0.00,0.00,0.00,0.17,6.33,25.04,51.68,73.12,89.11,97.56,104.32,119.35,114.34,95.32,71.82,44.73,19.65,4.31,0.23,0.00,0.00,0.00
0.00,0.00,0.00,0.00,0.00,0.50,5.03,16.94,28.07,43.92,46.98,45.17,51.57,80.16,91.60,83.22,73.63,46.65,21.33,6.01,0.28,0.00,0.00,0.00
0.00,0.00,0.00,0.00,0.00,0.33,6.47,20.20,41.22,60.75,77.28,93.07,100.50,120.40,113.08,95.15,68.18,44.27,19.13,4.39,0.19,0.00,0.00,0.00
0.00,0.00,0.00,0.00,0.00,0.33,7.13,27.67,59.51,88.45,98.46,98.61,103.35,109.84,109.64,93.40,73.13,45.52,21.05,4.24,0.14,0.00,0.00,0.00
0.00,0.00,0.00,0.00,0.00,0.17,4.27,21.07,42.78,59.09,66.64,75.40,78.57,75.86,79.65,76.01,62.22,40.07,19.90,6.03,0.29,0.00,0.00,0.00
0.00,0.00,0.00,0.00,0.00,0.50,7.27,27.25,55.67,82.56,112.81,126.24,128.46,131.49,123.42,108.54,88.23,56.44,26.83,7.11,0.29,0.00,0.00,0.00
0.00,0.00,0.00,0.00,0.00,0.33,7.64,34.29,69.77,99.03,119.72,129.93,136.61,137.28,129.59,110.64,85.14,53.47,24.54,7.19,0.35,0.00,0.00,0.00
0.00,0.00,0.00,0.00,0.00,0.50,7.99,33.52,61.54,93.62,115.32,129.96,136.34,137.76,127.95,111.62,90.10,59.27,27.71,7.14,0.34,0.00,0.00,0.00
0.00,0.00,0.00,0.00,0.00,0.67,7.51,36.62,69.90,87.55,111.69,130.79,128.37,127.72,118.19,102.06,81.47,53.94,25.78,7.02,0.38,0.00,0.00,0.00
0.00,0.00,0.00,0.00,0.00,0.50,7.49,26.90,49.63,62.14,73.70,86.62,86.82,96.49,105.19,89.46,75.15,54.14,28.35,7.97,0.44,0.00,0.00,0.00
0.00,0.00,0.00,0.00,0.00,0.33,5.76,33.62,60.63,83.91,115.70,127.51,127.90,133.30,120.46,105.96,84.62,56.20,26.81,7.50,0.36,0.00,0.00,0.00
0.00,0.00,0.00,0.00,0.00,0.50,8.48,37.08,68.71,88.47,106.01,121.34,126.00,127.66,119.72,104.49,80.36,50.03,21.83,5.32,0.23,0.00,0.00,0.00
0.00,0.00,0.00,0.00,0.00,0.33,8.27,34.77,66.04,92.89,114.12,128.87,134.22,139.33,128.47,116.40,93.93,60.58,27.95,7.77,0.53,0.00,0.00,0.00
0.00,0.00,0.00,0.00,0.00,0.50,8.76,34.36,67.99,93.77,112.76,126.03,126.44,130.79,116.53,103.41,83.17,57.54,28.85,8.10,0.38,0.00,0.00,0.00
0.00,0.00,0.00,0.00,0.00,0.67,8.79,34.36,66.65,91.14,106.07,115.75,120.91,122.84,115.08,104.00,81.88,54.58,27.14,7.93,0.36,0.00,0.00,0.00
0.00,0.00,0.00,0.00,0.00,0.67,8.03,30.94,60.59,80.90,101.11,113.10,116.11,119.11,108.14,93.88,77.35,49.48,21.93,6.45,0.46,0.00,0.00,0.00
0.00,0.00,0.00,0.00,0.00,1.00,9.36,31.64,65.16,88.28,106.54,115.98,121.79,124.73,114.09,105.58,87.28,58.24,28.28,7.39,0.37,0.00,0.00,0.00
0.00,0.00,0.00,0.00,0.00,1.00,9.26,33.33,63.98,84.59,100.96,113.71,115.50,108.15,97.93,88.61,67.42,45.35,22.83,6.49,0.44,0.00,0.00,0.00
0.00,0.00,0.00,0.00,0.00,0.17,4.21,19.69,42.66,78.02,97.77,112.10,84.22,85.40,75.72,62.17,50.72,36.41,25.16,7.06,0.57,0.00,0.00,0.00
0.00,0.00,0.00,0.00,0.00,0.50,5.56,17.74,44.03,63.78,70.35,83.10,99.04,115.93,108.87,98.97,78.75,51.56,25.74,8.98,0.71,0.00,0.00,0.00
0.00,0.00,0.00,0.00,0.00,0.50,8.25,30.53,59.99,88.70,109.86,122.59,128.25,123.56,119.39,109.44,86.93,60.30,32.41,10.46,0.82,0.00,0.00,0.00
0.00,0.00,0.00,0.00,0.00,0.67,9.96,34.24,61.41,86.03,98.92,103.96,108.23,99.78,103.78,92.11,80.42,52.22,25.23,7.65,0.82,0.00,0.00,0.00
0.00,0.00,0.00,0.00,0.00,1.17,8.92,28.05,52.68,61.61,73.24,70.89,76.43,73.47,83.12,82.53,70.66,58.44,37.80,11.81,0.81,0.00,0.00,0.00
0.00,0.00,0.00,0.00,0.00,0.50,8.47,35.75,64.50,90.15,102.86,107.51,122.90,120.30,110.11,100.78,80.09,54.61,28.25,8.25,0.56,0.00,0.00,0.00
0.00,0.00,0.00,0.00,0.00,0.67,9.52,37.32,66.84,94.64,114.00,125.78,130.56,124.05,116.43,105.74,85.39,56.39,29.01,10.19,0.79,0.00,0.00,0.00
0.00,0.00,0.00,0.00,0.00,0.67,8.94,36.25,65.61,89.55,108.15,117.55,112.99,110.07,106.35,94.48,75.73,51.50,27.49,9.47,0.86,0.00,0.00,0.00
0.00,0.00,0.00,0.00,0.00,0.83,9.55,26.71,48.56,72.31,89.61,99.76,100.22,99.79,101.15,89.69,75.26,53.41,29.68,9.32,0.76,0.00,0.00,0.00
0.00,0.00,0.00,0.00,0.00,0.33,8.11,39.68,73.11,95.29,109.51,116.97,114.91,128.36,116.23,103.99,86.03,59.11,31.93,10.59,0.99,0.00,0.00,0.00
0.00,0.00,0.00,0.00,0.00,0.50,9.99,39.53,72.45,97.70,114.41,125.66,120.45,118.55,114.32,105.15,87.42,61.17,32.77,11.00,0.87,0.00,0.00,0.00
0.00,0.00,0.00,0.00,0.00,0.67,11.34,38.31,62.57,81.18,105.64,122.78,122.63,121.54,113.56,104.12,83.63,56.00,30.41,9.72,0.77,0.00,0.00,0.00
0.00,0.00,0.00,0.00,0.00,0.67,9.16,33.98,68.70,91.20,104.74,111.85,125.33,126.06,112.83,104.78,87.20,62.95,36.35,12.64,1.01,0.00,0.00,0.00
0.00,0.00,0.00,0.00,0.00,0.67,7.48,30.45,57.63,88.79,105.36,120.55,123.64,112.83,96.88,87.23,59.67,47.69,27.35,8.93,0.89,0.00,0.00,0.00
0.00,0.00,0.00,0.00,0.00,1.33,8.44,32.28,63.53,92.65,115.84,127.29,131.61,129.82,110.11,97.39,81.18,57.06,32.90,11.17,1.14,0.00,0.00,0.00
0.00,0.00,0.00,0.00,0.00,0.67,7.27,27.93,56.29,74.63,96.95,96.72,93.56,99.56,99.65,85.84,74.38,51.49,27.21,9.07,1.04,0.00,0.00,0.00
0.00,0.00,0.00,0.00,0.00,0.33,5.55,30.64,62.80,81.69,105.23,118.68,122.39,123.36,116.87,102.94,84.12,61.10,33.54,11.39,1.19,0.00,0.00,0.00
0.00,0.00,0.00,0.00,0.00,0.17,8.49,36.62,66.38,93.82,115.80,126.44,131.51,117.26,114.04,99.91,71.58,49.42,27.60,9.99,0.57,0.00,0.00,0.00
0.00,0.00,0.00,0.00,0.00,0.50,8.58,35.90,67.28,88.29,102.55,112.23,115.98,118.86,112.53,96.18,75.89,53.87,29.25,9.09,0.83,0.00,0.00,0.00
0.00,0.00,0.00,0.00,0.00,0.67,7.59,28.84,53.26,78.79,92.63,101.15,102.58,101.22,91.30,78.75,65.99,44.73,23.24,8.62,0.95,0.00,0.00,0.00
0.00,0.00,0.00,0.00,0.00,0.67,8.75,32.97,61.43,71.57,80.91,97.49,96.52,93.45,104.44,94.79,80.77,56.52,30.21,10.18,1.18,0.00,0.00,0.00
0.00,0.00,0.00,0.00,0.00,0.67,9.59,36.51,69.75,93.03,114.62,120.22,124.85,118.36,115.20,95.89,73.82,52.39,31.44,10.75,1.22,0.00,0.00,0.00
0.00,0.00,0.00,0.00,0.00,0.33,9.06,24.76,48.31,72.23,70.74,96.41,98.24,98.51,97.62,91.43,77.71,58.21,35.32,12.76,1.13,0.00,0.00,0.00
0.00,0.00,0.00,0.00,0.00,0.67,9.80,36.42,66.48,92.38,112.42,118.53,118.44,109.53,108.91,94.63,72.23,53.33,32.17,10.98,1.22,0.00,0.00,0.00
0.00,0.00,0.00,0.00,0.00,0.83,8.18,30.26,58.26,82.52,105.49,102.62,101.90,107.51,89.81,88.03,68.47,51.52,32.00,11.60,1.22,0.00,0.00,0.00
0.00,0.00,0.00,0.00,0.00,0.50,8.16,35.07,64.29,88.87,110.00,123.68,118.05,123.95,113.19,92.96,76.99,51.82,24.74,8.25,1.09,0.00,0.00,0.00
0.00,0.00,0.00,0.00,0.00,0.83,8.99,30.13,59.24,82.67,97.34,116.57,116.38,112.79,106.61,96.48,71.22,47.12,23.16,7.59,0.92,0.00,0.00,0.00
0.00,0.00,0.00,0.00,0.00,0.83,7.79,29.85,60.99,88.62,110.56,129.23,133.71,118.18,105.96,93.78,77.12,55.80,33.24,12.47,1.39,0.00,0.00,0.00
0.00,0.00,0.00,0.00,0.00,0.67,8.21,31.59,59.74,87.35,113.28,126.60,128.24,128.62,112.51,99.26,78.95,56.37,33.28,11.75,1.24,0.00,0.00,0.00
0.00,0.00,0.00,0.00,0.00,0.50,8.55,36.41,69.71,93.87,111.21,121.18,125.48,125.75,114.33,102.16,81.24,58.82,33.50,12.02,1.26,0.00,0.00,0.00
0.00,0.00,0.00,0.00,0.00,0.67,8.73,33.80,65.29,83.76,99.82,120.88,130.63,127.45,115.05,102.96,81.98,58.91,34.23,11.87,1.10,0.00,0.00,0.00
0.00,0.00,0.00,0.00,0.00,0.67,8.57,33.39,66.69,90.16,108.76,120.18,122.33,121.83,111.75,98.52,78.43,55.52,31.23,10.08,0.92,0.00,0.00,0.00
0.00,0.00,0.00,0.00,0.00,1.67,10.39,31.37,57.15,79.03,106.22,117.15,112.56,123.06,106.70,95.36,79.00,59.62,33.03,11.14,1.29,0.00,0.00,0.00
0.00,0.00,0.00,0.00,0.00,0.33,7.71,27.60,59.97,89.48,113.25,125.82,129.77,128.86,118.34,105.61,84.50,60.59,35.09,12.96,1.42,0.00,0.00,0.00
0.00,0.00,0.00,0.00,0.00,0.50,7.76,26.57,57.52,79.44,100.38,116.31,121.26,120.83,119.11,106.33,85.26,60.44,35.15,12.92,1.48,0.04,0.06,0.00
0.00,0.00,0.00,0.00,0.00,0.50,7.94,33.51,63.39,89.21,108.51,120.43,125.51,124.80,116.92,104.75,85.01,60.42,34.37,12.09,1.21,0.04,0.06,0.00
0.00,0.00,0.00,0.00,0.00,0.50,7.67,34.15,67.74,93.93,113.31,123.34,128.15,126.45,115.53,103.77,84.09,59.03,32.37,11.28,1.06,0.04,0.06,0.00
0.00,0.00,0.00,0.00,0.00,0.17,7.78,33.57,66.11,77.62,102.91,114.70,117.61,124.82,114.03,101.77,83.67,59.26,33.25,11.62,1.17,0.04,0.06,0.00
0.00,0.00,0.00,0.00,0.00,0.83,8.10,33.32,65.34,89.98,108.47,118.87,121.62,113.65,100.89,94.73,80.81,59.70,34.15,11.80,1.14,0.04,0.06,0.00
0.00,0.00,0.00,0.00,0.00,0.67,7.57,29.24,60.34,84.11,103.68,115.35,119.04,123.67,116.41,99.01,77.81,52.70,28.94,9.83,1.04,0.04,0.06,0.00
0.00,0.00,0.00,0.00,0.00,0.33,7.48,32.07,63.62,85.72,100.91,109.58,111.48,119.15,113.10,100.02,81.90,56.75,29.77,11.82,1.29,0.04,0.06,0.00
0.00,0.00,0.00,0.00,0.00,0.67,8.34,34.89,67.64,93.65,113.19,124.31,124.00,129.54,121.59,108.49,88.35,62.38,35.68,12.52,1.24,0.04,0.06,0.00
0.00,0.00,0.00,0.00,0.00,0.50,7.93,31.60,63.98,87.85,109.27,116.35,123.51,123.26,114.33,103.06,86.50,62.23,35.22,12.27,1.12,0.04,0.06,0.00
0.00,0.00,0.00,0.00,0.00,0.33,6.81,30.90,64.57,87.76,111.12,123.03,127.33,126.57,114.52,102.95,86.04,61.17,34.40,11.85,1.15,0.04,0.06,0.00
0.00,0.00,0.00,0.00,0.00,0.33,6.76,32.31,67.14,93.72,112.47,122.69,126.58,129.03,121.19,108.97,89.65,63.18,36.81,13.29,1.35,0.04,0.06,0.00
0.00,0.00,0.00,0.00,0.00,0.33,7.01,33.32,67.79,94.19,113.24,123.52,126.83,128.95,122.28,110.01,89.97,64.65,37.27,13.30,1.45,0.04,0.06,0.00
0.00,0.00,0.00,0.00,0.00,0.33,6.86,32.64,67.48,94.60,113.37,122.26,129.93,129.51,120.66,107.90,89.31,64.19,36.62,12.84,1.28,0.04,0.06,0.00
0.00,0.00,0.00,0.00,0.00,0.33,7.05,31.22,67.04,89.82,110.45,122.65,125.09,125.45,118.83,106.29,88.34,63.51,36.22,12.51,1.26,0.04,0.06,0.00
0.00,0.00,0.00,0.00,0.00,0.33,6.84,24.24,52.31,80.41,105.95,117.24,126.54,123.27,115.72,102.87,86.56,61.84,35.06,11.57,1.04,0.04,0.06,0.00
0.00,0.00,0.00,0.00,0.00,0.17,5.41,31.27,63.40,87.61,108.29,121.99,122.49,119.71,116.41,102.61,86.48,62.11,35.26,11.92,1.10,0.04,0.06,0.00
0.00,0.00,0.00,0.00,0.00,0.17,5.79,31.98,66.59,93.60,111.74,123.25,128.99,129.29,121.10,106.62,88.58,62.78,35.14,11.60,0.95,0.04,0.06,0.00
0.00,0.00,0.00,0.00,0.00,0.17,5.17,31.77,66.39,93.46,113.49,125.63,130.17,132.87,123.97,110.60,90.26,64.47,35.87,11.97,0.82,0.04,0.06,0.00
0.00,0.00,0.00,0.00,0.00,0.17,5.43,30.16,62.82,87.10,106.44,117.82,121.08,126.88,118.10,105.97,84.13,58.01,30.43,9.38,0.61,0.04,0.06,0.00
0.00,0.00,0.00,0.00,0.00,0.17,4.79,28.80,62.82,90.50,110.90,123.06,128.57,132.96,124.30,112.18,91.22,64.84,36.22,11.99,1.03,0.04,0.06,0.00
0.00,0.00,0.00,0.00,0.00,0.33,6.29,30.64,61.00,89.59,109.64,120.72,124.98,130.17,122.04,108.54,89.85,63.39,35.72,12.31,0.95,0.04,0.06,0.00
0.00,0.00,0.00,0.00,0.00,0.33,7.46,31.95,66.18,91.46,114.66,112.43,125.12,126.40,112.02,100.01,86.50,63.32,35.73,11.45,0.86,0.04,0.06,0.00
0.00,0.00,0.00,0.00,0.00,0.00,3.03,25.57,60.03,83.90,109.71,121.91,120.44,121.83,115.56,104.32,87.46,61.88,34.76,11.40,0.76,0.04,0.06,0.00
0.00,0.00,0.00,0.00,0.00,0.17,5.29,21.95,44.41,61.85,78.24,89.28,86.08,107.50,98.83,89.58,75.29,53.91,32.62,10.97,0.69,0.04,0.06,0.00
0.00,0.00,0.00,0.00,0.00,0.00,4.53,23.07,54.09,84.17,102.65,119.71,122.83,115.08,111.39,99.70,82.47,59.44,33.23,10.10,0.63,0.04,0.06,0.00
0.00,0.00,0.00,0.00,0.00,0.17,5.17,27.65,60.93,87.93,107.22,119.78,122.99,120.85,113.79,103.86,86.38,61.70,34.69,11.23,0.63,0.04,0.06,0.00
0.00,0.00,0.00,0.00,0.00,0.00,5.11,26.61,56.85,83.01,108.53,122.14,126.27,123.08,115.42,103.65,85.97,60.83,34.29,10.63,0.62,0.04,0.06,0.00
0.00,0.00,0.00,0.00,0.00,0.00,5.13,27.82,61.30,89.87,112.09,122.64,126.48,125.20,118.98,106.88,88.05,62.41,33.91,10.17,0.51,0.04,0.06,0.00
0.00,0.00,0.00,0.00,0.00,0.00,5.11,27.43,61.41,88.44,109.82,121.25,126.25,124.94,117.58,106.34,88.24,62.85,33.46,9.83,0.49,0.04,0.06,0.00
0.00,0.00,0.00,0.00,0.00,0.00,4.61,23.83,53.96,82.24,105.97,119.11,124.83,124.87,119.48,107.30,88.89,63.16,33.89,9.68,0.55,0.04,0.06,0.00
0.00,0.00,0.00,0.00,0.00,0.00,4.68,24.36,56.93,87.66,111.54,122.77,128.09,127.30,121.17,108.07,87.92,62.01,34.65,9.85,0.52,0.04,0.06,0.00
0.00,0.00,0.00,0.00,0.00,0.00,4.39,26.38,61.27,90.69,111.55,123.52,128.38,126.48,120.64,108.64,88.77,63.42,34.43,9.94,0.43,0.00,0.00,0.00
0.00,0.00,0.00,0.00,0.00,0.00,4.20,26.57,61.21,89.45,112.20,124.07,128.42,127.68,120.95,109.04,89.22,63.24,33.74,9.10,0.38,0.00,0.00,0.00
0.00,0.00,0.00,0.00,0.00,0.00,4.15,26.05,61.02,90.14,112.48,121.18,126.53,126.20,121.83,108.23,87.95,62.73,33.88,9.27,0.36,0.00,0.00,0.00
0.00,0.00,0.00,0.00,0.00,0.00,3.96,25.37,58.51,85.28,108.72,121.14,124.29,123.81,116.56,105.10,87.66,61.23,33.14,8.90,0.36,0.00,0.00,0.00
0.00,0.00,0.00,0.00,0.00,0.00,4.24,24.03,58.13,84.79,105.43,117.53,120.75,119.70,110.84,97.83,81.69,59.62,31.89,8.46,0.30,0.00,0.00,0.00
0.00,0.00,0.00,0.00,0.00,0.00,4.06,24.83,60.28,88.97,109.96,121.11,125.04,124.41,117.14,105.21,86.13,60.19,30.73,7.78,0.24,0.00,0.00,0.00
0.00,0.00,0.00,0.00,0.00,0.00,3.83,24.74,58.70,86.53,106.82,117.41,118.40,113.20,107.16,94.96,76.00,54.91,30.00,7.45,0.23,0.00,0.00,0.00
0.00,0.00,0.00,0.00,0.00,0.00,3.50,24.62,58.63,86.23,106.52,117.91,120.69,116.48,108.17,97.16,78.27,54.87,27.31,6.69,0.19,0.00,0.00,0.00
0.00,0.00,0.00,0.00,0.00,0.00,3.66,23.19,55.35,83.72,105.56,116.72,120.87,120.23,115.77,104.38,84.59,56.59,27.54,6.22,0.13,0.00,0.00,0.00
0.00,0.00,0.00,0.00,0.00,0.00,3.77,23.44,58.15,88.29,111.01,123.51,127.68,127.59,122.31,108.79,88.72,59.50,29.71,6.83,0.15,0.00,0.00,0.00
0.00,0.00,0.00,0.00,0.00,0.00,3.38,22.34,55.49,83.70,105.11,116.59,121.67,122.53,117.45,105.97,85.21,57.12,27.99,6.17,0.13,0.00,0.00,0.00
0.00,0.00,0.00,0.00,0.00,0.00,3.71,23.50,58.43,87.93,109.69,120.74,124.70,122.70,116.54,103.23,82.33,56.35,28.23,6.07,0.13,0.00,0.00,0.00
0.00,0.00,0.00,0.00,0.00,0.00,3.38,23.39,58.43,88.16,109.36,119.67,123.84,122.69,117.31,105.29,84.04,56.03,26.80,5.41,0.10,0.00,0.00,0.00
0.00,0.00,0.00,0.00,0.00,0.00,3.33,22.49,56.96,84.81,106.05,118.92,124.42,122.95,116.85,102.30,81.31,52.51,25.85,5.38,0.10,0.00,0.00,0.00
0.00,0.00,0.00,0.00,0.00,0.00,3.27,21.92,56.07,86.81,109.28,120.85,124.81,122.54,117.60,105.56,85.87,56.54,26.92,5.33,0.09,0.00,0.00,0.00
0.00,0.00,0.00,0.00,0.00,0.00,3.10,22.07,58.25,88.31,110.46,121.62,125.89,125.65,118.65,106.53,82.89,54.77,27.40,5.73,0.09,0.00,0.00,0.00
0.00,0.00,0.00,0.00,0.00,0.00,2.60,16.84,45.19,64.74,85.10,101.29,110.83,115.04,109.88,101.41,81.54,56.45,28.15,5.50,0.05,0.00,0.00,0.00
0.00,0.00,0.00,0.00,0.00,0.00,2.89,21.00,56.21,87.87,110.89,123.11,128.33,126.06,116.67,105.99,87.03,57.74,27.93,5.34,0.04,0.00,0.00,0.00
0.00,0.00,0.00,0.00,0.00,0.00,2.88,20.77,54.98,80.99,104.04,116.55,118.80,116.15,107.75,97.56,81.85,55.02,25.62,4.82,0.03,0.00,0.00,0.00
0.00,0.00,0.00,0.00,0.00,0.00,2.88,21.88,59.66,90.48,113.05,125.54,129.46,128.93,121.99,108.71,88.74,59.32,28.84,5.33,0.03,0.00,0.00,0.00
0.00,0.00,0.00,0.00,0.00,0.00,2.72,21.03,57.54,88.23,110.84,123.69,127.89,126.29,119.40,106.10,86.11,57.66,27.62,4.80,0.02,0.00,0.00,0.00
0.00,0.00,0.00,0.00,0.00,0.00,2.83,21.61,57.31,88.08,112.12,123.35,127.42,126.26,117.83,105.13,83.73,55.52,25.36,4.09,0.01,0.00,0.00,0.00
0.00,0.00,0.00,0.00,0.00,0.00,2.83,20.84,53.95,82.42,104.90,118.40,123.94,124.17,117.92,101.14,80.35,52.56,22.37,3.00,0.00,0.00,0.00,0.00
0.00,0.00,0.00,0.00,0.00,0.00,2.67,20.07,53.02,80.99,104.42,117.83,122.29,121.09,111.31,96.90,76.16,49.63,22.16,3.34,0.01,0.00,0.00,0.00
0.00,0.00,0.00,0.00,0.00,0.00,2.67,19.54,52.92,83.01,105.62,119.05,124.46,122.32,113.36,96.90,76.91,49.43,20.82,3.01,0.01,0.00,0.00,0.00
0.00,0.00,0.00,0.00,0.00,0.00,2.67,19.55,54.62,86.37,109.26,118.14,121.27,119.06,110.85,95.99,74.59,48.11,19.70,2.68,0.00,0.00,0.00,0.00
0.00,0.00,0.00,0.00,0.00,0.00,2.67,19.24,53.88,85.18,108.38,116.83,119.54,119.17,111.01,97.68,76.89,49.91,21.27,2.81,0.00,0.00,0.00,0.00
0.00,0.00,0.00,0.00,0.00,0.00,2.67,19.79,56.90,87.96,112.55,123.57,127.58,126.49,119.14,104.93,84.23,56.04,23.87,3.14,0.00,0.00,0.00,0.00
0.00,0.00,0.00,0.00,0.00,0.00,2.67,19.89,57.09,87.86,110.67,122.15,125.91,126.11,117.01,103.13,78.61,52.36,22.31,2.61,0.00,0.00,0.00,0.00
0.00,0.00,0.00,0.00,0.00,0.00,2.33,18.10,51.29,79.21,103.38,117.62,119.72,115.94,107.55,95.40,73.64,47.38,20.39,2.59,0.00,0.00,0.00,0.00
0.00,0.00,0.00,0.00,0.00,0.00,2.17,17.22,48.83,79.30,99.58,110.63,113.05,111.48,102.37,87.44,66.45,39.06,15.86,1.96,0.00,0.00,0.00,0.00
0.00,0.00,0.00,0.00,0.00,0.00,1.67,17.72,51.35,83.26,104.01,113.00,115.67,110.58,102.92,87.95,67.51,42.60,17.30,1.84,0.00,0.00,0.00,0.00
0.00,0.00,0.00,0.00,0.00,0.00,1.67,17.99,52.94,84.04,104.24,114.28,116.86,112.93,104.69,93.22,73.42,45.84,17.07,1.58,0.00,0.00,0.00,0.00
0.00,0.00,0.00,0.00,0.00,0.00,1.50,17.16,51.99,83.86,106.33,119.14,122.76,119.44,113.14,99.83,76.99,47.84,17.51,1.51,0.00,0.00,0.00,0.00
0.00,0.00,0.00,0.00,0.00,0.00,1.67,17.08,50.80,82.89,104.53,118.10,122.03,120.79,111.43,97.79,76.32,46.41,16.99,1.12,0.00,0.00,0.00,0.00
0.00,0.00,0.00,0.00,0.00,0.00,1.33,15.72,43.38,72.08,94.76,109.06,113.49,109.39,102.80,87.28,65.93,37.77,13.01,1.13,0.00,0.00,0.00,0.00
0.00,0.00,0.00,0.00,0.00,0.00,1.67,16.94,50.24,80.68,101.59,114.07,118.91,117.98,110.20,96.40,75.09,44.69,15.08,1.07,0.00,0.00,0.00,0.00
0.00,0.00,0.00,0.00,0.00,0.00,1.33,15.54,41.80,68.55,90.98,105.32,105.92,101.88,91.73,81.44,59.37,35.83,12.99,1.11,0.00,0.00,0.00,0.00
0.00,0.00,0.00,0.00,0.00,0.00,1.00,13.35,42.40,68.31,83.98,97.58,104.56,104.71,101.04,90.47,71.52,43.54,16.38,1.30,0.00,0.00,0.00,0.00
0.00,0.00,0.00,0.00,0.00,0.00,1.50,16.23,48.87,80.89,102.88,113.42,115.79,109.51,103.30,89.92,69.89,43.33,16.16,1.19,0.00,0.00,0.00,0.00
0.00,0.00,0.00,0.00,0.00,0.00,1.17,16.25,49.64,83.96,107.19,116.29,118.32,113.87,103.00,92.33,71.31,43.30,15.16,1.00,0.00,0.00,0.00,0.00
0.00,0.00,0.00,0.00,0.00,0.00,1.17,15.80,48.36,81.48,102.13,112.30,113.04,108.70,97.31,83.01,61.23,37.71,14.20,0.94,0.00,0.00,0.00,0.00
0.00,0.00,0.00,0.00,0.00,0.00,1.17,15.82,49.98,81.82,100.86,109.77,110.66,105.23,95.24,82.11,63.06,37.68,11.98,0.60,0.00,0.00,0.00,0.00
0.00,0.00,0.00,0.00,0.00,0.00,1.00,14.92,43.21,72.68,95.63,107.69,110.85,108.18,97.38,84.16,64.80,41.73,14.46,0.77,0.00,0.00,0.00,0.00
0.00,0.00,0.00,0.00,0.00,0.00,1.00,15.11,45.82,76.76,95.32,105.39,99.61,90.21,80.72,67.98,51.48,37.12,13.54,0.63,0.00,0.00,0.00,0.00
0.00,0.00,0.00,0.00,0.00,0.00,0.50,8.02,35.89,60.32,78.77,90.92,92.40,84.02,74.57,62.42,45.99,28.68,9.69,0.41,0.00,0.00,0.00,0.00
0.00,0.00,0.00,0.00,0.00,0.00,0.50,7.00,31.49,57.00,81.93,91.61,110.65,107.95,98.09,88.92,70.84,42.55,13.91,0.47,0.00,0.00,0.00,0.00
0.00,0.00,0.00,0.00,0.00,0.00,0.83,12.19,45.81,78.54,102.53,114.10,116.87,113.48,101.92,86.75,66.45,39.29,12.81,0.46,0.00,0.00,0.00,0.00
0.00,0.00,0.00,0.00,0.00,0.00,0.50,10.27,41.96,73.64,95.19,107.48,110.03,106.24,94.10,75.50,53.32,33.51,10.94,0.31,0.00,0.00,0.00,0.00
0.00,0.00,0.00,0.00,0.00,0.00,0.50,9.79,40.69,71.81,95.20,107.05,111.98,109.45,97.35,83.99,62.57,34.58,9.86,0.37,0.00,0.00,0.00,0.00
0.00,0.00,0.00,0.00,0.00,0.00,1.00,12.87,42.53,72.78,96.49,109.78,112.00,107.39,91.02,73.60,56.72,33.89,10.70,0.31,0.00,0.00,0.00,0.00
0.00,0.00,0.00,0.00,0.00,0.00,0.67,13.50,43.19,73.77,93.43,105.23,106.28,104.75,96.29,85.86,65.53,35.76,10.21,0.26,0.00,0.00,0.00,0.00
0.00,0.00,0.00,0.00,0.00,0.00,0.67,14.22,49.02,81.69,101.79,110.04,112.22,108.08,98.25,84.52,65.73,37.91,10.62,0.26,0.00,0.00,0.00,0.00
0.00,0.00,0.00,0.00,0.00,0.00,0.33,9.93,37.59,65.71,84.40,97.66,98.35,89.62,84.23,75.21,56.57,31.55,8.83,0.18,0.00,0.00,0.00,0.00
0.00,0.00,0.00,0.00,0.00,0.00,0.50,13.22,44.08,73.27,92.54,101.75,101.52,92.99,81.27,65.19,47.19,26.05,6.71,0.13,0.00,0.00,0.00,0.00
0.00,0.00,0.00,0.00,0.00,0.00,0.33,10.55,35.27,59.52,76.92,90.30,92.54,88.56,75.44,58.97,42.27,21.79,4.73,0.04,0.00,0.00,0.00,0.00
0.00,0.00,0.00,0.00,0.00,0.00,0.33,10.33,36.13,63.96,87.01,98.56,100.55,94.29,78.14,62.14,45.37,24.90,6.85,0.10,0.00,0.00,0.00,0.00
0.00,0.00,0.00,0.00,0.00,0.00,0.33,13.78,50.36,84.30,104.86,114.20,114.49,107.68,89.47,71.64,50.35,28.40,7.25,0.09,0.00,0.00,0.00,0.00
0.00,0.00,0.00,0.00,0.00,0.00,0.33,13.34,49.03,83.81,103.66,113.50,114.75,107.64,95.97,78.92,56.82,28.68,6.50,0.05,0.00,0.00,0.00,0.00
0.00,0.00,0.00,0.00,0.00,0.00,0.33,13.71,49.09,83.79,104.40,113.62,113.54,107.70,97.52,79.54,56.06,28.90,6.50,0.04,0.00,0.00,0.00,0.00
0.00,0.00,0.00,0.00,0.00,0.00,0.33,12.98,46.06,81.24,101.01,106.86,106.55,101.58,91.26,75.48,53.61,25.89,4.97,0.02,0.00,0.00,0.00,0.00
0.00,0.00,0.00,0.00,0.00,0.00,0.17,7.27,32.11,61.07,81.57,94.63,101.36,98.19,92.11,73.02,48.96,22.06,3.95,0.02,0.00,0.00,0.00,0.00
0.00,0.00,0.00,0.00,0.00,0.00,0.17,10.44,43.28,77.26,97.76,109.86,113.11,108.63,97.66,84.15,61.59,30.44,6.21,0.02,0.00,0.00,0.00,0.00
0.00,0.00,0.00,0.00,0.00,0.00,0.33,12.37,46.05,80.68,104.38,116.82,118.99,119.11,109.62,90.49,59.45,24.96,3.63,0.03,0.00,0.00,0.00,0.00
0.00,0.00,0.00,0.00,0.00,0.00,0.33,12.42,49.41,85.39,108.79,120.81,123.84,117.28,108.80,92.78,64.97,30.83,5.23,0.01,0.00,0.00,0.00,0.00
0.00,0.00,0.00,0.00,0.00,0.00,0.50,13.57,49.60,86.39,100.50,110.92,117.63,111.93,101.44,79.28,53.85,27.07,4.20,0.02,0.00,0.00,0.00,0.00
0.00,0.00,0.00,0.00,0.00,0.00,0.17,10.34,45.58,75.03,88.08,98.87,96.63,96.82,79.86,65.61,45.15,19.45,3.89,0.00,0.00,0.00,0.00,0.00
0.00,0.00,0.00,0.00,0.00,0.00,0.17,9.57,33.05,65.00,89.78,105.99,112.36,104.25,106.57,91.42,63.23,28.07,4.29,0.00,0.00,0.00,0.00,0.00
0.00,0.00,0.00,0.00,0.00,0.00,0.33,10.33,38.64,70.16,95.03,102.99,110.96,99.73,97.54,80.86,57.55,27.94,4.01,0.00,0.00,0.00,0.00,0.00
0.00,0.00,0.00,0.00,0.00,0.00,0.00,8.36,40.53,72.62,87.58,105.11,111.13,111.13,104.09,80.87,50.03,19.20,3.31,0.00,0.00,0.00,0.00,0.00
0.00,0.00,0.00,0.00,0.00,0.00,0.17,10.77,44.77,75.20,95.39,109.98,118.02,116.82,102.68,84.02,57.52,22.21,3.28,0.00,0.00,0.00,0.00,0.00
0.00,0.00,0.00,0.00,0.00,0.00,0.00,5.07,26.73,58.28,81.96,82.86,81.99,95.91,88.87,77.24,54.81,19.25,1.72,0.00,0.00,0.00,0.00,0.00
0.00,0.00,0.00,0.00,0.00,0.00,0.17,12.78,45.16,72.24,87.77,98.38,103.97,100.22,86.23,66.12,40.16,14.64,1.78,0.00,0.00,0.00,0.00,0.00
0.00,0.00,0.00,0.00,0.00,0.00,0.00,6.62,28.85,48.45,68.98,79.41,82.01,78.49,59.48,50.06,30.01,12.12,1.54,0.00,0.00,0.00,0.00,0.00
0.00,0.00,0.00,0.00,0.00,0.00,0.00,1.82,22.88,47.41,55.28,53.12,63.17,68.71,65.77,57.69,39.62,17.63,2.50,0.00,0.00,0.00,0.00,0.00
0.00,0.00,0.00,0.00,0.00,0.00,0.00,8.61,34.29,58.73,80.75,78.50,89.26,83.15,76.82,75.61,51.95,19.04,2.08,0.00,0.00,0.00,0.00,0.00
0.00,0.00,0.00,0.00,0.00,0.00,0.00,10.50,40.91,70.88,91.80,104.56,109.46,104.79,94.30,71.55,40.61,10.70,0.96,0.00,0.00,0.00,0.00,0.00
0.00,0.00,0.00,0.00,0.00,0.00,0.00,7.72,34.55,64.40,85.72,100.79,102.16,98.96,81.10,55.46,28.77,9.24,0.84,0.00,0.00,0.00,0.00,0.00
0.00,0.00,0.00,0.00,0.00,0.00,0.00,1.52,13.62,30.44,41.92,46.19,60.78,53.42,59.65,49.31,29.37,9.12,0.52,0.00,0.00,0.00,0.00,0.00
0.00,0.00,0.00,0.00,0.00,0.00,0.00,9.61,33.34,59.14,78.47,95.26,102.86,103.13,81.65,55.39,37.94,12.45,0.97,0.00,0.00,0.00,0.00,0.00
0.00,0.00,0.00,0.00,0.00,0.00,0.00,3.55,20.48,37.67,57.92,63.09,63.41,52.91,55.77,47.83,24.67,8.98,1.06,0.00,0.00,0.00,0.00,0.00
0.00,0.00,0.00,0.00,0.00,0.00,0.00,2.07,15.95,33.37,51.81,62.94,57.48,52.53,41.35,30.69,16.86,3.85,0.19,0.00,0.00,0.00,0.00,0.00
0.00,0.00,0.00,0.00,0.00,0.00,0.00,6.03,29.52,55.79,66.18,84.58,84.41,87.91,60.49,54.09,34.63,9.68,0.37,0.00,0.00,0.00,0.00,0.00
0.00,0.00,0.00,0.00,0.00,0.00,0.00,2.68,25.80,53.80,80.56,82.59,85.00,70.79,55.64,48.82,27.23,6.21,0.19,0.00,0.00,0.00,0.00,0.00
0.00,0.00,0.00,0.00,0.00,0.00,0.00,5.53,23.66,46.73,71.18,78.86,77.71,71.00,57.74,38.89,16.77,2.81,0.03,0.00,0.00,0.00,0.00,0.00
0.00,0.00,0.00,0.00,0.00,0.00,0.00,4.87,22.34,43.39,59.24,71.13,75.69,75.23,62.75,44.05,21.19,4.86,0.30,0.00,0.00,0.00,0.00,0.00
0.00,0.00,0.00,0.00,0.00,0.00,0.00,1.50,14.54,34.97,46.36,54.36,62.52,67.17,61.58,41.88,21.92,6.87,0.28,0.00,0.00,0.00,0.00,0.00
0.00,0.00,0.00,0.00,0.00,0.00,0.00,3.17,21.42,52.50,74.58,77.92,71.19,75.79,78.13,56.76,24.80,4.20,0.18,0.00,0.00,0.00,0.00,0.00
0.00,0.00,0.00,0.00,0.00,0.00,0.00,4.88,29.18,57.39,87.80,104.67,109.61,106.69,90.51,66.35,32.98,9.21,0.35,0.00,0.00,0.00,0.00,0.00
0.00,0.00,0.00,0.00,0.00,0.00,0.00,2.06,32.45,69.63,91.33,101.88,104.47,101.62,91.00,69.63,34.69,8.10,0.22,0.00,0.00,0.00,0.00,0.00
0.00,0.00,0.00,0.00,0.00,0.00,0.00,4.38,36.07,75.51,97.27,108.50,107.17,101.21,90.31,70.60,40.61,15.93,1.55,0.00,0.00,0.00,0.00,0.00
0.00,0.00,0.00,0.00,0.00,0.00,0.00,4.00,32.04,70.44,97.53,109.76,113.99,109.61,98.45,76.63,42.17,13.32,1.31,0.00,0.00,0.00,0.00,0.00
0.00,0.00,0.00,0.00,0.00,0.00,0.00,3.00,26.35,58.68,78.52,94.74,101.70,98.29,89.63,69.72,37.94,12.46,1.10,0.00,0.00,0.00,0.00,0.00
0.00,0.00,0.00,0.00,0.00,0.00,0.00,3.48,29.06,64.17,88.19,101.04,98.03,91.25,77.76,51.48,22.89,8.86,0.45,0.00,0.00,0.00,0.00,0.00
0.00,0.00,0.00,0.00,0.00,0.00,0.00,2.43,18.55,47.32,71.08,75.79,98.16,100.56,83.72,60.70,33.86,9.85,0.85,0.00,0.00,0.00,0.00,0.00
0.00,0.00,0.00,0.00,0.00,0.00,0.00,2.65,21.85,45.64,66.82,78.04,74.06,74.75,57.81,42.57,20.79,6.51,0.79,0.00,0.00,0.00,0.00,0.00
0.00,0.00,0.00,0.00,0.00,0.00,0.00,0.93,10.97,33.77,50.19,54.09,56.89,60.99,51.11,31.39,15.24,3.77,0.11,0.00,0.00,0.00,0.00,0.00
0.00,0.00,0.00,0.00,0.00,0.00,0.00,1.33,14.27,37.09,53.40,63.34,68.60,66.45,56.60,44.05,27.79,8.41,0.20,0.00,0.00,0.00,0.00,0.00
0.00,0.00,0.00,0.00,0.00,0.00,0.00,0.83,8.36,29.24,44.87,50.78,48.11,49.13,41.81,33.19,24.21,9.35,0.28,0.00,0.00,0.00,0.00,0.00
0.00,0.00,0.00,0.00,0.00,0.00,0.00,0.33,8.30,32.28,50.41,57.07,59.12,62.31,51.15,39.28,26.27,8.71,0.24,0.00,0.00,0.00,0.00,0.00
0.00,0.00,0.00,0.00,0.00,0.00,0.00,1.72,14.80,42.30,55.27,66.53,60.40,46.31,41.15,30.54,19.00,3.47,0.04,0.00,0.00,0.00,0.00,0.00
0.00,0.00,0.00,0.00,0.00,0.00,0.00,1.55,20.97,60.18,90.36,96.77,94.04,87.05,71.43,55.10,32.83,9.79,0.23,0.00,0.00,0.00,0.00,0.00
0.00,0.00,0.00,0.00,0.00,0.00,0.00,0.88,17.93,48.05,66.58,76.66,92.59,74.80,53.82,30.42,12.61,1.96,0.02,0.00,0.00,0.00,0.00,0.00
0.00,0.00,0.00,0.00,0.00,0.00,0.00,1.55,18.67,58.48,72.77,84.75,83.77,85.62,72.87,51.77,23.33,3.73,0.04,0.00,0.00,0.00,0.00,0.00
0.00,0.00,0.00,0.00,0.00,0.00,0.00,1.05,17.49,52.15,70.58,83.53,79.74,65.14,58.94,44.19,26.85,7.84,0.14,0.00,0.00,0.00,0.00,0.00
0.00,0.00,0.00,0.00,0.00,0.00,0.00,0.05,3.99,22.83,46.13,67.12,63.44,66.19,57.27,41.32,23.97,7.72,0.14,0.00,0.00,0.00,0.00,0.00
0.00,0.00,0.00,0.00,0.00,0.00,0.00,0.83,14.54,54.97,86.99,99.72,103.57,97.62,76.33,51.97,25.62,7.65,0.12,0.00,0.00,0.00,0.00,0.00
0.00,0.00,0.00,0.00,0.00,0.00,0.00,0.83,13.55,45.69,80.22,92.72,91.28,79.62,55.48,42.74,25.39,7.28,0.11,0.00,0.00,0.00,0.00,0.00
0.00,0.00,0.00,0.00,0.00,0.00,0.00,0.33,8.11,34.82,56.50,71.09,75.65,71.95,55.33,41.82,24.93,6.75,0.09,0.00,0.00,0.00,0.00,0.00
0.00,0.00,0.00,0.00,0.00,0.00,0.00,0.67,8.69,26.75,48.86,57.37,33.86,39.49,30.54,15.44,5.34,1.14,0.01,0.00,0.00,0.00,0.00,0.00
0.00,0.00,0.00,0.00,0.00,0.00,0.00,0.33,9.31,24.97,47.28,52.57,59.68,62.62,48.44,30.45,18.02,5.33,0.05,0.00,0.00,0.00,0.00,0.00
0.00,0.00,0.00,0.00,0.00,0.00,0.00,0.67,12.39,34.41,59.78,72.72,72.61,57.88,46.02,26.29,10.65,0.75,0.00,0.00,0.00,0.00,0.00,0.00
0.00,0.00,0.00,0.00,0.00,0.00,0.00,1.00,10.90,38.90,65.86,79.93,78.62,74.82,49.87,36.89,20.13,3.90,0.02,0.00,0.00,0.00,0.00,0.00
0.00,0.00,0.00,0.00,0.00,0.00,0.00,0.50,9.91,42.54,67.72,78.78,91.15,85.71,72.24,47.38,26.97,6.18,0.02,0.00,0.00,0.00,0.00,0.00
0.00,0.00,0.00,0.00,0.00,0.00,0.00,0.33,8.57,47.33,80.21,93.84,92.80,87.32,72.17,47.32,26.94,6.30,0.02,0.00,0.00,0.00,0.00,0.00
0.00,0.00,0.00,0.00,0.00,0.00,0.00,0.50,3.65,18.04,39.88,41.82,38.10,35.65,29.18,22.89,13.42,2.66,0.03,0.00,0.00,0.00,0.00,0.00
0.00,0.00,0.00,0.00,0.00,0.00,0.00,0.33,4.01,11.44,28.13,40.32,55.68,59.65,34.69,20.70,11.20,1.65,0.01,0.00,0.00,0.00,0.00,0.00
0.00,0.00,0.00,0.00,0.00,0.00,0.00,0.33,10.20,41.61,69.23,86.41,87.21,83.20,58.23,43.65,16.39,2.37,0.01,0.00,0.00,0.00,0.00,0.00
0.00,0.00,0.00,0.00,0.00,0.00,0.00,0.33,8.87,34.33,62.46,74.75,83.29,84.79,64.68,40.80,18.82,3.53,0.06,0.00,0.00,0.00,0.00,0.00
0.00,0.00,0.00,0.00,0.00,0.00,0.00,0.33,11.63,41.55,71.83,93.21,95.14,86.87,68.68,48.61,24.38,5.11,0.02,0.00,0.00,0.00,0.00,0.00
0.00,0.00,0.00,0.00,0.00,0.00,0.00,0.00,8.49,39.06,65.47,75.35,80.08,78.73,64.53,42.09,19.03,2.54,0.00,0.00,0.00,0.00,0.00,0.00
0.00,0.00,0.00,0.00,0.00,0.00,0.00,0.00,9.48,42.16,71.32,81.38,84.51,80.48,64.01,42.67,17.56,1.97,0.00,0.00,0.00,0.00,0.00,0.00
0.00,0.00,0.00,0.00,0.00,0.00,0.00,0.00,9.93,42.83,68.79,81.97,84.60,76.66,62.12,42.04,22.08,3.96,0.01,0.00,0.00,0.00,0.00,0.00
0.00,0.00,0.00,0.00,0.00,0.00,0.00,0.00,5.47,27.31,57.70,71.07,71.44,56.53,47.54,32.83,15.01,1.39,0.00,0.00,0.00,0.00,0.00,0.00
0.00,0.00,0.00,0.00,0.00,0.00,0.00,0.00,4.67,21.81,39.41,48.40,46.89,40.02,27.72,12.61,3.62,0.44,0.00,0.00,0.00,0.00,0.00,0.00
0.00,0.00,0.00,0.00,0.00,0.00,0.00,0.17,7.78,35.98,62.31,74.07,72.79,58.89,53.72,38.01,18.85,2.98,0.03,0.00,0.00,0.00,0.00,0.00
0.00,0.00,0.00,0.00,0.00,0.00,0.00,0.00,5.77,22.26,46.88,52.46,47.41,47.51,41.46,29.75,16.78,4.23,0.00,0.00,0.00,0.00,0.00,0.00
0.00,0.00,0.00,0.00,0.00,0.00,0.00,0.00,5.12,20.69,47.92,60.82,63.52,62.29,56.33,35.33,18.68,4.70,0.03,0.00,0.00,0.00,0.00,0.00
0.00,0.00,0.00,0.00,0.00,0.00,0.00,0.00,4.56,15.49,42.58,54.92,53.73,52.34,45.07,30.94,13.13,1.90,0.01,0.00,0.00,0.00,0.00,0.00
0.00,0.00,0.00,0.00,0.00,0.00,0.00,0.00,6.70,27.90,58.35,73.84,79.66,69.35,57.45,42.34,18.74,2.92,0.02,0.00,0.00,0.00,0.00,0.00
0.00,0.00,0.00,0.00,0.00,0.00,0.00,0.00,7.20,31.52,64.06,82.16,83.01,81.46,68.15,49.09,25.34,5.10,0.01,0.00,0.00,0.00,0.00,0.00
0.00,0.00,0.00,0.00,0.00,0.00,0.00,0.00,5.07,30.60,60.03,74.88,70.46,75.21,63.97,51.14,24.07,3.41,0.01,0.00,0.00,0.00,0.00,0.00
0.00,0.00,0.00,0.00,0.00,0.00,0.00,0.00,5.54,32.80,60.68,73.90,81.09,70.57,56.55,43.23,22.72,5.54,0.01,0.00,0.00,0.00,0.00,0.00
0.00,0.00,0.00,0.00,0.00,0.00,0.00,0.00,3.51,26.08,45.46,72.28,68.79,67.06,58.45,47.89,26.38,5.52,0.03,0.00,0.00,0.00,0.00,0.00
0.00,0.00,0.00,0.00,0.00,0.00,0.00,0.00,6.33,30.15,60.83,79.64,83.14,74.00,58.30,38.72,17.32,2.82,0.01,0.00,0.00,0.00,0.00,0.00
0.00,0.00,0.00,0.00,0.00,0.00,0.00,0.00,5.00,18.52,25.64,41.10,49.78,47.32,40.26,31.40,15.38,4.49,0.02,0.00,0.00,0.00,0.00,0.00
0.00,0.00,0.00,0.00,0.00,0.00,0.00,0.00,5.77,24.04,45.79,60.79,63.42,56.85,42.10,24.28,7.23,0.99,0.01,0.00,0.00,0.00,0.00,0.00
0.00,0.00,0.00,0.00,0.00,0.00,0.00,0.00,5.09,19.94,36.14,51.09,55.36,58.58,46.13,25.51,10.48,1.77,0.00,0.00,0.00,0.00,0.00,0.00
0.00,0.00,0.00,0.00,0.00,0.00,0.00,0.00,3.56,19.46,53.66,74.57,82.94,84.31,67.39,46.57,19.85,3.74,0.02,0.00,0.00,0.00,0.00,0.00
0.00,0.00,0.00,0.00,0.00,0.00,0.00,0.00,5.63,29.12,65.50,87.71,94.35,82.61,69.98,47.18,22.21,4.53,0.02,0.00,0.00,0.00,0.00,0.00
0.00,0.00,0.00,0.00,0.00,0.00,0.00,0.00,0.33,12.95,31.00,39.89,51.08,52.81,47.01,37.97,21.50,6.04,0.04,0.00,0.00,0.00,0.00,0.00
0.00,0.00,0.00,0.00,0.00,0.00,0.00,0.00,3.71,17.18,38.83,47.79,46.08,47.15,48.00,41.45,26.38,6.68,0.07,0.00,0.00,0.00,0.00,0.00
0.00,0.00,0.00,0.00,0.00,0.00,0.00,0.00,2.05,16.80,36.70,54.85,54.56,52.41,45.22,36.72,21.07,4.73,0.07,0.00,0.00,0.00,0.00,0.00
0.00,0.00,0.00,0.00,0.00,0.00,0.00,0.00,3.52,24.42,48.73,73.08,81.50,78.59,55.81,40.45,22.85,5.76,0.04,0.00,0.00,0.00,0.00,0.00
0.00,0.00,0.00,0.00,0.00,0.00,0.00,0.00,3.85,30.45,64.62,80.87,93.84,88.39,74.12,55.21,31.99,7.60,0.06,0.00,0.00,0.00,0.00,0.00
0.00,0.00,0.00,0.00,0.00,0.00,0.00,0.00,4.01,28.32,66.87,89.09,91.08,94.17,78.06,57.07,31.97,7.79,0.07,0.00,0.00,0.00,0.00,0.00
0.00,0.00,0.00,0.00,0.00,0.00,0.00,0.00,4.22,26.47,56.02,78.34,86.83,82.73,70.30,52.82,28.66,7.25,0.07,0.00,0.00,0.00,0.00,0.00
0.00,0.00,0.00,0.00,0.00,0.00,0.00,0.00,3.46,24.86,63.30,82.39,94.45,95.74,80.92,59.86,33.25,6.77,0.04,0.00,0.00,0.00,0.00,0.00
0.00,0.00,0.00,0.00,0.00,0.00,0.00,0.00,1.55,18.82,45.38,58.24,62.50,69.34,70.55,57.11,31.88,7.45,0.06,0.00,0.00,0.00,0.00,0.00
0.00,0.00,0.00,0.00,0.00,0.00,0.00,0.00,4.83,29.13,66.18,89.49,98.74,96.24,81.68,61.81,35.71,8.40,0.11,0.00,0.00,0.00,0.00,0.00
0.00,0.00,0.00,0.00,0.00,0.00,0.00,0.00,2.54,25.91,54.77,84.22,83.28,93.59,80.61,54.83,30.18,7.72,0.10,0.00,0.00,0.00,0.00,0.00
0.00,0.00,0.00,0.00,0.00,0.00,0.00,0.00,4.45,24.67,62.97,88.25,99.29,90.92,77.94,55.12,29.02,7.50,0.12,0.00,0.00,0.00,0.00,0.00
0.00,0.00,0.00,0.00,0.00,0.00,0.00,0.00,4.79,29.24,68.54,93.02,100.20,99.17,84.16,60.79,34.87,8.73,0.11,0.00,0.00,0.00,0.00,0.00
0.00,0.00,0.00,0.00,0.00,0.00,0.00,0.00,4.46,26.31,61.07,83.29,77.93,76.99,63.51,40.13,19.33,3.38,0.02,0.00,0.00,0.00,0.00,0.00
0.00,0.00,0.00,0.00,0.00,0.00,0.00,0.00,2.60,20.24,42.84,56.72,56.14,68.55,53.27,35.56,17.99,2.74,0.00,0.00,0.00,0.00,0.00,0.00
0.00,0.00,0.00,0.00,0.00,0.00,0.00,0.00,3.28,24.38,42.00,59.97,68.46,67.61,51.84,27.60,10.45,2.07,0.06,0.00,0.00,0.00,0.00,0.00
0.00,0.00,0.00,0.00,0.00,0.00,0.00,0.00,4.93,24.10,53.49,67.00,72.06,59.62,58.04,37.12,20.36,5.29,0.09,0.00,0.00,0.00,0.00,0.00
0.00,0.00,0.00,0.00,0.00,0.00,0.00,0.00,1.55,8.30,32.84,67.79,74.32,70.87,47.31,34.90,20.33,5.41,0.13,0.00,0.00,0.00,0.00,0.00
0.00,0.00,0.00,0.00,0.00,0.00,0.00,0.00,4.61,25.89,58.42,83.72,97.40,98.00,83.08,53.30,31.52,8.59,0.20,0.00,0.00,0.00,0.00,0.00
0.00,0.00,0.00,0.00,0.00,0.00,0.00,0.00,4.33,26.56,62.00,83.71,88.73,94.69,78.62,60.35,35.54,9.90,0.14,0.00,0.00,0.00,0.00,0.00
0.00,0.00,0.00,0.00,0.00,0.00,0.00,0.00,1.23,15.01,42.93,73.51,70.92,74.32,70.02,46.45,25.13,8.23,0.23,0.00,0.00,0.00,0.00,0.00
0.00,0.00,0.00,0.00,0.00,0.00,0.00,0.00,4.27,27.30,64.47,80.43,92.45,88.53,79.48,58.51,34.51,10.40,0.42,0.00,0.00,0.00,0.00,0.00
0.00,0.00,0.00,0.00,0.00,0.00,0.00,0.00,1.87,15.59,26.48,33.84,42.65,40.48,34.11,27.25,14.72,4.18,0.19,0.00,0.00,0.00,0.00,0.00
0.00,0.00,0.00,0.00,0.00,0.00,0.00,0.00,3.43,23.15,56.32,83.27,92.38,88.56,75.01,48.28,30.62,11.09,0.43,0.00,0.00,0.00,0.00,0.00
0.00,0.00,0.00,0.00,0.00,0.00,0.00,0.00,2.00,22.27,49.12,54.35,59.89,60.65,57.13,42.20,25.84,7.67,0.32,0.00,0.00,0.00,0.00,0.00
0.00,0.00,0.00,0.00,0.00,0.00,0.00,0.00,0.16,9.75,33.66,45.34,50.30,51.95,50.50,44.07,35.33,13.85,0.55,0.00,0.00,0.00,0.00,0.00
0.00,0.00,0.00,0.00,0.00,0.00,0.00,0.00,2.90,24.82,51.62,77.07,82.74,79.66,76.07,58.21,44.22,14.65,0.71,0.00,0.00,0.00,0.00,0.00
0.00,0.00,0.00,0.00,0.00,0.00,0.00,0.00,3.75,14.89,31.46,52.85,58.88,59.20,51.24,46.30,30.88,12.06,0.80,0.00,0.00,0.00,0.00,0.00
0.00,0.00,0.00,0.00,0.00,0.00,0.00,0.00,3.13,24.27,53.73,71.78,71.68,70.43,63.07,49.70,33.04,12.92,0.83,0.00,0.00,0.00,0.00,0.00
0.00,0.00,0.00,0.00,0.00,0.00,0.00,0.00,0.36,7.59,28.38,47.88,49.37,55.09,49.49,35.85,25.65,12.58,0.90,0.00,0.00,0.00,0.00,0.00
0.00,0.00,0.00,0.00,0.00,0.00,0.00,0.00,0.60,14.24,41.03,53.42,58.52,52.99,54.05,52.28,38.13,15.63,1.10,0.00,0.00,0.00,0.00,0.00
0.00,0.00,0.00,0.00,0.00,0.00,0.00,0.00,5.67,33.37,74.23,93.11,102.58,92.41,73.41,65.10,44.25,18.33,1.15,0.00,0.00,0.00,0.00,0.00
0.00,0.00,0.00,0.00,0.00,0.00,0.00,0.00,3.87,31.43,62.37,73.74,72.07,72.04,70.56,48.33,25.42,7.07,0.48,0.00,0.00,0.00,0.00,0.00
0.00,0.00,0.00,0.00,0.00,0.00,0.00,0.00,4.52,26.15,65.26,72.79,63.85,51.76,41.69,34.07,25.10,11.92,1.05,0.00,0.00,0.00,0.00,0.00
0.00,0.00,0.00,0.00,0.00,0.00,0.00,0.00,5.87,28.36,51.41,65.32,64.17,67.09,45.00,35.84,24.49,10.19,0.88,0.00,0.00,0.00,0.00,0.00
0.00,0.00,0.00,0.00,0.00,0.00,0.00,0.00,2.77,18.87,42.47,52.88,61.51,67.24,61.31,56.10,39.33,17.24,1.27,0.00,0.00,0.00,0.00,0.00
0.00,0.00,0.00,0.00,0.00,0.00,0.00,0.00,3.98,27.16,65.95,88.52,90.17,79.33,78.97,59.91,37.44,15.58,1.49,0.00,0.00,0.00,0.00,0.00
0.00,0.00,0.00,0.00,0.00,0.00,0.00,0.00,4.74,35.03,76.31,96.45,103.65,95.19,81.29,50.55,24.27,8.88,0.62,0.00,0.00,0.00,0.00,0.00
0.00,0.00,0.00,0.00,0.00,0.00,0.00,0.00,4.40,29.83,58.35,71.15,72.04,61.16,42.56,27.86,17.73,5.48,0.35,0.00,0.00,0.00,0.00,0.00
0.00,0.00,0.00,0.00,0.00,0.00,0.00,0.00,3.99,21.84,46.62,64.49,60.47,60.63,44.29,39.77,26.70,10.79,1.13,0.00,0.00,0.00,0.00,0.00
0.00,0.00,0.00,0.00,0.00,0.00,0.00,0.00,2.50,16.66,44.60,49.82,52.32,56.13,45.76,35.93,21.13,7.02,0.33,0.00,0.00,0.00,0.00,0.00
0.00,0.00,0.00,0.00,0.00,0.00,0.00,0.00,6.55,36.18,72.96,92.51,83.82,65.95,68.90,50.54,22.51,7.22,1.02,0.00,0.00,0.00,0.00,0.00
0.00,0.00,0.00,0.00,0.00,0.00,0.00,0.00,7.27,35.52,68.94,83.63,93.40,89.00,89.25,62.33,31.25,15.75,1.35,0.00,0.00,0.00,0.00,0.00
0.00,0.00,0.00,0.00,0.00,0.00,0.00,0.17,7.82,35.59,53.13,69.49,78.39,81.80,65.80,57.53,32.52,7.32,0.38,0.00,0.00,0.00,0.00,0.00
0.00,0.00,0.00,0.00,0.00,0.00,0.00,0.17,9.62,41.78,72.83,83.48,90.64,91.39,74.41,52.25,28.30,8.16,0.37,0.00,0.00,0.00,0.00,0.00
0.00,0.00,0.00,0.00,0.00,0.00,0.00,0.00,4.14,19.25,48.72,63.90,72.92,78.23,68.14,47.64,27.24,9.27,1.41,0.00,0.00,0.00,0.00,0.00
0.00,0.00,0.00,0.00,0.00,0.00,0.00,0.00,3.83,23.76,48.76,53.12,54.32,59.41,45.94,35.34,21.93,7.12,0.74,0.00,0.00,0.00,0.00,0.00
0.00,0.00,0.00,0.00,0.00,0.00,0.00,0.00,3.23,13.45,24.56,41.02,59.98,46.98,41.64,31.82,16.03,5.60,0.72,0.00,0.00,0.00,0.00,0.00
0.00,0.00,0.00,0.00,0.00,0.00,0.00,0.00,3.89,24.94,46.72,58.57,69.58,62.58,60.82,50.21,41.59,21.30,3.07,0.00,0.00,0.00,0.00,0.00
0.00,0.00,0.00,0.00,0.00,0.00,0.00,0.00,1.71,14.45,44.05,54.10,57.29,50.79,53.16,61.99,41.80,22.68,3.32,0.00,0.00,0.00,0.00,0.00
0.00,0.00,0.00,0.00,0.00,0.00,0.00,0.00,8.37,37.06,58.58,76.89,80.67,87.85,66.69,56.56,43.38,17.70,2.30,0.00,0.00,0.00,0.00,0.00
0.00,0.00,0.00,0.00,0.00,0.00,0.00,0.00,3.49,23.23,43.14,59.64,63.64,61.28,55.12,48.67,39.68,22.19,4.92,0.00,0.00,0.00,0.00,0.00
0.00,0.00,0.00,0.00,0.00,0.00,0.00,0.00,3.03,17.36,42.87,50.12,45.24,37.05,33.53,28.66,19.96,9.10,2.28,0.01,0.00,0.00,0.00,0.00
0.00,0.00,0.00,0.00,0.00,0.00,0.00,0.33,9.03,42.30,74.48,71.91,84.48,80.70,63.12,53.12,40.78,15.27,2.76,0.00,0.00,0.00,0.00,0.00
0.00,0.00,0.00,0.00,0.00,0.00,0.00,0.50,12.11,42.31,66.94,75.31,71.84,68.00,58.29,46.10,29.22,10.11,0.72,0.00,0.00,0.00,0.00,0.00
0.00,0.00,0.00,0.00,0.00,0.00,0.00,0.33,12.62,38.87,68.66,78.59,86.44,86.01,76.76,41.75,23.63,7.87,0.51,0.00,0.00,0.00,0.00,0.00
0.00,0.00,0.00,0.00,0.00,0.00,0.00,0.17,7.50,37.27,51.30,70.19,87.24,78.53,84.71,64.71,51.78,23.77,4.67,0.00,0.00,0.00,0.00,0.00
0.00,0.00,0.00,0.00,0.00,0.00,0.00,0.00,4.76,26.77,48.45,60.80,65.50,64.08,59.00,48.39,30.46,17.87,3.96,0.01,0.00,0.00,0.00,0.00
0.00,0.00,0.00,0.00,0.00,0.00,0.00,0.67,14.77,47.82,70.42,90.32,90.19,91.83,84.62,79.41,53.91,19.60,2.69,0.00,0.00,0.00,0.00,0.00
0.00,0.00,0.00,0.00,0.00,0.00,0.00,0.67,16.16,53.95,86.58,107.61,118.52,119.66,113.00,95.91,67.15,30.86,6.42,0.02,0.00,0.00,0.00,0.00
0.00,0.00,0.00,0.00,0.00,0.00,0.00,0.50,14.08,43.64,78.46,103.51,113.51,110.36,108.84,90.96,62.70,28.23,5.30,0.02,0.00,0.00,0.00,0.00
0.00,0.00,0.00,0.00,0.00,0.00,0.00,0.50,10.37,31.34,53.43,77.50,92.41,87.74,72.22,62.19,45.05,17.36,3.08,0.00,0.00,0.00,0.00,0.00
0.00,0.00,0.00,0.00,0.00,0.00,0.00,1.33,20.16,52.83,79.42,100.93,110.93,106.94,97.74,79.71,56.50,24.18,5.20,0.03,0.00,0.00,0.00,0.00
0.00,0.00,0.00,0.00,0.00,0.00,0.00,1.17,21.63,60.16,79.71,91.60,101.31,97.93,91.35,80.63,61.74,26.54,5.19,0.03,0.00,0.00,0.00,0.00
0.00,0.00,0.00,0.00,0.00,0.00,0.00,1.67,22.93,55.99,81.89,98.05,109.31,115.72,100.66,82.63,53.74,24.35,4.62,0.03,0.00,0.00,0.00,0.00
0.00,0.00,0.00,0.00,0.00,0.00,0.00,0.38,7.69,34.22,54.40,80.41,83.19,94.34,87.91,73.26,51.97,23.23,3.66,0.04,0.00,0.00,0.00,0.00
0.00,0.00,0.00,0.00,0.00,0.00,0.00,2.17,18.34,45.10,61.17,79.93,85.17,74.84,71.06,58.39,40.88,17.56,2.77,0.02,0.00,0.00,0.00,0.00
0.00,0.00,0.00,0.00,0.00,0.00,0.00,0.33,8.51,31.35,49.45,65.56,56.39,73.29,68.79,63.71,42.31,21.53,5.45,0.11,0.00,0.00,0.00,0.00
0.00,0.00,0.00,0.00,0.00,0.00,0.00,0.17,12.88,36.15,50.14,65.25,91.04,78.75,65.46,59.71,38.91,19.31,3.12,0.02,0.00,0.00,0.00,0.00
0.00,0.00,0.00,0.00,0.00,0.00,0.00,0.83,11.67,41.06,66.05,82.00,90.80,87.62,78.56,64.21,48.16,24.40,5.06,0.05,0.00,0.00,0.00,0.00
0.00,0.00,0.00,0.00,0.00,0.00,0.00,3.50,23.07,46.39,67.53,84.97,94.74,97.43,89.14,72.18,47.37,20.46,3.51,0.05,0.00,0.00,0.00,0.00
0.00,0.00,0.00,0.00,0.00,0.00,0.00,0.00,3.61,13.50,32.19,45.56,49.02,61.92,55.41,41.79,28.70,13.79,2.47,0.05,0.00,0.00,0.00,0.00
0.00,0.00,0.00,0.00,0.00,0.00,0.00,4.43,24.06,51.45,80.59,96.95,108.71,104.90,95.15,79.85,56.96,27.16,6.11,0.09,0.00,0.00,0.00,0.00
0.00,0.00,0.00,0.00,0.00,0.00,0.00,3.98,31.14,68.70,90.47,106.45,111.56,112.59,104.56,82.63,62.41,30.65,6.92,0.14,0.00,0.00,0.00,0.00
0.00,0.00,0.00,0.00,0.00,0.00,0.00,4.48,29.26,58.60,78.76,92.02,100.87,108.47,105.14,91.03,65.79,30.05,6.39,0.13,0.00,0.00,0.00,0.00
0.00,0.00,0.00,0.00,0.00,0.00,0.00,1.83,18.15,31.67,49.83,65.56,75.65,96.21,93.19,81.14,61.77,30.17,6.56,0.14,0.00,0.00,0.00,0.00
0.00,0.00,0.00,0.00,0.00,0.00,0.00,5.00,23.63,46.80,68.65,75.41,83.70,89.36,85.15,73.26,46.28,18.20,2.91,0.04,0.00,0.00,0.00,0.00
0.00,0.00,0.00,0.00,0.00,0.00,0.00,5.87,29.46,60.31,90.69,102.54,84.40,67.68,62.12,55.68,37.64,15.79,2.93,0.11,0.00,0.00,0.00,0.00
0.00,0.00,0.00,0.00,0.00,0.00,0.00,3.67,24.58,56.40,78.89,93.36,89.98,100.25,103.29,78.50,54.59,33.15,11.19,0.54,0.00,0.00,0.00,0.00
0.00,0.00,0.00,0.00,0.00,0.00,0.00,6.88,32.69,68.70,93.41,116.11,126.69,124.11,117.37,96.01,67.83,40.83,11.36,0.53,0.00,0.00,0.00,0.00
0.00,0.00,0.00,0.00,0.00,0.00,0.00,4.75,30.47,72.82,102.23,118.05,129.16,129.87,121.13,101.78,73.00,40.46,13.08,0.57,0.00,0.00,0.00,0.00
0.00,0.00,0.00,0.00,0.00,0.00,0.00,2.90,26.80,70.43,104.69,121.02,126.15,127.23,119.45,101.32,75.02,38.64,12.16,0.56,0.00,0.00,0.00,0.00
0.00,0.00,0.00,0.00,0.00,0.00,0.00,8.41,37.14,70.90,98.03,115.39,126.08,125.96,117.85,97.09,69.92,39.18,10.76,0.48,0.00,0.00,0.00,0.00
0.00,0.00,0.00,0.00,0.00,0.00,0.00,5.24,31.17,68.17,89.81,103.31,113.95,117.07,117.71,102.33,77.73,41.44,12.51,0.61,0.00,0.00,0.00,0.00
0.00,0.00,0.00,0.00,0.00,0.00,0.00,7.48,34.22,68.48,94.22,111.68,117.08,119.62,107.16,89.98,66.00,35.38,11.34,0.77,0.00,0.00,0.00,0.00
0.00,0.00,0.00,0.00,0.00,0.00,0.00,8.72,37.30,70.61,92.40,105.10,101.78,105.12,86.77,76.98,58.36,29.17,8.14,0.32,0.00,0.00,0.00,0.00
0.00,0.00,0.00,0.00,0.00,0.00,0.00,9.53,35.11,67.15,93.24,111.99,120.47,122.01,108.03,91.34,67.44,34.52,9.61,0.51,0.00,0.00,0.00,0.00
0.00,0.00,0.00,0.00,0.00,0.00,0.17,9.51,38.87,69.77,95.79,115.07,119.84,119.78,108.04,92.38,63.48,29.35,5.65,0.13,0.00,0.00,0.00,0.00
0.00,0.00,0.00,0.00,0.00,0.00,0.17,10.37,39.34,73.02,102.96,118.71,125.43,125.43,118.69,100.22,78.06,45.29,12.70,0.72,0.00,0.00,0.00,0.00
0.00,0.00,0.00,0.00,0.00,0.00,0.17,10.52,41.96,79.20,101.37,115.26,132.49,119.14,112.58,109.44,83.06,47.02,14.36,0.81,0.00,0.00,0.00,0.00
0.00,0.00,0.00,0.00,0.00,0.00,0.00,6.27,32.56,64.74,92.64,113.06,120.16,120.83,108.80,94.73,74.10,44.75,14.26,0.86,0.00,0.00,0.00,0.00
0.00,0.00,0.00,0.00,0.00,0.00,0.17,10.12,39.11,62.96,81.70,93.71,102.33,102.99,98.33,87.22,68.49,43.10,14.65,0.92,0.00,0.00,0.00,0.00
0.00,0.00,0.00,0.00,0.00,0.00,0.17,6.38,32.05,59.40,81.55,88.64,88.54,93.93,86.64,71.25,52.85,33.13,12.56,0.85,0.00,0.00,0.00,0.00
0.00,0.00,0.00,0.00,0.00,0.00,0.17,5.75,25.83,55.55,75.90,83.82,91.73,105.37,103.68,85.61,66.39,34.71,10.27,0.75,0.00,0.00,0.00,0.00
0.00,0.00,0.00,0.00,0.00,0.00,0.17,6.90,28.05,69.30,99.75,114.43,108.66,112.67,102.10,80.14,57.26,28.25,8.46,0.56,0.00,0.00,0.00,0.00
0.00,0.00,0.00,0.00,0.00,0.00,0.17,6.07,29.22,62.53,94.15,113.94,113.46,110.73,108.27,86.80,65.86,32.07,6.65,0.24,0.00,0.00,0.00,0.00
0.00,0.00,0.00,0.00,0.00,0.00,0.00,2.75,12.66,31.61,45.51,56.74,62.14,68.43,85.40,84.92,63.85,39.03,12.02,1.18,0.00,0.00,0.00,0.00
0.00,0.00,0.00,0.00,0.00,0.00,0.50,11.93,41.22,63.41,84.66,95.98,103.38,102.30,87.76,76.14,55.73,31.11,7.10,0.31,0.00,0.00,0.00,0.00
0.00,0.00,0.00,0.00,0.00,0.00,0.67,14.96,47.67,79.33,99.64,114.00,121.67,114.38,108.44,93.49,66.68,40.95,12.56,1.18,0.00,0.00,0.00,0.00
0.00,0.00,0.00,0.00,0.00,0.00,0.83,14.63,47.34,82.88,108.64,114.98,125.02,122.94,110.64,97.10,77.46,47.24,16.46,1.34,0.00,0.00,0.00,0.00
0.00,0.00,0.00,0.00,0.00,0.00,1.00,16.21,52.30,86.12,109.52,125.56,129.49,126.60,118.09,104.72,77.94,46.93,16.70,1.55,0.00,0.00,0.00,0.00
0.00,0.00,0.00,0.00,0.00,0.00,1.17,18.17,56.18,91.98,118.50,135.73,142.13,138.61,130.31,110.48,83.39,46.72,13.52,1.05,0.00,0.00,0.00,0.00
0.00,0.00,0.00,0.00,0.00,0.00,1.00,16.31,50.14,82.21,107.43,126.18,129.64,128.64,122.26,104.88,79.28,46.99,16.83,1.62,0.00,0.00,0.00,0.00
0.00,0.00,0.00,0.00,0.00,0.00,0.67,17.79,50.09,82.40,103.35,103.50,113.06,87.63,82.27,89.86,82.03,50.81,13.51,1.47,0.00,0.00,0.00,0.00
0.00,0.00,0.00,0.00,0.00,0.00,1.00,2.34,16.04,32.63,58.70,63.76,59.73,83.04,90.14,81.67,66.61,42.04,15.77,1.94,0.00,0.00,0.00,0.00
0.00,0.00,0.00,0.00,0.00,0.00,0.67,8.54,25.53,41.90,71.46,116.95,122.90,135.22,120.81,106.78,79.29,44.39,16.54,1.97,0.00,0.00,0.00,0.00
0.00,0.00,0.00,0.00,0.00,0.00,1.17,18.67,51.43,81.61,105.45,116.15,125.47,121.85,105.38,97.53,75.55,47.31,18.87,2.09,0.00,0.00,0.00,0.00
0.00,0.00,0.00,0.00,0.00,0.00,1.50,16.27,55.99,91.90,111.65,122.06,135.46,130.27,118.92,94.73,83.03,50.21,19.52,2.12,0.00,0.00,0.00,0.00
0.00,0.00,0.00,0.00,0.00,0.00,2.00,16.70,41.21,74.76,103.95,123.27,132.73,127.35,114.04,89.32,65.69,47.97,19.29,2.18,0.00,0.00,0.00,0.00
0.00,0.00,0.00,0.00,0.00,0.00,1.93,20.88,69.00,106.72,135.82,143.62,151.05,149.70,137.93,118.72,77.97,44.46,17.27,2.15,0.00,0.00,0.00,0.00
0.00,0.00,0.00,0.00,0.00,0.00,1.67,22.00,64.10,98.88,123.40,140.62,147.20,143.70,131.92,109.26,72.20,43.58,16.85,2.22,0.00,0.00,0.00,0.00
0.00,0.00,0.00,0.00,0.00,0.00,2.50,18.02,53.23,77.23,113.01,126.85,130.21,128.75,114.59,85.34,63.00,37.39,12.83,1.58,0.00,0.00,0.00,0.00
0.00,0.00,0.00,0.00,0.00,0.00,2.67,22.20,54.33,88.55,110.68,127.91,136.48,132.96,127.16,101.33,76.38,52.62,19.24,2.00,0.00,0.00,0.00,0.00
0.00,0.00,0.00,0.00,0.00,0.00,2.72,22.74,65.19,102.06,124.20,137.87,144.75,143.85,134.81,112.62,82.08,48.18,19.41,2.52,0.00,0.00,0.00,0.00
0.00,0.00,0.00,0.00,0.00,0.00,2.38,17.07,53.05,92.55,123.61,139.58,144.98,143.44,135.14,117.87,89.87,53.70,21.28,2.50,0.00,0.00,0.00,0.00
0.00,0.00,0.00,0.00,0.00,0.00,2.05,21.05,61.98,97.14,123.83,140.63,148.03,146.69,136.62,118.56,90.39,53.83,18.96,2.05,0.00,0.00,0.00,0.00
0.00,0.00,0.00,0.00,0.00,0.00,1.88,20.53,58.95,96.89,122.22,139.18,144.82,142.35,130.24,113.55,89.78,57.23,22.33,2.52,0.00,0.00,0.00,0.00
0.00,0.00,0.00,0.00,0.00,0.00,2.27,19.90,56.63,95.58,122.97,138.15,144.01,132.44,119.86,104.88,83.37,52.09,20.19,2.03,0.00,0.00,0.00,0.00
0.00,0.00,0.00,0.00,0.00,0.00,3.50,16.36,36.04,74.95,80.59,95.30,114.38,119.52,112.26,94.08,81.53,48.18,19.64,3.11,0.01,0.00,0.00,0.00
0.00,0.00,0.00,0.00,0.00,0.00,3.77,23.26,64.52,93.50,120.43,135.79,143.44,142.69,126.44,105.00,71.92,45.70,16.57,1.97,0.00,0.00,0.00,0.00
0.00,0.00,0.00,0.00,0.00,0.00,1.88,24.85,62.19,87.66,115.78,134.92,143.09,140.79,129.64,110.24,83.96,51.30,18.29,2.58,0.00,0.00,0.00,0.00
0.00,0.00,0.00,0.00,0.00,0.00,3.43,24.29,60.60,98.32,110.44,117.89,130.73,128.12,128.07,111.95,89.45,53.77,16.83,2.36,0.02,0.00,0.00,0.00
0.00,0.00,0.00,0.00,0.00,0.00,4.10,23.19,65.35,92.75,126.01,133.12,125.71,120.10,103.21,102.49,74.68,47.75,18.47,2.91,0.02,0.00,0.00,0.00
0.00,0.00,0.00,0.00,0.00,0.00,4.92,29.98,69.65,100.31,118.01,122.09,127.45,127.26,121.52,95.16,62.53,42.15,18.35,2.74,0.02,0.00,0.00,0.00
0.00,0.00,0.00,0.00,0.00,0.00,5.25,29.64,65.58,96.82,118.00,124.86,126.53,129.34,117.14,106.28,73.97,44.45,15.92,2.25,0.01,0.00,0.00,0.00
0.00,0.00,0.00,0.00,0.00,0.00,5.25,30.95,71.33,103.93,126.84,138.98,141.86,135.92,125.46,110.14,83.93,53.19,21.49,3.20,0.02,0.00,0.00,0.00
0.00,0.00,0.00,0.00,0.00,0.00,5.31,30.76,68.74,97.02,119.17,134.26,139.74,137.97,127.82,107.47,83.01,51.64,19.71,3.18,0.04,0.00,0.00,0.00
0.00,0.00,0.00,0.00,0.00,0.00,4.85,29.10,63.70,91.35,113.83,127.13,134.17,131.79,122.58,104.13,76.69,42.91,19.23,3.16,0.04,0.00,0.00,0.00
0.00,0.00,0.00,0.00,0.00,0.00,4.35,22.47,53.08,76.85,94.73,114.66,117.56,116.08,98.60,96.79,71.88,41.49,15.08,1.94,0.01,0.00,0.00,0.00
0.00,0.00,0.00,0.00,0.00,0.00,3.58,18.45,45.28,71.33,97.38,96.21,96.95,92.15,96.65,75.99,50.57,33.44,12.15,2.08,0.05,0.00,0.00,0.00
0.00,0.00,0.00,0.00,0.00,0.00,5.15,20.16,49.67,90.94,108.12,106.12,95.26,84.24,75.22,60.43,41.79,27.08,12.34,2.09,0.04,0.00,0.00,0.00
0.00,0.00,0.00,0.00,0.00,0.17,5.89,26.43,57.94,88.70,110.24,124.07,130.90,133.47,125.33,110.37,85.05,53.13,23.96,4.21,0.06,0.00,0.00,0.00
0.00,0.00,0.00,0.00,0.00,0.17,6.23,31.00,63.96,92.74,113.33,119.73,128.61,125.21,117.40,103.84,81.19,52.56,22.60,4.17,0.08,0.00,0.00,0.00
0.00,0.00,0.00,0.00,0.00,0.00,5.98,30.14,59.24,84.54,93.84,114.06,124.99,128.69,126.86,120.68,96.96,61.35,27.28,5.37,0.09,0.00,0.00,0.00
0.00,0.00,0.00,0.00,0.00,0.17,6.15,32.95,71.06,95.68,116.77,139.29,143.29,140.16,133.11,118.67,90.21,56.97,28.17,5.30,0.10,0.00,0.00,0.00
0.00,0.00,0.00,0.00,0.00,0.17,7.12,36.98,75.84,108.66,132.08,144.63,134.01,129.05,123.90,104.77,78.51,48.46,21.21,4.04,0.07,0.00,0.00,0.00
0.00,0.00,0.00,0.00,0.00,0.17,8.42,37.26,73.71,104.93,128.35,144.07,149.46,148.95,133.07,118.84,90.44,51.69,18.24,2.94,0.14,0.00,0.00,0.00
0.00,0.00,0.00,0.00,0.00,0.17,7.42,33.66,65.87,94.63,109.48,120.54,128.51,126.20,118.21,100.79,79.36,47.63,23.58,5.01,0.10,0.00,0.00,0.00
0.00,0.00,0.00,0.00,0.00,0.17,5.26,23.18,55.38,63.07,85.33,99.59,87.88,81.26,84.96,79.54,70.76,44.73,21.49,4.35,0.14,0.00,0.00,0.00
0.00,0.00,0.00,0.00,0.00,0.17,7.09,37.21,78.67,111.30,134.61,146.88,150.88,150.23,140.82,123.80,95.81,60.87,26.34,6.02,0.17,0.00,0.00,0.00
0.00,0.00,0.00,0.00,0.00,0.50,8.20,28.39,69.21,104.84,122.09,131.51,138.02,144.01,133.32,116.10,87.95,57.03,25.21,5.26,0.16,0.00,0.00,0.00
0.00,0.00,0.00,0.00,0.00,0.33,7.79,35.80,57.29,86.63,115.98,131.42,136.94,137.31,127.54,102.69,74.48,46.01,20.13,3.88,0.20,0.00,0.00,0.00
0.00,0.00,0.00,0.00,0.00,1.00,9.30,33.52,69.79,85.47,94.89,100.95,108.98,111.54,101.13,79.57,58.50,40.30,17.36,3.01,0.13,0.00,0.00,0.00
0.00,0.00,0.00,0.00,0.00,0.50,7.54,26.69,48.72,63.45,73.59,81.95,85.11,83.01,75.28,63.74,45.58,26.50,15.10,4.14,0.20,0.00,0.00,0.00
0.00,0.00,0.00,0.00,0.00,0.67,7.19,22.88,50.00,78.73,90.89,92.32,98.01,90.54,90.53,85.01,55.87,38.09,17.79,3.76,0.16,0.00,0.00,0.00
0.00,0.00,0.00,0.00,0.00,0.33,6.52,31.44,64.02,91.21,112.97,123.70,123.70,121.27,114.34,97.09,74.50,46.36,22.37,5.13,0.21,0.00,0.00,0.00
0.00,0.00,0.00,0.00,0.00,0.50,8.15,35.64,69.97,97.66,119.83,130.83,132.14,128.08,122.04,109.46,83.11,53.60,22.97,4.67,0.24,0.00,0.00,0.00
0.00,0.00,0.00,0.00,0.00,0.33,7.82,32.57,66.03,92.82,113.35,127.90,129.47,122.12,110.75,95.05,68.60,40.49,15.15,3.11,0.18,0.00,0.00,0.00
0.00,0.00,0.00,0.00,0.00,0.50,9.02,35.81,74.17,103.18,125.35,138.91,144.87,139.32,134.08,108.74,76.96,46.73,20.35,3.90,0.11,0.00,0.00,0.00
0.00,0.00,0.00,0.00,0.00,0.33,8.78,37.88,72.02,99.71,120.15,132.90,141.43,141.83,123.90,107.63,90.06,59.16,28.01,7.17,0.38,0.00,0.00,0.00
0.00,0.00,0.00,0.00,0.00,0.83,10.95,40.37,77.56,103.71,121.76,125.25,121.75,122.94,116.05,113.63,90.60,61.92,30.48,7.58,0.47,0.00,0.00,0.00
0.00,0.00,0.00,0.00,0.00,0.50,9.58,39.25,75.42,98.58,115.31,127.36,124.47,134.43,133.23,120.12,94.36,60.91,27.26,7.02,0.51,0.00,0.00,0.00
0.00,0.00,0.00,0.00,0.00,0.33,9.15,40.71,77.48,107.91,128.92,144.02,148.71,149.41,133.77,120.39,95.07,60.36,26.13,6.26,0.33,0.00,0.00,0.00
0.00,0.00,0.00,0.00,0.00,0.33,8.71,34.44,64.84,90.52,110.94,123.80,124.60,118.63,115.84,101.36,79.58,51.53,25.12,6.02,0.29,0.00,0.00,0.00
0.00,0.00,0.00,0.00,0.00,1.33,10.11,34.59,60.06,84.86,103.89,125.81,134.69,135.29,124.64,108.38,83.85,56.18,24.50,5.99,0.39,0.00,0.00,0.00
0.00,0.00,0.00,0.00,0.00,0.50,9.52,39.02,74.13,102.62,123.43,138.75,142.12,137.90,128.32,115.48,90.46,59.91,27.64,7.40,0.45,0.00,0.00,0.00
0.00,0.00,0.00,0.00,0.00,0.33,9.48,38.40,75.97,104.62,125.50,135.88,141.11,139.42,130.30,113.87,90.30,56.52,26.04,6.14,0.48,0.00,0.00,0.00
0.00,0.00,0.00,0.00,0.00,0.17,6.66,33.37,67.90,95.67,119.41,132.89,137.95,137.64,127.33,112.30,88.60,57.59,27.74,6.40,0.37,0.00,0.00,0.00
0.00,0.00,0.00,0.00,0.00,0.50,8.97,34.49,59.60,86.49,104.39,115.01,119.03,117.35,112.21,96.37,74.25,44.22,19.99,4.95,0.23,0.00,0.00,0.00
0.00,0.00,0.00,0.00,0.00,0.50,9.46,36.02,66.41,90.70,108.69,120.61,127.65,126.58,119.67,104.19,80.28,50.37,21.27,4.58,0.17,0.00,0.00,0.00
0.00,0.00,0.00,0.00,0.00,0.50,9.63,36.68,67.69,95.05,114.24,125.00,125.69,124.49,119.40,102.86,79.93,49.40,20.45,5.97,0.31,0.00,0.00,0.00
0.00,0.00,0.00,0.00,0.00,0.50,10.25,38.65,68.81,93.65,110.73,121.68,127.79,127.99,118.68,106.68,84.48,56.50,27.29,7.67,0.43,0.00,0.00,0.00
0.00,0.00,0.00,0.00,0.00,0.50,9.89,39.58,75.96,105.88,127.91,141.16,141.40,138.35,129.62,111.85,90.23,59.05,29.31,8.65,0.73,0.00,0.00,0.00
0.00,0.00,0.00,0.00,0.00,1.17,7.71,33.81,61.10,77.11,105.52,116.29,118.46,105.98,106.09,88.17,65.27,48.83,26.01,8.28,0.66,0.00,0.00,0.00
0.00,0.00,0.00,0.00,0.00,0.67,9.61,34.23,65.45,92.41,110.72,122.36,127.00,125.43,115.72,104.32,82.01,54.81,26.51,7.38,0.63,0.00,0.00,0.00
0.00,0.00,0.00,0.00,0.00,0.83,10.79,38.35,78.07,107.46,130.92,144.22,146.56,118.13,113.36,100.73,80.32,54.84,28.24,8.89,0.55,0.00,0.00,0.00
0.00,0.00,0.00,0.00,0.00,0.67,9.66,37.34,73.13,103.55,125.85,138.85,142.62,140.74,129.57,109.87,86.66,57.19,26.68,7.37,0.83,0.00,0.00,0.00
0.00,0.00,0.00,0.00,0.00,1.00,8.62,36.98,70.19,98.52,116.30,132.25,139.83,135.75,128.22,110.31,88.30,58.27,33.87,9.47,0.88,0.00,0.00,0.00
0.00,0.00,0.00,0.00,0.00,0.83,6.09,22.08,37.57,55.15,67.27,87.52,95.27,75.97,71.31,65.73,54.31,45.17,24.10,7.67,0.83,0.00,0.00,0.00
0.00,0.00,0.00,0.00,0.00,1.50,7.43,25.80,53.48,74.90,84.37,104.27,101.12,96.87,99.34,81.47,84.14,55.31,27.51,9.42,0.97,0.00,0.00,0.00
0.00,0.00,0.00,0.00,0.00,0.50,9.30,40.44,75.22,102.70,122.08,127.66,136.71,143.20,134.26,119.90,95.51,63.45,30.73,9.31,0.84,0.00,0.00,0.00
0.00,0.00,0.00,0.00,0.00,0.67,11.17,40.38,77.81,105.04,124.34,134.76,138.28,134.91,125.71,108.99,83.86,55.17,27.19,8.52,0.69,0.00,0.00,0.00
0.00,0.00,0.00,0.00,0.00,0.83,11.63,42.58,80.46,108.73,131.94,147.36,149.06,148.84,139.30,117.45,92.99,63.24,29.96,8.64,0.79,0.00,0.00,0.00
0.00,0.00,0.00,0.00,0.00,1.67,12.47,42.64,78.96,102.49,123.08,141.77,147.52,145.79,138.79,122.65,99.66,66.22,32.39,8.85,0.90,0.00,0.00,0.00
0.00,0.00,0.00,0.00,0.00,0.50,9.94,39.14,74.57,103.14,122.91,134.58,139.03,138.24,131.05,115.17,91.89,60.38,28.88,8.91,0.93,0.00,0.00,0.00
0.00,0.00,0.00,0.00,0.00,0.50,9.71,39.28,74.13,101.70,122.65,131.90,137.74,135.98,128.58,113.36,90.77,60.66,30.04,8.78,0.47,0.00,0.00,0.00
0.00,0.00,0.00,0.00,0.00,0.50,9.26,37.68,71.39,97.57,116.25,128.23,132.92,129.73,124.28,111.08,89.19,58.94,29.89,9.08,0.86,0.00,0.00,0.00
0.00,0.00,0.00,0.00,0.00,0.50,9.33,38.02,72.03,99.03,119.90,131.58,136.37,134.03,128.05,113.17,91.17,62.16,30.37,9.27,0.84,0.00,0.00,0.00
0.00,0.00,0.00,0.00,0.00,0.67,9.35,37.56,71.40,98.45,118.24,130.28,135.14,134.21,127.24,111.85,89.88,60.60,30.84,9.43,0.80,0.00,0.00,0.00
0.00,0.00,0.00,0.00,0.00,0.67,9.00,37.25,68.45,97.73,117.82,128.61,132.45,131.07,120.69,105.76,87.81,59.32,30.01,8.56,0.90,0.00,0.00,0.00
0.00,0.00,0.00,0.00,0.00,0.67,9.06,37.32,71.84,98.40,117.02,128.80,133.80,132.39,125.53,110.39,83.38,54.98,24.64,6.28,0.49,0.00,0.00,0.00
0.00,0.00,0.00,0.00,0.00,0.67,10.68,40.52,75.01,105.14,127.48,138.95,131.56,112.32,111.15,95.29,80.63,54.12,27.52,9.17,0.74,0.00,0.00,0.00
0.00,0.00,0.00,0.00,0.00,0.50,9.32,37.80,70.21,97.71,114.62,128.66,135.05,133.03,125.01,107.84,88.29,60.14,29.77,9.34,0.87,0.00,0.00,0.00
0.00,0.00,0.00,0.00,0.00,0.50,9.12,37.89,72.97,100.91,121.42,133.52,136.82,133.15,122.97,111.60,90.59,61.56,30.52,9.43,0.92,0.00,0.00,0.00
0.00,0.00,0.00,0.00,0.00,0.33,7.91,32.82,62.11,85.82,102.63,114.75,121.00,120.57,115.97,95.37,73.74,56.06,30.41,10.39,1.08,0.00,0.00,0.00
0.00,0.00,0.00,0.00,0.00,0.50,8.61,33.19,64.04,89.41,109.43,122.29,126.94,126.18,120.19,107.35,86.03,58.65,30.29,10.03,1.07,0.00,0.00,0.00
0.00,0.00,0.00,0.00,0.00,0.67,9.16,37.56,72.50,100.32,120.55,130.65,135.09,132.07,126.05,109.93,87.11,62.08,33.32,9.88,0.82,0.00,0.00,0.00
0.00,0.00,0.00,0.00,0.00,0.50,8.40,33.66,67.54,94.02,114.83,125.82,126.60,123.88,109.81,93.46,71.72,45.66,20.94,5.78,0.29,0.00,0.00,0.00
0.00,0.00,0.00,0.00,0.00,0.50,8.90,32.26,60.12,84.07,105.12,113.85,115.69,109.67,102.87,87.55,72.00,48.43,29.45,11.11,1.22,0.00,0.00,0.00
0.00,0.00,0.00,0.00,0.00,0.67,10.15,31.22,59.53,87.20,108.31,120.06,125.18,125.57,118.32,100.41,83.34,57.75,30.31,10.54,1.22,0.00,0.00,0.00
0.00,0.00,0.00,0.00,0.00,0.33,5.64,24.63,56.18,83.65,104.48,116.86,119.35,114.45,107.97,97.26,78.78,53.40,28.60,10.23,1.25,0.00,0.00,0.00
0.00,0.00,0.00,0.00,0.00,0.17,5.41,18.26,38.03,67.22,89.24,97.91,108.81,105.77,99.98,87.57,68.74,47.94,29.39,10.79,1.34,0.00,0.00,0.00
0.00,0.00,0.00,0.00,0.00,0.17,7.43,32.20,57.99,80.08,98.51,108.51,108.75,110.62,105.36,93.79,76.55,53.50,26.99,9.60,1.31,0.00,0.00,0.00
0.00,0.00,0.00,0.00,0.00,0.50,5.34,22.59,45.42,62.80,68.25,76.79,71.24,70.25,68.83,67.64,59.63,45.58,27.51,10.47,1.35,0.00,0.00,0.00
0.00,0.00,0.00,0.00,0.00,0.33,7.32,31.24,60.62,87.45,103.70,120.66,124.03,121.93,120.08,110.07,89.09,60.07,29.32,10.46,1.36,0.00,0.00,0.00
0.00,0.00,0.00,0.00,0.00,0.17,6.71,27.33,53.99,77.26,97.78,113.23,120.94,115.51,106.70,100.91,83.91,60.74,31.57,10.57,1.35,0.00,0.00,0.00
0.00,0.00,0.00,0.00,0.00,0.33,6.94,32.05,66.62,93.98,112.45,122.54,126.56,127.49,121.32,107.21,83.26,55.85,31.39,10.56,1.04,0.00,0.00,0.00
0.00,0.00,0.00,0.00,0.00,0.33,7.30,34.03,66.62,92.50,111.47,123.12,128.13,126.33,118.82,105.66,86.36,60.65,32.85,11.43,1.06,0.00,0.00,0.00
0.00,0.00,0.00,0.00,0.00,0.17,6.65,29.72,56.80,77.38,95.12,106.81,112.66,114.63,110.23,100.90,81.75,57.13,28.95,9.19,0.89,0.00,0.00,0.00
0.00,0.00,0.00,0.00,0.00,0.17,6.51,30.48,59.58,83.18,99.65,107.85,110.52,110.41,106.07,94.27,75.97,53.93,28.92,9.93,1.11,0.00,0.00,0.00
0.00,0.00,0.00,0.00,0.00,0.50,7.03,30.71,59.42,84.69,105.45,116.91,121.18,122.99,117.39,104.44,84.90,59.38,32.06,11.49,1.07,0.00,0.00,0.00
0.00,0.00,0.00,0.00,0.00,0.50,7.84,30.65,58.29,79.92,97.38,112.35,120.40,122.54,119.41,108.35,87.45,59.89,30.64,9.51,0.90,0.00,0.00,0.00
0.00,0.00,0.00,0.00,0.00,0.33,7.92,21.84,47.19,67.15,86.25,79.22,102.89,103.59,107.36,89.00,72.10,55.70,31.88,10.63,1.21,0.00,0.00,0.00
0.00,0.00,0.00,0.00,0.00,0.33,6.59,26.56,55.73,83.93,108.37,121.34,125.92,125.23,120.28,107.58,88.44,61.97,33.88,11.84,1.17,0.00,0.00,0.00
0.00,0.00,0.00,0.00,0.00,0.33,6.72,31.22,64.29,91.09,110.25,120.03,123.74,122.13,117.01,103.32,84.32,58.88,31.07,10.20,1.12,0.00,0.00,0.00
0.00,0.00,0.00,0.00,0.00,0.33,6.49,29.89,62.38,88.52,107.19,117.35,120.38,118.21,112.32,100.24,80.71,53.39,26.85,8.22,0.86,0.00,0.00,0.00
0.00,0.00,0.00,0.00,0.00,0.17,5.83,29.03,61.38,88.42,108.94,119.58,122.71,119.25,114.90,104.49,85.00,58.20,28.82,8.44,0.78,0.00,0.00,0.00
0.00,0.00,0.00,0.00,0.00,0.17,5.53,28.62,60.86,87.37,107.46,116.76,119.52,118.45,114.93,104.15,85.11,58.89,30.93,9.15,0.83,0.00,0.00,0.00
0.00,0.00,0.00,0.00,0.00,0.33,5.75,26.32,58.30,87.11,108.44,120.74,125.74,125.57,119.51,105.91,84.66,58.01,28.61,8.98,1.11,0.00,0.00,0.00
0.00,0.00,0.00,0.00,0.00,0.50,6.70,28.75,51.30,85.29,105.22,96.43,111.91,122.34,123.58,104.68,75.10,56.08,25.73,6.79,0.73,0.00,0.00,0.00
0.00,0.00,0.00,0.00,0.00,0.17,5.16,26.05,57.46,84.96,104.82,116.22,122.62,125.89,119.67,106.32,84.50,55.44,25.98,6.94,0.72,0.00,0.00,0.00
0.00,0.00,0.00,0.00,0.00,0.17,5.29,26.97,55.18,81.76,102.44,112.24,116.01,114.24,109.20,93.87,71.19,47.98,24.66,6.98,0.68,0.00,0.00,0.00
0.00,0.00,0.00,0.00,0.00,0.17,5.25,27.48,61.08,86.55,104.19,115.16,117.93,118.88,116.04,102.64,84.34,59.13,31.85,10.27,0.94,0.00,0.00,0.00
0.00,0.00,0.00,0.00,0.00,0.17,6.05,29.12,62.10,88.52,108.33,119.88,124.75,124.78,118.97,104.91,83.46,55.41,29.47,7.68,0.83,0.00,0.00,0.00
0.00,0.00,0.00,0.00,0.00,0.17,5.70,25.62,56.96,85.25,109.17,121.65,126.75,126.28,113.31,105.99,88.90,60.02,31.35,9.50,0.90,0.00,0.00,0.00
0.00,0.00,0.00,0.00,0.00,0.17,4.90,24.89,58.31,86.31,106.46,118.33,123.51,121.21,116.73,106.02,87.62,60.81,33.16,10.85,0.79,0.00,0.00,0.00
0.00,0.00,0.00,0.00,0.00,0.17,5.85,25.85,58.65,85.97,105.15,116.98,121.53,124.55,119.59,105.86,85.15,58.90,32.57,10.45,0.78,0.00,0.00,0.00
0.00,0.00,0.00,0.00,0.00,0.17,4.65,24.26,53.09,79.14,105.07,116.28,122.30,123.34,116.63,100.84,82.78,55.58,28.89,8.03,0.57,0.00,0.00,0.00
0.00,0.00,0.00,0.00,0.00,0.17,3.44,21.05,51.35,80.34,102.35,112.51,119.76,117.47,115.37,105.62,82.97,57.74,29.34,7.35,0.40,0.00,0.00,0.00
0.00,0.00,0.00,0.00,0.00,0.17,3.40,17.99,46.72,73.08,92.49,102.38,109.17,107.61,108.34,96.51,80.47,53.58,27.41,7.40,0.61,0.00,0.00,0.00
0.00,0.00,0.00,0.00,0.00,0.17,5.00,25.57,56.56,86.60,108.00,121.64,128.79,123.34,120.65,110.41,83.77,57.89,31.55,9.38,0.70,0.00,0.00,0.00
0.00,0.00,0.00,0.00,0.00,0.00,4.16,26.32,60.11,89.90,109.88,121.78,126.82,118.45,113.02,101.66,83.30,58.14,30.07,8.62,0.61,0.00,0.00,0.00
0.00,0.00,0.00,0.00,0.00,0.17,4.44,26.84,59.97,87.36,107.45,119.97,125.47,125.96,119.72,106.24,84.98,57.55,28.59,7.73,0.42,0.00,0.00,0.00
0.00,0.00,0.00,0.00,0.00,0.00,4.20,25.48,58.08,83.49,103.02,115.13,119.90,112.56,108.32,98.52,74.09,56.88,30.47,8.17,0.38,0.00,0.00,0.00
0.00,0.00,0.00,0.00,0.00,0.00,3.84,24.89,58.50,86.67,106.65,115.49,119.11,117.26,109.15,94.49,71.34,43.50,19.73,5.16,0.42,0.00,0.00,0.00
0.00,0.00,0.00,0.00,0.00,0.17,4.81,22.22,52.72,83.83,106.03,117.97,121.82,121.12,114.29,102.45,82.60,56.16,29.38,7.66,0.58,0.00,0.00,0.00
0.00,0.00,0.00,0.00,0.00,0.00,4.10,26.02,62.49,94.64,117.60,122.38,134.25,133.26,125.93,112.04,90.15,61.41,31.20,8.03,0.48,0.00,0.00,0.00
0.00,0.00,0.00,0.00,0.00,0.00,3.83,23.79,57.00,83.98,104.99,116.04,120.63,119.58,114.23,101.44,82.02,55.47,27.88,7.26,0.38,0.00,0.00,0.00
0.00,0.00,0.00,0.00,0.00,0.00,3.60,23.09,55.78,82.45,102.76,114.52,119.02,117.60,111.05,98.59,78.98,54.05,27.28,6.90,0.34,0.00,0.00,0.00
0.00,0.00,0.00,0.00,0.00,0.00,3.58,22.18,53.98,81.56,102.91,115.59,119.46,119.03,112.95,100.61,81.12,54.70,27.15,6.73,0.36,0.00,0.00,0.00
0.00,0.00,0.00,0.00,0.00,0.00,3.56,22.54,56.27,83.71,104.59,116.04,119.38,117.65,112.25,98.56,80.60,52.10,23.76,5.22,0.28,0.00,0.00,0.00
0.00,0.00,0.00,0.00,0.00,0.00,3.32,23.64,56.98,85.65,106.91,118.32,118.74,115.97,111.89,99.70,79.84,53.73,26.03,6.00,0.16,0.00,0.00,0.00
0.00,0.00,0.00,0.00,0.00,0.00,3.19,22.14,55.53,82.27,102.17,112.30,117.76,116.95,110.58,98.22,79.08,49.72,26.10,6.82,0.26,0.00,0.00,0.00
0.00,0.00,0.00,0.00,0.00,0.00,3.06,21.48,56.91,86.83,108.66,120.76,125.82,124.39,115.74,104.20,82.58,54.98,28.37,6.46,0.24,0.00,0.00,0.00
0.00,0.00,0.00,0.00,0.00,0.00,3.45,19.86,43.51,70.91,96.44,116.07,122.68,122.41,116.13,104.05,83.37,54.41,26.11,5.93,0.19,0.00,0.00,0.00
0.00,0.00,0.00,0.00,0.00,0.00,3.18,23.19,57.73,85.61,106.67,118.69,123.11,125.60,111.64,97.38,76.89,50.49,24.39,5.42,0.17,0.00,0.00,0.00
0.00,0.00,0.00,0.00,0.00,0.00,3.34,20.31,50.31,80.42,105.51,125.15,128.32,127.06,121.28,103.46,85.16,55.30,26.53,5.28,0.15,0.00,0.00,0.00
0.00,0.00,0.00,0.00,0.00,0.00,3.16,23.53,57.73,86.05,106.97,120.51,119.84,122.15,110.58,98.62,77.47,53.82,24.09,4.52,0.10,0.00,0.00,0.00
0.00,0.00,0.00,0.00,0.00,0.00,2.98,22.29,55.68,85.24,107.34,119.97,125.88,125.51,117.97,104.61,82.74,53.74,23.99,4.71,0.09,0.00,0.00,0.00
0.00,0.00,0.00,0.00,0.00,0.00,3.60,22.36,51.64,78.37,106.34,119.59,125.01,124.60,117.95,102.54,78.57,52.15,23.59,4.65,0.12,0.00,0.00,0.00
0.00,0.00,0.00,0.00,0.00,0.00,3.33,23.06,57.93,88.32,108.92,121.78,126.72,126.51,119.41,105.47,83.85,53.53,26.04,5.06,0.05,0.00,0.00,0.00
0.00,0.00,0.00,0.00,0.00,0.00,2.93,20.38,54.29,82.25,101.40,116.50,121.73,121.73,115.22,101.62,80.72,52.49,23.46,4.13,0.05,0.00,0.00,0.00
0.00,0.00,0.00,0.00,0.00,0.00,2.72,20.42,54.78,84.48,105.91,118.32,123.88,123.02,116.06,101.71,80.43,52.21,23.89,4.54,0.06,0.00,0.00,0.00
0.00,0.00,0.00,0.00,0.00,0.00,3.10,20.44,56.07,86.16,107.15,118.67,121.88,121.08,106.90,94.50,69.05,47.20,23.74,4.30,0.03,0.00,0.00,0.00
0.00,0.00,0.00,0.00,0.00,0.00,2.93,20.01,54.09,85.31,106.73,119.12,125.26,124.71,114.67,92.39,78.32,48.57,21.27,3.38,0.02,0.00,0.00,0.00
0.00,0.00,0.00,0.00,0.00,0.00,2.77,21.33,55.22,86.95,108.94,121.48,124.60,122.20,118.09,99.88,76.04,49.91,21.56,3.58,0.02,0.00,0.00,0.00
0.00,0.00,0.00,0.00,0.00,0.00,2.55,18.95,48.62,75.11,97.16,110.21,116.06,112.39,111.21,96.74,74.56,49.76,21.16,3.56,0.01,0.00,0.00,0.00
0.00,0.00,0.00,0.00,0.00,0.00,2.55,21.06,52.87,82.12,103.43,104.65,110.62,112.92,104.58,92.70,69.73,45.66,19.27,3.04,0.01,0.00,0.00,0.00
0.00,0.00,0.00,0.00,0.00,0.00,2.43,19.68,51.56,82.27,104.83,118.01,124.71,124.21,115.56,98.60,74.64,44.10,17.91,2.79,0.01,0.00,0.00,0.00
0.00,0.00,0.00,0.00,0.00,0.00,2.38,19.01,51.80,80.62,102.23,116.13,121.41,120.66,113.18,100.89,78.47,48.74,19.02,2.49,0.00,0.00,0.00,0.00
0.00,0.00,0.00,0.00,0.00,0.00,2.22,18.30,46.04,72.58,92.75,105.32,113.21,116.97,109.65,93.73,69.82,40.33,15.24,1.86,0.00,0.00,0.00,0.00
0.00,0.00,0.00,0.00,0.00,0.00,2.22,18.41,48.67,78.77,100.60,110.82,118.17,116.54,110.71,97.20,76.36,47.66,19.94,2.72,0.00,0.00,0.00,0.00
0.00,0.00,0.00,0.00,0.00,0.00,2.22,18.55,51.41,78.55,95.81,103.66,100.48,101.37,95.34,75.97,55.23,36.81,13.01,1.51,0.00,0.00,0.00,0.00
0.00,0.00,0.00,0.00,0.00,0.00,2.17,16.83,43.67,69.07,94.11,104.07,111.75,108.34,97.87,83.91,62.42,38.26,15.65,2.04,0.00,0.00,0.00,0.00
0.00,0.00,0.00,0.00,0.00,0.00,2.22,18.37,50.54,79.14,99.64,112.50,120.10,118.14,108.49,91.99,70.24,44.85,17.35,1.90,0.00,0.00,0.00,0.00
0.00,0.00,0.00,0.00,0.00,0.00,2.17,20.49,58.44,90.30,102.84,103.69,111.54,98.38,84.94,85.04,58.64,39.99,17.66,2.01,0.00,0.00,0.00,0.00
0.00,0.00,0.00,0.00,0.00,0.00,1.83,16.93,52.35,82.70,104.46,118.54,124.89,123.54,115.48,99.76,75.88,45.18,17.05,1.89,0.00,0.00,0.00,0.00
0.00,0.00,0.00,0.00,0.00,0.00,1.50,14.72,50.99,74.88,97.22,113.25,115.56,117.04,106.11,89.07,69.49,44.00,15.92,1.79,0.00,0.00,0.00,0.00
0.00,0.00,0.00,0.00,0.00,0.00,1.33,18.30,55.88,80.89,100.27,116.25,118.66,116.32,105.61,85.90,68.87,42.29,17.91,1.86,0.00,0.00,0.00,0.00
0.00,0.00,0.00,0.00,0.00,0.00,0.72,10.63,40.16,66.86,84.67,92.59,94.51,90.53,87.88,87.42,68.07,44.75,17.47,1.71,0.00,0.00,0.00,0.00
0.00,0.00,0.00,0.00,0.00,0.00,1.83,18.19,49.95,74.89,99.14,110.83,120.85,119.60,112.19,99.57,76.80,46.89,17.01,1.54,0.00,0.00,0.00,0.00
0.00,0.00,0.00,0.00,0.00,0.00,1.50,16.75,48.47,76.88,98.29,113.54,116.55,116.94,104.85,88.10,66.37,41.14,15.93,1.28,0.00,0.00,0.00,0.00
0.00,0.00,0.00,0.00,0.00,0.00,1.83,17.90,51.36,83.42,107.74,121.60,125.50,122.00,110.13,90.09,64.83,38.80,10.85,1.02,0.00,0.00,0.00,0.00
0.00,0.00,0.00,0.00,0.00,0.00,2.17,14.42,41.24,56.02,70.00,82.69,87.52,95.75,87.67,82.76,67.65,40.16,12.87,1.04,0.00,0.00,0.00,0.00
0.00,0.00,0.00,0.00,0.00,0.00,1.67,13.88,34.47,65.05,85.94,105.52,118.98,122.13,113.68,96.96,71.23,37.62,12.59,0.88,0.00,0.00,0.00,0.00
0.00,0.00,0.00,0.00,0.00,0.00,0.17,4.68,34.33,50.78,59.96,71.34,73.96,74.15,62.44,56.27,45.30,30.38,11.80,1.03,0.00,0.00,0.00,0.00
0.00,0.00,0.00,0.00,0.00,0.00,0.67,12.74,49.52,80.70,104.85,105.08,106.08,100.14,104.62,95.75,72.78,38.90,12.43,0.93,0.00,0.00,0.00,0.00
0.00,0.00,0.00,0.00,0.00,0.00,0.83,17.18,50.60,76.13,87.33,100.77,107.85,104.35,102.73,84.06,63.37,39.69,13.68,0.86,0.00,0.00,0.00,0.00
0.00,0.00,0.00,0.00,0.00,0.00,1.50,17.54,53.85,87.93,110.24,118.37,115.80,115.24,107.90,93.52,70.92,41.84,13.00,0.73,0.00,0.00,0.00,0.00
0.00,0.00,0.00,0.00,0.00,0.00,1.17,15.34,55.63,86.59,106.83,116.95,124.26,122.83,109.93,96.12,71.21,40.05,12.06,0.70,0.00,0.00,0.00,0.00
0.00,0.00,0.00,0.00,0.00,0.00,1.67,18.65,55.68,89.08,111.81,124.53,129.52,127.70,114.57,86.85,62.65,37.45,12.26,0.62,0.00,0.00,0.00,0.00
0.00,0.00,0.00,0.00,0.00,0.00,1.00,15.90,54.97,87.48,110.44,122.34,118.79,109.64,106.20,86.92,56.15,30.96,10.29,0.58,0.00,0.00,0.00,0.00
0.00,0.00,0.00,0.00,0.00,0.00,1.00,16.51,54.60,85.01,104.37,111.85,121.69,115.52,111.07,91.00,73.89,40.79,11.70,0.49,0.00,0.00,0.00,0.00
0.00,0.00,0.00,0.00,0.00,0.00,0.67,15.07,42.64,64.93,78.73,101.81,111.21,110.39,103.06,90.71,62.85,33.38,8.97,0.37,0.00,0.00,0.00,0.00
0.00,0.00,0.00,0.00,0.00,0.00,0.83,15.71,48.33,80.70,107.29,120.36,130.35,126.06,115.66,94.96,69.67,36.26,9.14,0.34,0.00,0.00,0.00,0.00
0.00,0.00,0.00,0.00,0.00,0.00,1.00,16.75,49.72,78.83,108.86,122.38,122.22,121.67,111.20,98.92,68.96,31.75,8.01,0.37,0.00,0.00,0.00,0.00
0.00,0.00,0.00,0.00,0.00,0.00,1.00,17.91,56.24,84.39,107.85,115.92,118.95,115.47,109.76,93.39,70.54,34.53,8.97,0.26,0.00,0.00,0.00,0.00
0.00,0.00,0.00,0.00,0.00,0.00,1.00,16.75,52.29,83.41,108.26,124.00,128.67,125.01,111.55,95.36,67.32,34.77,8.24,0.30,0.00,0.00,0.00,0.00
0.00,0.00,0.00,0.00,0.00,0.00,1.00,11.85,45.26,75.48,100.92,108.23,108.13,104.83,101.15,77.94,57.41,30.25,7.11,0.23,0.00,0.00,0.00,0.00
0.00,0.00,0.00,0.00,0.00,0.00,0.83,13.29,37.66,61.14,80.64,98.16,100.00,97.03,93.54,81.53,58.47,30.67,7.39,0.10,0.00,0.00,0.00,0.00
0.00,0.00,0.00,0.00,0.00,0.00,0.50,14.44,49.90,83.29,99.97,112.06,109.97,106.80,93.66,87.53,65.69,36.21,8.27,0.12,0.00,0.00,0.00,0.00
0.00,0.00,0.00,0.00,0.00,0.00,0.00,3.48,31.51,54.32,85.98,108.48,122.13,125.70,112.58,90.80,59.93,29.37,7.44,0.13,0.00,0.00,0.00,0.00
0.00,0.00,0.00,0.00,0.00,0.00,0.67,13.74,41.18,67.06,90.56,101.54,100.20,97.82,90.38,84.90,62.15,29.46,6.19,0.08,0.00,0.00,0.00,0.00
0.00,0.00,0.00,0.00,0.00,0.00,0.67,13.35,41.78,72.71,97.34,110.44,111.23,112.45,103.97,83.27,59.12,27.05,5.11,0.03,0.00,0.00,0.00,0.00
0.00,0.00,0.00,0.00,0.00,0.00,0.67,14.11,49.59,83.31,106.64,117.36,123.33,119.01,109.11,89.56,58.49,26.90,4.73,0.03,0.00,0.00,0.00,0.00
0.00,0.00,0.00,0.00,0.00,0.00,0.50,14.08,47.38,75.82,98.49,108.24,115.70,114.60,104.60,84.60,48.12,19.44,3.65,0.02,0.00,0.00,0.00,0.00
0.00,0.00,0.00,0.00,0.00,0.00,0.00,4.84,25.09,54.08,63.27,67.27,67.43,73.28,77.90,64.89,36.99,18.07,3.51,0.02,0.00,0.00,0.00,0.00
0.00,0.00,0.00,0.00,0.00,0.00,0.67,9.10,41.47,71.60,97.43,101.31,107.21,90.41,84.28,65.26,40.19,20.84,4.80,0.02,0.00,0.00,0.00,0.00
0.00,0.00,0.00,0.00,0.00,0.00,0.33,10.68,41.30,77.21,98.90,101.22,107.98,102.46,90.29,74.71,49.45,21.16,4.62,0.01,0.00,0.00,0.00,0.00
0.00,0.00,0.00,0.00,0.00,0.00,0.33,10.12,36.25,62.43,83.46,96.72,101.65,92.23,73.01,61.68,40.72,20.54,4.38,0.01,0.00,0.00,0.00,0.00
0.00,0.00,0.00,0.00,0.00,0.00,0.33,10.88,33.89,65.94,81.07,99.82,113.05,115.26,106.79,91.06,57.30,24.73,4.82,0.00,0.00,0.00,0.00,0.00
0.00,0.00,0.00,0.00,0.00,0.00,0.17,12.46,50.08,86.48,108.38,119.29,120.86,103.74,93.23,76.39,62.25,27.36,3.98,0.00,0.00,0.00,0.00,0.00
0.00,0.00,0.00,0.00,0.00,0.00,0.33,13.68,48.41,81.44,104.65,114.00,122.70,118.55,109.58,89.51,61.94,25.58,3.37,0.00,0.00,0.00,0.00,0.00
0.00,0.00,0.00,0.00,0.00,0.00,0.33,14.00,44.34,77.11,103.01,118.47,116.43,107.76,105.41,87.22,59.22,24.73,3.23,0.00,0.00,0.00,0.00,0.00
0.00,0.00,0.00,0.00,0.00,0.00,0.00,8.54,34.58,53.35,87.24,103.28,107.32,106.23,97.34,75.10,46.81,17.89,2.35,0.00,0.00,0.00,0.00,0.00
0.00,0.00,0.00,0.00,0.00,0.00,0.17,11.30,42.19,78.00,91.80,105.78,115.93,116.59,102.31,73.45,52.60,20.82,2.34,0.00,0.00,0.00,0.00,0.00
0.00,0.00,0.00,0.00,0.00,0.00,0.00,10.76,41.93,73.92,95.42,104.50,104.88,103.39,90.70,68.53,42.98,16.18,1.68,0.00,0.00,0.00,0.00,0.00
0.00,0.00,0.00,0.00,0.00,0.00,0.00,10.13,41.50,74.50,96.59,108.82,112.26,110.59,99.65,81.09,55.45,21.70,2.62,0.00,0.00,0.00,0.00,0.00
0.00,0.00,0.00,0.00,0.00,0.00,0.00,9.63,39.80,68.08,87.63,105.47,108.08,106.53,95.13,70.94,46.38,19.40,1.73,0.00,0.00,0.00,0.00,0.00
0.00,0.00,0.00,0.00,0.00,0.00,0.00,7.94,32.96,64.50,85.88,102.84,110.17,102.67,87.50,68.46,39.58,12.02,0.77,0.00,0.00,0.00,0.00,0.00
0.00,0.00,0.00,0.00,0.00,0.00,0.00,9.85,41.19,76.85,101.93,115.78,120.69,117.07,105.26,84.85,54.16,18.68,1.19,0.00,0.00,0.00,0.00,0.00
0.00,0.00,0.00,0.00,0.00,0.00,0.00,10.16,38.77,67.13,86.03,98.35,101.52,97.83,87.43,67.29,38.57,9.76,0.42,0.00,0.00,0.00,0.00,0.00
0.00,0.00,0.00,0.00,0.00,0.00,0.00,8.94,35.92,66.67,91.10,105.11,112.69,111.52,100.99,79.26,43.90,13.65,0.52,0.00,0.00,0.00,0.00,0.00
0.00,0.00,0.00,0.00,0.00,0.00,0.02,8.86,37.56,69.13,90.43,102.69,107.28,104.28,88.97,67.17,33.31,9.91,0.32,0.00,0.00,0.00,0.00,0.00
0.00,0.00,0.00,0.00,0.00,0.00,0.00,9.91,41.12,69.80,91.63,103.60,74.43,77.51,57.51,49.27,38.60,7.61,0.64,0.00,0.00,0.00,0.00,0.00
0.00,0.00,0.00,0.00,0.00,0.00,0.00,7.86,36.82,65.72,82.85,92.67,95.53,70.58,62.70,47.12,25.36,8.27,0.69,0.00,0.00,0.00,0.00,0.00
0.00,0.00,0.00,0.00,0.00,0.00,0.02,6.07,29.71,58.59,79.54,96.45,106.11,105.90,92.43,71.66,41.26,13.93,1.45,0.00,0.00,0.00,0.00,0.00
0.00,0.00,0.00,0.00,0.00,0.01,0.01,4.42,28.46,55.22,74.30,82.07,83.63,83.08,88.56,72.81,44.75,16.06,1.70,0.00,0.00,0.00,0.00,0.00
0.00,0.00,0.00,0.00,0.00,0.00,0.07,3.92,24.18,65.93,85.18,93.97,98.16,93.35,75.46,60.92,38.78,16.09,1.33,0.00,0.00,0.00,0.00,0.00
0.00,0.00,0.00,0.00,0.00,0.00,0.12,9.37,43.33,78.28,100.14,111.14,117.20,109.15,101.02,78.29,46.26,14.67,1.25,0.00,0.00,0.00,0.00,0.00
0.00,0.00,0.00,0.00,0.00,0.00,0.07,9.45,44.32,78.22,102.64,114.15,118.35,113.20,101.10,79.02,41.29,12.00,0.79,0.00,0.00,0.00,0.00,0.00
0.00,0.00,0.00,0.00,0.00,0.00,0.07,8.97,41.41,73.71,97.74,111.00,115.17,106.99,95.75,68.90,43.06,14.01,0.83,0.00,0.00,0.00,0.00,0.00
0.00,0.00,0.00,0.00,0.00,0.00,0.02,2.16,25.57,56.52,88.48,110.41,118.90,111.96,98.09,77.52,43.69,14.61,0.91,0.00,0.00,0.00,0.00,0.00
0.00,0.00,0.00,0.00,0.00,0.00,0.01,4.18,28.40,57.68,86.25,100.53,101.13,104.02,89.88,67.47,37.83,13.60,0.79,0.00,0.00,0.00,0.00,0.00
0.00,0.00,0.00,0.00,0.00,0.00,0.02,2.10,21.90,62.63,97.47,100.85,98.35,93.49,77.70,58.76,39.83,15.62,1.25,0.00,0.00,0.00,0.00,0.00
0.00,0.00,0.00,0.00,0.00,0.00,0.01,0.73,12.37,37.85,62.76,73.70,75.59,72.36,65.84,52.06,32.44,13.23,1.85,0.00,0.00,0.00,0.00,0.00
0.00,0.00,0.00,0.00,0.00,0.00,0.01,2.58,25.01,59.46,74.29,82.73,92.51,80.54,64.69,53.60,34.26,12.45,1.12,0.00,0.00,0.00,0.00,0.00
0.00,0.00,0.00,0.00,0.00,0.00,0.00,2.83,21.66,50.43,73.31,89.59,91.44,79.89,73.22,51.50,19.09,4.59,0.38,0.00,0.00,0.00,0.00,0.00
0.00,0.00,0.00,0.00,0.00,0.00,0.00,2.88,17.45,49.13,71.13,75.38,72.10,72.62,66.05,49.48,22.59,6.89,0.61,0.00,0.00,0.00,0.00,0.00
0.00,0.00,0.00,0.00,0.00,0.00,0.00,2.65,23.57,57.94,84.11,91.09,90.55,87.33,75.88,50.97,23.92,8.35,0.83,0.00,0.00,0.00,0.00,0.00
0.00,0.00,0.00,0.00,0.00,0.00,0.00,2.48,17.18,45.04,62.44,71.96,89.22,84.31,69.61,52.58,28.55,9.02,0.34,0.00,0.00,0.00,0.00,0.00
0.00,0.00,0.00,0.00,0.00,0.00,0.00,0.65,11.78,35.59,60.21,71.61,76.56,70.16,64.95,47.86,30.62,10.59,0.42,0.00,0.00,0.00,0.00,0.00
0.00,0.00,0.00,0.00,0.00,0.00,0.00,1.33,13.29,44.63,77.24,98.71,85.55,70.19,65.77,49.47,31.36,10.83,0.39,0.00,0.00,0.00,0.00,0.00
0.00,0.00,0.00,0.00,0.00,0.00,0.00,1.50,16.60,46.15,66.11,89.12,94.18,86.11,87.59,54.14,31.41,10.47,0.34,0.00,0.00,0.00,0.00,0.00
0.00,0.00,0.00,0.00,0.00,0.00,0.00,0.43,15.42,63.99,93.80,107.68,103.70,101.61,84.85,65.85,37.90,10.70,0.32,0.00,0.00,0.00,0.00,0.00
0.00,0.00,0.00,0.00,0.00,0.00,0.00,0.00,8.75,37.21,60.69,74.38,73.74,70.70,68.81,53.16,35.01,10.35,0.28,0.00,0.00,0.00,0.00,0.00
0.00,0.00,0.00,0.00,0.00,0.00,0.00,2.00,18.09,48.93,72.25,83.99,86.99,64.37,65.98,56.43,31.41,9.16,0.24,0.00,0.00,0.00,0.00,0.00
0.00,0.00,0.00,0.00,0.00,0.00,0.00,1.67,17.25,51.21,79.50,94.62,88.66,89.83,75.99,57.94,34.54,9.83,0.21,0.00,0.00,0.00,0.00,0.00
0.00,0.00,0.00,0.00,0.00,0.00,0.00,0.33,7.75,31.42,55.53,76.24,90.30,87.73,70.91,56.66,33.43,9.56,0.19,0.00,0.00,0.00,0.00,0.00
0.00,0.00,0.00,0.00,0.00,0.00,0.00,0.22,8.60,31.92,49.03,68.01,73.78,69.88,46.57,34.80,24.75,8.61,0.16,0.00,0.00,0.00,0.00,0.00
0.00,0.00,0.00,0.00,0.00,0.00,0.00,0.33,9.48,33.64,55.13,86.50,61.47,49.37,53.31,39.35,29.56,8.50,0.16,0.00,0.00,0.00,0.00,0.00
0.00,0.00,0.00,0.00,0.00,0.00,0.00,0.17,7.91,30.43,49.21,73.05,75.84,58.71,46.43,44.92,24.46,7.54,0.08,0.00,0.00,0.00,0.00,0.00
0.00,0.00,0.00,0.00,0.00,0.00,0.00,1.00,13.27,48.54,72.82,85.16,92.17,86.85,73.35,46.47,27.07,7.82,0.09,0.00,0.00,0.00,0.00,0.00
0.00,0.00,0.00,0.00,0.00,0.00,0.00,1.05,15.89,53.16,89.20,104.47,105.32,97.21,75.44,50.74,30.86,8.07,0.08,0.00,0.00,0.00,0.00,0.00
0.00,0.00,0.00,0.00,0.00,0.00,0.00,0.17,9.97,40.83,63.63,92.09,98.99,92.16,77.47,52.96,30.10,7.27,0.07,0.00,0.00,0.00,0.00,0.00
0.00,0.00,0.00,0.00,0.00,0.00,0.00,0.17,11.61,44.01,85.88,94.16,98.12,96.13,80.27,55.95,32.09,7.72,0.06,0.00,0.00,0.00,0.00,0.00
0.00,0.00,0.00,0.00,0.00,0.00,0.00,0.33,9.58,40.37,55.75,66.13,78.59,85.43,73.03,57.22,33.97,7.88,0.07,0.00,0.00,0.00,0.00,0.00
0.00,0.00,0.00,0.00,0.00,0.00,0.00,0.33,9.27,43.86,76.95,94.95,93.35,83.92,70.12,48.46,24.36,5.86,0.03,0.00,0.00,0.00,0.00,0.00
0.00,0.00,0.00,0.00,0.00,0.00,0.00,0.17,12.54,42.27,63.99,87.26,89.64,85.72,75.52,50.52,24.90,4.31,0.01,0.00,0.00,0.00,0.00,0.00
0.00,0.00,0.00,0.00,0.00,0.00,0.00,0.50,12.69,41.93,71.44,82.04,83.40,81.41,66.16,38.38,11.29,0.57,0.00,0.00,0.00,0.00,0.00,0.00
0.00,0.00,0.00,0.00,0.00,0.00,0.00,0.50,11.39,42.17,71.19,88.79,92.43,83.80,63.63,44.02,21.07,4.12,0.02,0.00,0.00,0.00,0.00,0.00
0.00,0.00,0.00,0.00,0.00,0.00,0.00,0.17,8.31,33.14,52.39,65.22,61.19,50.85,37.24,24.61,10.31,1.70,0.01,0.00,0.00,0.00,0.00,0.00
0.00,0.00,0.00,0.00,0.00,0.00,0.00,0.33,8.83,29.77,54.89,62.23,63.82,52.70,44.24,28.27,10.89,1.79,0.00,0.00,0.00,0.00,0.00,0.00
0.00,0.00,0.00,0.00,0.00,0.00,0.00,0.33,11.74,38.90,63.29,70.69,78.82,67.42,62.32,45.62,22.48,3.37,0.01,0.00,0.00,0.00,0.00,0.00
0.00,0.00,0.00,0.00,0.00,0.00,0.00,0.17,9.76,29.15,48.93,54.08,49.01,52.51,39.15,23.49,9.06,1.14,0.00,0.00,0.00,0.00,0.00,0.00
0.00,0.00,0.00,0.00,0.00,0.00,0.00,0.00,3.45,14.51,33.32,44.06,50.03,55.15,45.09,38.83,24.19,6.02,0.03,0.00,0.00,0.00,0.00,0.00
0.00,0.00,0.00,0.00,0.00,0.00,0.00,0.33,8.77,31.93,59.63,73.01,74.16,71.59,56.49,42.68,23.34,6.26,0.03,0.00,0.00,0.00,0.00,0.00
0.00,0.00,0.00,0.00,0.00,0.00,0.00,0.17,9.15,33.66,54.70,71.86,79.26,68.90,56.81,40.66,23.80,5.34,0.01,0.00,0.00,0.00,0.00,0.00
0.00,0.00,0.00,0.00,0.00,0.00,0.00,0.00,3.34,23.73,41.31,55.81,55.29,59.93,62.40,43.36,27.46,6.87,0.03,0.00,0.00,0.00,0.00,0.00
0.00,0.00,0.00,0.00,0.00,0.00,0.00,0.17,9.18,45.28,82.25,99.77,102.38,89.17,69.85,54.40,30.77,7.13,0.04,0.00,0.00,0.00,0.00,0.00
0.00,0.00,0.00,0.00,0.00,0.00,0.00,0.17,7.86,41.11,67.31,83.28,84.75,86.91,69.83,57.12,29.09,6.31,0.03,0.00,0.00,0.00,0.00,0.00
0.00,0.00,0.00,0.00,0.00,0.00,0.00,0.00,7.75,39.06,76.77,94.11,95.58,85.93,72.46,54.81,28.70,6.10,0.03,0.00,0.00,0.00,0.00,0.00
0.00,0.00,0.00,0.00,0.00,0.00,0.00,0.00,7.89,37.70,75.14,77.29,77.96,76.12,67.00,51.58,27.98,5.91,0.02,0.00,0.00,0.00,0.00,0.00
0.00,0.00,0.00,0.00,0.00,0.00,0.00,0.00,8.45,39.42,70.94,88.18,95.31,92.74,79.34,54.72,29.36,5.76,0.02,0.00,0.00,0.00,0.00,0.00
0.00,0.00,0.00,0.00,0.00,0.00,0.00,0.17,5.02,28.18,57.32,57.62,56.10,56.67,45.56,29.77,14.25,1.58,0.00,0.00,0.00,0.00,0.00,0.00
0.00,0.00,0.00,0.00,0.00,0.00,0.00,0.00,5.98,27.48,59.05,70.61,62.94,50.39,40.95,30.98,14.95,2.87,0.02,0.00,0.00,0.00,0.00,0.00
0.00,0.00,0.00,0.00,0.00,0.00,0.00,0.00,1.73,12.71,28.74,36.72,36.63,30.51,31.54,24.96,12.64,1.31,0.00,0.00,0.00,0.00,0.00,0.00
0.00,0.00,0.00,0.00,0.00,0.00,0.00,0.00,0.63,10.50,29.49,48.04,50.90,49.35,43.14,33.27,20.01,3.49,0.01,0.00,0.00,0.00,0.00,0.00
0.00,0.00,0.00,0.00,0.00,0.00,0.00,0.00,3.91,25.50,50.06,50.68,63.33,62.90,54.59,48.38,29.61,6.03,0.02,0.00,0.00,0.00,0.00,0.00
0.00,0.00,0.00,0.00,0.00,0.00,0.00,0.00,3.34,21.96,55.81,76.57,83.62,73.57,50.46,35.82,17.39,3.15,0.02,0.00,0.00,0.00,0.00,0.00
0.00,0.00,0.00,0.00,0.00,0.00,0.00,0.00,1.93,16.95,29.79,32.22,34.02,31.27,32.61,26.18,9.72,1.04,0.00,0.00,0.00,0.00,0.00,0.00
0.00,0.00,0.00,0.00,0.00,0.00,0.00,0.00,1.30,12.80,27.29,35.40,37.12,37.80,34.39,23.47,12.05,1.41,0.01,0.00,0.00,0.00,0.00,0.00
0.00,0.00,0.00,0.00,0.00,0.00,0.00,0.00,2.41,16.42,42.41,61.40,76.01,68.06,48.92,38.21,22.50,5.98,0.04,0.00,0.00,0.00,0.00,0.00
0.00,0.00,0.00,0.00,0.00,0.00,0.00,0.00,3.95,31.70,67.77,76.66,71.24,79.80,61.31,52.15,31.34,6.80,0.04,0.00,0.00,0.00,0.00,0.00
0.00,0.00,0.00,0.00,0.00,0.00,0.00,0.00,6.60,35.44,72.41,81.71,85.29,85.16,67.12,51.54,31.34,7.48,0.04,0.00,0.00,0.00,0.00,0.00
0.00,0.00,0.00,0.00,0.00,0.00,0.00,0.00,2.48,21.38,46.77,58.29,62.16,63.01,53.62,41.94,24.07,6.29,0.05,0.00,0.00,0.00,0.00,0.00
0.00,0.00,0.00,0.00,0.00,0.00,0.00,0.00,1.05,14.76,42.81,54.80,60.03,54.99,48.10,37.83,21.35,6.13,0.05,0.00,0.00,0.00,0.00,0.00
0.00,0.00,0.00,0.00,0.00,0.00,0.00,0.00,4.82,30.07,68.66,90.84,95.76,85.77,71.62,57.23,30.88,7.02,0.06,0.00,0.00,0.00,0.00,0.00
0.00,0.00,0.00,0.00,0.00,0.00,0.00,0.00,4.11,25.59,60.53,78.98,94.77,93.86,80.31,59.79,31.62,7.21,0.06,0.00,0.00,0.00,0.00,0.00
0.00,0.00,0.00,0.00,0.00,0.00,0.00,0.00,4.73,26.16,62.35,84.82,95.82,92.24,79.47,58.26,30.18,5.95,0.05,0.00,0.00,0.00,0.00,0.00
0.00,0.00,0.00,0.00,0.00,0.00,0.00,0.00,3.64,23.82,60.27,67.23,78.58,71.21,58.92,40.92,19.85,2.69,0.01,0.00,0.00,0.00,0.00,0.00
0.00,0.00,0.00,0.00,0.00,0.00,0.00,0.00,4.90,28.45,55.93,71.03,72.74,72.01,48.64,37.22,19.91,3.48,0.05,0.00,0.00,0.00,0.00,0.00
0.00,0.00,0.00,0.00,0.00,0.00,0.00,0.00,4.93,23.62,42.76,59.88,62.62,41.30,39.15,24.02,13.91,1.96,0.02,0.00,0.00,0.00,0.00,0.00
0.00,0.00,0.00,0.00,0.00,0.00,0.00,0.00,0.83,12.22,25.83,30.73,32.85,29.26,27.55,21.14,12.00,2.46,0.04,0.00,0.00,0.00,0.00,0.00
0.00,0.00,0.00,0.00,0.00,0.00,0.00,0.00,0.58,7.03,24.62,43.92,43.94,52.48,45.08,31.07,12.08,1.51,0.01,0.00,0.00,0.00,0.00,0.00
0.00,0.00,0.00,0.00,0.00,0.00,0.00,0.00,2.38,18.17,36.67,64.34,66.79,52.83,43.37,31.01,16.03,2.81,0.04,0.00,0.00,0.00,0.00,0.00
0.00,0.00,0.00,0.00,0.00,0.00,0.00,0.00,1.68,16.10,31.42,40.14,48.53,50.18,43.82,31.39,18.00,3.78,0.04,0.00,0.00,0.00,0.00,0.00
0.00,0.00,0.00,0.00,0.00,0.00,0.00,0.00,4.20,21.43,48.77,68.36,74.67,74.62,58.72,45.25,25.08,4.76,0.09,0.00,0.00,0.00,0.00,0.00
0.00,0.00,0.00,0.00,0.00,0.00,0.00,0.00,0.56,11.24,36.09,51.24,60.47,60.26,55.08,46.59,26.63,7.35,0.14,0.00,0.00,0.00,0.00,0.00
